Log file open, 04/08/25 17:17:41
LogWindows: Failed to load 'aqProf.dll' (GetLastError=126)
LogWindows: File 'aqProf.dll' does not exist
LogWindows: Failed to load 'VtuneApi.dll' (GetLastError=126)
LogWindows: File 'VtuneApi.dll' does not exist
LogWindows: Failed to load 'VtuneApi32e.dll' (GetLastError=126)
LogWindows: File 'VtuneApi32e.dll' does not exist
LogConsoleResponse: Display: Failed to find resolution value strings in scalability ini. Falling back to default.
LogConsoleResponse: Display: Failed to find resolution value strings in scalability ini. Falling back to default.
LogInit: Display: Running engine for game: TopDownPuzzle
LogPlatformFile: Not using cached read wrapper
LogTaskGraph: Started task graph with 5 named threads and 23 total threads with 3 sets of task threads.
LogStats: Stats thread started at 0.296857
LogICUInternationalization: ICU TimeZone Detection - Raw Offset: -5:00, Platform Override: ''
LogInit: Display: Loading text-based GConfig....
LogPluginManager: Mounting plugin MeshPainting
LogPluginManager: Mounting plugin XGEController
LogPluginManager: Mounting plugin Paper2D
LogPluginManager: Mounting plugin AISupport
LogPluginManager: Mounting plugin LiveLink
LogPluginManager: Mounting plugin EnvironmentQueryEditor
LogPluginManager: Mounting plugin LightPropagationVolume
LogPluginManager: Mounting plugin CameraShakePreviewer
LogPluginManager: Mounting plugin GameplayCameras
LogPluginManager: Mounting plugin OodleData
LogPluginManager: Mounting plugin OodleNetwork
LogPluginManager: Mounting plugin AnimationSharing
LogPluginManager: Mounting plugin CLionSourceCodeAccess
LogPluginManager: Mounting plugin CodeLiteSourceCodeAccess
LogPluginManager: Mounting plugin GitSourceControl
LogPluginManager: Mounting plugin KDevelopSourceCodeAccess
LogPluginManager: Mounting plugin NullSourceCodeAccess
LogPluginManager: Mounting plugin PerforceSourceControl
LogPluginManager: Mounting plugin PixWinPlugin
LogPluginManager: Mounting plugin PlasticSourceControl
LogPluginManager: Mounting plugin PluginUtils
LogPluginManager: Mounting plugin PropertyAccessNode
LogPluginManager: Mounting plugin RiderSourceCodeAccess
LogPluginManager: Mounting plugin SubversionSourceControl
LogPluginManager: Mounting plugin TextureFormatOodle
LogPluginManager: Mounting plugin UObjectPlugin
LogPluginManager: Mounting plugin VisualStudioCodeSourceCodeAccess
LogPluginManager: Mounting plugin VisualStudioSourceCodeAccess
LogPluginManager: Mounting plugin XCodeSourceCodeAccess
LogPluginManager: Mounting plugin AssetManagerEditor
LogPluginManager: Mounting plugin DatasmithContent
LogPluginManager: Mounting plugin VariantManagerContent
LogPluginManager: Mounting plugin CryptoKeys
LogPluginManager: Mounting plugin CurveEditorTools
LogPluginManager: Mounting plugin DataValidation
LogPluginManager: Mounting plugin FacialAnimation
LogPluginManager: Mounting plugin GameplayTagsEditor
LogPluginManager: Mounting plugin GeometryMode
LogPluginManager: Mounting plugin MacGraphicsSwitching
LogPluginManager: Mounting plugin MaterialAnalyzer
LogPluginManager: Mounting plugin MobileLauncherProfileWizard
LogPluginManager: Mounting plugin PluginBrowser
LogPluginManager: Mounting plugin Niagara
LogPluginManager: Mounting plugin SpeedTreeImporter
LogPluginManager: Mounting plugin AlembicImporter
LogPluginManager: Mounting plugin AutomationUtils
LogPluginManager: Mounting plugin BackChannel
LogPluginManager: Mounting plugin ChaosCloth
LogPluginManager: Mounting plugin ChaosClothEditor
LogPluginManager: Mounting plugin ChaosEditor
LogPluginManager: Mounting plugin ChaosNiagara
LogPluginManager: Mounting plugin ChaosSolverPlugin
LogPluginManager: Mounting plugin CharacterAI
LogPluginManager: Mounting plugin LuminPlatformFeatures
LogPluginManager: Mounting plugin MagicLeap
LogPluginManager: Mounting plugin MagicLeapLightEstimation
LogPluginManager: Mounting plugin MagicLeapMedia
LogPluginManager: Mounting plugin MagicLeapPassableWorld
LogPluginManager: Mounting plugin MLSDK
LogPluginManager: Mounting plugin GeometryCache
LogPluginManager: Mounting plugin GeometryCollectionPlugin
LogPluginManager: Mounting plugin GeometryProcessing
LogPluginManager: Mounting plugin MotoSynth
LogPluginManager: Mounting plugin OpenImageDenoise
LogPluginManager: Mounting plugin AndroidMedia
LogPluginManager: Mounting plugin PlatformCrypto
LogPluginManager: Mounting plugin AvfMedia
LogPluginManager: Mounting plugin ProxyLODPlugin
LogPluginManager: Mounting plugin PlanarCut
LogPluginManager: Mounting plugin PythonScriptPlugin
LogPluginManager: Mounting plugin ImgMedia
LogPluginManager: Mounting plugin MediaCompositing
LogPluginManager: Mounting plugin MediaPlayerEditor
LogPluginManager: Mounting plugin WebMMedia
LogPluginManager: Mounting plugin WmfMedia
LogPluginManager: Mounting plugin TcpMessaging
LogPluginManager: Mounting plugin SkeletalReduction
LogPluginManager: Mounting plugin UdpMessaging
LogPluginManager: Mounting plugin ActorSequence
LogPluginManager: Mounting plugin LevelSequenceEditor
LogPluginManager: Mounting plugin MatineeToLevelSequence
LogPluginManager: Mounting plugin TemplateSequence
LogPluginManager: Mounting plugin OnlineSubsystem
LogPluginManager: Mounting plugin OnlineSubsystemNull
LogPluginManager: Mounting plugin OnlineSubsystemUtils
LogPluginManager: Mounting plugin LauncherChunkInstaller
LogPluginManager: Mounting plugin ActorLayerUtilities
LogPluginManager: Mounting plugin AndroidDeviceProfileSelector
LogPluginManager: Mounting plugin AndroidPermission
LogPluginManager: Mounting plugin AndroidMoviePlayer
LogPluginManager: Mounting plugin AppleImageUtils
LogPluginManager: Mounting plugin AppleMoviePlayer
LogPluginManager: Mounting plugin AssetTags
LogPluginManager: Mounting plugin AudioCapture
LogPluginManager: Mounting plugin AudioSynesthesia
LogPluginManager: Mounting plugin CableComponent
LogPluginManager: Mounting plugin CustomMeshComponent
LogPluginManager: Mounting plugin ChunkDownloader
LogPluginManager: Mounting plugin EditableMesh
LogPluginManager: Mounting plugin ExampleDeviceProfileSelector
LogPluginManager: Mounting plugin GoogleCloudMessaging
LogPluginManager: Mounting plugin GooglePAD
LogPluginManager: Mounting plugin ArchVisCharacter
LogPluginManager: Mounting plugin ScreenshotTools
LogPluginManager: Mounting plugin IOSDeviceProfileSelector
LogPluginManager: Mounting plugin LinuxDeviceProfileSelector
LogPluginManager: Mounting plugin LocationServicesBPLibrary
LogPluginManager: Mounting plugin MobilePatchingUtils
LogPluginManager: Mounting plugin OpenXR
LogPluginManager: Mounting plugin OpenXREyeTracker
LogPluginManager: Mounting plugin Takes
LogPluginManager: Mounting plugin OpenXRHandTracking
LogPluginManager: Mounting plugin PhysXVehicles
LogPluginManager: Mounting plugin PostSplashScreen
LogPluginManager: Mounting plugin ProceduralMeshComponent
LogPluginManager: Mounting plugin PropertyAccessEditor
LogPluginManager: Mounting plugin SignificanceManager
LogPluginManager: Mounting plugin SoundFields
LogPluginManager: Mounting plugin RuntimePhysXCooking
LogPluginManager: Mounting plugin Synthesis
LogPluginManager: Mounting plugin WebMMoviePlayer
LogPluginManager: Mounting plugin WindowsMoviePlayer
LogPluginManager: Mounting plugin ContentBrowserClassDataSource
LogPluginManager: Mounting plugin ContentBrowserAssetDataSource
LogPluginManager: Mounting plugin ContentBrowserFileDataSource
LogPluginManager: Mounting plugin OnlineSubsystemGooglePlay
LogPluginManager: Mounting plugin OnlineSubsystemIOS
LogPluginManager: Mounting plugin OculusVR
LogPluginManager: Mounting plugin SteamVR
PixWinPlugin: PIX capture plugin failed to initialize! Check that the process is launched from PIX.
LogInit: Using libcurl 7.55.1-DEV
LogInit:  - built for x86_64-pc-win32
LogInit:  - supports SSL with OpenSSL/1.1.1
LogInit:  - supports HTTP deflate (compression) using libz 1.2.8
LogInit:  - other features:
LogInit:      CURL_VERSION_SSL
LogInit:      CURL_VERSION_LIBZ
LogInit:      CURL_VERSION_IPV6
LogInit:      CURL_VERSION_ASYNCHDNS
LogInit:      CURL_VERSION_LARGEFILE
LogInit:      CURL_VERSION_IDN
LogInit:  CurlRequestOptions (configurable via config and command line):
LogInit:  - bVerifyPeer = true  - Libcurl will verify peer certificate
LogInit:  - bUseHttpProxy = false  - Libcurl will NOT use HTTP proxy
LogInit:  - bDontReuseConnections = false  - Libcurl will reuse connections
LogInit:  - MaxHostConnections = 16  - Libcurl will limit the number of connections to a host
LogInit:  - LocalHostAddr = Default
LogInit:  - BufferSize = 65536
LogOnline: OSS: Creating online subsystem instance for: NULL
LogInit: WinSock: version 1.1 (2.2), MaxSocks=32767, MaxUdp=65467
LogOnline: OSS: TryLoadSubsystemAndSetDefault: Loaded subsystem for module [NULL]
LogOculusPluginWrapper: OculusPlugin initialized successfully
LogHMD: Failed initializing OVRPlugin 1.59.0
LogInit: Build: ++UE4+Release-4.27-CL-18319896
LogInit: Engine Version: 4.27.2-18319896+++UE4+Release-4.27
LogInit: Compatible Engine Version: 4.27.0-17155196+++UE4+Release-4.27
LogInit: Net CL: 17155196
LogInit: OS: Windows 10 (Release 2009) (), CPU: Intel(R) Core(TM) i5-9300H CPU @ 2.40GHz, GPU: Intel(R) UHD Graphics 630
LogInit: Compiled (64-bit): Nov 30 2021 07:12:08
LogInit: Compiled with Visual C++: 19.24.28315.00
LogInit: Build Configuration: Development
LogInit: Branch Name: ++UE4+Release-4.27
LogInit: Command Line: 
LogInit: Base Directory: C:/Program Files/UE/UE_4.27/Engine/Binaries/Win64/
LogInit: Allocator: TBB
LogInit: Installed Engine Build: 1
LogDevObjectVersion: Number of dev versions registered: 29
LogDevObjectVersion:   Dev-Blueprints (B0D832E4-1F89-4F0D-ACCF-7EB736FD4AA2): 10
LogDevObjectVersion:   Dev-Build (E1C64328-A22C-4D53-A36C-8E866417BD8C): 0
LogDevObjectVersion:   Dev-Core (375EC13C-06E4-48FB-B500-84F0262A717E): 4
LogDevObjectVersion:   Dev-Editor (E4B068ED-F494-42E9-A231-DA0B2E46BB41): 40
LogDevObjectVersion:   Dev-Framework (CFFC743F-43B0-4480-9391-14DF171D2073): 37
LogDevObjectVersion:   Dev-Mobile (B02B49B5-BB20-44E9-A304-32B752E40360): 3
LogDevObjectVersion:   Dev-Networking (A4E4105C-59A1-49B5-A7C5-40C4547EDFEE): 0
LogDevObjectVersion:   Dev-Online (39C831C9-5AE6-47DC-9A44-9C173E1C8E7C): 0
LogDevObjectVersion:   Dev-Physics (78F01B33-EBEA-4F98-B9B4-84EACCB95AA2): 14
LogDevObjectVersion:   Dev-Platform (6631380F-2D4D-43E0-8009-CF276956A95A): 0
LogDevObjectVersion:   Dev-Rendering (12F88B9F-8875-4AFC-A67C-D90C383ABD29): 45
LogDevObjectVersion:   Dev-Sequencer (7B5AE74C-D270-4C10-A958-57980B212A5A): 13
LogDevObjectVersion:   Dev-VR (D7296918-1DD6-4BDD-9DE2-64A83CC13884): 3
LogDevObjectVersion:   Dev-LoadTimes (C2A15278-BFE7-4AFE-6C17-90FF531DF755): 1
LogDevObjectVersion:   Private-Geometry (6EACA3D4-40EC-4CC1-B786-8BED09428FC5): 3
LogDevObjectVersion:   Dev-AnimPhys (29E575DD-E0A3-4627-9D10-D276232CDCEA): 17
LogDevObjectVersion:   Dev-Anim (AF43A65D-7FD3-4947-9873-3E8ED9C1BB05): 15
LogDevObjectVersion:   Dev-ReflectionCapture (6B266CEC-1EC7-4B8F-A30B-E4D90942FC07): 1
LogDevObjectVersion:   Dev-Automation (0DF73D61-A23F-47EA-B727-89E90C41499A): 1
LogDevObjectVersion:   FortniteMain (601D1886-AC64-4F84-AA16-D3DE0DEAC7D6): 47
LogDevObjectVersion:   FortniteRelease (E7086368-6B23-4C58-8439-1B7016265E91): 1
LogDevObjectVersion:   Dev-Enterprise (9DFFBCD6-494F-0158-E221-12823C92A888): 10
LogDevObjectVersion:   Dev-Niagara (F2AED0AC-9AFE-416F-8664-AA7FFA26D6FC): 1
LogDevObjectVersion:   Dev-Destruction (174F1F0B-B4C6-45A5-B13F-2EE8D0FB917D): 10
LogDevObjectVersion:   Dev-Physics-Ext (35F94A83-E258-406C-A318-09F59610247C): 41
LogDevObjectVersion:   Dev-PhysicsMaterial-Chaos (B68FC16E-8B1B-42E2-B453-215C058844FE): 1
LogDevObjectVersion:   Dev-CineCamera (B2E18506-4273-CFC2-A54E-F4BB758BBA07): 1
LogDevObjectVersion:   Dev-VirtualProduction (64F58936-FD1B-42BA-BA96-7289D5D0FA4E): 1
LogDevObjectVersion:   Dev-MediaFramework (6F0ED827-A609-4895-9C91-998D90180EA4): 2
LogInit: Presizing for max 25165824 objects, including 0 objects not considered by GC, pre-allocating 0 bytes for permanent pool.
LogConfig: Applying CVar settings from Section [/Script/Engine.StreamingSettings] File [C:/Unreal Projects/Top-Down-Puzzle/TopDownPuzzle/Saved/Config/Windows/Engine.ini]
LogConfig: Setting CVar [[s.MinBulkDataSizeForAsyncLoading:131072]]
LogConfig: Setting CVar [[s.AsyncLoadingThreadEnabled:0]]
LogConfig: Setting CVar [[s.EventDrivenLoaderEnabled:1]]
LogConfig: Setting CVar [[s.WarnIfTimeLimitExceeded:0]]
LogConfig: Setting CVar [[s.TimeLimitExceededMultiplier:1.5]]
LogConfig: Setting CVar [[s.TimeLimitExceededMinTime:0.005]]
LogConfig: Setting CVar [[s.UseBackgroundLevelStreaming:1]]
LogConfig: Setting CVar [[s.PriorityAsyncLoadingExtraTime:15.0]]
LogConfig: Setting CVar [[s.LevelStreamingActorsUpdateTimeLimit:5.0]]
LogConfig: Setting CVar [[s.PriorityLevelStreamingActorsUpdateExtraTime:5.0]]
LogConfig: Setting CVar [[s.LevelStreamingComponentsRegistrationGranularity:10]]
LogConfig: Setting CVar [[s.UnregisterComponentsTimeLimit:1.0]]
LogConfig: Setting CVar [[s.LevelStreamingComponentsUnregistrationGranularity:5]]
LogConfig: Setting CVar [[s.FlushStreamingOnExit:1]]
LogInit: Object subsystem initialized
LogConfig: Setting CVar [[con.DebugEarlyDefault:1]]
LogConfig: Setting CVar [[r.setres:1280x720]]
[2025.04.08-21.17.43:110][  0]LogConfig: Setting CVar [[r.VSync:0]]
[2025.04.08-21.17.43:110][  0]LogConfig: Setting CVar [[r.RHICmdBypass:0]]
[2025.04.08-21.17.43:110][  0]LogConfig: Applying CVar settings from Section [/Script/Engine.RendererSettings] File [C:/Unreal Projects/Top-Down-Puzzle/TopDownPuzzle/Saved/Config/Windows/Engine.ini]
[2025.04.08-21.17.43:110][  0]LogConfig: Setting CVar [[r.GPUCrashDebugging:0]]
[2025.04.08-21.17.43:110][  0]LogConfig: Setting CVar [[r.Mobile.DisableVertexFog:1]]
[2025.04.08-21.17.43:110][  0]LogConfig: Setting CVar [[r.Shadow.CSM.MaxMobileCascades:2]]
[2025.04.08-21.17.43:110][  0]LogConfig: Setting CVar [[r.MobileMSAA:1]]
[2025.04.08-21.17.43:110][  0]LogConfig: Setting CVar [[r.Mobile.AllowDitheredLODTransition:0]]
[2025.04.08-21.17.43:110][  0]LogConfig: Setting CVar [[r.Mobile.AllowSoftwareOcclusion:0]]
[2025.04.08-21.17.43:110][  0]LogConfig: Setting CVar [[r.Mobile.VirtualTextures:0]]
[2025.04.08-21.17.43:110][  0]LogConfig: Setting CVar [[r.DiscardUnusedQuality:0]]
[2025.04.08-21.17.43:110][  0]LogConfig: Setting CVar [[r.AllowOcclusionQueries:1]]
[2025.04.08-21.17.43:110][  0]LogConfig: Setting CVar [[r.MinScreenRadiusForLights:0.030000]]
[2025.04.08-21.17.43:110][  0]LogConfig: Setting CVar [[r.MinScreenRadiusForDepthPrepass:0.030000]]
[2025.04.08-21.17.43:110][  0]LogConfig: Setting CVar [[r.MinScreenRadiusForCSMDepth:0.010000]]
[2025.04.08-21.17.43:110][  0]LogConfig: Setting CVar [[r.PrecomputedVisibilityWarning:0]]
[2025.04.08-21.17.43:110][  0]LogConfig: Setting CVar [[r.TextureStreaming:1]]
[2025.04.08-21.17.43:110][  0]LogConfig: Setting CVar [[Compat.UseDXT5NormalMaps:0]]
[2025.04.08-21.17.43:110][  0]LogConfig: Setting CVar [[r.VirtualTextures:0]]
[2025.04.08-21.17.43:110][  0]LogConfig: Setting CVar [[r.VT.EnableAutoImport:1]]
[2025.04.08-21.17.43:110][  0]LogConfig: Setting CVar [[r.VirtualTexturedLightmaps:0]]
[2025.04.08-21.17.43:110][  0]LogConfig: Setting CVar [[r.VT.TileSize:128]]
[2025.04.08-21.17.43:110][  0]LogConfig: Setting CVar [[r.VT.TileBorderSize:4]]
[2025.04.08-21.17.43:110][  0]LogConfig: Setting CVar [[r.vt.FeedbackFactor:16]]
[2025.04.08-21.17.43:110][  0]LogConfig: Setting CVar [[r.VT.EnableCompressZlib:1]]
[2025.04.08-21.17.43:110][  0]LogConfig: Setting CVar [[r.VT.EnableCompressCrunch:0]]
[2025.04.08-21.17.43:110][  0]LogConfig: Setting CVar [[r.ClearCoatNormal:0]]
[2025.04.08-21.17.43:110][  0]LogConfig: Setting CVar [[r.ReflectionCaptureResolution:128]]
[2025.04.08-21.17.43:110][  0]LogConfig: Setting CVar [[r.Mobile.ReflectionCaptureCompression:0]]
[2025.04.08-21.17.43:110][  0]LogConfig: Setting CVar [[r.ReflectionEnvironmentLightmapMixBasedOnRoughness:1]]
[2025.04.08-21.17.43:110][  0]LogConfig: Setting CVar [[r.ForwardShading:0]]
[2025.04.08-21.17.43:110][  0]LogConfig: Setting CVar [[r.VertexFoggingForOpaque:1]]
[2025.04.08-21.17.43:110][  0]LogConfig: Setting CVar [[r.AllowStaticLighting:1]]
[2025.04.08-21.17.43:110][  0]LogConfig: Setting CVar [[r.NormalMapsForStaticLighting:0]]
[2025.04.08-21.17.43:110][  0]LogConfig: Setting CVar [[r.GenerateMeshDistanceFields:0]]
[2025.04.08-21.17.43:110][  0]LogConfig: Setting CVar [[r.DistanceFieldBuild.EightBit:0]]
[2025.04.08-21.17.43:110][  0]LogConfig: Setting CVar [[r.GenerateLandscapeGIData:0]]
[2025.04.08-21.17.43:110][  0]LogConfig: Setting CVar [[r.DistanceFieldBuild.Compress:0]]
[2025.04.08-21.17.43:110][  0]LogConfig: Setting CVar [[r.TessellationAdaptivePixelsPerTriangle:48.000000]]
[2025.04.08-21.17.43:110][  0]LogConfig: Setting CVar [[r.SeparateTranslucency:1]]
[2025.04.08-21.17.43:110][  0]LogConfig: Setting CVar [[r.TranslucentSortPolicy:0]]
[2025.04.08-21.17.43:111][  0]LogConfig: Setting CVar [[vr.VRS.HMDFixedFoveationLevel:0]]
[2025.04.08-21.17.43:111][  0]LogConfig: Setting CVar [[r.CustomDepth:1]]
[2025.04.08-21.17.43:111][  0]LogConfig: Setting CVar [[r.CustomDepthTemporalAAJitter:1]]
[2025.04.08-21.17.43:111][  0]LogConfig: Setting CVar [[r.PostProcessing.PropagateAlpha:0]]
[2025.04.08-21.17.43:111][  0]LogConfig: Setting CVar [[r.DefaultFeature.Bloom:1]]
[2025.04.08-21.17.43:111][  0]LogConfig: Setting CVar [[r.DefaultFeature.AmbientOcclusion:1]]
[2025.04.08-21.17.43:111][  0]LogConfig: Setting CVar [[r.DefaultFeature.AmbientOcclusionStaticFraction:1]]
[2025.04.08-21.17.43:111][  0]LogConfig: Setting CVar [[r.DefaultFeature.AutoExposure:0]]
[2025.04.08-21.17.43:111][  0]LogConfig: Setting CVar [[r.DefaultFeature.AutoExposure.Method:0]]
[2025.04.08-21.17.43:111][  0]LogConfig: Setting CVar [[r.DefaultFeature.AutoExposure.Bias:1.000000]]
[2025.04.08-21.17.43:111][  0]LogConfig: Setting CVar [[r.DefaultFeature.AutoExposure.ExtendDefaultLuminanceRange:0]]
[2025.04.08-21.17.43:111][  0]LogConfig: Setting CVar [[r.UsePreExposure:1]]
[2025.04.08-21.17.43:111][  0]LogConfig: Setting CVar [[r.EyeAdaptation.EditorOnly:0]]
[2025.04.08-21.17.43:111][  0]LogConfig: Setting CVar [[r.DefaultFeature.MotionBlur:0]]
[2025.04.08-21.17.43:111][  0]LogConfig: Setting CVar [[r.DefaultFeature.LensFlare:0]]
[2025.04.08-21.17.43:111][  0]LogConfig: Setting CVar [[r.TemporalAA.Upsampling:0]]
[2025.04.08-21.17.43:111][  0]LogConfig: Setting CVar [[r.SSGI.Enable:0]]
[2025.04.08-21.17.43:111][  0]LogConfig: Setting CVar [[r.DefaultFeature.AntiAliasing:0]]
[2025.04.08-21.17.43:111][  0]LogConfig: Setting CVar [[r.DefaultFeature.LightUnits:1]]
[2025.04.08-21.17.43:111][  0]LogConfig: Setting CVar [[r.DefaultBackBufferPixelFormat:4]]
[2025.04.08-21.17.43:111][  0]LogConfig: Setting CVar [[r.Shadow.UnbuiltPreviewInGame:1]]
[2025.04.08-21.17.43:111][  0]LogConfig: Setting CVar [[r.StencilForLODDither:0]]
[2025.04.08-21.17.43:111][  0]LogConfig: Setting CVar [[r.EarlyZPass:3]]
[2025.04.08-21.17.43:111][  0]LogConfig: Setting CVar [[r.EarlyZPassOnlyMaterialMasking:0]]
[2025.04.08-21.17.43:111][  0]LogConfig: Setting CVar [[r.DBuffer:1]]
[2025.04.08-21.17.43:111][  0]LogConfig: Setting CVar [[r.ClearSceneMethod:1]]
[2025.04.08-21.17.43:111][  0]LogConfig: Setting CVar [[r.BasePassOutputsVelocity:0]]
[2025.04.08-21.17.43:111][  0]LogConfig: Setting CVar [[r.VertexDeformationOutputsVelocity:0]]
[2025.04.08-21.17.43:111][  0]LogConfig: Setting CVar [[r.SelectiveBasePassOutputs:0]]
[2025.04.08-21.17.43:111][  0]LogConfig: Setting CVar [[fx.GPUSimulationTextureSizeX:1024]]
[2025.04.08-21.17.43:111][  0]LogConfig: Setting CVar [[fx.GPUSimulationTextureSizeY:1024]]
[2025.04.08-21.17.43:111][  0]LogConfig: Setting CVar [[r.AllowGlobalClipPlane:0]]
[2025.04.08-21.17.43:111][  0]LogConfig: Setting CVar [[r.GBufferFormat:1]]
[2025.04.08-21.17.43:111][  0]LogConfig: Setting CVar [[r.MorphTarget.Mode:1]]
[2025.04.08-21.17.43:111][  0]LogConfig: Setting CVar [[vr.InstancedStereo:0]]
[2025.04.08-21.17.43:111][  0]LogConfig: Setting CVar [[r.MobileHDR:1]]
[2025.04.08-21.17.43:111][  0]LogConfig: Setting CVar [[vr.MobileMultiView:0]]
[2025.04.08-21.17.43:111][  0]LogConfig: Setting CVar [[r.Mobile.UseHWsRGBEncoding:0]]
[2025.04.08-21.17.43:111][  0]LogConfig: Setting CVar [[vr.RoundRobinOcclusion:0]]
[2025.04.08-21.17.43:111][  0]LogConfig: Setting CVar [[vr.ODSCapture:0]]
[2025.04.08-21.17.43:111][  0]LogConfig: Setting CVar [[r.MeshStreaming:0]]
[2025.04.08-21.17.43:111][  0]LogConfig: Setting CVar [[r.WireframeCullThreshold:5.000000]]
[2025.04.08-21.17.43:111][  0]LogConfig: Setting CVar [[r.RayTracing:0]]
[2025.04.08-21.17.43:111][  0]LogConfig: Setting CVar [[r.RayTracing.UseTextureLod:0]]
[2025.04.08-21.17.43:111][  0]LogConfig: Setting CVar [[r.SupportStationarySkylight:1]]
[2025.04.08-21.17.43:111][  0]LogConfig: Setting CVar [[r.SupportLowQualityLightmaps:1]]
[2025.04.08-21.17.43:111][  0]LogConfig: Setting CVar [[r.SupportPointLightWholeSceneShadows:1]]
[2025.04.08-21.17.43:111][  0]LogConfig: Setting CVar [[r.SupportAtmosphericFog:1]]
[2025.04.08-21.17.43:111][  0]LogConfig: Setting CVar [[r.SupportSkyAtmosphere:1]]
[2025.04.08-21.17.43:111][  0]LogConfig: Setting CVar [[r.SupportSkyAtmosphereAffectsHeightFog:0]]
[2025.04.08-21.17.43:111][  0]LogConfig: Setting CVar [[r.SkinCache.CompileShaders:0]]
[2025.04.08-21.17.43:111][  0]LogConfig: Setting CVar [[r.SkinCache.DefaultBehavior:1]]
[2025.04.08-21.17.43:111][  0]LogConfig: Setting CVar [[r.SkinCache.SceneMemoryLimitInMB:128.000000]]
[2025.04.08-21.17.43:111][  0]LogConfig: Setting CVar [[r.Mobile.EnableStaticAndCSMShadowReceivers:1]]
[2025.04.08-21.17.43:111][  0]LogConfig: Setting CVar [[r.Mobile.EnableMovableLightCSMShaderCulling:1]]
[2025.04.08-21.17.43:111][  0]LogConfig: Setting CVar [[r.Mobile.AllowDistanceFieldShadows:1]]
[2025.04.08-21.17.43:111][  0]LogConfig: Setting CVar [[r.Mobile.AllowMovableDirectionalLights:1]]
[2025.04.08-21.17.43:111][  0]LogConfig: Setting CVar [[r.MobileNumDynamicPointLights:4]]
[2025.04.08-21.17.43:111][  0]LogConfig: Setting CVar [[r.MobileDynamicPointLightsUseStaticBranch:1]]
[2025.04.08-21.17.43:111][  0]LogConfig: Setting CVar [[r.Mobile.EnableMovableSpotlights:0]]
[2025.04.08-21.17.43:111][  0]LogConfig: Setting CVar [[r.Mobile.EnableMovableSpotlightsShadow:0]]
[2025.04.08-21.17.43:111][  0]LogConfig: Setting CVar [[r.GPUSkin.Support16BitBoneIndex:0]]
[2025.04.08-21.17.43:111][  0]LogConfig: Setting CVar [[r.GPUSkin.Limit2BoneInfluences:0]]
[2025.04.08-21.17.43:111][  0]LogConfig: Setting CVar [[r.SupportDepthOnlyIndexBuffers:1]]
[2025.04.08-21.17.43:111][  0]LogConfig: Setting CVar [[r.SupportReversedIndexBuffers:1]]
[2025.04.08-21.17.43:111][  0]LogConfig: Setting CVar [[r.LightPropagationVolume:0]]
[2025.04.08-21.17.43:111][  0]LogConfig: Setting CVar [[r.Mobile.AmbientOcclusion:0]]
[2025.04.08-21.17.43:111][  0]LogConfig: Setting CVar [[r.GPUSkin.UnlimitedBoneInfluences:0]]
[2025.04.08-21.17.43:111][  0]LogConfig: Setting CVar [[r.GPUSkin.UnlimitedBoneInfluencesThreshold:8]]
[2025.04.08-21.17.43:111][  0]LogConfig: Setting CVar [[r.Mobile.PlanarReflectionMode:0]]
[2025.04.08-21.17.43:112][  0]LogConfig: Setting CVar [[r.Mobile.SupportsGen4TAA:0]]
[2025.04.08-21.17.43:112][  0]LogConfig: Applying CVar settings from Section [/Script/Engine.RendererOverrideSettings] File [C:/Unreal Projects/Top-Down-Puzzle/TopDownPuzzle/Saved/Config/Windows/Engine.ini]
[2025.04.08-21.17.43:112][  0]LogConfig: Applying CVar settings from Section [/Script/Engine.StreamingSettings] File [C:/Unreal Projects/Top-Down-Puzzle/TopDownPuzzle/Saved/Config/Windows/Engine.ini]
[2025.04.08-21.17.43:112][  0]LogConfig: Setting CVar [[s.MinBulkDataSizeForAsyncLoading:131072]]
[2025.04.08-21.17.43:112][  0]LogConfig: Setting CVar [[s.AsyncLoadingThreadEnabled:0]]
[2025.04.08-21.17.43:112][  0]LogConfig: Setting CVar [[s.EventDrivenLoaderEnabled:1]]
[2025.04.08-21.17.43:112][  0]LogConfig: Setting CVar [[s.WarnIfTimeLimitExceeded:0]]
[2025.04.08-21.17.43:112][  0]LogConfig: Setting CVar [[s.TimeLimitExceededMultiplier:1.5]]
[2025.04.08-21.17.43:112][  0]LogConfig: Setting CVar [[s.TimeLimitExceededMinTime:0.005]]
[2025.04.08-21.17.43:112][  0]LogConfig: Setting CVar [[s.UseBackgroundLevelStreaming:1]]
[2025.04.08-21.17.43:112][  0]LogConfig: Setting CVar [[s.PriorityAsyncLoadingExtraTime:15.0]]
[2025.04.08-21.17.43:112][  0]LogConfig: Setting CVar [[s.LevelStreamingActorsUpdateTimeLimit:5.0]]
[2025.04.08-21.17.43:112][  0]LogConfig: Setting CVar [[s.PriorityLevelStreamingActorsUpdateExtraTime:5.0]]
[2025.04.08-21.17.43:112][  0]LogConfig: Setting CVar [[s.LevelStreamingComponentsRegistrationGranularity:10]]
[2025.04.08-21.17.43:112][  0]LogConfig: Setting CVar [[s.UnregisterComponentsTimeLimit:1.0]]
[2025.04.08-21.17.43:112][  0]LogConfig: Setting CVar [[s.LevelStreamingComponentsUnregistrationGranularity:5]]
[2025.04.08-21.17.43:112][  0]LogConfig: Setting CVar [[s.FlushStreamingOnExit:1]]
[2025.04.08-21.17.43:112][  0]LogConfig: Applying CVar settings from Section [/Script/Engine.GarbageCollectionSettings] File [C:/Unreal Projects/Top-Down-Puzzle/TopDownPuzzle/Saved/Config/Windows/Engine.ini]
[2025.04.08-21.17.43:112][  0]LogConfig: Setting CVar [[gc.MaxObjectsNotConsideredByGC:1]]
[2025.04.08-21.17.43:112][  0]LogConfig: Setting CVar [[gc.SizeOfPermanentObjectPool:0]]
[2025.04.08-21.17.43:112][  0]LogConfig: Setting CVar [[gc.FlushStreamingOnGC:0]]
[2025.04.08-21.17.43:112][  0]LogConfig: Setting CVar [[gc.NumRetriesBeforeForcingGC:10]]
[2025.04.08-21.17.43:112][  0]LogConfig: Setting CVar [[gc.AllowParallelGC:1]]
[2025.04.08-21.17.43:112][  0]LogConfig: Setting CVar [[gc.TimeBetweenPurgingPendingKillObjects:61.1]]
[2025.04.08-21.17.43:112][  0]LogConfig: Setting CVar [[gc.MaxObjectsInEditor:25165824]]
[2025.04.08-21.17.43:112][  0]LogConfig: Setting CVar [[gc.IncrementalBeginDestroyEnabled:1]]
[2025.04.08-21.17.43:112][  0]LogConfig: Setting CVar [[gc.CreateGCClusters:1]]
[2025.04.08-21.17.43:112][  0]LogConfig: Setting CVar [[gc.MinGCClusterSize:5]]
[2025.04.08-21.17.43:112][  0]LogConfig: Setting CVar [[gc.ActorClusteringEnabled:0]]
[2025.04.08-21.17.43:112][  0]LogConfig: Setting CVar [[gc.BlueprintClusteringEnabled:0]]
[2025.04.08-21.17.43:112][  0]LogConfig: Setting CVar [[gc.UseDisregardForGCOnDedicatedServers:0]]
[2025.04.08-21.17.43:112][  0]LogConfig: Setting CVar [[gc.MultithreadedDestructionEnabled:1]]
[2025.04.08-21.17.43:112][  0]LogConfig: Applying CVar settings from Section [/Script/Engine.NetworkSettings] File [C:/Unreal Projects/Top-Down-Puzzle/TopDownPuzzle/Saved/Config/Windows/Engine.ini]
[2025.04.08-21.17.43:112][  0]LogConfig: Applying CVar settings from Section [/Script/UnrealEd.CookerSettings] File [C:/Unreal Projects/Top-Down-Puzzle/TopDownPuzzle/Saved/Config/Windows/Engine.ini]
[2025.04.08-21.17.43:122][  0]LogConfig: Applying CVar settings from Section [ViewDistanceQuality@3] File [C:/Unreal Projects/Top-Down-Puzzle/TopDownPuzzle/Saved/Config/Windows/Scalability.ini]
[2025.04.08-21.17.43:122][  0]LogConfig: Setting CVar [[r.SkeletalMeshLODBias:0]]
[2025.04.08-21.17.43:122][  0]LogConfig: Setting CVar [[r.ViewDistanceScale:1.0]]
[2025.04.08-21.17.43:122][  0]LogConfig: Applying CVar settings from Section [AntiAliasingQuality@3] File [C:/Unreal Projects/Top-Down-Puzzle/TopDownPuzzle/Saved/Config/Windows/Scalability.ini]
[2025.04.08-21.17.43:122][  0]LogConfig: Setting CVar [[r.PostProcessAAQuality:4]]
[2025.04.08-21.17.43:122][  0]LogConfig: Applying CVar settings from Section [ShadowQuality@3] File [C:/Unreal Projects/Top-Down-Puzzle/TopDownPuzzle/Saved/Config/Windows/Scalability.ini]
[2025.04.08-21.17.43:122][  0]LogConfig: Setting CVar [[r.LightFunctionQuality:1]]
[2025.04.08-21.17.43:122][  0]LogConfig: Setting CVar [[r.ShadowQuality:5]]
[2025.04.08-21.17.43:122][  0]LogConfig: Setting CVar [[r.Shadow.CSM.MaxCascades:10]]
[2025.04.08-21.17.43:122][  0]LogConfig: Setting CVar [[r.Shadow.MaxResolution:2048]]
[2025.04.08-21.17.43:122][  0]LogConfig: Setting CVar [[r.Shadow.MaxCSMResolution:2048]]
[2025.04.08-21.17.43:122][  0]LogConfig: Setting CVar [[r.Shadow.RadiusThreshold:0.01]]
[2025.04.08-21.17.43:122][  0]LogConfig: Setting CVar [[r.Shadow.DistanceScale:1.0]]
[2025.04.08-21.17.43:122][  0]LogConfig: Setting CVar [[r.Shadow.CSM.TransitionScale:1.0]]
[2025.04.08-21.17.43:122][  0]LogConfig: Setting CVar [[r.Shadow.PreShadowResolutionFactor:1.0]]
[2025.04.08-21.17.43:122][  0]LogConfig: Setting CVar [[r.DistanceFieldShadowing:1]]
[2025.04.08-21.17.43:122][  0]LogConfig: Setting CVar [[r.DistanceFieldAO:1]]
[2025.04.08-21.17.43:122][  0]LogConfig: Setting CVar [[r.AOQuality:2]]
[2025.04.08-21.17.43:122][  0]LogConfig: Setting CVar [[r.VolumetricFog:1]]
[2025.04.08-21.17.43:122][  0]LogConfig: Setting CVar [[r.VolumetricFog.GridPixelSize:8]]
[2025.04.08-21.17.43:122][  0]LogConfig: Setting CVar [[r.VolumetricFog.GridSizeZ:128]]
[2025.04.08-21.17.43:122][  0]LogConfig: Setting CVar [[r.VolumetricFog.HistoryMissSupersampleCount:4]]
[2025.04.08-21.17.43:122][  0]LogConfig: Setting CVar [[r.LightMaxDrawDistanceScale:1]]
[2025.04.08-21.17.43:122][  0]LogConfig: Setting CVar [[r.CapsuleShadows:1]]
[2025.04.08-21.17.43:122][  0]LogConfig: Applying CVar settings from Section [PostProcessQuality@3] File [C:/Unreal Projects/Top-Down-Puzzle/TopDownPuzzle/Saved/Config/Windows/Scalability.ini]
[2025.04.08-21.17.43:122][  0]LogConfig: Setting CVar [[r.MotionBlurQuality:4]]
[2025.04.08-21.17.43:122][  0]LogConfig: Setting CVar [[r.AmbientOcclusionMipLevelFactor:0.4]]
[2025.04.08-21.17.43:122][  0]LogConfig: Setting CVar [[r.AmbientOcclusionMaxQuality:100]]
[2025.04.08-21.17.43:122][  0]LogConfig: Setting CVar [[r.AmbientOcclusionLevels:-1]]
[2025.04.08-21.17.43:122][  0]LogConfig: Setting CVar [[r.AmbientOcclusionRadiusScale:1.0]]
[2025.04.08-21.17.43:122][  0]LogConfig: Setting CVar [[r.DepthOfFieldQuality:2]]
[2025.04.08-21.17.43:122][  0]LogConfig: Setting CVar [[r.RenderTargetPoolMin:400]]
[2025.04.08-21.17.43:122][  0]LogConfig: Setting CVar [[r.LensFlareQuality:2]]
[2025.04.08-21.17.43:122][  0]LogConfig: Setting CVar [[r.SceneColorFringeQuality:1]]
[2025.04.08-21.17.43:122][  0]LogConfig: Setting CVar [[r.EyeAdaptationQuality:2]]
[2025.04.08-21.17.43:122][  0]LogConfig: Setting CVar [[r.BloomQuality:5]]
[2025.04.08-21.17.43:122][  0]LogConfig: Setting CVar [[r.FastBlurThreshold:100]]
[2025.04.08-21.17.43:122][  0]LogConfig: Setting CVar [[r.Upscale.Quality:3]]
[2025.04.08-21.17.43:122][  0]LogConfig: Setting CVar [[r.Tonemapper.GrainQuantization:1]]
[2025.04.08-21.17.43:122][  0]LogConfig: Setting CVar [[r.LightShaftQuality:1]]
[2025.04.08-21.17.43:122][  0]LogConfig: Setting CVar [[r.Filter.SizeScale:1]]
[2025.04.08-21.17.43:122][  0]LogConfig: Setting CVar [[r.Tonemapper.Quality:5]]
[2025.04.08-21.17.43:122][  0]LogConfig: Setting CVar [[r.DOF.Gather.AccumulatorQuality:1        ; higher gathering accumulator quality]]
[2025.04.08-21.17.43:122][  0]LogConfig: Setting CVar [[r.DOF.Gather.PostfilterMethod:1          ; Median3x3 postfilering method]]
[2025.04.08-21.17.43:122][  0]LogConfig: Setting CVar [[r.DOF.Gather.EnableBokehSettings:0       ; no bokeh simulation when gathering]]
[2025.04.08-21.17.43:122][  0]LogConfig: Setting CVar [[r.DOF.Gather.RingCount:4                 ; medium number of samples when gathering]]
[2025.04.08-21.17.43:122][  0]LogConfig: Setting CVar [[r.DOF.Scatter.ForegroundCompositing:1    ; additive foreground scattering]]
[2025.04.08-21.17.43:122][  0]LogConfig: Setting CVar [[r.DOF.Scatter.BackgroundCompositing:2    ; additive background scattering]]
[2025.04.08-21.17.43:122][  0]LogConfig: Setting CVar [[r.DOF.Scatter.EnableBokehSettings:1      ; bokeh simulation when scattering]]
[2025.04.08-21.17.43:122][  0]LogConfig: Setting CVar [[r.DOF.Scatter.MaxSpriteRatio:0.1         ; only a maximum of 10% of scattered bokeh]]
[2025.04.08-21.17.43:123][  0]LogConfig: Setting CVar [[r.DOF.Recombine.Quality:1                ; cheap slight out of focus]]
[2025.04.08-21.17.43:123][  0]LogConfig: Setting CVar [[r.DOF.Recombine.EnableBokehSettings:0    ; no bokeh simulation on slight out of focus]]
[2025.04.08-21.17.43:123][  0]LogConfig: Setting CVar [[r.DOF.TemporalAAQuality:1                ; more stable temporal accumulation]]
[2025.04.08-21.17.43:123][  0]LogConfig: Setting CVar [[r.DOF.Kernel.MaxForegroundRadius:0.025]]
[2025.04.08-21.17.43:123][  0]LogConfig: Setting CVar [[r.DOF.Kernel.MaxBackgroundRadius:0.025]]
[2025.04.08-21.17.43:123][  0]LogConfig: Applying CVar settings from Section [TextureQuality@3] File [C:/Unreal Projects/Top-Down-Puzzle/TopDownPuzzle/Saved/Config/Windows/Scalability.ini]
[2025.04.08-21.17.43:123][  0]LogConfig: Setting CVar [[r.Streaming.MipBias:0]]
[2025.04.08-21.17.43:123][  0]LogConfig: Setting CVar [[r.Streaming.AmortizeCPUToGPUCopy:0]]
[2025.04.08-21.17.43:123][  0]LogConfig: Setting CVar [[r.Streaming.MaxNumTexturesToStreamPerFrame:0]]
[2025.04.08-21.17.43:123][  0]LogConfig: Setting CVar [[r.Streaming.Boost:1]]
[2025.04.08-21.17.43:123][  0]LogConfig: Setting CVar [[r.MaxAnisotropy:8]]
[2025.04.08-21.17.43:123][  0]LogConfig: Setting CVar [[r.VT.MaxAnisotropy:8]]
[2025.04.08-21.17.43:123][  0]LogConfig: Setting CVar [[r.Streaming.LimitPoolSizeToVRAM:0]]
[2025.04.08-21.17.43:123][  0]LogConfig: Setting CVar [[r.Streaming.PoolSize:1000]]
[2025.04.08-21.17.43:123][  0]LogConfig: Setting CVar [[r.Streaming.MaxEffectiveScreenSize:0]]
[2025.04.08-21.17.43:123][  0]LogConfig: Applying CVar settings from Section [EffectsQuality@3] File [C:/Unreal Projects/Top-Down-Puzzle/TopDownPuzzle/Saved/Config/Windows/Scalability.ini]
[2025.04.08-21.17.43:123][  0]LogConfig: Setting CVar [[r.TranslucencyLightingVolumeDim:64]]
[2025.04.08-21.17.43:123][  0]LogConfig: Setting CVar [[r.RefractionQuality:2]]
[2025.04.08-21.17.43:123][  0]LogConfig: Setting CVar [[r.SSR.Quality:3]]
[2025.04.08-21.17.43:123][  0]LogConfig: Setting CVar [[r.SSR.HalfResSceneColor:0]]
[2025.04.08-21.17.43:123][  0]LogConfig: Setting CVar [[r.SceneColorFormat:4]]
[2025.04.08-21.17.43:123][  0]LogConfig: Setting CVar [[r.DetailMode:2]]
[2025.04.08-21.17.43:123][  0]LogConfig: Setting CVar [[r.TranslucencyVolumeBlur:1]]
[2025.04.08-21.17.43:123][  0]LogConfig: Setting CVar [[r.MaterialQualityLevel:1 ; High quality]]
[2025.04.08-21.17.43:123][  0]LogConfig: Setting CVar [[r.AnisotropicMaterials:1]]
[2025.04.08-21.17.43:123][  0]LogConfig: Setting CVar [[r.SSS.Scale:1]]
[2025.04.08-21.17.43:123][  0]LogConfig: Setting CVar [[r.SSS.SampleSet:2]]
[2025.04.08-21.17.43:123][  0]LogConfig: Setting CVar [[r.SSS.Quality:1]]
[2025.04.08-21.17.43:123][  0]LogConfig: Setting CVar [[r.SSS.HalfRes:0]]
[2025.04.08-21.17.43:123][  0]LogConfig: Setting CVar [[r.SSGI.Quality:3]]
[2025.04.08-21.17.43:123][  0]LogConfig: Setting CVar [[r.EmitterSpawnRateScale:1.0]]
[2025.04.08-21.17.43:123][  0]LogConfig: Setting CVar [[r.ParticleLightQuality:2]]
[2025.04.08-21.17.43:123][  0]LogConfig: Setting CVar [[r.SkyAtmosphere.AerialPerspectiveLUT.FastApplyOnOpaque:1 ; Always have FastSkyLUT 1 in this case to avoid wrong sky]]
[2025.04.08-21.17.43:123][  0]LogConfig: Setting CVar [[r.SkyAtmosphere.AerialPerspectiveLUT.SampleCountMaxPerSlice:4]]
[2025.04.08-21.17.43:123][  0]LogConfig: Setting CVar [[r.SkyAtmosphere.AerialPerspectiveLUT.DepthResolution:16.0]]
[2025.04.08-21.17.43:123][  0]LogConfig: Setting CVar [[r.SkyAtmosphere.FastSkyLUT:1]]
[2025.04.08-21.17.43:123][  0]LogConfig: Setting CVar [[r.SkyAtmosphere.FastSkyLUT.SampleCountMin:4.0]]
[2025.04.08-21.17.43:123][  0]LogConfig: Setting CVar [[r.SkyAtmosphere.FastSkyLUT.SampleCountMax:128.0]]
[2025.04.08-21.17.43:123][  0]LogConfig: Setting CVar [[r.SkyAtmosphere.SampleCountMin:4.0]]
[2025.04.08-21.17.43:123][  0]LogConfig: Setting CVar [[r.SkyAtmosphere.SampleCountMax:128.0]]
[2025.04.08-21.17.43:123][  0]LogConfig: Setting CVar [[r.SkyAtmosphere.TransmittanceLUT.UseSmallFormat:0]]
[2025.04.08-21.17.43:123][  0]LogConfig: Setting CVar [[r.SkyAtmosphere.TransmittanceLUT.SampleCount:10.0]]
[2025.04.08-21.17.43:123][  0]LogConfig: Setting CVar [[r.SkyAtmosphere.MultiScatteringLUT.SampleCount:15.0]]
[2025.04.08-21.17.43:123][  0]LogConfig: Setting CVar [[r.SkyLight.RealTimeReflectionCapture:1]]
[2025.04.08-21.17.43:123][  0]LogConfig: Applying CVar settings from Section [FoliageQuality@3] File [C:/Unreal Projects/Top-Down-Puzzle/TopDownPuzzle/Saved/Config/Windows/Scalability.ini]
[2025.04.08-21.17.43:123][  0]LogConfig: Setting CVar [[foliage.DensityScale:1.0]]
[2025.04.08-21.17.43:123][  0]LogConfig: Setting CVar [[grass.DensityScale:1.0]]
[2025.04.08-21.17.43:123][  0]LogConfig: Applying CVar settings from Section [ShadingQuality@3] File [C:/Unreal Projects/Top-Down-Puzzle/TopDownPuzzle/Saved/Config/Windows/Scalability.ini]
[2025.04.08-21.17.43:123][  0]LogConfig: Setting CVar [[r.HairStrands.SkyLighting.IntegrationType:2]]
[2025.04.08-21.17.43:123][  0]LogConfig: Setting CVar [[r.HairStrands.SkyAO.SampleCount:4]]
[2025.04.08-21.17.43:123][  0]LogConfig: Setting CVar [[r.HairStrands.Visibility.MSAA.SamplePerPixel:4]]
[2025.04.08-21.17.43:123][  0]LogInit: Selected Device Profile: [Windows]
[2025.04.08-21.17.43:123][  0]LogInit: Applying CVar settings loaded from the selected device profile: [Windows]
[2025.04.08-21.17.43:123][  0]LogHAL: Display: Platform has ~ 16 GB [17013329920 / 17179869184 / 16], which maps to Larger [LargestMinGB=32, LargerMinGB=12, DefaultMinGB=8, SmallerMinGB=6, SmallestMinGB=0)
[2025.04.08-21.17.43:123][  0]LogInit: Going up to parent DeviceProfile []
[2025.04.08-21.17.43:123][  0]LogConfig: Applying CVar settings from Section [ViewDistanceQuality@3] File [C:/Unreal Projects/Top-Down-Puzzle/TopDownPuzzle/Saved/Config/Windows/Scalability.ini]
[2025.04.08-21.17.43:123][  0]LogConfig: Setting CVar [[r.SkeletalMeshLODBias:0]]
[2025.04.08-21.17.43:123][  0]LogConfig: Setting CVar [[r.ViewDistanceScale:1.0]]
[2025.04.08-21.17.43:123][  0]LogConfig: Applying CVar settings from Section [AntiAliasingQuality@3] File [C:/Unreal Projects/Top-Down-Puzzle/TopDownPuzzle/Saved/Config/Windows/Scalability.ini]
[2025.04.08-21.17.43:123][  0]LogConfig: Setting CVar [[r.PostProcessAAQuality:4]]
[2025.04.08-21.17.43:123][  0]LogConfig: Applying CVar settings from Section [ShadowQuality@3] File [C:/Unreal Projects/Top-Down-Puzzle/TopDownPuzzle/Saved/Config/Windows/Scalability.ini]
[2025.04.08-21.17.43:123][  0]LogConfig: Setting CVar [[r.LightFunctionQuality:1]]
[2025.04.08-21.17.43:123][  0]LogConfig: Setting CVar [[r.ShadowQuality:5]]
[2025.04.08-21.17.43:123][  0]LogConfig: Setting CVar [[r.Shadow.CSM.MaxCascades:10]]
[2025.04.08-21.17.43:123][  0]LogConfig: Setting CVar [[r.Shadow.MaxResolution:2048]]
[2025.04.08-21.17.43:123][  0]LogConfig: Setting CVar [[r.Shadow.MaxCSMResolution:2048]]
[2025.04.08-21.17.43:123][  0]LogConfig: Setting CVar [[r.Shadow.RadiusThreshold:0.01]]
[2025.04.08-21.17.43:123][  0]LogConfig: Setting CVar [[r.Shadow.DistanceScale:1.0]]
[2025.04.08-21.17.43:123][  0]LogConfig: Setting CVar [[r.Shadow.CSM.TransitionScale:1.0]]
[2025.04.08-21.17.43:123][  0]LogConfig: Setting CVar [[r.Shadow.PreShadowResolutionFactor:1.0]]
[2025.04.08-21.17.43:123][  0]LogConfig: Setting CVar [[r.DistanceFieldShadowing:1]]
[2025.04.08-21.17.43:123][  0]LogConfig: Setting CVar [[r.DistanceFieldAO:1]]
[2025.04.08-21.17.43:123][  0]LogConfig: Setting CVar [[r.AOQuality:2]]
[2025.04.08-21.17.43:123][  0]LogConfig: Setting CVar [[r.VolumetricFog:1]]
[2025.04.08-21.17.43:123][  0]LogConfig: Setting CVar [[r.VolumetricFog.GridPixelSize:8]]
[2025.04.08-21.17.43:123][  0]LogConfig: Setting CVar [[r.VolumetricFog.GridSizeZ:128]]
[2025.04.08-21.17.43:123][  0]LogConfig: Setting CVar [[r.VolumetricFog.HistoryMissSupersampleCount:4]]
[2025.04.08-21.17.43:123][  0]LogConfig: Setting CVar [[r.LightMaxDrawDistanceScale:1]]
[2025.04.08-21.17.43:123][  0]LogConfig: Setting CVar [[r.CapsuleShadows:1]]
[2025.04.08-21.17.43:123][  0]LogConfig: Applying CVar settings from Section [PostProcessQuality@3] File [C:/Unreal Projects/Top-Down-Puzzle/TopDownPuzzle/Saved/Config/Windows/Scalability.ini]
[2025.04.08-21.17.43:123][  0]LogConfig: Setting CVar [[r.MotionBlurQuality:4]]
[2025.04.08-21.17.43:124][  0]LogConfig: Setting CVar [[r.AmbientOcclusionMipLevelFactor:0.4]]
[2025.04.08-21.17.43:124][  0]LogConfig: Setting CVar [[r.AmbientOcclusionMaxQuality:100]]
[2025.04.08-21.17.43:124][  0]LogConfig: Setting CVar [[r.AmbientOcclusionLevels:-1]]
[2025.04.08-21.17.43:124][  0]LogConfig: Setting CVar [[r.AmbientOcclusionRadiusScale:1.0]]
[2025.04.08-21.17.43:124][  0]LogConfig: Setting CVar [[r.DepthOfFieldQuality:2]]
[2025.04.08-21.17.43:124][  0]LogConfig: Setting CVar [[r.RenderTargetPoolMin:400]]
[2025.04.08-21.17.43:124][  0]LogConfig: Setting CVar [[r.LensFlareQuality:2]]
[2025.04.08-21.17.43:124][  0]LogConfig: Setting CVar [[r.SceneColorFringeQuality:1]]
[2025.04.08-21.17.43:124][  0]LogConfig: Setting CVar [[r.EyeAdaptationQuality:2]]
[2025.04.08-21.17.43:124][  0]LogConfig: Setting CVar [[r.BloomQuality:5]]
[2025.04.08-21.17.43:124][  0]LogConfig: Setting CVar [[r.FastBlurThreshold:100]]
[2025.04.08-21.17.43:124][  0]LogConfig: Setting CVar [[r.Upscale.Quality:3]]
[2025.04.08-21.17.43:124][  0]LogConfig: Setting CVar [[r.Tonemapper.GrainQuantization:1]]
[2025.04.08-21.17.43:124][  0]LogConfig: Setting CVar [[r.LightShaftQuality:1]]
[2025.04.08-21.17.43:124][  0]LogConfig: Setting CVar [[r.Filter.SizeScale:1]]
[2025.04.08-21.17.43:124][  0]LogConfig: Setting CVar [[r.Tonemapper.Quality:5]]
[2025.04.08-21.17.43:124][  0]LogConfig: Setting CVar [[r.DOF.Gather.AccumulatorQuality:1        ; higher gathering accumulator quality]]
[2025.04.08-21.17.43:124][  0]LogConfig: Setting CVar [[r.DOF.Gather.PostfilterMethod:1          ; Median3x3 postfilering method]]
[2025.04.08-21.17.43:124][  0]LogConfig: Setting CVar [[r.DOF.Gather.EnableBokehSettings:0       ; no bokeh simulation when gathering]]
[2025.04.08-21.17.43:124][  0]LogConfig: Setting CVar [[r.DOF.Gather.RingCount:4                 ; medium number of samples when gathering]]
[2025.04.08-21.17.43:124][  0]LogConfig: Setting CVar [[r.DOF.Scatter.ForegroundCompositing:1    ; additive foreground scattering]]
[2025.04.08-21.17.43:124][  0]LogConfig: Setting CVar [[r.DOF.Scatter.BackgroundCompositing:2    ; additive background scattering]]
[2025.04.08-21.17.43:124][  0]LogConfig: Setting CVar [[r.DOF.Scatter.EnableBokehSettings:1      ; bokeh simulation when scattering]]
[2025.04.08-21.17.43:124][  0]LogConfig: Setting CVar [[r.DOF.Scatter.MaxSpriteRatio:0.1         ; only a maximum of 10% of scattered bokeh]]
[2025.04.08-21.17.43:124][  0]LogConfig: Setting CVar [[r.DOF.Recombine.Quality:1                ; cheap slight out of focus]]
[2025.04.08-21.17.43:124][  0]LogConfig: Setting CVar [[r.DOF.Recombine.EnableBokehSettings:0    ; no bokeh simulation on slight out of focus]]
[2025.04.08-21.17.43:124][  0]LogConfig: Setting CVar [[r.DOF.TemporalAAQuality:1                ; more stable temporal accumulation]]
[2025.04.08-21.17.43:124][  0]LogConfig: Setting CVar [[r.DOF.Kernel.MaxForegroundRadius:0.025]]
[2025.04.08-21.17.43:124][  0]LogConfig: Setting CVar [[r.DOF.Kernel.MaxBackgroundRadius:0.025]]
[2025.04.08-21.17.43:124][  0]LogConfig: Applying CVar settings from Section [TextureQuality@3] File [C:/Unreal Projects/Top-Down-Puzzle/TopDownPuzzle/Saved/Config/Windows/Scalability.ini]
[2025.04.08-21.17.43:124][  0]LogConfig: Setting CVar [[r.Streaming.MipBias:0]]
[2025.04.08-21.17.43:124][  0]LogConfig: Setting CVar [[r.Streaming.AmortizeCPUToGPUCopy:0]]
[2025.04.08-21.17.43:124][  0]LogConfig: Setting CVar [[r.Streaming.MaxNumTexturesToStreamPerFrame:0]]
[2025.04.08-21.17.43:124][  0]LogConfig: Setting CVar [[r.Streaming.Boost:1]]
[2025.04.08-21.17.43:124][  0]LogConfig: Setting CVar [[r.MaxAnisotropy:8]]
[2025.04.08-21.17.43:124][  0]LogConfig: Setting CVar [[r.VT.MaxAnisotropy:8]]
[2025.04.08-21.17.43:124][  0]LogConfig: Setting CVar [[r.Streaming.LimitPoolSizeToVRAM:0]]
[2025.04.08-21.17.43:124][  0]LogConfig: Setting CVar [[r.Streaming.PoolSize:1000]]
[2025.04.08-21.17.43:124][  0]LogConfig: Setting CVar [[r.Streaming.MaxEffectiveScreenSize:0]]
[2025.04.08-21.17.43:124][  0]LogConfig: Applying CVar settings from Section [EffectsQuality@3] File [C:/Unreal Projects/Top-Down-Puzzle/TopDownPuzzle/Saved/Config/Windows/Scalability.ini]
[2025.04.08-21.17.43:124][  0]LogConfig: Setting CVar [[r.TranslucencyLightingVolumeDim:64]]
[2025.04.08-21.17.43:124][  0]LogConfig: Setting CVar [[r.RefractionQuality:2]]
[2025.04.08-21.17.43:124][  0]LogConfig: Setting CVar [[r.SSR.Quality:3]]
[2025.04.08-21.17.43:124][  0]LogConfig: Setting CVar [[r.SSR.HalfResSceneColor:0]]
[2025.04.08-21.17.43:124][  0]LogConfig: Setting CVar [[r.SceneColorFormat:4]]
[2025.04.08-21.17.43:124][  0]LogConfig: Setting CVar [[r.DetailMode:2]]
[2025.04.08-21.17.43:124][  0]LogConfig: Setting CVar [[r.TranslucencyVolumeBlur:1]]
[2025.04.08-21.17.43:124][  0]LogConfig: Setting CVar [[r.MaterialQualityLevel:1 ; High quality]]
[2025.04.08-21.17.43:124][  0]LogConfig: Setting CVar [[r.AnisotropicMaterials:1]]
[2025.04.08-21.17.43:124][  0]LogConfig: Setting CVar [[r.SSS.Scale:1]]
[2025.04.08-21.17.43:124][  0]LogConfig: Setting CVar [[r.SSS.SampleSet:2]]
[2025.04.08-21.17.43:124][  0]LogConfig: Setting CVar [[r.SSS.Quality:1]]
[2025.04.08-21.17.43:124][  0]LogConfig: Setting CVar [[r.SSS.HalfRes:0]]
[2025.04.08-21.17.43:124][  0]LogConfig: Setting CVar [[r.SSGI.Quality:3]]
[2025.04.08-21.17.43:124][  0]LogConfig: Setting CVar [[r.EmitterSpawnRateScale:1.0]]
[2025.04.08-21.17.43:124][  0]LogConfig: Setting CVar [[r.ParticleLightQuality:2]]
[2025.04.08-21.17.43:124][  0]LogConfig: Setting CVar [[r.SkyAtmosphere.AerialPerspectiveLUT.FastApplyOnOpaque:1 ; Always have FastSkyLUT 1 in this case to avoid wrong sky]]
[2025.04.08-21.17.43:124][  0]LogConfig: Setting CVar [[r.SkyAtmosphere.AerialPerspectiveLUT.SampleCountMaxPerSlice:4]]
[2025.04.08-21.17.43:124][  0]LogConfig: Setting CVar [[r.SkyAtmosphere.AerialPerspectiveLUT.DepthResolution:16.0]]
[2025.04.08-21.17.43:124][  0]LogConfig: Setting CVar [[r.SkyAtmosphere.FastSkyLUT:1]]
[2025.04.08-21.17.43:124][  0]LogConfig: Setting CVar [[r.SkyAtmosphere.FastSkyLUT.SampleCountMin:4.0]]
[2025.04.08-21.17.43:124][  0]LogConfig: Setting CVar [[r.SkyAtmosphere.FastSkyLUT.SampleCountMax:128.0]]
[2025.04.08-21.17.43:124][  0]LogConfig: Setting CVar [[r.SkyAtmosphere.SampleCountMin:4.0]]
[2025.04.08-21.17.43:124][  0]LogConfig: Setting CVar [[r.SkyAtmosphere.SampleCountMax:128.0]]
[2025.04.08-21.17.43:124][  0]LogConfig: Setting CVar [[r.SkyAtmosphere.TransmittanceLUT.UseSmallFormat:0]]
[2025.04.08-21.17.43:124][  0]LogConfig: Setting CVar [[r.SkyAtmosphere.TransmittanceLUT.SampleCount:10.0]]
[2025.04.08-21.17.43:124][  0]LogConfig: Setting CVar [[r.SkyAtmosphere.MultiScatteringLUT.SampleCount:15.0]]
[2025.04.08-21.17.43:124][  0]LogConfig: Setting CVar [[r.SkyLight.RealTimeReflectionCapture:1]]
[2025.04.08-21.17.43:124][  0]LogConfig: Applying CVar settings from Section [FoliageQuality@3] File [C:/Unreal Projects/Top-Down-Puzzle/TopDownPuzzle/Saved/Config/Windows/Scalability.ini]
[2025.04.08-21.17.43:124][  0]LogConfig: Setting CVar [[foliage.DensityScale:1.0]]
[2025.04.08-21.17.43:124][  0]LogConfig: Setting CVar [[grass.DensityScale:1.0]]
[2025.04.08-21.17.43:124][  0]LogConfig: Applying CVar settings from Section [ShadingQuality@3] File [C:/Unreal Projects/Top-Down-Puzzle/TopDownPuzzle/Saved/Config/Windows/Scalability.ini]
[2025.04.08-21.17.43:124][  0]LogConfig: Setting CVar [[r.HairStrands.SkyLighting.IntegrationType:2]]
[2025.04.08-21.17.43:124][  0]LogConfig: Setting CVar [[r.HairStrands.SkyAO.SampleCount:4]]
[2025.04.08-21.17.43:124][  0]LogConfig: Setting CVar [[r.HairStrands.Visibility.MSAA.SamplePerPixel:4]]
[2025.04.08-21.17.43:124][  0]LogConfig: Applying CVar settings from Section [Startup] File [../../../Engine/Config/ConsoleVariables.ini]
[2025.04.08-21.17.43:133][  0]LogConfig: Setting CVar [[net.UseAdaptiveNetUpdateFrequency:0]]
[2025.04.08-21.17.43:133][  0]LogConfig: Setting CVar [[p.chaos.AllowCreatePhysxBodies:1]]
[2025.04.08-21.17.43:133][  0]LogConfig: Setting CVar [[fx.SkipVectorVMBackendOptimizations:1]]
[2025.04.08-21.17.43:133][  0]LogConfig: Applying CVar settings from Section [ConsoleVariables] File [C:/Unreal Projects/Top-Down-Puzzle/TopDownPuzzle/Saved/Config/Windows/Engine.ini]
[2025.04.08-21.17.43:133][  0]LogConfig: Applying CVar settings from Section [ConsoleVariables] File [C:/Unreal Projects/Top-Down-Puzzle/TopDownPuzzle/Saved/Config/Windows/Editor.ini]
[2025.04.08-21.17.43:134][  0]LogInit: Computer: LAPTOP-EJ2DB2HV
[2025.04.08-21.17.43:134][  0]LogInit: User: patel
[2025.04.08-21.17.43:134][  0]LogInit: CPU Page size=4096, Cores=4
[2025.04.08-21.17.43:134][  0]LogInit: High frequency timer resolution =10.000000 MHz
[2025.04.08-21.17.43:134][  0]LogMemory: Memory total: Physical=15.8GB (16GB approx)
[2025.04.08-21.17.43:134][  0]LogMemory: Platform Memory Stats for Windows
[2025.04.08-21.17.43:134][  0]LogMemory: Process Physical Memory: 143.87 MB used, 143.87 MB peak
[2025.04.08-21.17.43:134][  0]LogMemory: Process Virtual Memory: 114.49 MB used, 114.49 MB peak
[2025.04.08-21.17.43:134][  0]LogMemory: Physical Memory: 10358.79 MB used,  5866.38 MB free, 16225.18 MB total
[2025.04.08-21.17.43:134][  0]LogMemory: Virtual Memory: 134196640.00 MB used,  21090.49 MB free, 134217728.00 MB total
[2025.04.08-21.17.43:141][  0]LogWindows: WindowsPlatformFeatures enabled
[2025.04.08-21.17.43:392][  0]LogInit: Physics initialised using underlying interface: PhysX
[2025.04.08-21.17.43:393][  0]LogInit: Using OS detected language (en-US).
[2025.04.08-21.17.43:393][  0]LogInit: Using OS detected locale (en-IN).
[2025.04.08-21.17.43:400][  0]LogTextLocalizationManager: No specific localization for 'en-US' exists, so the 'en' localization will be used.
[2025.04.08-21.17.43:649][  0]LogInit: Setting process to per monitor DPI aware
[2025.04.08-21.17.43:680][  0]LogWindowsTextInputMethodSystem: Display: IME system deactivated.
[2025.04.08-21.17.43:738][  0]LogSlate: New Slate User Created.  User Index 0, Is Virtual User: 0
[2025.04.08-21.17.43:738][  0]LogSlate: Slate User Registered.  User Index 0, Is Virtual User: 0
[2025.04.08-21.17.45:930][  0]LogD3D11RHI: Loaded GFSDK_Aftermath_Lib.x64.dll
[2025.04.08-21.17.45:994][  0]LogHMD: Failed to initialize OpenVR with code 110
[2025.04.08-21.17.45:994][  0]LogD3D11RHI: D3D11 min allowed feature level: 11_0
[2025.04.08-21.17.45:994][  0]LogD3D11RHI: D3D11 max allowed feature level: 11_0
[2025.04.08-21.17.45:994][  0]LogD3D11RHI: D3D11 adapters:
[2025.04.08-21.17.46:127][  0]LogD3D11RHI:    0. 'NVIDIA GeForce GTX 1650' (Feature Level 11_0)
[2025.04.08-21.17.46:127][  0]LogD3D11RHI:       3935/0/8112 MB DedicatedVideo/DedicatedSystem/SharedSystem, Outputs:1, VendorId:0x10de
[2025.04.08-21.17.46:200][  0]LogD3D11RHI:    1. 'Intel(R) UHD Graphics 630' (Feature Level 11_0)
[2025.04.08-21.17.46:200][  0]LogD3D11RHI:       128/0/8112 MB DedicatedVideo/DedicatedSystem/SharedSystem, Outputs:0, VendorId:0x8086
[2025.04.08-21.17.46:202][  0]LogD3D11RHI:    2. 'Microsoft Basic Render Driver' (Feature Level 11_0)
[2025.04.08-21.17.46:202][  0]LogD3D11RHI:       0/0/8112 MB DedicatedVideo/DedicatedSystem/SharedSystem, Outputs:0, VendorId:0x1414
[2025.04.08-21.17.46:202][  0]LogD3D11RHI: Chosen D3D11 Adapter:
[2025.04.08-21.17.46:202][  0]LogD3D11RHI:     Description : NVIDIA GeForce GTX 1650
[2025.04.08-21.17.46:202][  0]LogD3D11RHI:     VendorId    : 10de
[2025.04.08-21.17.46:202][  0]LogD3D11RHI:     DeviceId    : 1f91
[2025.04.08-21.17.46:202][  0]LogD3D11RHI:     SubSysId    : 85fc103c
[2025.04.08-21.17.46:202][  0]LogD3D11RHI:     Revision    : 00a1
[2025.04.08-21.17.46:202][  0]LogD3D11RHI:     DedicatedVideoMemory : 4126146560 bytes
[2025.04.08-21.17.46:202][  0]LogD3D11RHI:     DedicatedSystemMemory : 0 bytes
[2025.04.08-21.17.46:202][  0]LogD3D11RHI:     SharedSystemMemory : 8506664960 bytes
[2025.04.08-21.17.46:202][  0]LogD3D11RHI:     AdapterLuid : 0 80752
[2025.04.08-21.17.46:209][  0]LogD3D11RHI: Creating new Direct3DDevice
[2025.04.08-21.17.46:209][  0]LogD3D11RHI:     GPU DeviceId: 0x1f91 (for the marketing name, search the web for "GPU Device Id")
[2025.04.08-21.17.46:209][  0]LogWindows: EnumDisplayDevices:
[2025.04.08-21.17.46:209][  0]LogWindows:    0. 'Intel(R) UHD Graphics 630' (P:1 D:1)
[2025.04.08-21.17.46:209][  0]LogWindows:    1. 'Intel(R) UHD Graphics 630' (P:0 D:0)
[2025.04.08-21.17.46:209][  0]LogWindows:    2. 'Intel(R) UHD Graphics 630' (P:0 D:0)
[2025.04.08-21.17.46:210][  0]LogWindows:    3. 'NVIDIA GeForce GTX 1650' (P:0 D:0)
[2025.04.08-21.17.46:210][  0]LogWindows:    4. 'NVIDIA GeForce GTX 1650' (P:0 D:0)
[2025.04.08-21.17.46:210][  0]LogWindows:    5. 'NVIDIA GeForce GTX 1650' (P:0 D:0)
[2025.04.08-21.17.46:210][  0]LogWindows:    6. 'NVIDIA GeForce GTX 1650' (P:0 D:0)
[2025.04.08-21.17.46:211][  0]LogWindows: DebugString: PrimaryIsNotTheChoosenAdapter PrimaryIsNotTheChoosenAdapter PrimaryIsNotTheChoosenAdapter FoundDriverCount:4 
[2025.04.08-21.17.46:211][  0]LogD3D11RHI:     Adapter Name: NVIDIA GeForce GTX 1650
[2025.04.08-21.17.46:211][  0]LogD3D11RHI:   Driver Version: 561.19 (internal:32.0.15.6119, unified:561.19)
[2025.04.08-21.17.46:211][  0]LogD3D11RHI:      Driver Date: 11-11-2024
[2025.04.08-21.17.46:211][  0]LogRHI: Texture pool is 2754 MB (70% of 3935 MB)
[2025.04.08-21.17.46:211][  0]LogD3D11RHI: Creating D3DDevice using adapter:
[2025.04.08-21.17.46:211][  0]LogD3D11RHI:     Description : NVIDIA GeForce GTX 1650
[2025.04.08-21.17.46:211][  0]LogD3D11RHI:     VendorId    : 10de
[2025.04.08-21.17.46:211][  0]LogD3D11RHI:     DeviceId    : 1f91
[2025.04.08-21.17.46:211][  0]LogD3D11RHI:     SubSysId    : 85fc103c
[2025.04.08-21.17.46:211][  0]LogD3D11RHI:     Revision    : 00a1
[2025.04.08-21.17.46:211][  0]LogD3D11RHI:     DedicatedVideoMemory : 4126146560 bytes
[2025.04.08-21.17.46:211][  0]LogD3D11RHI:     DedicatedSystemMemory : 0 bytes
[2025.04.08-21.17.46:211][  0]LogD3D11RHI:     SharedSystemMemory : 8506664960 bytes
[2025.04.08-21.17.46:211][  0]LogD3D11RHI:     AdapterLuid : 0 80752
[2025.04.08-21.17.46:284][  0]LogD3D11RHI: RHI has support for 64 bit atomics
[2025.04.08-21.17.46:285][  0]LogD3D11RHI: Async texture creation enabled
[2025.04.08-21.17.46:285][  0]LogD3D11RHI: Array index from any shader is supported
[2025.04.08-21.17.46:323][  0]LogD3D11RHI: GPU Timing Frequency: 1000.000000 (Debug: 2 1)
[2025.04.08-21.17.46:379][  0]LogRHI: GeForceNow SDK initialized: 1
[2025.04.08-21.17.46:713][  0]LogTargetPlatformManager: Display: Loaded TargetPlatform 'AllDesktop'
[2025.04.08-21.17.46:735][  0]LogTargetPlatformManager: Display: Loaded TargetPlatform 'Android'
[2025.04.08-21.17.46:735][  0]LogTargetPlatformManager: Display: Loaded TargetPlatform 'Android_ASTC'
[2025.04.08-21.17.46:735][  0]LogTargetPlatformManager: Display: Loaded TargetPlatform 'Android_DXT'
[2025.04.08-21.17.46:735][  0]LogTargetPlatformManager: Display: Loaded TargetPlatform 'Android_ETC2'
[2025.04.08-21.17.46:735][  0]LogTargetPlatformManager: Display: Loaded TargetPlatform 'AndroidClient'
[2025.04.08-21.17.46:735][  0]LogTargetPlatformManager: Display: Loaded TargetPlatform 'Android_ASTCClient'
[2025.04.08-21.17.46:735][  0]LogTargetPlatformManager: Display: Loaded TargetPlatform 'Android_DXTClient'
[2025.04.08-21.17.46:735][  0]LogTargetPlatformManager: Display: Loaded TargetPlatform 'Android_ETC2Client'
[2025.04.08-21.17.46:735][  0]LogTargetPlatformManager: Display: Loaded TargetPlatform 'Android_Multi'
[2025.04.08-21.17.46:735][  0]LogTargetPlatformManager: Display: Loaded TargetPlatform 'Android_MultiClient'
[2025.04.08-21.17.46:757][  0]LogTargetPlatformManager: Display: Loaded TargetPlatform 'IOSClient'
[2025.04.08-21.17.46:757][  0]LogTargetPlatformManager: Display: Loaded TargetPlatform 'IOS'
[2025.04.08-21.17.46:771][  0]LogTargetPlatformManager: Display: Loaded TargetPlatform 'Linux'
[2025.04.08-21.17.46:777][  0]LogTargetPlatformManager: Display: Loaded TargetPlatform 'LinuxNoEditor'
[2025.04.08-21.17.46:782][  0]LogTargetPlatformManager: Display: Loaded TargetPlatform 'LinuxClient'
[2025.04.08-21.17.46:788][  0]LogTargetPlatformManager: Display: Loaded TargetPlatform 'LinuxServer'
[2025.04.08-21.17.46:800][  0]LogTargetPlatformManager: Display: Loaded TargetPlatform 'LinuxAArch64NoEditor'
[2025.04.08-21.17.46:805][  0]LogTargetPlatformManager: Display: Loaded TargetPlatform 'LinuxAArch64Client'
[2025.04.08-21.17.46:811][  0]LogTargetPlatformManager: Display: Loaded TargetPlatform 'LinuxAArch64Server'
[2025.04.08-21.17.46:838][  0]LogTargetPlatformManager: Display: Loaded TargetPlatform 'Lumin'
[2025.04.08-21.17.46:838][  0]LogTargetPlatformManager: Display: Loaded TargetPlatform 'LuminClient'
[2025.04.08-21.17.46:855][  0]LogTargetPlatformManager: Display: Loaded TargetPlatform 'MacNoEditor'
[2025.04.08-21.17.46:860][  0]LogTargetPlatformManager: Display: Loaded TargetPlatform 'Mac'
[2025.04.08-21.17.46:866][  0]LogTargetPlatformManager: Display: Loaded TargetPlatform 'MacClient'
[2025.04.08-21.17.46:871][  0]LogTargetPlatformManager: Display: Loaded TargetPlatform 'MacServer'
[2025.04.08-21.17.46:883][  0]LogTargetPlatformManager: Display: Loaded TargetPlatform 'TVOSClient'
[2025.04.08-21.17.46:883][  0]LogTargetPlatformManager: Display: Loaded TargetPlatform 'TVOS'
[2025.04.08-21.17.46:893][  0]LogTargetPlatformManager: Display: Loaded TargetPlatform 'WindowsNoEditor'
[2025.04.08-21.17.46:898][  0]LogTargetPlatformManager: Display: Loaded TargetPlatform 'Windows'
[2025.04.08-21.17.46:904][  0]LogTargetPlatformManager: Display: Loaded TargetPlatform 'WindowsClient'
[2025.04.08-21.17.46:909][  0]LogTargetPlatformManager: Display: Loaded TargetPlatform 'WindowsServer'
[2025.04.08-21.17.46:911][  0]LogTargetPlatformManager: Display: Building Assets For Windows
[2025.04.08-21.17.46:981][  0]LogAudioDebug: Display: Lib vorbis DLL was dynamically loaded.
[2025.04.08-21.17.47:073][  0]LogTextureFormatOodle: Display: Oodle Texture 2.9.0 init RDO Off
[2025.04.08-21.17.47:165][  0]LogRendererCore: Ray tracing is disabled. Reason: r.RayTracing=0.
[2025.04.08-21.17.47:165][  0]LogShaderCompilers: Guid format shader working directory is -18 characters bigger than the processId version (../../../../../../Unreal Projects/Top-Down-Puzzle/TopDownPuzzle/Intermediate/Shaders/WorkingDirectory/24852/).
[2025.04.08-21.17.47:165][  0]LogShaderCompilers: Cleaned the shader compiler working directory 'C:/Users/patel/AppData/Local/Temp/UnrealShaderWorkingDir/091671A04C1C996CDE62FBB7D98582AF/'.
[2025.04.08-21.17.47:165][  0]LogXGEController: Cannot use XGE Controller as Incredibuild is not installed on this machine.
[2025.04.08-21.17.47:165][  0]LogShaderCompilers: Cannot use XGE Shader Compiler as Incredibuild is not installed on this machine.
[2025.04.08-21.17.47:165][  0]LogShaderCompilers: Display: Using Local Shader Compiler.
[2025.04.08-21.17.50:264][  0]LogDerivedDataCache: Display: Max Cache Size: 512 MB
[2025.04.08-21.17.50:325][  0]LogDerivedDataCache: Loaded boot cache 0.06s 103MB C:/Users/patel/AppData/Local/UnrealEngine/4.27/DerivedDataCache/Boot.ddc.
[2025.04.08-21.17.50:325][  0]LogDerivedDataCache: Display: Loaded Boot cache: C:/Users/patel/AppData/Local/UnrealEngine/4.27/DerivedDataCache/Boot.ddc
[2025.04.08-21.17.50:325][  0]LogDerivedDataCache: FDerivedDataBackendGraph:  Pak pak cache file ../../../../../../Unreal Projects/Top-Down-Puzzle/TopDownPuzzle/DerivedDataCache/DDC.ddp not found, will not use a pak cache.
[2025.04.08-21.17.50:325][  0]LogDerivedDataCache: Unable to find inner node Pak for hierarchical cache Hierarchy.
[2025.04.08-21.17.50:325][  0]LogDerivedDataCache: FDerivedDataBackendGraph:  CompressedPak pak cache file ../../../../../../Unreal Projects/Top-Down-Puzzle/TopDownPuzzle/DerivedDataCache/Compressed.ddp not found, will not use a pak cache.
[2025.04.08-21.17.50:325][  0]LogDerivedDataCache: Unable to find inner node CompressedPak for hierarchical cache Hierarchy.
[2025.04.08-21.17.50:352][  0]LogDerivedDataCache: Display: Pak cache opened for reading ../../../Engine/DerivedDataCache/Compressed.ddp.
[2025.04.08-21.17.50:352][  0]LogDerivedDataCache: FDerivedDataBackendGraph:  EnterprisePak pak cache file ../../../Enterprise/DerivedDataCache/Compressed.ddp not found, will not use a pak cache.
[2025.04.08-21.17.50:352][  0]LogDerivedDataCache: Unable to find inner node EnterprisePak for hierarchical cache Hierarchy.
[2025.04.08-21.17.50:408][  0]LogDerivedDataCache: Speed tests for C:/Users/patel/AppData/Local/UnrealEngine/Common/DerivedDataCache took 0.06 seconds
[2025.04.08-21.17.50:408][  0]LogDerivedDataCache: Display: Performance to C:/Users/patel/AppData/Local/UnrealEngine/Common/DerivedDataCache: Latency=0.04ms. RandomReadSpeed=20.06MBs, RandomWriteSpeed=102.25MBs. Assigned SpeedClass 'Local'
[2025.04.08-21.17.50:414][  0]LogDerivedDataCache: Using Local data cache path C:/Users/patel/AppData/Local/UnrealEngine/Common/DerivedDataCache: Writable
[2025.04.08-21.17.50:414][  0]LogDerivedDataCache: Shared data cache path not found in *engine.ini, will not use an Shared cache.
[2025.04.08-21.17.50:414][  0]LogDerivedDataCache: Unable to find inner node Shared for hierarchical cache Hierarchy.
[2025.04.08-21.17.50:462][  0]LogSlate: Using FreeType 2.10.0
[2025.04.08-21.17.50:474][  0]LogSlate: SlateFontServices - WITH_FREETYPE: 1, WITH_HARFBUZZ: 1
[2025.04.08-21.17.50:501][  0]LogAssetRegistry: FAssetRegistry took 0.0025 seconds to start up
[2025.04.08-21.17.50:745][  0]LogInit: Selected Device Profile: [Windows]
[2025.04.08-21.17.50:745][  0]LogInit: Active device profile: [00000259DA4A1400][00000259D8D0F880 49] Windows
[2025.04.08-21.17.50:746][  0]LogInit: Profiles: [00000259DA4A1400][00000259D8D0F880 49] Windows, [00000259DA34BF00][00000259D8D17A00 49] WindowsNoEditor, [00000259DA363E00][00000259D8D1BB80 49] WindowsServer, [00000259DA349500][00000259D8D1E180 49] WindowsClient, [00000259DA361800][00000259D8D22300 49] IOS, [00000259DA349000][00000259D8D26480 49] iPadAir, [00000259DA360C00][00000259D8D2A600 49] iPadAir2, [00000259DA310100][00000259D8D328C0 49] IPadPro, [00000259DA310200][00000259D8D2E900 49] iPadAir3, [00000259DA349600][00000259D8D36A80 49] iPadAir4, [00000259DA312C00][00000259D8D12BC0 49] iPadMini2, [00000259DA349300][00000259D8D3AD00 49] iPadMini3, [00000259DA360100][00000259D8D3EE40 49] iPadMini4, [00000259DA349700][00000259D8D42F80 49] iPadMini5, [00000259DA303900][00000259D8D4F240 49] iPhone6, [00000259DA303A00][00000259D8D4B280 49] iPodTouch6, [00000259DA361200][00000259D8D57540 49] iPhone7, [00000259DA361100][00000259D8D53580 49] iPodTouch7, [00000259DA300400][00000259D8D5B700 49] iPhone5S, [00000259DA313D00][00000259D8D5F880 49] iPhone6Plus, [00000259DA301F00][00000259D8D63A00 49] iPhone6S, [00000259DA361600][00000259D8D67B80 49] iPhone6SPlus, [00000259DA301300][00000259D8D6A180 49] iPhone7Plus, [00000259DA360200][00000259D8D6E300 49] iPhoneSE, [00000259DA300D00][00000259D8D72480 49] iPhone8, [00000259DA360A00][00000259D8D76600 49] iPhone8Plus, [00000259DA303C00][00000259DAE50780 49] iPhoneX, [00000259DA363500][00000259DAE54900 49] iPhoneXS, [00000259DA302800][00000259DAE58A80 49] iPhoneXSMax, [00000259DA362700][00000259DAE5CC00 49] iPhoneXR, [00000259DA302A00][00000259D8D46D40 49] iPhone11, [00000259DA362E00][00000259DAE60E80 49] iPhone11Pro, [00000259DA303300][00000259DAE64FC0 49] iPhone11ProMax, [00000259DA362100][00000259DAE69100 49] iPhoneSE2, [00000259DA302F00][00000259DAE71280 49] iPhone12Mini, [00000259DA362B00][00000259DAE75400 49] iPhone12, [00000259DA303F00][00000259DAE79580 49] iPhone12Pro, [00000259DA362C00][00000259DAE7D700 49] iPhone12ProMax, [00000259DA301E00][00000259DAE81880 49] iPadPro105, [00000259DA363000][00000259DAE85A00 49] iPadPro129, [00000259DA302400][00000259DAE89B80 49] iPadPro97, [00000259DA360D00][00000259DAE8C180 49] iPadPro2_129, [00000259DA300F00][00000259DAE90300 49] iPad5, [00000259DA360800][00000259DAE94480 49] iPad6, [00000259DA300300][00000259DAE98600 49] iPad7, [00000259DA362500][00000259DAE9C780 49] iPad8, [00000259DA300800][00000259DAEA0900 49] iPadPro11, [00000259DA361000][00000259DAEA4A80 49] iPadPro2_11, [00000259DA300700][00000259DAEA8C00 49] iPadPro3_129, [00000259DA361700][00000259DAEACD80 49] iPadPro4_129, [00000259DA303000][00000259DAEB0F00 49] AppleTV, [00000259DA363300][00000259DAE6D040 49] AppleTV4K, [00000259DA301200][00000259DAEB5180 49] TVOS, [00000259DA361A00][00000259DAEB92C0 49] Mac, [00000259DA301000][00000259DAEC1440 49] MacClient, [00000259DA363A00][00000259DAEC55C0 49] MacNoEditor, [00000259DA301100][00000259DAEC9740 49] MacServer, [00000259DA360400][00000259D48418C0 49] Linux, [00000259DA300500][00000259D4845A40 49] LinuxAArch64, [00000259DA362300][00000259D4849BC0 49] LinuxNoEditor, [00000259DA300C00][00000259D484C1C0 49] LinuxAArch64NoEditor, [00000259DA362D00][00000259D4850340 49] LinuxClient, [00000259DA303100][00000259D48544C0 49] LinuxAArch64Client, [00000259DA363C00][00000259D4858640 49] LinuxServer, [00000259DA303600][00000259D485C7C0 49] LinuxAArch64Server, [00000259DA363800][00000259D4860940 49] Android, [00000259DA4A3000][00000259D4864AC0 49] Android_Low, [00000259DA312700][00000259D4868C40 49] Android_Mid, [00000259DA4A2D00][00000259D486CDC0 49] Android_High, [00000259DA310A00][00000259D4870F40 49] Android_Default, [00000259DA4A0200][00000259D48750C0 49] Android_Adreno4xx, [00000259DA311200][00000259DAEBD200 49] Android_Adreno5xx_Low, [00000259DA4A1000][00000259D4879340 49] Android_Adreno5xx, [00000259DA310300][00000259D487D480 49] Android_Adreno6xx, [00000259DA4A3700][00000259D48815C0 49] Android_Adreno6xx_Vulkan, [00000259DA312300][00000259D4889740 49] Android_Mali_T6xx, [00000259DA4A3400][00000259D488D8C0 49] Android_Mali_T7xx, [00000259DA312E00][00000259D4891A40 49] Android_Mali_T8xx, [00000259DA4A3500][00000259D4895BC0 49] Android_Mali_G71, [00000259DA310500][00000259D48981C0 49] Android_Mali_G72, [00000259DA4A0500][00000259D489C340 49] Android_Mali_G72_Vulkan, [00000259DA311500][00000259D48A04C0 49] Android_Mali_G76, [00000259DA4A3300][00000259D48A4640 49] Android_Mali_G76_Vulkan, [00000259DA313B00][00000259D48A87C0 49] Android_Mali_G77, [00000259DA4A1900][00000259D48AC940 49] Android_Mali_G77_Vulkan, [00000259DA312D00][00000259D48B0AC0 49] Android_Mali_G78, [00000259DA4A2300][00000259D48B4C40 49] Android_Mali_G78_Vulkan, [00000259DA313000][00000259D48B8DC0 49] Android_Mali_G710, [00000259DA4A2F00][00000259D48BCF40 49] Android_Mali_G710_Vulkan, [00000259DA310F00][00000259D48C10C0 49] Android_Vulkan_SM5, [00000259DA4A0900][00000259D48C5240 49] Android_PowerVR_G6xxx, [00000259DA361300][00000259D4885380 49] Android_PowerVR_GT7xxx, [00000259DA4A0C00][00000259D48C94C0 49] Android_PowerVR_GE8xxx, [00000259DA360B00][00000259D48D7600 49] Android_PowerVR_GM9xxx, [00000259DA4A0700][00000259D48DB740 49] Android_PowerVR_GM9xxx_Vulkan, [00000259DA360E00][00000259D48E38C0 49] Android_TegraK1, [00000259DA4A2C00][00000259D48E7A40 49] Android_Unknown_Vulkan, [00000259DA362600][00000259D48EBBC0 49] Lumin, [00000259DA4A2A00][00000259D48EE1C0 49] Lumin_Desktop, [00000259DA362900][00000259D48F2340 49] HoloLens, 
[2025.04.08-21.17.50:967][  0]LogMeshReduction: Using QuadricMeshReduction for automatic static mesh reduction
[2025.04.08-21.17.50:967][  0]LogMeshReduction: Using SimplygonMeshReduction for automatic skeletal mesh reduction
[2025.04.08-21.17.50:967][  0]LogMeshReduction: Using ProxyLODMeshReduction for automatic mesh merging
[2025.04.08-21.17.50:967][  0]LogMeshReduction: No distributed automatic mesh merging module available
[2025.04.08-21.17.50:967][  0]LogMeshMerging: No distributed automatic mesh merging module available
[2025.04.08-21.17.51:013][  0]LogNetVersion: TopDownPuzzle 1.0.0, NetCL: 17155196, EngineNetVer: 17, GameNetVer: 0 (Checksum: 565499533)
[2025.04.08-21.17.52:060][  0]LogTexture: Default maximum texture size for cubemaps generated from long-lat sources has been changed from 512 to unlimited. In order to preserve old behaiour for '/Engine/MapTemplates/Sky/DaylightAmbientCubemap.DaylightAmbientCubemap', its maximum texture size has been explicitly set to 512.
[2025.04.08-21.17.52:179][  0]LogHMD: PokeAHoleMaterial loaded successfully
[2025.04.08-21.17.52:185][  0]LogUObjectArray: 17178 objects as part of root set at end of initial load.
[2025.04.08-21.17.52:185][  0]LogUObjectAllocator: 4302048 out of 0 bytes used by permanent object pool.
[2025.04.08-21.17.52:185][  0]LogUObjectArray: CloseDisregardForGC: 0/0 objects in disregard for GC pool
[2025.04.08-21.17.52:789][  0]LogNiagaraDebuggerClient: Niagara Debugger Client Initialized | Session: C1DF4A3B4174407CED246EAA14712AED | Instance: D7550595409084DFCE511F87D7160EA7 (LAPTOP-EJ2DB2HV-24852).
[2025.04.08-21.17.52:965][  0]LogPython: Using Python 3.7.7
[2025.04.08-21.17.53:641][  0]LogTcpMessaging: Initializing TcpMessaging bridge
[2025.04.08-21.17.53:647][  0]LogUdpMessaging: Initializing bridge on interface 0.0.0.0:0 to multicast group 230.0.0.1:6666.
[2025.04.08-21.17.54:332][  0]SourceControl: Source control is disabled
[2025.04.08-21.17.54:332][  0]SourceControl: Source control is disabled
[2025.04.08-21.17.54:336][  0]SourceControl: Source control is disabled
[2025.04.08-21.17.54:340][  0]SourceControl: Source control is disabled
[2025.04.08-21.17.54:354][  0]SourceControl: Source control is disabled
[2025.04.08-21.17.54:363][  0]LogUProjectInfo: Found projects:
[2025.04.08-21.17.54:752][  0]LogOpenImageDenoise: OIDN starting up
[2025.04.08-21.17.54:795][  0]LogAndroidPermission: UAndroidPermissionCallbackProxy::GetInstance
[2025.04.08-21.17.54:822][  0]LogAudioCaptureCore: Display: No Audio Capture implementations found. Audio input will be silent.
[2025.04.08-21.17.54:822][  0]LogAudioCaptureCore: Display: No Audio Capture implementations found. Audio input will be silent.
[2025.04.08-21.17.55:192][  0]LogCollectionManager: Loaded 0 collections in 0.001509 seconds
[2025.04.08-21.17.55:240][  0]LogFileCache: Scanning file cache for directory 'C:/Unreal Projects/Top-Down-Puzzle/TopDownPuzzle/Saved/Collections/' took 0.00s
[2025.04.08-21.17.55:240][  0]LogFileCache: Scanning file cache for directory 'C:/Unreal Projects/Top-Down-Puzzle/TopDownPuzzle/Content/Developers/patel/Collections/' took 0.00s
[2025.04.08-21.17.55:240][  0]LogFileCache: Scanning file cache for directory 'C:/Unreal Projects/Top-Down-Puzzle/TopDownPuzzle/Content/Collections/' took 0.00s
[2025.04.08-21.17.55:240][  0]LogOcInput: OculusInput pre-init called
[2025.04.08-21.17.55:608][  0]LogEngine: Initializing Engine...
[2025.04.08-21.17.55:680][  0]LogHMD: Failed to enumerate extensions. Please check that you have a valid OpenXR runtime installed.
[2025.04.08-21.17.55:680][  0]LogHMD: Failed to initialize OpenVR with code 110
[2025.04.08-21.17.55:680][  0]LogMagicLeap: Warning: VR disabled because ZI is not enabled.  To enable, in the editor, Edit -> Project Settings -> Plugins -> Magic Leap Plugin -> Enable Zero Iteration
[2025.04.08-21.17.55:681][  0]LogStats: UGameplayTagsManager::InitializeManager -  0.000 s
[2025.04.08-21.17.56:012][  0]LogInit: Initializing FReadOnlyCVARCache
[2025.04.08-21.17.56:021][  0]LogAIModule: Creating AISystem for world Untitled
[2025.04.08-21.17.56:021][  0]LogAudio: Display: Initializing Audio Device Manager...
[2025.04.08-21.17.56:026][  0]LogAudio: Display: Loading Default Audio Settings Objects...
[2025.04.08-21.17.56:027][  0]LogAudio: Display: No default SoundConcurrencyObject specified (or failed to load).
[2025.04.08-21.17.56:028][  0]LogAudio: Display: Audio Device Manager Initialized
[2025.04.08-21.17.56:028][  0]LogAudio: Display: Creating Audio Device:                 Id: 1, Scope: Shared, Realtime: True
[2025.04.08-21.17.56:028][  0]LogAudioMixer: Display: Audio Mixer Platform Settings:
[2025.04.08-21.17.56:028][  0]LogAudioMixer: Display: 	Sample Rate:						  48000
[2025.04.08-21.17.56:028][  0]LogAudioMixer: Display: 	Callback Buffer Frame Size Requested: 1024
[2025.04.08-21.17.56:028][  0]LogAudioMixer: Display: 	Callback Buffer Frame Size To Use:	  1024
[2025.04.08-21.17.56:028][  0]LogAudioMixer: Display: 	Number of buffers to queue:			  2
[2025.04.08-21.17.56:028][  0]LogAudioMixer: Display: 	Max Channels (voices):				  32
[2025.04.08-21.17.56:028][  0]LogAudioMixer: Display: 	Number of Async Source Workers:		  0
[2025.04.08-21.17.56:028][  0]LogAudio: Display: AudioDevice MaxSources: 32
[2025.04.08-21.17.56:028][  0]LogAudio: Display: Audio Spatialization Plugin: None (built-in).
[2025.04.08-21.17.56:028][  0]LogAudio: Display: Audio Reverb Plugin: None (built-in).
[2025.04.08-21.17.56:028][  0]LogAudio: Display: Audio Occlusion Plugin: None (built-in).
[2025.04.08-21.17.56:028][  0]LogAudioMixer: Display: Initializing audio mixer.
[2025.04.08-21.17.56:048][  0]LogAudioMixer: Display: 0: FrontLeft
[2025.04.08-21.17.56:048][  0]LogAudioMixer: Display: 1: FrontRight
[2025.04.08-21.17.57:233][  0]LogAudioMixer: Display: Using Audio Device Headphone (Realtek(R) Audio)
[2025.04.08-21.17.57:234][  0]LogAudioMixer: Display: Initializing Sound Submixes...
[2025.04.08-21.17.57:257][  0]LogAudioMixer: Display: Creating Master Submix 'MasterSubmixDefault'
[2025.04.08-21.17.57:257][  0]LogAudioMixer: Display: Creating Master Submix 'MasterReverbSubmixDefault'
[2025.04.08-21.17.57:258][  0]LogAudioMixer: Display: Creating Master Submix 'MasterEQSubmixDefault'
[2025.04.08-21.17.57:258][  0]LogAudioMixer: FMixerPlatformXAudio2::StartAudioStream() called
[2025.04.08-21.17.57:258][  0]LogAudioMixer: Display: Output buffers initialized: Frames=1024, Channels=2, Samples=2048
[2025.04.08-21.17.57:259][  0]LogAudioMixer: Display: Starting AudioMixerPlatformInterface::RunInternal()
[2025.04.08-21.17.57:259][  0]LogAudioMixer: Display: FMixerPlatformXAudio2::SubmitBuffer() called for the first time
[2025.04.08-21.17.57:259][  0]LogInit: FAudioDevice initialized.
[2025.04.08-21.17.57:259][  0]LogAudio: Display: Audio Device (ID: 1) registered with world 'Untitled'.
[2025.04.08-21.17.57:259][  0]LogNetVersion: Set ProjectVersion to 1.0.0.0. Version Checksum will be recalculated on next use.
[2025.04.08-21.17.57:326][  0]LogDerivedDataCache: Saved boot cache 0.07s 103MB C:/Users/patel/AppData/Local/UnrealEngine/4.27/DerivedDataCache/Boot.ddc.
[2025.04.08-21.17.57:327][  0]LogInit: Texture streaming: Enabled
[2025.04.08-21.17.57:343][  0]LogAnalytics: Display: [UEEditor.Rocket.Release] APIServer = https://datarouter.ol.epicgames.com/. AppVersion = 4.27.2-18319896+++UE4+Release-4.27
[2025.04.08-21.17.57:349][  0]LogEngineSessionManager: EngineSessionManager initialized
[2025.04.08-21.17.57:349][  0]LogEditorSessionSummary: Verbose: Initializing EditorSessionSummaryWriter for editor session tracking
[2025.04.08-21.17.57:355][  0]LogEditorSessionSummary: EditorSessionSummaryWriter initialized
[2025.04.08-21.17.57:387][  0]LogInit: Transaction tracking system initialized
[2025.04.08-21.17.57:415][  0]BlueprintLog: New page: Editor Load
[2025.04.08-21.17.57:500][  0]LocalizationService: Localization service is disabled
[2025.04.08-21.17.57:531][  0]TimingProfiler: Initialize
[2025.04.08-21.17.57:531][  0]TimingProfiler: OnSessionChanged
[2025.04.08-21.17.57:531][  0]LoadingProfiler: Initialize
[2025.04.08-21.17.57:531][  0]LoadingProfiler: OnSessionChanged
[2025.04.08-21.17.57:531][  0]NetworkingProfiler: Initialize
[2025.04.08-21.17.57:532][  0]NetworkingProfiler: OnSessionChanged
[2025.04.08-21.17.57:532][  0]MemoryProfiler: Initialize
[2025.04.08-21.17.57:532][  0]MemoryProfiler: OnSessionChanged
[2025.04.08-21.17.57:963][  0]LogCook: Display: CookSettings for Memory: MemoryMaxUsedVirtual 0MiB, MemoryMaxUsedPhysical 16384MiB, MemoryMinFreeVirtual 0MiB, MemoryMinFreePhysical 1024MiB
[2025.04.08-21.17.57:963][  0]LogCook: Display: Mobile HDR setting 1
[2025.04.08-21.17.58:232][  0]LogFileCache: Scanning file cache for directory 'C:/Unreal Projects/Top-Down-Puzzle/TopDownPuzzle/Content/' took 0.01s
[2025.04.08-21.17.58:428][  0]LogInit: Display: Engine is initialized. Leaving FEngineLoop::Init()
[2025.04.08-21.17.58:433][  0]SourceControl: Source control is disabled
[2025.04.08-21.17.58:433][  0]LogUnrealEdMisc: Loading editor; pre map load, took 17.597
[2025.04.08-21.17.58:433][  0]Cmd: MAP LOAD FILE="../../../../../../Unreal Projects/Top-Down-Puzzle/TopDownPuzzle/Content/TopDownCPP/Maps/TopDownExampleMap.umap" TEMPLATE=0 SHOWPROGRESS=1 FEATURELEVEL=3
[2025.04.08-21.17.58:433][  0]LogEditorServer: Warning: Can't find file '../../../../../../Unreal Projects/Top-Down-Puzzle/TopDownPuzzle/Content/TopDownCPP/Maps/TopDownExampleMap.umap'
[2025.04.08-21.17.58:433][  0]Cmd: MAP CHECKDEP NOCLEARLOG
[2025.04.08-21.17.58:433][  0]MapCheck: Map check complete: 0 Error(s), 0 Warning(s), took 0.181ms to complete.
[2025.04.08-21.17.58:433][  0]LogFileHelpers: Loading map 'TopDownExampleMap' took 0.001
[2025.04.08-21.17.58:437][  0]LogUnrealEdMisc: Total Editor Startup Time, took 17.602
[2025.04.08-21.17.58:681][  0]LogSlate: Updating window title bar state: overlay mode, drag disabled, window buttons hidden, title bar hidden
[2025.04.08-21.17.58:688][  0]LogSlate: Updating window title bar state: overlay mode, drag disabled, window buttons hidden, title bar hidden
[2025.04.08-21.17.58:698][  0]LogSlate: Updating window title bar state: overlay mode, drag disabled, window buttons hidden, title bar hidden
[2025.04.08-21.17.58:704][  0]LogSlate: Updating window title bar state: overlay mode, drag disabled, window buttons hidden, title bar hidden
[2025.04.08-21.17.58:740][  0]LogNativeClassHierarchy: Verbose: Native class hierarchy populated in 0.0086 seconds. Added 3827 classes and 930 folders.
[2025.04.08-21.17.58:745][  0]LogNativeClassHierarchy: Verbose: Native class hierarchy updated for 'WidgetCarousel' in 0.0003 seconds. Added 0 classes and 0 folders.
[2025.04.08-21.17.58:760][  0]LogPakFile: PakFile PrimaryIndexSize=187
[2025.04.08-21.17.58:760][  0]LogPakFile: PakFile PathHashIndexSize=101
[2025.04.08-21.17.58:760][  0]LogPakFile: PakFile FullDirectoryIndexSize=148
[2025.04.08-21.17.58:760][  0]LogShaderLibrary: Display: ShaderCodeLibraryPakFileMountedCallback: PakFile 'C:/Program Files/UE/UE_4.27/FeaturePacks/FP_FirstPerson.upack' (chunk index -1, root 'root:/') mounted
[2025.04.08-21.17.58:760][  0]LogShaderLibrary: Display: ShaderCodeLibraryPakFileMountedCallback: pending pak file info (ChunkID:-1 Root:root:/ File:C:/Program Files/UE/UE_4.27/FeaturePacks/FP_FirstPerson.upack)
[2025.04.08-21.17.58:760][  0]LogPakFile: OnPakFileMounted2Time == 0.000248
[2025.04.08-21.17.58:773][  0]LogPakFile: PakFile PrimaryIndexSize=189
[2025.04.08-21.17.58:773][  0]LogPakFile: PakFile PathHashIndexSize=101
[2025.04.08-21.17.58:773][  0]LogPakFile: PakFile FullDirectoryIndexSize=152
[2025.04.08-21.17.58:773][  0]LogShaderLibrary: Display: ShaderCodeLibraryPakFileMountedCallback: PakFile 'C:/Program Files/UE/UE_4.27/FeaturePacks/FP_FirstPersonBP.upack' (chunk index -1, root 'root:/') mounted
[2025.04.08-21.17.58:773][  0]LogShaderLibrary: Display: ShaderCodeLibraryPakFileMountedCallback: pending pak file info (ChunkID:-1 Root:root:/ File:C:/Program Files/UE/UE_4.27/FeaturePacks/FP_FirstPersonBP.upack)
[2025.04.08-21.17.58:773][  0]LogPakFile: OnPakFileMounted2Time == 0.000042
[2025.04.08-21.17.58:783][  0]LogPakFile: PakFile PrimaryIndexSize=191
[2025.04.08-21.17.58:783][  0]LogPakFile: PakFile PathHashIndexSize=101
[2025.04.08-21.17.58:783][  0]LogPakFile: PakFile FullDirectoryIndexSize=160
[2025.04.08-21.17.58:783][  0]LogShaderLibrary: Display: ShaderCodeLibraryPakFileMountedCallback: PakFile 'C:/Program Files/UE/UE_4.27/FeaturePacks/MobileStarterContent.upack' (chunk index -1, root 'root:/') mounted
[2025.04.08-21.17.58:783][  0]LogShaderLibrary: Display: ShaderCodeLibraryPakFileMountedCallback: pending pak file info (ChunkID:-1 Root:root:/ File:C:/Program Files/UE/UE_4.27/FeaturePacks/MobileStarterContent.upack)
[2025.04.08-21.17.58:783][  0]LogPakFile: OnPakFileMounted2Time == 0.000042
[2025.04.08-21.17.58:791][  0]LogPakFile: PakFile PrimaryIndexSize=185
[2025.04.08-21.17.58:791][  0]LogPakFile: PakFile PathHashIndexSize=101
[2025.04.08-21.17.58:791][  0]LogPakFile: PakFile FullDirectoryIndexSize=148
[2025.04.08-21.17.58:791][  0]LogShaderLibrary: Display: ShaderCodeLibraryPakFileMountedCallback: PakFile 'C:/Program Files/UE/UE_4.27/FeaturePacks/StarterContent.upack' (chunk index -1, root 'root:/') mounted
[2025.04.08-21.17.58:791][  0]LogShaderLibrary: Display: ShaderCodeLibraryPakFileMountedCallback: pending pak file info (ChunkID:-1 Root:root:/ File:C:/Program Files/UE/UE_4.27/FeaturePacks/StarterContent.upack)
[2025.04.08-21.17.58:791][  0]LogPakFile: OnPakFileMounted2Time == 0.000048
[2025.04.08-21.17.58:800][  0]LogPakFile: PakFile PrimaryIndexSize=190
[2025.04.08-21.17.58:800][  0]LogPakFile: PakFile PathHashIndexSize=101
[2025.04.08-21.17.58:800][  0]LogPakFile: PakFile FullDirectoryIndexSize=154
[2025.04.08-21.17.58:800][  0]LogShaderLibrary: Display: ShaderCodeLibraryPakFileMountedCallback: PakFile 'C:/Program Files/UE/UE_4.27/FeaturePacks/TP_2DSideScroller.upack' (chunk index -1, root 'root:/') mounted
[2025.04.08-21.17.58:800][  0]LogShaderLibrary: Display: ShaderCodeLibraryPakFileMountedCallback: pending pak file info (ChunkID:-1 Root:root:/ File:C:/Program Files/UE/UE_4.27/FeaturePacks/TP_2DSideScroller.upack)
[2025.04.08-21.17.58:800][  0]LogPakFile: OnPakFileMounted2Time == 0.000041
[2025.04.08-21.17.58:809][  0]LogPakFile: PakFile PrimaryIndexSize=192
[2025.04.08-21.17.58:809][  0]LogPakFile: PakFile PathHashIndexSize=101
[2025.04.08-21.17.58:809][  0]LogPakFile: PakFile FullDirectoryIndexSize=158
[2025.04.08-21.17.58:809][  0]LogShaderLibrary: Display: ShaderCodeLibraryPakFileMountedCallback: PakFile 'C:/Program Files/UE/UE_4.27/FeaturePacks/TP_2DSideScrollerBP.upack' (chunk index -1, root 'root:/') mounted
[2025.04.08-21.17.58:809][  0]LogShaderLibrary: Display: ShaderCodeLibraryPakFileMountedCallback: pending pak file info (ChunkID:-1 Root:root:/ File:C:/Program Files/UE/UE_4.27/FeaturePacks/TP_2DSideScrollerBP.upack)
[2025.04.08-21.17.58:809][  0]LogPakFile: OnPakFileMounted2Time == 0.000039
[2025.04.08-21.17.58:818][  0]LogPakFile: PakFile PrimaryIndexSize=182
[2025.04.08-21.17.58:818][  0]LogPakFile: PakFile PathHashIndexSize=101
[2025.04.08-21.17.58:818][  0]LogPakFile: PakFile FullDirectoryIndexSize=138
[2025.04.08-21.17.58:818][  0]LogShaderLibrary: Display: ShaderCodeLibraryPakFileMountedCallback: PakFile 'C:/Program Files/UE/UE_4.27/FeaturePacks/TP_Flying.upack' (chunk index -1, root 'root:/') mounted
[2025.04.08-21.17.58:818][  0]LogShaderLibrary: Display: ShaderCodeLibraryPakFileMountedCallback: pending pak file info (ChunkID:-1 Root:root:/ File:C:/Program Files/UE/UE_4.27/FeaturePacks/TP_Flying.upack)
[2025.04.08-21.17.58:818][  0]LogPakFile: OnPakFileMounted2Time == 0.000049
[2025.04.08-21.17.58:830][  0]LogPakFile: PakFile PrimaryIndexSize=184
[2025.04.08-21.17.58:830][  0]LogPakFile: PakFile PathHashIndexSize=101
[2025.04.08-21.17.58:830][  0]LogPakFile: PakFile FullDirectoryIndexSize=142
[2025.04.08-21.17.58:830][  0]LogShaderLibrary: Display: ShaderCodeLibraryPakFileMountedCallback: PakFile 'C:/Program Files/UE/UE_4.27/FeaturePacks/TP_FlyingBP.upack' (chunk index -1, root 'root:/') mounted
[2025.04.08-21.17.58:830][  0]LogShaderLibrary: Display: ShaderCodeLibraryPakFileMountedCallback: pending pak file info (ChunkID:-1 Root:root:/ File:C:/Program Files/UE/UE_4.27/FeaturePacks/TP_FlyingBP.upack)
[2025.04.08-21.17.58:830][  0]LogPakFile: OnPakFileMounted2Time == 0.000040
[2025.04.08-21.17.58:841][  0]LogPakFile: PakFile PrimaryIndexSize=188
[2025.04.08-21.17.58:841][  0]LogPakFile: PakFile PathHashIndexSize=101
[2025.04.08-21.17.58:841][  0]LogPakFile: PakFile FullDirectoryIndexSize=150
[2025.04.08-21.17.58:841][  0]LogShaderLibrary: Display: ShaderCodeLibraryPakFileMountedCallback: PakFile 'C:/Program Files/UE/UE_4.27/FeaturePacks/TP_HandheldARBP.upack' (chunk index -1, root 'root:/') mounted
[2025.04.08-21.17.58:841][  0]LogShaderLibrary: Display: ShaderCodeLibraryPakFileMountedCallback: pending pak file info (ChunkID:-1 Root:root:/ File:C:/Program Files/UE/UE_4.27/FeaturePacks/TP_HandheldARBP.upack)
[2025.04.08-21.17.58:841][  0]LogPakFile: OnPakFileMounted2Time == 0.000040
[2025.04.08-21.17.58:853][  0]LogPakFile: PakFile PrimaryIndexSize=182
[2025.04.08-21.17.58:853][  0]LogPakFile: PakFile PathHashIndexSize=101
[2025.04.08-21.17.58:853][  0]LogPakFile: PakFile FullDirectoryIndexSize=138
[2025.04.08-21.17.58:853][  0]LogShaderLibrary: Display: ShaderCodeLibraryPakFileMountedCallback: PakFile 'C:/Program Files/UE/UE_4.27/FeaturePacks/TP_Puzzle.upack' (chunk index -1, root 'root:/') mounted
[2025.04.08-21.17.58:853][  0]LogShaderLibrary: Display: ShaderCodeLibraryPakFileMountedCallback: pending pak file info (ChunkID:-1 Root:root:/ File:C:/Program Files/UE/UE_4.27/FeaturePacks/TP_Puzzle.upack)
[2025.04.08-21.17.58:853][  0]LogPakFile: OnPakFileMounted2Time == 0.000040
[2025.04.08-21.17.58:862][  0]LogPakFile: PakFile PrimaryIndexSize=184
[2025.04.08-21.17.58:862][  0]LogPakFile: PakFile PathHashIndexSize=101
[2025.04.08-21.17.58:862][  0]LogPakFile: PakFile FullDirectoryIndexSize=142
[2025.04.08-21.17.58:862][  0]LogShaderLibrary: Display: ShaderCodeLibraryPakFileMountedCallback: PakFile 'C:/Program Files/UE/UE_4.27/FeaturePacks/TP_PuzzleBP.upack' (chunk index -1, root 'root:/') mounted
[2025.04.08-21.17.58:862][  0]LogShaderLibrary: Display: ShaderCodeLibraryPakFileMountedCallback: pending pak file info (ChunkID:-1 Root:root:/ File:C:/Program Files/UE/UE_4.27/FeaturePacks/TP_PuzzleBP.upack)
[2025.04.08-21.17.58:862][  0]LogPakFile: OnPakFileMounted2Time == 0.000043
[2025.04.08-21.17.58:873][  0]LogPakFile: PakFile PrimaryIndexSize=183
[2025.04.08-21.17.58:873][  0]LogPakFile: PakFile PathHashIndexSize=101
[2025.04.08-21.17.58:873][  0]LogPakFile: PakFile FullDirectoryIndexSize=140
[2025.04.08-21.17.58:873][  0]LogShaderLibrary: Display: ShaderCodeLibraryPakFileMountedCallback: PakFile 'C:/Program Files/UE/UE_4.27/FeaturePacks/TP_Rolling.upack' (chunk index -1, root 'root:/') mounted
[2025.04.08-21.17.58:873][  0]LogShaderLibrary: Display: ShaderCodeLibraryPakFileMountedCallback: pending pak file info (ChunkID:-1 Root:root:/ File:C:/Program Files/UE/UE_4.27/FeaturePacks/TP_Rolling.upack)
[2025.04.08-21.17.58:873][  0]LogPakFile: OnPakFileMounted2Time == 0.000044
[2025.04.08-21.17.58:883][  0]LogPakFile: PakFile PrimaryIndexSize=185
[2025.04.08-21.17.58:883][  0]LogPakFile: PakFile PathHashIndexSize=101
[2025.04.08-21.17.58:884][  0]LogPakFile: PakFile FullDirectoryIndexSize=144
[2025.04.08-21.17.58:884][  0]LogShaderLibrary: Display: ShaderCodeLibraryPakFileMountedCallback: PakFile 'C:/Program Files/UE/UE_4.27/FeaturePacks/TP_RollingBP.upack' (chunk index -1, root 'root:/') mounted
[2025.04.08-21.17.58:884][  0]LogShaderLibrary: Display: ShaderCodeLibraryPakFileMountedCallback: pending pak file info (ChunkID:-1 Root:root:/ File:C:/Program Files/UE/UE_4.27/FeaturePacks/TP_RollingBP.upack)
[2025.04.08-21.17.58:884][  0]LogPakFile: OnPakFileMounted2Time == 0.000050
[2025.04.08-21.17.58:893][  0]LogPakFile: PakFile PrimaryIndexSize=188
[2025.04.08-21.17.58:893][  0]LogPakFile: PakFile PathHashIndexSize=101
[2025.04.08-21.17.58:893][  0]LogPakFile: PakFile FullDirectoryIndexSize=150
[2025.04.08-21.17.58:893][  0]LogShaderLibrary: Display: ShaderCodeLibraryPakFileMountedCallback: PakFile 'C:/Program Files/UE/UE_4.27/FeaturePacks/TP_SideScroller.upack' (chunk index -1, root 'root:/') mounted
[2025.04.08-21.17.58:893][  0]LogShaderLibrary: Display: ShaderCodeLibraryPakFileMountedCallback: pending pak file info (ChunkID:-1 Root:root:/ File:C:/Program Files/UE/UE_4.27/FeaturePacks/TP_SideScroller.upack)
[2025.04.08-21.17.58:893][  0]LogPakFile: OnPakFileMounted2Time == 0.000040
[2025.04.08-21.17.58:903][  0]LogPakFile: PakFile PrimaryIndexSize=190
[2025.04.08-21.17.58:903][  0]LogPakFile: PakFile PathHashIndexSize=101
[2025.04.08-21.17.58:903][  0]LogPakFile: PakFile FullDirectoryIndexSize=154
[2025.04.08-21.17.58:903][  0]LogShaderLibrary: Display: ShaderCodeLibraryPakFileMountedCallback: PakFile 'C:/Program Files/UE/UE_4.27/FeaturePacks/TP_SideScrollerBP.upack' (chunk index -1, root 'root:/') mounted
[2025.04.08-21.17.58:903][  0]LogShaderLibrary: Display: ShaderCodeLibraryPakFileMountedCallback: pending pak file info (ChunkID:-1 Root:root:/ File:C:/Program Files/UE/UE_4.27/FeaturePacks/TP_SideScrollerBP.upack)
[2025.04.08-21.17.58:903][  0]LogPakFile: OnPakFileMounted2Time == 0.000040
[2025.04.08-21.17.58:912][  0]LogPakFile: PakFile PrimaryIndexSize=187
[2025.04.08-21.17.58:912][  0]LogPakFile: PakFile PathHashIndexSize=101
[2025.04.08-21.17.58:912][  0]LogPakFile: PakFile FullDirectoryIndexSize=148
[2025.04.08-21.17.58:912][  0]LogShaderLibrary: Display: ShaderCodeLibraryPakFileMountedCallback: PakFile 'C:/Program Files/UE/UE_4.27/FeaturePacks/TP_ThirdPerson.upack' (chunk index -1, root 'root:/') mounted
[2025.04.08-21.17.58:912][  0]LogShaderLibrary: Display: ShaderCodeLibraryPakFileMountedCallback: pending pak file info (ChunkID:-1 Root:root:/ File:C:/Program Files/UE/UE_4.27/FeaturePacks/TP_ThirdPerson.upack)
[2025.04.08-21.17.58:912][  0]LogPakFile: OnPakFileMounted2Time == 0.000047
[2025.04.08-21.17.58:921][  0]LogPakFile: PakFile PrimaryIndexSize=189
[2025.04.08-21.17.58:921][  0]LogPakFile: PakFile PathHashIndexSize=101
[2025.04.08-21.17.58:921][  0]LogPakFile: PakFile FullDirectoryIndexSize=152
[2025.04.08-21.17.58:921][  0]LogShaderLibrary: Display: ShaderCodeLibraryPakFileMountedCallback: PakFile 'C:/Program Files/UE/UE_4.27/FeaturePacks/TP_ThirdPersonBP.upack' (chunk index -1, root 'root:/') mounted
[2025.04.08-21.17.58:921][  0]LogShaderLibrary: Display: ShaderCodeLibraryPakFileMountedCallback: pending pak file info (ChunkID:-1 Root:root:/ File:C:/Program Files/UE/UE_4.27/FeaturePacks/TP_ThirdPersonBP.upack)
[2025.04.08-21.17.58:921][  0]LogPakFile: OnPakFileMounted2Time == 0.000039
[2025.04.08-21.17.58:930][  0]LogPakFile: PakFile PrimaryIndexSize=183
[2025.04.08-21.17.58:930][  0]LogPakFile: PakFile PathHashIndexSize=101
[2025.04.08-21.17.58:930][  0]LogPakFile: PakFile FullDirectoryIndexSize=140
[2025.04.08-21.17.58:930][  0]LogShaderLibrary: Display: ShaderCodeLibraryPakFileMountedCallback: PakFile 'C:/Program Files/UE/UE_4.27/FeaturePacks/TP_TopDown.upack' (chunk index -1, root 'root:/') mounted
[2025.04.08-21.17.58:930][  0]LogShaderLibrary: Display: ShaderCodeLibraryPakFileMountedCallback: pending pak file info (ChunkID:-1 Root:root:/ File:C:/Program Files/UE/UE_4.27/FeaturePacks/TP_TopDown.upack)
[2025.04.08-21.17.58:930][  0]LogPakFile: OnPakFileMounted2Time == 0.000047
[2025.04.08-21.17.58:939][  0]LogPakFile: PakFile PrimaryIndexSize=185
[2025.04.08-21.17.58:939][  0]LogPakFile: PakFile PathHashIndexSize=101
[2025.04.08-21.17.58:939][  0]LogPakFile: PakFile FullDirectoryIndexSize=144
[2025.04.08-21.17.58:939][  0]LogShaderLibrary: Display: ShaderCodeLibraryPakFileMountedCallback: PakFile 'C:/Program Files/UE/UE_4.27/FeaturePacks/TP_TopDownBP.upack' (chunk index -1, root 'root:/') mounted
[2025.04.08-21.17.58:939][  0]LogShaderLibrary: Display: ShaderCodeLibraryPakFileMountedCallback: pending pak file info (ChunkID:-1 Root:root:/ File:C:/Program Files/UE/UE_4.27/FeaturePacks/TP_TopDownBP.upack)
[2025.04.08-21.17.58:939][  0]LogPakFile: OnPakFileMounted2Time == 0.000040
[2025.04.08-21.17.58:951][  0]LogPakFile: PakFile PrimaryIndexSize=185
[2025.04.08-21.17.58:951][  0]LogPakFile: PakFile PathHashIndexSize=101
[2025.04.08-21.17.58:951][  0]LogPakFile: PakFile FullDirectoryIndexSize=144
[2025.04.08-21.17.58:951][  0]LogShaderLibrary: Display: ShaderCodeLibraryPakFileMountedCallback: PakFile 'C:/Program Files/UE/UE_4.27/FeaturePacks/TP_TwinStick.upack' (chunk index -1, root 'root:/') mounted
[2025.04.08-21.17.58:951][  0]LogShaderLibrary: Display: ShaderCodeLibraryPakFileMountedCallback: pending pak file info (ChunkID:-1 Root:root:/ File:C:/Program Files/UE/UE_4.27/FeaturePacks/TP_TwinStick.upack)
[2025.04.08-21.17.58:951][  0]LogPakFile: OnPakFileMounted2Time == 0.000049
[2025.04.08-21.17.58:960][  0]LogPakFile: PakFile PrimaryIndexSize=187
[2025.04.08-21.17.58:960][  0]LogPakFile: PakFile PathHashIndexSize=101
[2025.04.08-21.17.58:960][  0]LogPakFile: PakFile FullDirectoryIndexSize=148
[2025.04.08-21.17.58:960][  0]LogShaderLibrary: Display: ShaderCodeLibraryPakFileMountedCallback: PakFile 'C:/Program Files/UE/UE_4.27/FeaturePacks/TP_TwinStickBP.upack' (chunk index -1, root 'root:/') mounted
[2025.04.08-21.17.58:960][  0]LogShaderLibrary: Display: ShaderCodeLibraryPakFileMountedCallback: pending pak file info (ChunkID:-1 Root:root:/ File:C:/Program Files/UE/UE_4.27/FeaturePacks/TP_TwinStickBP.upack)
[2025.04.08-21.17.58:960][  0]LogPakFile: OnPakFileMounted2Time == 0.000040
[2025.04.08-21.17.58:969][  0]LogPakFile: PakFile PrimaryIndexSize=183
[2025.04.08-21.17.58:969][  0]LogPakFile: PakFile PathHashIndexSize=101
[2025.04.08-21.17.58:969][  0]LogPakFile: PakFile FullDirectoryIndexSize=140
[2025.04.08-21.17.58:969][  0]LogShaderLibrary: Display: ShaderCodeLibraryPakFileMountedCallback: PakFile 'C:/Program Files/UE/UE_4.27/FeaturePacks/TP_Vehicle.upack' (chunk index -1, root 'root:/') mounted
[2025.04.08-21.17.58:969][  0]LogShaderLibrary: Display: ShaderCodeLibraryPakFileMountedCallback: pending pak file info (ChunkID:-1 Root:root:/ File:C:/Program Files/UE/UE_4.27/FeaturePacks/TP_Vehicle.upack)
[2025.04.08-21.17.58:969][  0]LogPakFile: OnPakFileMounted2Time == 0.000040
[2025.04.08-21.17.58:978][  0]LogPakFile: PakFile PrimaryIndexSize=186
[2025.04.08-21.17.58:978][  0]LogPakFile: PakFile PathHashIndexSize=101
[2025.04.08-21.17.58:978][  0]LogPakFile: PakFile FullDirectoryIndexSize=146
[2025.04.08-21.17.58:978][  0]LogShaderLibrary: Display: ShaderCodeLibraryPakFileMountedCallback: PakFile 'C:/Program Files/UE/UE_4.27/FeaturePacks/TP_VehicleAdv.upack' (chunk index -1, root 'root:/') mounted
[2025.04.08-21.17.58:978][  0]LogShaderLibrary: Display: ShaderCodeLibraryPakFileMountedCallback: pending pak file info (ChunkID:-1 Root:root:/ File:C:/Program Files/UE/UE_4.27/FeaturePacks/TP_VehicleAdv.upack)
[2025.04.08-21.17.58:978][  0]LogPakFile: OnPakFileMounted2Time == 0.000040
[2025.04.08-21.17.58:987][  0]LogPakFile: PakFile PrimaryIndexSize=188
[2025.04.08-21.17.58:987][  0]LogPakFile: PakFile PathHashIndexSize=101
[2025.04.08-21.17.58:987][  0]LogPakFile: PakFile FullDirectoryIndexSize=150
[2025.04.08-21.17.58:987][  0]LogShaderLibrary: Display: ShaderCodeLibraryPakFileMountedCallback: PakFile 'C:/Program Files/UE/UE_4.27/FeaturePacks/TP_VehicleAdvBP.upack' (chunk index -1, root 'root:/') mounted
[2025.04.08-21.17.58:987][  0]LogShaderLibrary: Display: ShaderCodeLibraryPakFileMountedCallback: pending pak file info (ChunkID:-1 Root:root:/ File:C:/Program Files/UE/UE_4.27/FeaturePacks/TP_VehicleAdvBP.upack)
[2025.04.08-21.17.58:987][  0]LogPakFile: OnPakFileMounted2Time == 0.000045
[2025.04.08-21.17.58:997][  0]LogPakFile: PakFile PrimaryIndexSize=185
[2025.04.08-21.17.58:997][  0]LogPakFile: PakFile PathHashIndexSize=101
[2025.04.08-21.17.58:997][  0]LogPakFile: PakFile FullDirectoryIndexSize=144
[2025.04.08-21.17.58:997][  0]LogShaderLibrary: Display: ShaderCodeLibraryPakFileMountedCallback: PakFile 'C:/Program Files/UE/UE_4.27/FeaturePacks/TP_VehicleBP.upack' (chunk index -1, root 'root:/') mounted
[2025.04.08-21.17.58:997][  0]LogShaderLibrary: Display: ShaderCodeLibraryPakFileMountedCallback: pending pak file info (ChunkID:-1 Root:root:/ File:C:/Program Files/UE/UE_4.27/FeaturePacks/TP_VehicleBP.upack)
[2025.04.08-21.17.58:997][  0]LogPakFile: OnPakFileMounted2Time == 0.000040
[2025.04.08-21.17.59:006][  0]LogPakFile: PakFile PrimaryIndexSize=192
[2025.04.08-21.17.59:006][  0]LogPakFile: PakFile PathHashIndexSize=101
[2025.04.08-21.17.59:006][  0]LogPakFile: PakFile FullDirectoryIndexSize=158
[2025.04.08-21.17.59:006][  0]LogShaderLibrary: Display: ShaderCodeLibraryPakFileMountedCallback: PakFile 'C:/Program Files/UE/UE_4.27/FeaturePacks/TP_VirtualRealityBP.upack' (chunk index -1, root 'root:/') mounted
[2025.04.08-21.17.59:006][  0]LogShaderLibrary: Display: ShaderCodeLibraryPakFileMountedCallback: pending pak file info (ChunkID:-1 Root:root:/ File:C:/Program Files/UE/UE_4.27/FeaturePacks/TP_VirtualRealityBP.upack)
[2025.04.08-21.17.59:006][  0]LogPakFile: OnPakFileMounted2Time == 0.000040
[2025.04.08-21.17.59:338][  0]LogNativeClassHierarchy: Verbose: Native class hierarchy updated for 'AddContentDialog' in 0.0003 seconds. Added 0 classes and 0 folders.
[2025.04.08-21.17.59:347][  0]LogNativeClassHierarchy: Verbose: Native class hierarchy updated for 'SceneOutliner' in 0.0002 seconds. Added 2 classes and 0 folders.
[2025.04.08-21.17.59:543][  0]LogSlate: Took 0.007135 seconds to synchronously load lazily loaded font '../../../Engine/Content/Slate/Fonts/Roboto-Regular.ttf' (155K)
[2025.04.08-21.17.59:551][  0]LogSlate: Took 0.007697 seconds to synchronously load lazily loaded font '../../../Engine/Content/Editor/Slate/Fonts/FontAwesome.ttf' (139K)
[2025.04.08-21.17.59:558][  0]LogSlate: Took 0.006344 seconds to synchronously load lazily loaded font '../../../Engine/Content/Slate/Fonts/Roboto-Bold.ttf' (160K)
[2025.04.08-21.17.59:741][  0]LogRenderer: Reallocating scene render targets to support 892x380 Format 10 NumSamples 1 (Frame:1).
[2025.04.08-21.17.59:803][  0]LogSlate: Took 0.007845 seconds to synchronously load lazily loaded font '../../../Engine/Content/Slate/Fonts/Roboto-Light.ttf' (167K)
[2025.04.08-21.17.59:862][  0]LogNativeClassHierarchy: Verbose: Native class hierarchy updated for 'HierarchicalLODOutliner' in 0.0003 seconds. Added 0 classes and 0 folders.
[2025.04.08-21.17.59:862][  0]LogInput: Warning: Action SetDestination uses invalid key OculusGo_Left_Trigger_Click.
[2025.04.08-21.17.59:862][  0]LogInput: Warning: Action ResetVR uses invalid key OculusGo_Left_Back_Click.
[2025.04.08-21.17.59:862][  0]LogInput: Warning: Use -RemoveInvalidKeys to remove instances of these keys from the action mapping.
[2025.04.08-21.17.59:862][  0]LogLoad: (Engine Initialization) Total time: 19.03 seconds
[2025.04.08-21.17.59:862][  0]LogLoad: (Engine Initialization) Total Blueprint compile time: 0.00 seconds
[2025.04.08-21.17.59:923][  0]LogAssetRegistry: Asset discovery search completed in 9.4235 seconds
[2025.04.08-21.17.59:962][  0]LogCollectionManager: Fixed up redirectors for 0 collections in 0.000004 seconds (updated 0 objects)
[2025.04.08-21.17.59:963][  0]LogContentStreaming: Texture pool size now 1000 MB
[2025.04.08-21.44.40:018][766]LogTemp: Repeating last play command: Selected Viewport
[2025.04.08-21.44.40:460][766]LogPlayLevel: PlayLevel: No blueprints needed recompiling
[2025.04.08-21.44.40:606][766]PIE: New page: PIE session: Untitled_0 (08-Apr-2025, 1:44:40 pm)
[2025.04.08-21.44.42:479][766]LogOnline: OSS: Creating online subsystem instance for: NULL
[2025.04.08-21.44.42:923][766]LogOnline: OSS: TryLoadSubsystemAndSetDefault: Loaded subsystem for module [NULL]
[2025.04.08-21.44.42:946][766]LogPlayLevel: Creating play world package: /Temp/UEDPIE_0_Untitled_0
[2025.04.08-21.44.43:230][766]LogPlayLevel: PIE: StaticDuplicateObject took: (0.232080s)
[2025.04.08-21.44.43:351][766]LogAIModule: Creating AISystem for world Untitled
[2025.04.08-21.44.43:367][766]LogPlayLevel: PIE: World Init took: (0.137306s)
[2025.04.08-21.44.43:368][766]LogPlayLevel: PIE: Created PIE world by copying editor world from /Temp/Untitled_0.Untitled to /Temp/UEDPIE_0_Untitled_0.Untitled (0.421938s)
[2025.04.08-21.44.43:868][766]LogUObjectHash: Compacting FUObjectHashTables data took  46.65ms
[2025.04.08-21.44.44:661][766]LogAudio: Display: Creating Audio Device:                 Id: 2, Scope: Unique, Realtime: True
[2025.04.08-21.44.44:663][766]LogAudioMixer: Display: Audio Mixer Platform Settings:
[2025.04.08-21.44.44:663][766]LogAudioMixer: Display: 	Sample Rate:						  48000
[2025.04.08-21.44.44:663][766]LogAudioMixer: Display: 	Callback Buffer Frame Size Requested: 1024
[2025.04.08-21.44.44:663][766]LogAudioMixer: Display: 	Callback Buffer Frame Size To Use:	  1024
[2025.04.08-21.44.44:663][766]LogAudioMixer: Display: 	Number of buffers to queue:			  2
[2025.04.08-21.44.44:663][766]LogAudioMixer: Display: 	Max Channels (voices):				  32
[2025.04.08-21.44.44:663][766]LogAudioMixer: Display: 	Number of Async Source Workers:		  0
[2025.04.08-21.44.44:663][766]LogAudio: Display: AudioDevice MaxSources: 32
[2025.04.08-21.44.44:667][766]LogAudio: Display: Audio Spatialization Plugin: None (built-in).
[2025.04.08-21.44.44:667][766]LogAudio: Display: Audio Reverb Plugin: None (built-in).
[2025.04.08-21.44.44:667][766]LogAudio: Display: Audio Occlusion Plugin: None (built-in).
[2025.04.08-21.44.44:667][766]LogAudioMixer: Display: Initializing audio mixer.
[2025.04.08-21.44.44:921][766]LogAudioMixer: Display: 0: FrontLeft
[2025.04.08-21.44.44:921][766]LogAudioMixer: Display: 1: FrontRight
[2025.04.08-21.44.45:559][766]LogAudioMixer: Display: Using Audio Device Headphone (Realtek(R) Audio)
[2025.04.08-21.44.45:746][766]LogAudioMixer: Display: Initializing Sound Submixes...
[2025.04.08-21.44.45:747][766]LogAudioMixer: Display: Creating Master Submix 'MasterSubmixDefault'
[2025.04.08-21.44.45:747][766]LogAudioMixer: Display: Creating Master Submix 'MasterReverbSubmixDefault'
[2025.04.08-21.44.45:804][766]LogAudioMixer: Display: Creating Master Submix 'MasterEQSubmixDefault'
[2025.04.08-21.44.45:806][766]LogAudioMixer: FMixerPlatformXAudio2::StartAudioStream() called
[2025.04.08-21.44.45:806][766]LogAudioMixer: Display: Output buffers initialized: Frames=1024, Channels=2, Samples=2048
[2025.04.08-21.44.45:807][766]LogAudioMixer: Display: Starting AudioMixerPlatformInterface::RunInternal()
[2025.04.08-21.44.45:807][766]LogAudioMixer: Display: FMixerPlatformXAudio2::SubmitBuffer() called for the first time
[2025.04.08-21.44.45:807][766]LogInit: FAudioDevice initialized.
[2025.04.08-21.44.45:808][766]LogAudio: Display: Audio Device (ID: 2) registered with world 'Untitled'.
[2025.04.08-21.44.46:003][766]LogLoad: Game class is 'TopDownPuzzleGameMode'
[2025.04.08-21.44.46:012][766]LogWorld: Bringing World /Temp/UEDPIE_0_Untitled_0.Untitled up for play (max tick rate 60) at 2025.04.08-17.44.46
[2025.04.08-21.44.46:014][766]LogWorld: Bringing up level for play took: 0.004844
[2025.04.08-21.44.46:019][766]LogOnline: OSS: Creating online subsystem instance for: :Context_1
[2025.04.08-21.44.46:092][766]LogNativeClassHierarchy: Verbose: Native class hierarchy updated for 'MovieSceneCapture' in 0.0025 seconds. Added 20 classes and 0 folders.
[2025.04.08-21.44.46:537][766]PIE: Server logged in
[2025.04.08-21.44.46:996][766]PIE: Play in editor total start time 6.764 seconds.
[2025.04.08-21.44.51:061][962]LogSlate: Updating window title bar state: overlay mode, drag disabled, window buttons hidden, title bar hidden
[2025.04.08-21.44.51:061][962]LogWorld: BeginTearingDown for /Temp/UEDPIE_0_Untitled_0
[2025.04.08-21.44.51:065][962]LogWorld: UWorld::CleanupWorld for Untitled, bSessionEnded=true, bCleanupResources=true
[2025.04.08-21.44.51:066][962]LogSlate: InvalidateAllWidgets triggered.  All widgets were invalidated
[2025.04.08-21.44.51:156][962]LogPlayLevel: Display: Shutting down PIE online subsystems
[2025.04.08-21.44.51:158][962]LogSlate: InvalidateAllWidgets triggered.  All widgets were invalidated
[2025.04.08-21.44.51:164][962]LogAudio: Display: Audio Device unregistered from world 'None'.
[2025.04.08-21.44.51:164][962]LogAudioMixer: FMixerPlatformXAudio2::StopAudioStream() called
[2025.04.08-21.44.51:166][962]LogAudioMixer: FMixerPlatformXAudio2::StopAudioStream() called
[2025.04.08-21.44.51:171][962]LogSlate: Updating window title bar state: overlay mode, drag disabled, window buttons hidden, title bar hidden
[2025.04.08-21.44.51:176][962]LogUObjectHash: Compacting FUObjectHashTables data took   0.66ms
[2025.04.08-21.44.51:233][963]LogPlayLevel: Display: Destroying online subsystem :Context_1
[2025.04.08-21.44.52:889][ 50]LogTemp: Repeating last play command: Selected Viewport
[2025.04.08-21.44.52:900][ 50]LogPlayLevel: PlayLevel: No blueprints needed recompiling
[2025.04.08-21.44.52:900][ 50]PIE: New page: PIE session: Untitled_0 (08-Apr-2025, 1:44:52 pm)
[2025.04.08-21.44.52:901][ 50]LogPlayLevel: Creating play world package: /Temp/UEDPIE_0_Untitled_0
[2025.04.08-21.44.52:902][ 50]LogPlayLevel: PIE: StaticDuplicateObject took: (0.000700s)
[2025.04.08-21.44.52:903][ 50]LogAIModule: Creating AISystem for world Untitled
[2025.04.08-21.44.52:904][ 50]LogPlayLevel: PIE: World Init took: (0.001526s)
[2025.04.08-21.44.52:904][ 50]LogPlayLevel: PIE: Created PIE world by copying editor world from /Temp/Untitled_0.Untitled to /Temp/UEDPIE_0_Untitled_0.Untitled (0.002379s)
[2025.04.08-21.44.52:910][ 50]LogUObjectHash: Compacting FUObjectHashTables data took   0.68ms
[2025.04.08-21.44.52:910][ 50]LogAudio: Display: Creating Audio Device:                 Id: 3, Scope: Unique, Realtime: True
[2025.04.08-21.44.52:911][ 50]LogAudioMixer: Display: Audio Mixer Platform Settings:
[2025.04.08-21.44.52:911][ 50]LogAudioMixer: Display: 	Sample Rate:						  48000
[2025.04.08-21.44.52:911][ 50]LogAudioMixer: Display: 	Callback Buffer Frame Size Requested: 1024
[2025.04.08-21.44.52:911][ 50]LogAudioMixer: Display: 	Callback Buffer Frame Size To Use:	  1024
[2025.04.08-21.44.52:911][ 50]LogAudioMixer: Display: 	Number of buffers to queue:			  2
[2025.04.08-21.44.52:911][ 50]LogAudioMixer: Display: 	Max Channels (voices):				  32
[2025.04.08-21.44.52:911][ 50]LogAudioMixer: Display: 	Number of Async Source Workers:		  0
[2025.04.08-21.44.52:911][ 50]LogAudio: Display: AudioDevice MaxSources: 32
[2025.04.08-21.44.52:911][ 50]LogAudio: Display: Audio Spatialization Plugin: None (built-in).
[2025.04.08-21.44.52:911][ 50]LogAudio: Display: Audio Reverb Plugin: None (built-in).
[2025.04.08-21.44.52:911][ 50]LogAudio: Display: Audio Occlusion Plugin: None (built-in).
[2025.04.08-21.44.52:911][ 50]LogAudioMixer: Display: Initializing audio mixer.
[2025.04.08-21.44.52:914][ 50]LogAudioMixer: Display: 0: FrontLeft
[2025.04.08-21.44.52:914][ 50]LogAudioMixer: Display: 1: FrontRight
[2025.04.08-21.44.52:928][ 50]LogAudioMixer: Display: Using Audio Device Headphone (Realtek(R) Audio)
[2025.04.08-21.44.52:928][ 50]LogAudioMixer: Display: Initializing Sound Submixes...
[2025.04.08-21.44.52:928][ 50]LogAudioMixer: Display: Creating Master Submix 'MasterSubmixDefault'
[2025.04.08-21.44.52:928][ 50]LogAudioMixer: Display: Creating Master Submix 'MasterReverbSubmixDefault'
[2025.04.08-21.44.52:929][ 50]LogAudioMixer: Display: Creating Master Submix 'MasterEQSubmixDefault'
[2025.04.08-21.44.52:929][ 50]LogAudioMixer: FMixerPlatformXAudio2::StartAudioStream() called
[2025.04.08-21.44.52:929][ 50]LogAudioMixer: Display: Output buffers initialized: Frames=1024, Channels=2, Samples=2048
[2025.04.08-21.44.52:930][ 50]LogAudioMixer: Display: Starting AudioMixerPlatformInterface::RunInternal()
[2025.04.08-21.44.52:930][ 50]LogAudioMixer: Display: FMixerPlatformXAudio2::SubmitBuffer() called for the first time
[2025.04.08-21.44.52:930][ 50]LogInit: FAudioDevice initialized.
[2025.04.08-21.44.52:930][ 50]LogAudio: Display: Audio Device (ID: 3) registered with world 'Untitled'.
[2025.04.08-21.44.52:938][ 50]LogLoad: Game class is 'TopDownPuzzleGameMode'
[2025.04.08-21.44.52:939][ 50]LogWorld: Bringing World /Temp/UEDPIE_0_Untitled_0.Untitled up for play (max tick rate 60) at 2025.04.08-17.44.52
[2025.04.08-21.44.52:939][ 50]LogWorld: Bringing up level for play took: 0.000256
[2025.04.08-21.44.52:939][ 50]LogOnline: OSS: Creating online subsystem instance for: :Context_2
[2025.04.08-21.44.52:942][ 50]PIE: Server logged in
[2025.04.08-21.44.52:943][ 50]PIE: Play in editor total start time 0.045 seconds.
[2025.04.08-21.44.57:409][292]LogSlate: Updating window title bar state: overlay mode, drag disabled, window buttons hidden, title bar hidden
[2025.04.08-21.44.57:409][292]LogWorld: BeginTearingDown for /Temp/UEDPIE_0_Untitled_0
[2025.04.08-21.44.57:409][292]LogWorld: UWorld::CleanupWorld for Untitled, bSessionEnded=true, bCleanupResources=true
[2025.04.08-21.44.57:410][292]LogSlate: InvalidateAllWidgets triggered.  All widgets were invalidated
[2025.04.08-21.44.57:421][292]LogPlayLevel: Display: Shutting down PIE online subsystems
[2025.04.08-21.44.57:422][292]LogSlate: InvalidateAllWidgets triggered.  All widgets were invalidated
[2025.04.08-21.44.57:427][292]LogSlate: Updating window title bar state: overlay mode, drag disabled, window buttons hidden, title bar hidden
[2025.04.08-21.44.57:427][292]LogAudioMixer: FMixerPlatformXAudio2::StopAudioStream() called
[2025.04.08-21.44.57:428][292]LogAudioMixer: FMixerPlatformXAudio2::StopAudioStream() called
[2025.04.08-21.44.57:433][292]LogUObjectHash: Compacting FUObjectHashTables data took   0.66ms
[2025.04.08-21.44.57:484][295]LogPlayLevel: Display: Destroying online subsystem :Context_2
[2025.04.08-21.45.03:010][610]LogPlayLevel: PlayLevel: No blueprints needed recompiling
[2025.04.08-21.45.03:010][610]PIE: New page: PIE session: Untitled_0 (08-Apr-2025, 1:45:03 pm)
[2025.04.08-21.45.03:046][610]LogPlayLevel: Creating play world package: /Temp/UEDPIE_0_Untitled_0
[2025.04.08-21.45.03:047][610]LogPlayLevel: PIE: StaticDuplicateObject took: (0.000593s)
[2025.04.08-21.45.03:048][610]LogAIModule: Creating AISystem for world Untitled
[2025.04.08-21.45.03:048][610]LogPlayLevel: PIE: World Init took: (0.000917s)
[2025.04.08-21.45.03:048][610]LogPlayLevel: PIE: Created PIE world by copying editor world from /Temp/Untitled_0.Untitled to /Temp/UEDPIE_0_Untitled_0.Untitled (0.001648s)
[2025.04.08-21.45.03:053][610]LogUObjectHash: Compacting FUObjectHashTables data took   0.62ms
[2025.04.08-21.45.03:074][610]LogAudio: Display: Creating Audio Device:                 Id: 4, Scope: Unique, Realtime: True
[2025.04.08-21.45.03:074][610]LogAudioMixer: Display: Audio Mixer Platform Settings:
[2025.04.08-21.45.03:074][610]LogAudioMixer: Display: 	Sample Rate:						  48000
[2025.04.08-21.45.03:074][610]LogAudioMixer: Display: 	Callback Buffer Frame Size Requested: 1024
[2025.04.08-21.45.03:074][610]LogAudioMixer: Display: 	Callback Buffer Frame Size To Use:	  1024
[2025.04.08-21.45.03:074][610]LogAudioMixer: Display: 	Number of buffers to queue:			  2
[2025.04.08-21.45.03:074][610]LogAudioMixer: Display: 	Max Channels (voices):				  32
[2025.04.08-21.45.03:074][610]LogAudioMixer: Display: 	Number of Async Source Workers:		  0
[2025.04.08-21.45.03:074][610]LogAudio: Display: AudioDevice MaxSources: 32
[2025.04.08-21.45.03:074][610]LogAudio: Display: Audio Spatialization Plugin: None (built-in).
[2025.04.08-21.45.03:074][610]LogAudio: Display: Audio Reverb Plugin: None (built-in).
[2025.04.08-21.45.03:074][610]LogAudio: Display: Audio Occlusion Plugin: None (built-in).
[2025.04.08-21.45.03:074][610]LogAudioMixer: Display: Initializing audio mixer.
[2025.04.08-21.45.03:078][610]LogAudioMixer: Display: 0: FrontLeft
[2025.04.08-21.45.03:078][610]LogAudioMixer: Display: 1: FrontRight
[2025.04.08-21.45.03:092][610]LogAudioMixer: Display: Using Audio Device Headphone (Realtek(R) Audio)
[2025.04.08-21.45.03:092][610]LogAudioMixer: Display: Initializing Sound Submixes...
[2025.04.08-21.45.03:092][610]LogAudioMixer: Display: Creating Master Submix 'MasterSubmixDefault'
[2025.04.08-21.45.03:092][610]LogAudioMixer: Display: Creating Master Submix 'MasterReverbSubmixDefault'
[2025.04.08-21.45.03:092][610]LogAudioMixer: Display: Creating Master Submix 'MasterEQSubmixDefault'
[2025.04.08-21.45.03:092][610]LogAudioMixer: FMixerPlatformXAudio2::StartAudioStream() called
[2025.04.08-21.45.03:092][610]LogAudioMixer: Display: Output buffers initialized: Frames=1024, Channels=2, Samples=2048
[2025.04.08-21.45.03:093][610]LogAudioMixer: Display: Starting AudioMixerPlatformInterface::RunInternal()
[2025.04.08-21.45.03:094][610]LogAudioMixer: Display: FMixerPlatformXAudio2::SubmitBuffer() called for the first time
[2025.04.08-21.45.03:094][610]LogInit: FAudioDevice initialized.
[2025.04.08-21.45.03:094][610]LogAudio: Display: Audio Device (ID: 4) registered with world 'Untitled'.
[2025.04.08-21.45.03:101][610]LogLoad: Game class is 'TopDownPuzzleGameMode'
[2025.04.08-21.45.03:102][610]LogWorld: Bringing World /Temp/UEDPIE_0_Untitled_0.Untitled up for play (max tick rate 60) at 2025.04.08-17.45.03
[2025.04.08-21.45.03:102][610]LogWorld: Bringing up level for play took: 0.000267
[2025.04.08-21.45.03:102][610]LogOnline: OSS: Creating online subsystem instance for: :Context_3
[2025.04.08-21.45.03:105][610]PIE: Server logged in
[2025.04.08-21.45.03:106][610]PIE: Play in editor total start time 0.098 seconds.
[2025.04.08-21.45.08:150][910]LogSlate: Updating window title bar state: overlay mode, drag disabled, window buttons hidden, title bar hidden
[2025.04.08-21.45.08:150][910]LogWorld: BeginTearingDown for /Temp/UEDPIE_0_Untitled_0
[2025.04.08-21.45.08:150][910]LogWorld: UWorld::CleanupWorld for Untitled, bSessionEnded=true, bCleanupResources=true
[2025.04.08-21.45.08:150][910]LogSlate: InvalidateAllWidgets triggered.  All widgets were invalidated
[2025.04.08-21.45.08:160][910]LogPlayLevel: Display: Shutting down PIE online subsystems
[2025.04.08-21.45.08:161][910]LogSlate: InvalidateAllWidgets triggered.  All widgets were invalidated
[2025.04.08-21.45.08:166][910]LogAudio: Display: Audio Device unregistered from world 'None'.
[2025.04.08-21.45.08:166][910]LogAudioMixer: FMixerPlatformXAudio2::StopAudioStream() called
[2025.04.08-21.45.08:167][910]LogAudioMixer: FMixerPlatformXAudio2::StopAudioStream() called
[2025.04.08-21.45.08:169][910]LogSlate: Updating window title bar state: overlay mode, drag disabled, window buttons hidden, title bar hidden
[2025.04.08-21.45.08:171][910]LogUObjectHash: Compacting FUObjectHashTables data took   0.62ms
[2025.04.08-21.45.08:222][913]LogPlayLevel: Display: Destroying online subsystem :Context_3
[2025.04.08-21.45.09:541][988]LogUObjectHash: Compacting FUObjectHashTables data took   1.13ms
[2025.04.08-21.45.09:567][988]LogSlate: Took 0.001408 seconds to synchronously load lazily loaded font '../../../Engine/Content/Slate/Fonts/Roboto-Light.ttf' (167K)
[2025.04.08-21.45.11:004][988]LogAssetEditorSubsystem: Opening Asset editor for World /Game/TopDownCPP/Maps/Tutorial1.Tutorial1
[2025.04.08-21.45.11:004][988]Cmd: MAP LOAD FILE="../../../../../../Unreal Projects/Top-Down-Puzzle/TopDownPuzzle/Content/TopDownCPP/Maps/Tutorial1.umap" TEMPLATE=0 SHOWPROGRESS=1 FEATURELEVEL=3
[2025.04.08-21.45.11:039][988]LightingResults: New page: Lighting Build
[2025.04.08-21.45.11:078][988]LogNativeClassHierarchy: Verbose: Native class hierarchy updated for 'StatsViewer' in 0.0004 seconds. Added 6 classes and 0 folders.
[2025.04.08-21.45.11:079][988]LoadErrors: New page: Loading map: Tutorial1.umap
[2025.04.08-21.45.11:081][988]LogWorld: UWorld::CleanupWorld for Untitled, bSessionEnded=true, bCleanupResources=true
[2025.04.08-21.45.11:081][988]LogSlate: InvalidateAllWidgets triggered.  All widgets were invalidated
[2025.04.08-21.45.11:081][988]MapCheck: New page: Map Check
[2025.04.08-21.45.11:082][988]LightingResults: New page: Lighting Build
[2025.04.08-21.45.11:088][988]LogAudio: Display: Audio Device unregistered from world 'None'.
[2025.04.08-21.45.11:092][988]LogUObjectHash: Compacting FUObjectHashTables data took   1.32ms
[2025.04.08-21.45.11:101][988]LogAudio: Display: Audio Device (ID: 1) registered with world 'Tutorial1'.
[2025.04.08-21.45.11:537][988]LogEditorServer: Finished looking for orphan Actors (0.000 secs)
[2025.04.08-21.45.11:537][988]LogAIModule: Creating AISystem for world Tutorial1
[2025.04.08-21.45.11:547][988]LogUObjectHash: Compacting FUObjectHashTables data took   0.70ms
[2025.04.08-21.45.11:561][988]Cmd: MAP CHECKDEP NOCLEARLOG
[2025.04.08-21.45.11:561][988]MapCheck: Map check complete: 0 Error(s), 0 Warning(s), took 0.163ms to complete.
[2025.04.08-21.45.11:561][988]LogFileHelpers: Loading map 'Tutorial1' took 0.557
[2025.04.08-21.45.14:042][127]LogTemp: Repeating last play command: Selected Viewport
[2025.04.08-21.45.14:054][127]LogPlayLevel: PlayLevel: No blueprints needed recompiling
[2025.04.08-21.45.14:054][127]PIE: New page: PIE session: Tutorial1 (08-Apr-2025, 1:45:14 pm)
[2025.04.08-21.45.14:054][127]LogPlayLevel: Creating play world package: /Game/TopDownCPP/Maps/UEDPIE_0_Tutorial1
[2025.04.08-21.45.14:069][127]LogPlayLevel: PIE: StaticDuplicateObject took: (0.015489s)
[2025.04.08-21.45.14:071][127]LogAIModule: Creating AISystem for world Tutorial1
[2025.04.08-21.45.14:071][127]LogPlayLevel: PIE: World Init took: (0.001641s)
[2025.04.08-21.45.14:071][127]LogPlayLevel: PIE: Created PIE world by copying editor world from /Game/TopDownCPP/Maps/Tutorial1.Tutorial1 to /Game/TopDownCPP/Maps/UEDPIE_0_Tutorial1.Tutorial1 (0.017269s)
[2025.04.08-21.45.14:077][127]LogUObjectHash: Compacting FUObjectHashTables data took   0.69ms
[2025.04.08-21.45.14:078][127]LogAudio: Display: Creating Audio Device:                 Id: 5, Scope: Unique, Realtime: True
[2025.04.08-21.45.14:078][127]LogAudioMixer: Display: Audio Mixer Platform Settings:
[2025.04.08-21.45.14:078][127]LogAudioMixer: Display: 	Sample Rate:						  48000
[2025.04.08-21.45.14:078][127]LogAudioMixer: Display: 	Callback Buffer Frame Size Requested: 1024
[2025.04.08-21.45.14:078][127]LogAudioMixer: Display: 	Callback Buffer Frame Size To Use:	  1024
[2025.04.08-21.45.14:078][127]LogAudioMixer: Display: 	Number of buffers to queue:			  2
[2025.04.08-21.45.14:078][127]LogAudioMixer: Display: 	Max Channels (voices):				  32
[2025.04.08-21.45.14:078][127]LogAudioMixer: Display: 	Number of Async Source Workers:		  0
[2025.04.08-21.45.14:078][127]LogAudio: Display: AudioDevice MaxSources: 32
[2025.04.08-21.45.14:079][127]LogAudio: Display: Audio Spatialization Plugin: None (built-in).
[2025.04.08-21.45.14:079][127]LogAudio: Display: Audio Reverb Plugin: None (built-in).
[2025.04.08-21.45.14:079][127]LogAudio: Display: Audio Occlusion Plugin: None (built-in).
[2025.04.08-21.45.14:079][127]LogAudioMixer: Display: Initializing audio mixer.
[2025.04.08-21.45.14:082][127]LogAudioMixer: Display: 0: FrontLeft
[2025.04.08-21.45.14:082][127]LogAudioMixer: Display: 1: FrontRight
[2025.04.08-21.45.14:097][127]LogAudioMixer: Display: Using Audio Device Headphone (Realtek(R) Audio)
[2025.04.08-21.45.14:097][127]LogAudioMixer: Display: Initializing Sound Submixes...
[2025.04.08-21.45.14:097][127]LogAudioMixer: Display: Creating Master Submix 'MasterSubmixDefault'
[2025.04.08-21.45.14:097][127]LogAudioMixer: Display: Creating Master Submix 'MasterReverbSubmixDefault'
[2025.04.08-21.45.14:097][127]LogAudioMixer: Display: Creating Master Submix 'MasterEQSubmixDefault'
[2025.04.08-21.45.14:097][127]LogAudioMixer: FMixerPlatformXAudio2::StartAudioStream() called
[2025.04.08-21.45.14:097][127]LogAudioMixer: Display: Output buffers initialized: Frames=1024, Channels=2, Samples=2048
[2025.04.08-21.45.14:098][127]LogAudioMixer: Display: Starting AudioMixerPlatformInterface::RunInternal()
[2025.04.08-21.45.14:098][127]LogAudioMixer: Display: FMixerPlatformXAudio2::SubmitBuffer() called for the first time
[2025.04.08-21.45.14:098][127]LogInit: FAudioDevice initialized.
[2025.04.08-21.45.14:098][127]LogAudio: Display: Audio Device (ID: 5) registered with world 'Tutorial1'.
[2025.04.08-21.45.14:107][127]LogLoad: Game class is 'TopDownPuzzleGameMode'
[2025.04.08-21.45.14:109][127]LogWorld: Bringing World /Game/TopDownCPP/Maps/UEDPIE_0_Tutorial1.Tutorial1 up for play (max tick rate 60) at 2025.04.08-17.45.14
[2025.04.08-21.45.14:109][127]LogWorld: Bringing up level for play took: 0.001342
[2025.04.08-21.45.14:109][127]LogOnline: OSS: Creating online subsystem instance for: :Context_4
[2025.04.08-21.45.14:113][127]PIE: Server logged in
[2025.04.08-21.45.14:114][127]PIE: Play in editor total start time 0.064 seconds.
[2025.04.08-21.45.16:940][293]LogSlate: Updating window title bar state: overlay mode, drag disabled, window buttons hidden, title bar hidden
[2025.04.08-21.45.16:941][293]LogWorld: BeginTearingDown for /Game/TopDownCPP/Maps/UEDPIE_0_Tutorial1
[2025.04.08-21.45.16:941][293]LogWorld: UWorld::CleanupWorld for Tutorial1, bSessionEnded=true, bCleanupResources=true
[2025.04.08-21.45.16:941][293]LogSlate: InvalidateAllWidgets triggered.  All widgets were invalidated
[2025.04.08-21.45.16:950][293]LogPlayLevel: Display: Shutting down PIE online subsystems
[2025.04.08-21.45.16:951][293]LogSlate: InvalidateAllWidgets triggered.  All widgets were invalidated
[2025.04.08-21.45.16:957][293]LogSlate: Updating window title bar state: overlay mode, drag disabled, window buttons hidden, title bar hidden
[2025.04.08-21.45.16:957][293]LogAudioMixer: FMixerPlatformXAudio2::StopAudioStream() called
[2025.04.08-21.45.16:958][293]LogAudioMixer: FMixerPlatformXAudio2::StopAudioStream() called
[2025.04.08-21.45.16:963][293]LogUObjectHash: Compacting FUObjectHashTables data took   0.63ms
[2025.04.08-21.45.17:014][296]LogPlayLevel: Display: Destroying online subsystem :Context_4
[2025.04.08-21.45.21:274][547]LogUObjectHash: Compacting FUObjectHashTables data took   0.66ms
[2025.04.08-21.45.21:436][547]LogAssetEditorSubsystem: Opening Asset editor for World /Game/TopDownCPP/Maps/Level1.Level1
[2025.04.08-21.45.21:436][547]Cmd: MAP LOAD FILE="../../../../../../Unreal Projects/Top-Down-Puzzle/TopDownPuzzle/Content/TopDownCPP/Maps/Level1.umap" TEMPLATE=0 SHOWPROGRESS=1 FEATURELEVEL=3
[2025.04.08-21.45.21:436][547]LightingResults: New page: Lighting Build
[2025.04.08-21.45.21:436][547]LoadErrors: New page: Loading map: Level1.umap
[2025.04.08-21.45.21:462][547]LogWorld: UWorld::CleanupWorld for Tutorial1, bSessionEnded=true, bCleanupResources=true
[2025.04.08-21.45.21:462][547]LogSlate: InvalidateAllWidgets triggered.  All widgets were invalidated
[2025.04.08-21.45.21:462][547]MapCheck: New page: Map Check
[2025.04.08-21.45.21:462][547]LightingResults: New page: Lighting Build
[2025.04.08-21.45.21:466][547]LogAudio: Display: Audio Device unregistered from world 'None'.
[2025.04.08-21.45.21:471][547]LogUObjectHash: Compacting FUObjectHashTables data took   1.62ms
[2025.04.08-21.45.21:472][547]LogAudio: Display: Audio Device (ID: 1) registered with world 'Level1'.
[2025.04.08-21.45.21:539][547]LogEditorServer: Finished looking for orphan Actors (0.000 secs)
[2025.04.08-21.45.21:539][547]LogAIModule: Creating AISystem for world Level1
[2025.04.08-21.45.21:548][547]LogUObjectHash: Compacting FUObjectHashTables data took   0.81ms
[2025.04.08-21.45.21:565][547]Cmd: MAP CHECKDEP NOCLEARLOG
[2025.04.08-21.45.21:565][547]MapCheck: Map check complete: 0 Error(s), 0 Warning(s), took 0.237ms to complete.
[2025.04.08-21.45.21:565][547]LogFileHelpers: Loading map 'Level1' took 0.130
[2025.04.08-21.45.23:584][663]LogTemp: Repeating last play command: Selected Viewport
[2025.04.08-21.45.23:594][663]LogPlayLevel: PlayLevel: No blueprints needed recompiling
[2025.04.08-21.45.23:594][663]PIE: New page: PIE session: Level1 (08-Apr-2025, 1:45:23 pm)
[2025.04.08-21.45.23:627][663]LogPlayLevel: Creating play world package: /Game/TopDownCPP/Maps/UEDPIE_0_Level1
[2025.04.08-21.45.23:660][663]LogPlayLevel: PIE: StaticDuplicateObject took: (0.032524s)
[2025.04.08-21.45.23:661][663]LogAIModule: Creating AISystem for world Level1
[2025.04.08-21.45.23:661][663]LogPlayLevel: PIE: World Init took: (0.001317s)
[2025.04.08-21.45.23:661][663]LogPlayLevel: PIE: Created PIE world by copying editor world from /Game/TopDownCPP/Maps/Level1.Level1 to /Game/TopDownCPP/Maps/UEDPIE_0_Level1.Level1 (0.034164s)
[2025.04.08-21.45.23:668][663]LogUObjectHash: Compacting FUObjectHashTables data took   0.75ms
[2025.04.08-21.45.23:671][663]LogAudio: Display: Creating Audio Device:                 Id: 6, Scope: Unique, Realtime: True
[2025.04.08-21.45.23:671][663]LogAudioMixer: Display: Audio Mixer Platform Settings:
[2025.04.08-21.45.23:671][663]LogAudioMixer: Display: 	Sample Rate:						  48000
[2025.04.08-21.45.23:671][663]LogAudioMixer: Display: 	Callback Buffer Frame Size Requested: 1024
[2025.04.08-21.45.23:671][663]LogAudioMixer: Display: 	Callback Buffer Frame Size To Use:	  1024
[2025.04.08-21.45.23:671][663]LogAudioMixer: Display: 	Number of buffers to queue:			  2
[2025.04.08-21.45.23:671][663]LogAudioMixer: Display: 	Max Channels (voices):				  32
[2025.04.08-21.45.23:671][663]LogAudioMixer: Display: 	Number of Async Source Workers:		  0
[2025.04.08-21.45.23:671][663]LogAudio: Display: AudioDevice MaxSources: 32
[2025.04.08-21.45.23:671][663]LogAudio: Display: Audio Spatialization Plugin: None (built-in).
[2025.04.08-21.45.23:671][663]LogAudio: Display: Audio Reverb Plugin: None (built-in).
[2025.04.08-21.45.23:671][663]LogAudio: Display: Audio Occlusion Plugin: None (built-in).
[2025.04.08-21.45.23:671][663]LogAudioMixer: Display: Initializing audio mixer.
[2025.04.08-21.45.23:676][663]LogAudioMixer: Display: 0: FrontLeft
[2025.04.08-21.45.23:676][663]LogAudioMixer: Display: 1: FrontRight
[2025.04.08-21.45.23:689][663]LogAudioMixer: Display: Using Audio Device Headphone (Realtek(R) Audio)
[2025.04.08-21.45.23:689][663]LogAudioMixer: Display: Initializing Sound Submixes...
[2025.04.08-21.45.23:689][663]LogAudioMixer: Display: Creating Master Submix 'MasterSubmixDefault'
[2025.04.08-21.45.23:689][663]LogAudioMixer: Display: Creating Master Submix 'MasterReverbSubmixDefault'
[2025.04.08-21.45.23:691][663]LogAudioMixer: Display: Creating Master Submix 'MasterEQSubmixDefault'
[2025.04.08-21.45.23:691][663]LogAudioMixer: FMixerPlatformXAudio2::StartAudioStream() called
[2025.04.08-21.45.23:691][663]LogAudioMixer: Display: Output buffers initialized: Frames=1024, Channels=2, Samples=2048
[2025.04.08-21.45.23:692][663]LogAudioMixer: Display: Starting AudioMixerPlatformInterface::RunInternal()
[2025.04.08-21.45.23:692][663]LogAudioMixer: Display: FMixerPlatformXAudio2::SubmitBuffer() called for the first time
[2025.04.08-21.45.23:692][663]LogInit: FAudioDevice initialized.
[2025.04.08-21.45.23:692][663]LogAudio: Display: Audio Device (ID: 6) registered with world 'Level1'.
[2025.04.08-21.45.23:706][663]LogLoad: Game class is 'TopDownPuzzleGameMode'
[2025.04.08-21.45.23:712][663]LogWorld: Bringing World /Game/TopDownCPP/Maps/UEDPIE_0_Level1.Level1 up for play (max tick rate 60) at 2025.04.08-17.45.23
[2025.04.08-21.45.23:713][663]LogWorld: Bringing up level for play took: 0.004424
[2025.04.08-21.45.23:713][663]LogOnline: OSS: Creating online subsystem instance for: :Context_5
[2025.04.08-21.45.23:719][663]PIE: Server logged in
[2025.04.08-21.45.23:720][663]PIE: Play in editor total start time 0.129 seconds.
[2025.04.08-21.45.23:747][663]LogAudio: Warning: Detected orphaned looping sound 'Level1_AudioCue'.
[2025.04.08-21.46.57:080][261]LogTemp: Warning: Player entered the door!
[2025.04.08-21.46.57:093][262]LogNet: Browse: /Game/TopDownCPP/Maps/Level1
[2025.04.08-21.46.57:093][262]LogLoad: LoadMap: /Game/TopDownCPP/Maps/Level1
[2025.04.08-21.46.57:093][262]LogWorld: BeginTearingDown for /Game/TopDownCPP/Maps/UEDPIE_0_Level1
[2025.04.08-21.46.57:094][262]LogWorld: UWorld::CleanupWorld for Level1, bSessionEnded=true, bCleanupResources=true
[2025.04.08-21.46.57:094][262]LogSlate: InvalidateAllWidgets triggered.  All widgets were invalidated
[2025.04.08-21.46.57:132][262]LogAudio: Display: Audio Device unregistered from world 'None'.
[2025.04.08-21.46.57:134][262]LogUObjectHash: Compacting FUObjectHashTables data took   0.68ms
[2025.04.08-21.46.57:135][262]LogPlayLevel: Creating play world package: /Game/TopDownCPP/Maps/UEDPIE_0_Level1
[2025.04.08-21.46.57:146][262]LogPlayLevel: PIE: StaticDuplicateObject took: (0.011055s)
[2025.04.08-21.46.57:147][262]LogAIModule: Creating AISystem for world Level1
[2025.04.08-21.46.57:147][262]LogPlayLevel: PIE: World Init took: (0.001096s)
[2025.04.08-21.46.57:147][262]LogPlayLevel: PIE: Created PIE world by copying editor world from /Game/TopDownCPP/Maps/Level1.Level1 to /Game/TopDownCPP/Maps/UEDPIE_0_Level1.Level1 (0.012330s)
[2025.04.08-21.46.57:147][262]LogAudio: Display: Audio Device (ID: 6) registered with world 'Level1'.
[2025.04.08-21.46.57:147][262]LogLoad: Game class is 'TopDownPuzzleGameMode'
[2025.04.08-21.46.57:157][262]LogWorld: Bringing World /Game/TopDownCPP/Maps/UEDPIE_0_Level1.Level1 up for play (max tick rate 60) at 2025.04.08-17.46.57
[2025.04.08-21.46.57:157][262]LogWorld: Bringing up level for play took: 0.009758
[2025.04.08-21.46.57:184][262]LogLoad: Took 0.090651 seconds to LoadMap(/Game/TopDownCPP/Maps/UEDPIE_0_Level1)
[2025.04.08-21.46.57:213][262]LogAudio: Warning: Detected orphaned looping sound 'Level1_AudioCue'.
[2025.04.08-21.47.00:274][446]LogTemp: Warning: Player entered the door!
[2025.04.08-21.47.00:290][447]LogNet: Browse: /Game/TopDownCPP/Maps/Level1
[2025.04.08-21.47.00:290][447]LogLoad: LoadMap: /Game/TopDownCPP/Maps/Level1
[2025.04.08-21.47.00:290][447]LogWorld: BeginTearingDown for /Game/TopDownCPP/Maps/UEDPIE_0_Level1
[2025.04.08-21.47.00:291][447]LogWorld: UWorld::CleanupWorld for Level1, bSessionEnded=true, bCleanupResources=true
[2025.04.08-21.47.00:291][447]LogSlate: InvalidateAllWidgets triggered.  All widgets were invalidated
[2025.04.08-21.47.00:333][447]LogAudio: Display: Audio Device unregistered from world 'None'.
[2025.04.08-21.47.00:335][447]LogUObjectHash: Compacting FUObjectHashTables data took   0.76ms
[2025.04.08-21.47.00:335][447]LogPlayLevel: Creating play world package: /Game/TopDownCPP/Maps/UEDPIE_0_Level1
[2025.04.08-21.47.00:356][447]LogPlayLevel: PIE: StaticDuplicateObject took: (0.011931s)
[2025.04.08-21.47.00:357][447]LogAIModule: Creating AISystem for world Level1
[2025.04.08-21.47.00:357][447]LogPlayLevel: PIE: World Init took: (0.001082s)
[2025.04.08-21.47.00:357][447]LogPlayLevel: PIE: Created PIE world by copying editor world from /Game/TopDownCPP/Maps/Level1.Level1 to /Game/TopDownCPP/Maps/UEDPIE_0_Level1.Level1 (0.022191s)
[2025.04.08-21.47.00:357][447]LogAudio: Display: Audio Device (ID: 6) registered with world 'Level1'.
[2025.04.08-21.47.00:357][447]LogLoad: Game class is 'TopDownPuzzleGameMode'
[2025.04.08-21.47.00:363][447]LogWorld: Bringing World /Game/TopDownCPP/Maps/UEDPIE_0_Level1.Level1 up for play (max tick rate 60) at 2025.04.08-17.47.00
[2025.04.08-21.47.00:363][447]LogWorld: Bringing up level for play took: 0.005277
[2025.04.08-21.47.00:374][447]LogLoad: Took 0.083898 seconds to LoadMap(/Game/TopDownCPP/Maps/UEDPIE_0_Level1)
[2025.04.08-21.47.00:397][447]LogAudio: Warning: Detected orphaned looping sound 'Level1_AudioCue'.
[2025.04.08-21.47.26:199][991]LogSlate: Updating window title bar state: overlay mode, drag disabled, window buttons hidden, title bar hidden
[2025.04.08-21.47.26:199][991]LogWorld: BeginTearingDown for /Game/TopDownCPP/Maps/UEDPIE_0_Level1
[2025.04.08-21.47.26:199][991]LogWorld: UWorld::CleanupWorld for Level1, bSessionEnded=true, bCleanupResources=true
[2025.04.08-21.47.26:200][991]LogSlate: InvalidateAllWidgets triggered.  All widgets were invalidated
[2025.04.08-21.47.26:220][991]LogPlayLevel: Display: Shutting down PIE online subsystems
[2025.04.08-21.47.26:224][991]LogSlate: InvalidateAllWidgets triggered.  All widgets were invalidated
[2025.04.08-21.47.26:237][991]LogSlate: Updating window title bar state: overlay mode, drag disabled, window buttons hidden, title bar hidden
[2025.04.08-21.47.26:238][991]LogAudioMixer: FMixerPlatformXAudio2::StopAudioStream() called
[2025.04.08-21.47.26:239][991]LogAudioMixer: FMixerPlatformXAudio2::StopAudioStream() called
[2025.04.08-21.47.26:247][991]LogUObjectHash: Compacting FUObjectHashTables data took   0.92ms
[2025.04.08-21.47.26:263][992]LogPlayLevel: Display: Destroying online subsystem :Context_5
[2025.04.08-21.47.28:407][117]LogUObjectHash: Compacting FUObjectHashTables data took   1.07ms
[2025.04.08-21.47.28:477][117]LogAssetEditorSubsystem: Opening Asset editor for World /Game/TopDownCPP/Maps/Tutorial1.Tutorial1
[2025.04.08-21.47.28:478][117]Cmd: MAP LOAD FILE="../../../../../../Unreal Projects/Top-Down-Puzzle/TopDownPuzzle/Content/TopDownCPP/Maps/Tutorial1.umap" TEMPLATE=0 SHOWPROGRESS=1 FEATURELEVEL=3
[2025.04.08-21.47.28:478][117]LightingResults: New page: Lighting Build
[2025.04.08-21.47.28:478][117]LoadErrors: New page: Loading map: Tutorial1.umap
[2025.04.08-21.47.28:517][117]LogWorld: UWorld::CleanupWorld for Level1, bSessionEnded=true, bCleanupResources=true
[2025.04.08-21.47.28:518][117]LogSlate: InvalidateAllWidgets triggered.  All widgets were invalidated
[2025.04.08-21.47.28:518][117]MapCheck: New page: Map Check
[2025.04.08-21.47.28:518][117]LightingResults: New page: Lighting Build
[2025.04.08-21.47.28:524][117]LogAudio: Display: Audio Device unregistered from world 'None'.
[2025.04.08-21.47.28:527][117]LogUObjectHash: Compacting FUObjectHashTables data took   1.16ms
[2025.04.08-21.47.28:529][117]LogAudio: Display: Audio Device (ID: 1) registered with world 'Tutorial1'.
[2025.04.08-21.47.28:613][117]LogEditorServer: Finished looking for orphan Actors (0.000 secs)
[2025.04.08-21.47.28:613][117]LogAIModule: Creating AISystem for world Tutorial1
[2025.04.08-21.47.28:624][117]LogUObjectHash: Compacting FUObjectHashTables data took   1.02ms
[2025.04.08-21.47.28:646][117]Cmd: MAP CHECKDEP NOCLEARLOG
[2025.04.08-21.47.28:647][117]MapCheck: Map check complete: 0 Error(s), 0 Warning(s), took 1ms to complete.
[2025.04.08-21.47.28:647][117]LogFileHelpers: Loading map 'Tutorial1' took 0.170
[2025.04.08-21.47.32:151][202]LogAudioMixer: Display: Audio Buffer Underrun (starvation) detected.
[2025.04.08-21.47.34:141][228]LogTemp: Repeating last play command: Selected Viewport
[2025.04.08-21.47.34:253][228]LogPlayLevel: PlayLevel: No blueprints needed recompiling
[2025.04.08-21.47.34:264][228]PIE: New page: PIE session: Tutorial1 (08-Apr-2025, 1:47:34 pm)
[2025.04.08-21.47.34:272][228]LogPlayLevel: Creating play world package: /Game/TopDownCPP/Maps/UEDPIE_0_Tutorial1
[2025.04.08-21.47.34:432][228]LogPlayLevel: PIE: StaticDuplicateObject took: (0.158963s)
[2025.04.08-21.47.34:489][228]LogAIModule: Creating AISystem for world Tutorial1
[2025.04.08-21.47.34:501][228]LogPlayLevel: PIE: World Init took: (0.068145s)
[2025.04.08-21.47.34:501][228]LogPlayLevel: PIE: Created PIE world by copying editor world from /Game/TopDownCPP/Maps/Tutorial1.Tutorial1 to /Game/TopDownCPP/Maps/UEDPIE_0_Tutorial1.Tutorial1 (0.229792s)
[2025.04.08-21.47.34:578][228]LogUObjectHash: Compacting FUObjectHashTables data took   3.24ms
[2025.04.08-21.47.34:598][228]LogAudio: Display: Creating Audio Device:                 Id: 7, Scope: Unique, Realtime: True
[2025.04.08-21.47.34:600][228]LogAudioMixer: Display: Audio Mixer Platform Settings:
[2025.04.08-21.47.34:600][228]LogAudioMixer: Display: 	Sample Rate:						  48000
[2025.04.08-21.47.34:600][228]LogAudioMixer: Display: 	Callback Buffer Frame Size Requested: 1024
[2025.04.08-21.47.34:601][228]LogAudioMixer: Display: 	Callback Buffer Frame Size To Use:	  1024
[2025.04.08-21.47.34:601][228]LogAudioMixer: Display: 	Number of buffers to queue:			  2
[2025.04.08-21.47.34:601][228]LogAudioMixer: Display: 	Max Channels (voices):				  32
[2025.04.08-21.47.34:601][228]LogAudioMixer: Display: 	Number of Async Source Workers:		  0
[2025.04.08-21.47.34:601][228]LogAudio: Display: AudioDevice MaxSources: 32
[2025.04.08-21.47.34:604][228]LogAudio: Display: Audio Spatialization Plugin: None (built-in).
[2025.04.08-21.47.34:605][228]LogAudio: Display: Audio Reverb Plugin: None (built-in).
[2025.04.08-21.47.34:605][228]LogAudio: Display: Audio Occlusion Plugin: None (built-in).
[2025.04.08-21.47.34:605][228]LogAudioMixer: Display: Initializing audio mixer.
[2025.04.08-21.47.34:675][228]LogAudioMixer: Display: 0: FrontLeft
[2025.04.08-21.47.34:675][228]LogAudioMixer: Display: 1: FrontRight
[2025.04.08-21.47.34:802][228]LogAudioMixer: Display: Using Audio Device Headphone (Realtek(R) Audio)
[2025.04.08-21.47.34:997][228]LogAudioMixer: Display: Initializing Sound Submixes...
[2025.04.08-21.47.34:998][228]LogAudioMixer: Display: Creating Master Submix 'MasterSubmixDefault'
[2025.04.08-21.47.34:998][228]LogAudioMixer: Display: Creating Master Submix 'MasterReverbSubmixDefault'
[2025.04.08-21.47.35:001][228]LogAudioMixer: Display: Creating Master Submix 'MasterEQSubmixDefault'
[2025.04.08-21.47.35:002][228]LogAudioMixer: FMixerPlatformXAudio2::StartAudioStream() called
[2025.04.08-21.47.35:002][228]LogAudioMixer: Display: Output buffers initialized: Frames=1024, Channels=2, Samples=2048
[2025.04.08-21.47.35:133][228]LogAudioMixer: Display: Starting AudioMixerPlatformInterface::RunInternal()
[2025.04.08-21.47.35:133][228]LogAudioMixer: Display: FMixerPlatformXAudio2::SubmitBuffer() called for the first time
[2025.04.08-21.47.35:133][228]LogInit: FAudioDevice initialized.
[2025.04.08-21.47.35:133][228]LogAudio: Display: Audio Device (ID: 7) registered with world 'Tutorial1'.
[2025.04.08-21.47.35:208][228]LogLoad: Game class is 'TopDownPuzzleGameMode'
[2025.04.08-21.47.35:229][228]LogWorld: Bringing World /Game/TopDownCPP/Maps/UEDPIE_0_Tutorial1.Tutorial1 up for play (max tick rate 60) at 2025.04.08-17.47.35
[2025.04.08-21.47.35:231][228]LogWorld: Bringing up level for play took: 0.018605
[2025.04.08-21.47.35:238][228]LogOnline: OSS: Creating online subsystem instance for: :Context_6
[2025.04.08-21.47.35:330][228]PIE: Server logged in
[2025.04.08-21.47.35:332][228]PIE: Play in editor total start time 1.094 seconds.
[2025.04.08-21.47.47:720][861]LogSlate: Updating window title bar state: overlay mode, drag disabled, window buttons hidden, title bar hidden
[2025.04.08-21.47.47:797][861]LogWorld: BeginTearingDown for /Game/TopDownCPP/Maps/UEDPIE_0_Tutorial1
[2025.04.08-21.47.47:836][861]LogWorld: UWorld::CleanupWorld for Tutorial1, bSessionEnded=true, bCleanupResources=true
[2025.04.08-21.47.47:853][861]LogSlate: InvalidateAllWidgets triggered.  All widgets were invalidated
[2025.04.08-21.47.47:975][861]LogPlayLevel: Display: Shutting down PIE online subsystems
[2025.04.08-21.47.48:004][861]LogSlate: InvalidateAllWidgets triggered.  All widgets were invalidated
[2025.04.08-21.47.48:078][861]LogSlate: Updating window title bar state: overlay mode, drag disabled, window buttons hidden, title bar hidden
[2025.04.08-21.47.48:081][861]LogAudioMixer: FMixerPlatformXAudio2::StopAudioStream() called
[2025.04.08-21.47.48:084][861]LogAudioMixer: FMixerPlatformXAudio2::StopAudioStream() called
[2025.04.08-21.47.48:212][861]LogUObjectHash: Compacting FUObjectHashTables data took   2.25ms
[2025.04.08-21.47.48:404][862]LogPlayLevel: Display: Destroying online subsystem :Context_6
[2025.04.08-21.47.51:376][990]LogUObjectHash: Compacting FUObjectHashTables data took   0.86ms
[2025.04.08-21.47.52:448][990]LogSavePackage: Moving '../../../../../../Unreal Projects/Top-Down-Puzzle/TopDownPuzzle/Saved/Tutorial1A78CC3AD4C5F0FE888CB118E6E446FE8.tmp' to '../../../../../../Unreal Projects/Top-Down-Puzzle/TopDownPuzzle/Content/TopDownCPP/Maps/Tutorial1.umap'
[2025.04.08-21.47.53:154][990]LogSavePackage: Moving '../../../../../../Unreal Projects/Top-Down-Puzzle/TopDownPuzzle/Saved/Tutorial1_BuiltDataA84BAD4A41133F3BDECE7D9FA4B3F7B3.tmp' to '../../../../../../Unreal Projects/Top-Down-Puzzle/TopDownPuzzle/Content/TopDownCPP/Maps/Tutorial1_BuiltData.uasset'
[2025.04.08-21.47.53:400][990]AssetCheck: New page: Asset Save: multiple assets
[2025.04.08-21.47.53:401][990]LogContentValidation: Display: Validating World /Game/TopDownCPP/Maps/Tutorial1.Tutorial1
[2025.04.08-21.47.53:411][990]LogContentValidation: Display: Validating MapBuildDataRegistry /Game/TopDownCPP/Maps/Tutorial1_BuiltData.Tutorial1_BuiltData
[2025.04.08-21.47.57:542][197]MapCheck: New page: Map Check
[2025.04.08-21.47.57:743][197]LightingResults: New page: Lighting Build - 08-Apr-2025, 1:47:57 pm
[2025.04.08-21.47.58:424][197]LogSwarmInterface: [OpenConnection] Registering TCP channel ...
[2025.04.08-21.47.58:881][197]LogSwarmInterface: [OpenConnection] Connecting to agent ...
[2025.04.08-21.47.58:991][197]LogSwarmInterface: [TryOpenConnection] Testing the Agent
[2025.04.08-21.48.01:077][197]LogSwarmInterface: [TryOpenConnection] Opening Connection to Agent
[2025.04.08-21.48.01:077][197]LogSwarmInterface: [TryOpenConnection] Local Process ID is 24852
[2025.04.08-21.48.19:245][197]LogStaticLightingSystem: Running Lightmass w/ ImmediateImport mode ENABLED
[2025.04.08-21.48.19:245][197]LogStaticLightingSystem: Running Lightmass w/ ImmediateProcess mode ENABLED
[2025.04.08-21.48.19:245][197]LogStaticLightingSystem: Running Lightmass w/ Sorting mode ENABLED
[2025.04.08-21.48.19:245][197]LogStaticLightingSystem: Running Lightmass w/ Mapping paddings ENABLED
[2025.04.08-21.48.19:245][197]LogStaticLightingSystem: Running Lightmass w/ Mapping debug paddings DISABLED
[2025.04.08-21.48.19:586][197]LogEditorBuildUtils: Build time 0:21
[2025.04.08-21.48.19:771][198]LogShaderCompilers: Display: === FShaderJobCache stats ===
[2025.04.08-21.48.19:771][198]LogShaderCompilers: Display: Total job queries 0, among them cache hits 0 (0.00%)
[2025.04.08-21.48.19:771][198]LogShaderCompilers: Display: Tracking 0 distinct input hashes that result in 0 distinct outputs (0.00%)
[2025.04.08-21.48.19:772][198]LogShaderCompilers: Display: RAM used: 0.00 MB (0.00 GB) of 819.20 MB (0.80 GB) budget. Usage: 0.00%
[2025.04.08-21.48.19:772][198]LogShaderCompilers: Display: ================================================
[2025.04.08-21.48.19:899][200]LogUObjectHash: Compacting FUObjectHashTables data took   0.63ms
[2025.04.08-21.48.30:602][750]Job is a success!
[2025.04.08-21.48.30:863][751]LogVolumetricLightmapImport: Imported Volumetric Lightmap in 0.015s
[2025.04.08-21.48.30:863][751]LogVolumetricLightmapImport:      Indirection Texture 16x16x16 = 0.0Mb
[2025.04.08-21.48.30:863][751]LogVolumetricLightmapImport:      BrickData (all levels) 0.2Mb
[2025.04.08-21.48.30:863][751]LogVolumetricLightmapImport:      Bricks at depth
[2025.04.08-21.48.30:863][751]LogVolumetricLightmapImport:          0: 2.8% covering 100.0% of volume
[2025.04.08-21.48.30:863][751]LogVolumetricLightmapImport:          1: 11.1% covering 6.2% of volume
[2025.04.08-21.48.30:863][751]LogVolumetricLightmapImport:          2: 86.1% covering 0.8% of volume
[2025.04.08-21.48.30:863][751]LogVolumetricLightmapImport:      Bricks in each level
[2025.04.08-21.48.30:863][751]LogVolumetricLightmapImport:          Tutorial1 			 36 bricks 	 100.0% (Persistent Level)
[2025.04.08-21.48.31:826][751]LogTexture: Display: Building textures: SkyOcclusion0_1 (OODLE_AutoDXT, 1024X512)
[2025.04.08-21.48.31:826][751]LogTextureFormatOodle: Display: non-RDO encode 1024 x 512 x 1 to format OODLE_AutoDXT (Oodle OodleTex_BC3) lambda=0 effort=20 
[2025.04.08-21.48.31:826][751]LogTexture: Display: Building textures: HQ_Lightmap0_1 (OODLE_AutoDXT, 1024X1024)
[2025.04.08-21.48.31:826][751]LogTexture: Display: Building textures: SkyOcclusion0_2 (OODLE_AutoDXT, 512X256)
[2025.04.08-21.48.31:826][751]LogTexture: Display: Building textures: HQ_Lightmap0_2 (OODLE_AutoDXT, 512X512)
[2025.04.08-21.48.31:826][751]LogTexture: Display: Building textures: LQ_Lightmap_0_1 (OODLE_DXT1, 1024X1024)
[2025.04.08-21.48.31:826][751]LogTextureFormatOodle: Display: non-RDO encode 1024 x 1024 x 1 to format OODLE_AutoDXT (Oodle OodleTex_BC3) lambda=0 effort=20 
[2025.04.08-21.48.31:826][751]LogTextureFormatOodle: Display: non-RDO encode 1024 x 1024 x 1 to format OODLE_DXT1 (Oodle OodleTex_BC1_WithTransparency) lambda=0 effort=20 
[2025.04.08-21.48.31:826][751]LogTexture: Display: Building textures: LQ_Lightmap_0_2 (OODLE_DXT1, 512X512)
[2025.04.08-21.48.31:826][751]LogTexture: Display: Building textures: SkyOcclusion0_3 (OODLE_AutoDXT, 64X32)
[2025.04.08-21.48.31:826][751]LogTexture: Display: Building textures: HQ_Lightmap0_3 (OODLE_AutoDXT, 64X64)
[2025.04.08-21.48.31:826][751]LogTexture: Display: Building textures: LQ_Lightmap_0_3 (OODLE_DXT1, 64X64)
[2025.04.08-21.48.32:026][751]LogTexture: Display: Building textures: ShadowMapTexture2D_1 (G8, 32X32)
[2025.04.08-21.48.32:214][751]LogTexture: Display: Building textures: ShadowMapTexture2D_0 (G8, 1024X1024)
[2025.04.08-21.48.32:214][751]Lightmass on LAPTOP-EJ2DB2HV: 10.6 sec total, 5.64 sec importing, 13 ms setup, 843 ms photons, 3.95 sec processing, 0 ms extra exporting [28/28 mappings]. Threads: 27.6 sec total, 7.43 sec processing.
[2025.04.08-21.48.32:214][751]LogStaticLightingSystem: Tutorial1_BuiltData storing lightmap data for 28 meshes in 3 LightmapResourceClusters (9.3 Meshes per cluster).
[2025.04.08-21.48.32:223][751]LogUObjectHash: Compacting FUObjectHashTables data took   0.67ms
[2025.04.08-21.48.32:242][751]LogStaticLightingSystem: Illumination: 34.4 sec (650 ms encoding lightmaps, 289 ms encoding shadowmaps)
[2025.04.08-21.48.32:242][751]LogStaticLightingSystem: Lightmap texture memory:  3.3 MB (3.3 MB streaming, 0.0 MB non-streaming), 6 textures
[2025.04.08-21.48.32:242][751]LogStaticLightingSystem: Shadowmap texture memory: 1.3 MB (1.3 MB streaming, 0.0 MB non-streaming), 2 textures
[2025.04.08-21.48.33:147][751]DumpUnbuiltLightIteractions
[2025.04.08-21.48.33:147][751]Lights with unbuilt interactions: 0
[2025.04.08-21.48.33:147][751]
[2025.04.08-21.48.33:147][751]Primitives with unbuilt interactions: 0
[2025.04.08-21.48.33:322][751]LogTexture: Display: Building textures: NewReflectionComponentTexture1C2275DB4506BBF8D9D185B8BB421FE1 (BGRA8, 128X128)
[2025.04.08-21.48.33:370][752]Cmd: MAP CHECK NOTIFYRESULTS
[2025.04.08-21.48.33:371][752]MapCheck: New page: Tutorial1 - 08-Apr-2025, 1:48:33 pm
[2025.04.08-21.48.33:373][752]MapCheck: Map check complete: 0 Error(s), 0 Warning(s), took 1.999ms to complete.
[2025.04.08-21.48.35:323][858]LogUObjectHash: Compacting FUObjectHashTables data took   0.69ms
[2025.04.08-21.48.38:286][858]LogSlate: Window 'Save Content' being destroyed
[2025.04.08-21.48.38:405][858]LogSavePackage: Moving '../../../../../../Unreal Projects/Top-Down-Puzzle/TopDownPuzzle/Saved/Tutorial1_BuiltDataAEDEDD4D4D9D268D114E939553CABBEC.tmp' to '../../../../../../Unreal Projects/Top-Down-Puzzle/TopDownPuzzle/Content/TopDownCPP/Maps/Tutorial1_BuiltData.uasset'
[2025.04.08-21.48.38:497][858]LogSavePackage: Moving '../../../../../../Unreal Projects/Top-Down-Puzzle/TopDownPuzzle/Saved/Tutorial1_BuiltDataCAA3D3064CD268F3A7868AA10A803863.tmp' to '../../../../../../Unreal Projects/Top-Down-Puzzle/TopDownPuzzle/Content/TopDownCPP/Maps/Tutorial1_BuiltData.uasset'
[2025.04.08-21.48.38:625][858]LogAssetEditorSubsystem: Opening Asset editor for World /Game/TopDownCPP/Maps/Level1.Level1
[2025.04.08-21.48.38:626][858]Cmd: MAP LOAD FILE="../../../../../../Unreal Projects/Top-Down-Puzzle/TopDownPuzzle/Content/TopDownCPP/Maps/Level1.umap" TEMPLATE=0 SHOWPROGRESS=1 FEATURELEVEL=3
[2025.04.08-21.48.38:626][858]LightingResults: New page: Lighting Build
[2025.04.08-21.48.38:626][858]LoadErrors: New page: Loading map: Level1.umap
[2025.04.08-21.48.38:630][858]LogWorld: UWorld::CleanupWorld for Tutorial1, bSessionEnded=true, bCleanupResources=true
[2025.04.08-21.48.38:630][858]LogSlate: InvalidateAllWidgets triggered.  All widgets were invalidated
[2025.04.08-21.48.38:630][858]MapCheck: New page: Map Check
[2025.04.08-21.48.38:630][858]LightingResults: New page: Lighting Build
[2025.04.08-21.48.38:635][858]LogAudio: Display: Audio Device unregistered from world 'None'.
[2025.04.08-21.48.38:639][858]LogUObjectHash: Compacting FUObjectHashTables data took   0.96ms
[2025.04.08-21.48.38:641][858]LogAudio: Display: Audio Device (ID: 1) registered with world 'Level1'.
[2025.04.08-21.48.38:808][858]LogEditorServer: Finished looking for orphan Actors (0.000 secs)
[2025.04.08-21.48.38:808][858]LogAIModule: Creating AISystem for world Level1
[2025.04.08-21.48.38:822][858]LogUObjectHash: Compacting FUObjectHashTables data took   0.65ms
[2025.04.08-21.48.38:835][858]Cmd: MAP CHECKDEP NOCLEARLOG
[2025.04.08-21.48.38:835][858]MapCheck: Map check complete: 0 Error(s), 0 Warning(s), took 0.158ms to complete.
[2025.04.08-21.48.38:835][858]LogFileHelpers: Loading map 'Level1' took 0.210
[2025.04.08-21.48.38:867][858]AssetCheck: New page: Asset Save: Tutorial1_BuiltData
[2025.04.08-21.48.38:867][858]LogContentValidation: Display: Validating MapBuildDataRegistry /Game/TopDownCPP/Maps/Tutorial1_BuiltData.Tutorial1_BuiltData
[2025.04.08-21.48.42:023][ 42]MapCheck: New page: Map Check
[2025.04.08-21.48.42:043][ 42]LightingResults: New page: Lighting Build - 08-Apr-2025, 1:48:42 pm
[2025.04.08-21.48.42:053][ 42]LogSwarmInterface: [OpenConnection] Registering TCP channel ...
[2025.04.08-21.48.42:056][ 42]LogSwarmInterface: [OpenConnection] Connecting to agent ...
[2025.04.08-21.48.42:056][ 42]LogSwarmInterface: [TryOpenConnection] Testing the Agent
[2025.04.08-21.48.42:056][ 42]LogSwarmInterface: [TryOpenConnection] Opening Connection to Agent
[2025.04.08-21.48.42:056][ 42]LogSwarmInterface: [TryOpenConnection] Local Process ID is 24852
[2025.04.08-21.48.47:495][ 42]LogStaticLightingSystem: Running Lightmass w/ ImmediateImport mode ENABLED
[2025.04.08-21.48.47:496][ 42]LogStaticLightingSystem: Running Lightmass w/ ImmediateProcess mode ENABLED
[2025.04.08-21.48.47:496][ 42]LogStaticLightingSystem: Running Lightmass w/ Sorting mode ENABLED
[2025.04.08-21.48.47:496][ 42]LogStaticLightingSystem: Running Lightmass w/ Mapping paddings ENABLED
[2025.04.08-21.48.47:496][ 42]LogStaticLightingSystem: Running Lightmass w/ Mapping debug paddings DISABLED
[2025.04.08-21.48.47:597][ 42]LogEditorBuildUtils: Build time 0:05
[2025.04.08-21.48.47:689][ 44]LogUObjectHash: Compacting FUObjectHashTables data took   0.61ms
[2025.04.08-21.48.51:926][276]Job is a success!
[2025.04.08-21.48.52:078][278]LogVolumetricLightmapImport: Imported Volumetric Lightmap in 0.012s
[2025.04.08-21.48.52:078][278]LogVolumetricLightmapImport:      Indirection Texture 16x16x16 = 0.0Mb
[2025.04.08-21.48.52:078][278]LogVolumetricLightmapImport:      BrickData (all levels) 0.0Mb (trimmed 0.1Mb due to 0.010000 MinBrickError)
[2025.04.08-21.48.52:078][278]LogVolumetricLightmapImport:      Bricks at depth
[2025.04.08-21.48.52:078][278]LogVolumetricLightmapImport:          0: 11.1% covering 100.0% of volume
[2025.04.08-21.48.52:078][278]LogVolumetricLightmapImport:          1: 44.4% covering 6.2% of volume
[2025.04.08-21.48.52:078][278]LogVolumetricLightmapImport:          2: 44.4% covering 0.1% of volume
[2025.04.08-21.48.52:078][278]LogVolumetricLightmapImport:      Bricks in each level
[2025.04.08-21.48.52:078][278]LogVolumetricLightmapImport:          Level1 			 9 bricks 	 100.0% (Persistent Level)
[2025.04.08-21.48.52:443][278]LogTexture: Display: Building textures: SkyOcclusion1_1 (OODLE_AutoDXT, 1024X512)
[2025.04.08-21.48.52:443][278]LogTexture: Display: Building textures: HQ_Lightmap1_1 (OODLE_AutoDXT, 1024X1024)
[2025.04.08-21.48.52:443][278]LogTextureFormatOodle: Display: non-RDO encode 1024 x 512 x 1 to format OODLE_AutoDXT (Oodle OodleTex_BC3) lambda=0 effort=20 
[2025.04.08-21.48.52:443][278]LogTextureFormatOodle: Display: non-RDO encode 1024 x 1024 x 1 to format OODLE_AutoDXT (Oodle OodleTex_BC3) lambda=0 effort=20 
[2025.04.08-21.48.52:443][278]LogTexture: Display: Building textures: LQ_Lightmap_1_1 (OODLE_DXT1, 1024X1024)
[2025.04.08-21.48.52:443][278]LogTexture: Display: Building textures: SkyOcclusion1_2 (OODLE_AutoDXT, 512X256)
[2025.04.08-21.48.52:443][278]LogTexture: Display: Building textures: HQ_Lightmap1_2 (OODLE_AutoDXT, 512X512)
[2025.04.08-21.48.52:443][278]LogTexture: Display: Building textures: LQ_Lightmap_1_2 (OODLE_DXT1, 512X512)
[2025.04.08-21.48.52:443][278]LogTextureFormatOodle: Display: non-RDO encode 1024 x 1024 x 1 to format OODLE_DXT1 (Oodle OodleTex_BC1_WithTransparency) lambda=0 effort=20 
[2025.04.08-21.48.52:443][278]LogTexture: Display: Building textures: SkyOcclusion1_3 (OODLE_AutoDXT, 64X32)
[2025.04.08-21.48.52:443][278]LogTexture: Display: Building textures: HQ_Lightmap1_3 (OODLE_AutoDXT, 64X64)
[2025.04.08-21.48.52:443][278]LogTexture: Display: Building textures: LQ_Lightmap_1_3 (OODLE_DXT1, 64X64)
[2025.04.08-21.48.52:644][278]LogTexture: Display: Building textures: ShadowMapTexture2D_1 (G8, 32X32)
[2025.04.08-21.48.52:668][278]LogTexture: Display: Building textures: ShadowMapTexture2D_0 (BGRA8, 1024X1024)
[2025.04.08-21.48.52:668][278]LogStaticLightingSystem: Level1_BuiltData storing lightmap data for 28 meshes in 3 LightmapResourceClusters (9.3 Meshes per cluster).
[2025.04.08-21.48.52:678][278]LogUObjectHash: Compacting FUObjectHashTables data took   0.83ms
[2025.04.08-21.48.52:687][278]Lightmass on LAPTOP-EJ2DB2HV: 4.53 sec total, 106 ms importing, 9 ms setup, 820 ms photons, 3.51 sec processing, 0 ms extra exporting [28/28 mappings]. Threads: 24.5 sec total, 8.39 sec processing.
[2025.04.08-21.48.52:691][278]LogStaticLightingSystem: Illumination: 10.6 sec (240 ms encoding lightmaps, 204 ms encoding shadowmaps)
[2025.04.08-21.48.52:691][278]LogStaticLightingSystem: Lightmap texture memory:  3.3 MB (3.3 MB streaming, 0.0 MB non-streaming), 6 textures
[2025.04.08-21.48.52:692][278]LogStaticLightingSystem: Shadowmap texture memory: 5.3 MB (5.3 MB streaming, 0.0 MB non-streaming), 2 textures
[2025.04.08-21.48.53:495][278]DumpUnbuiltLightIteractions
[2025.04.08-21.48.53:495][278]Lights with unbuilt interactions: 0
[2025.04.08-21.48.53:495][278]
[2025.04.08-21.48.53:495][278]Primitives with unbuilt interactions: 0
[2025.04.08-21.48.53:556][278]LogTexture: Display: Building textures: NewReflectionComponentTexture1C2275DB4506BBF8D9D185B8BB421FE1 (BGRA8, 128X128)
[2025.04.08-21.48.53:588][279]Cmd: MAP CHECK NOTIFYRESULTS
[2025.04.08-21.48.53:588][279]MapCheck: New page: Level1 - 08-Apr-2025, 1:48:53 pm
[2025.04.08-21.48.53:589][279]MapCheck: Map check complete: 0 Error(s), 0 Warning(s), took 0.633ms to complete.
[2025.04.08-21.58.40:815][650]LogUObjectHash: Compacting FUObjectHashTables data took   1.25ms
[2025.04.08-21.58.40:817][650]LogFileHelpers: Editor autosave (incl. external actors) for '/Game/TopDownCPP/Maps/Level1' took 0.012
[2025.04.08-21.58.58:330][704]LogAudioMixer: Display: Audio Buffer Underrun (starvation) detected.
[2025.04.08-22.03.38:854][648]LogAssetEditorSubsystem: Opening Asset editor for WidgetBlueprint /Game/TopDownCPP/Maps/Ui/MainMenu.MainMenu
[2025.04.08-22.03.42:459][648]LogNativeClassHierarchy: Verbose: Native class hierarchy updated for 'BlueprintGraph' in 0.0676 seconds. Added 126 classes and 0 folders.
[2025.04.08-22.03.50:465][648]LogSlate: Took 0.011986 seconds to synchronously load lazily loaded font '../../../Engine/Content/Slate/Fonts/Roboto-BoldCondensed.ttf' (158K)
[2025.04.08-22.08.43:672][619]LogUObjectHash: Compacting FUObjectHashTables data took   8.96ms
[2025.04.08-22.08.43:720][619]LogFileHelpers: Editor autosave (incl. external actors) for '/Game/TopDownCPP/Maps/Level1' took 0.306
[2025.04.08-22.09.52:936][821]LogAudioMixer: Display: Audio Buffer Underrun (starvation) detected.
[2025.04.08-22.12.18:478][411]LogSlate: Took 0.019723 seconds to synchronously load lazily loaded font '../../../Engine/Content/Slate/Fonts/DroidSansFallback.ttf' (3848K)
[2025.04.08-22.18.45:607][334]LogUObjectHash: Compacting FUObjectHashTables data took 138.62ms
[2025.04.08-22.18.45:713][334]LogFileHelpers: Editor autosave (incl. external actors) for '/Game/TopDownCPP/Maps/Level1' took 1.416
[2025.04.08-22.22.32:989][361]LogD3D11RHI: Timed out while waiting for GPU to catch up. (0.5 s) (ErrorCode 00000001) (00000000)
[2025.04.08-22.22.34:388][362]LogD3D11RHI: Timed out while waiting for GPU to catch up. (0.5 s) (ErrorCode 00000001) (00000000)
[2025.04.08-22.22.56:414][525]LogEditorViewport: Clicking on Actor (context menu): StaticMeshActor (Cube42)
[2025.04.08-22.23.01:667][525]LogEditorViewport: Clicking on Actor (context menu): StaticMeshActor (Floor)
[2025.04.08-22.23.01:971][525]LogEditorViewport: Clicking on Actor (context menu): StaticMeshActor (Cube38)
[2025.04.08-22.23.02:216][525]LogEditorViewport: Clicking on Actor (context menu): BP_Sky_Sphere_C (SkySphereBlueprint)
[2025.04.08-22.23.03:124][525]LogEditorViewport: Clicking on Actor (context menu): StaticMeshActor (Floor)
[2025.04.08-22.23.07:704][699]LogEditorViewport: Clicking on Actor (LMB): BP_Sky_Sphere_C (SkySphereBlueprint)
[2025.04.08-22.23.51:173][266]LogEditorViewport: Clicking on Actor (LMB): BP_Sky_Sphere_C (SkySphereBlueprint)
[2025.04.08-22.24.05:295][ 47]LogSlate: Took 0.038213 seconds to synchronously load lazily loaded font '../../../Engine/Content/Slate/Fonts/Roboto-Italic.ttf' (157K)
[2025.04.08-22.25.46:677][ 89]LogEditorViewport: Clicking on Actor (LMB): StaticMeshActor (Floor)
[2025.04.08-22.25.48:366][ 91]LogEditorViewport: Clicking on Actor (LMB): StaticMeshActor (Floor)
[2025.04.08-22.25.51:347][245]LogEditorViewport: Clicking on Actor (LMB): StaticMeshActor (Floor)
[2025.04.08-22.25.52:048][287]LogEditorViewport: Clicking on Actor (LMB): StaticMeshActor (Floor)
[2025.04.08-22.26.18:438][839]LogEditorViewport: Clicking on Actor (LMB): BP_Sky_Sphere_C (SkySphereBlueprint)
[2025.04.08-22.26.43:859][363]LogEditorViewport: Clicking on Actor (context menu): BP_Sky_Sphere_C (SkySphereBlueprint)
[2025.04.08-22.26.44:877][414]LogEditorViewport: Clicking on Actor (LMB): BP_Sky_Sphere_C (SkySphereBlueprint)
[2025.04.08-22.27.31:285][192]LogEditorViewport: Clicking on Actor (LMB): SpotLight (SpotLight)
[2025.04.08-22.27.46:824][ 90]LogEditorViewport: Clicking on Actor (LMB): SkeletalMeshActor (AmongUs)
[2025.04.08-22.28.46:283][613]LogEditorViewport: Clicking on Actor (LMB): PointLight (PointLight2)
[2025.04.08-22.29.03:730][648]LogEditorViewport: Clicking on Actor (LMB): SkeletalMeshActor (AmongUs)
[2025.04.08-22.29.43:530][ 33]LogEditorViewport: Clicking on Actor (context menu): StaticMeshActor (Floor)
[2025.04.08-22.29.44:715][ 82]LogEditorViewport: Clicking on Actor (LMB): BP_Sky_Sphere_C (SkySphereBlueprint)
[2025.04.08-22.29.53:732][621]LogEditorViewport: Clicking on Actor (LMB): BP_Sky_Sphere_C (SkySphereBlueprint)
[2025.04.08-22.30.28:883][729]LogEditorViewport: Clicking on Actor (context menu): StaticMeshActor (Floor)
[2025.04.08-22.30.30:305][805]LogEditorViewport: Clicking on Actor (LMB): BP_Sky_Sphere_C (SkySphereBlueprint)
[2025.04.08-22.32.10:808][826]LogEditorViewport: Clicking on Actor (context menu): StaticMeshActor (Cube26)
[2025.04.08-22.32.12:078][898]LogEditorViewport: Clicking on Actor (LMB): BP_Sky_Sphere_C (SkySphereBlueprint)
[2025.04.08-22.32.17:297][210]LogEditorViewport: Clicking on Actor (context menu): StaticMeshActor (Cube38)
[2025.04.08-22.32.18:470][277]LogEditorViewport: Clicking on Actor (LMB): BP_Sky_Sphere_C (SkySphereBlueprint)
[2025.04.08-22.33.08:162][255]LogEditorViewport: Clicking on Actor (LMB): StaticMeshActor (Floor)
[2025.04.08-22.33.09:439][330]LogEditorViewport: Clicking on Actor (LMB): BP_Sky_Sphere_C (SkySphereBlueprint)
[2025.04.08-22.33.26:050][318]LogEditorViewport: Clicking on Actor (LMB): StaticMeshActor (Wall3)
[2025.04.08-22.33.26:772][360]LogEditorViewport: Clicking on Actor (LMB): BP_Sky_Sphere_C (SkySphereBlueprint)
[2025.04.08-22.33.48:238][646]LogEditorViewport: Clicking on Actor (context menu): BP_Sky_Sphere_C (SkySphereBlueprint)
[2025.04.08-22.33.49:642][725]LogEditorViewport: Clicking on Actor (LMB): BP_Sky_Sphere_C (SkySphereBlueprint)
[2025.04.08-22.34.10:313][962]LogEditorViewport: Clicking on Actor (LMB): SkeletalMeshActor (AmongUs)
[2025.04.08-22.34.48:787][263]LogEditorViewport: Clicking on Actor (context menu): StaticMeshActor (Floor)
[2025.04.08-22.34.53:081][518]LogEditorViewport: Clicking on Actor (context menu): StaticMeshActor (Floor)
[2025.04.08-22.34.54:760][618]LogEditorViewport: Clicking on Actor (LMB): SkeletalMeshActor (AmongUs)
[2025.04.08-22.34.55:831][680]LogEditorViewport: Clicking on Actor (LMB): BP_Sky_Sphere_C (SkySphereBlueprint)
[2025.04.08-22.35.01:925][ 45]LogEditorViewport: Clicking on Actor (LMB): BP_Sky_Sphere_C (SkySphereBlueprint)
[2025.04.08-22.35.11:085][594]LogEditorViewport: Clicking on Actor (LMB): SkeletalMeshActor (AmongUs)
[2025.04.08-22.35.13:114][714]LogEditorViewport: Clicking on Actor (LMB): BP_Sky_Sphere_C (SkySphereBlueprint)
[2025.04.08-22.35.20:463][154]LogEditorViewport: Clicking on Actor (LMB): SkeletalMeshActor (AmongUs)
[2025.04.08-22.36.32:480][472]LogEditorViewport: Clicking on Actor (context menu): StaticMeshActor (Floor)
[2025.04.08-22.36.33:496][527]LogEditorViewport: Clicking on Actor (LMB): BP_Sky_Sphere_C (SkySphereBlueprint)
[2025.04.08-22.36.35:148][625]LogEditorViewport: Clicking on Actor (LMB): BP_Sky_Sphere_C (SkySphereBlueprint)
[2025.04.08-22.36.44:535][188]LogEditorViewport: Clicking on Actor (context menu): StaticMeshActor (Wall2)
[2025.04.08-22.36.45:421][238]LogEditorViewport: Clicking on Actor (LMB): BP_Sky_Sphere_C (SkySphereBlueprint)
[2025.04.08-22.37.00:657][151]LogEditorViewport: Clicking on Actor (LMB): BP_Sky_Sphere_C (SkySphereBlueprint)
[2025.04.08-22.37.03:564][324]LogEditorViewport: Clicking on Actor (context menu): PostProcessVolume (PostProcessVolume)
[2025.04.08-22.37.05:538][418]LogEditorViewport: Clicking on Actor (LMB): BP_Sky_Sphere_C (SkySphereBlueprint)
[2025.04.08-22.37.06:033][446]LogEditorViewport: Clicking on Actor (LMB): BP_Sky_Sphere_C (SkySphereBlueprint)
[2025.04.08-22.37.14:437][950]LogEditorViewport: Clicking on Actor (context menu): BP_Sky_Sphere_C (SkySphereBlueprint)
[2025.04.08-22.37.15:346][  0]LogEditorViewport: Clicking on Actor (LMB): BP_Sky_Sphere_C (SkySphereBlueprint)
[2025.04.08-22.37.20:347][300]LogEditorViewport: Clicking on Actor (LMB): PointLight (PointLight3)
[2025.04.08-22.37.21:728][381]LogEditorViewport: Clicking on Actor (LMB): BP_Sky_Sphere_C (SkySphereBlueprint)
[2025.04.08-22.37.28:440][783]LogEditorViewport: Clicking on Actor (context menu): BP_Sky_Sphere_C (SkySphereBlueprint)
[2025.04.08-22.37.49:020][ 13]LogEditorViewport: Clicking on Actor (LMB): BP_Sky_Sphere_C (SkySphereBlueprint)
[2025.04.08-22.38.04:868][963]LogEditorViewport: Clicking on Actor (context menu): StaticMeshActor (Cube36)
[2025.04.08-22.38.06:657][ 66]LogEditorViewport: Clicking on Actor (LMB): BP_Sky_Sphere_C (SkySphereBlueprint)
[2025.04.08-22.38.14:759][551]LogEditorViewport: Clicking on Actor (context menu): StaticMeshActor (Wall1)
[2025.04.08-22.38.16:509][653]LogEditorViewport: Clicking on Actor (LMB): BP_Sky_Sphere_C (SkySphereBlueprint)
[2025.04.08-22.38.51:103][727]LogEditorViewport: Clicking on Actor (context menu): StaticMeshActor (Wall3)
[2025.04.08-22.38.52:230][792]LogEditorViewport: Clicking on Actor (context menu): StaticMeshActor (Wall3)
[2025.04.08-22.39.31:000][ 73]LogEditorViewport: Clicking on Actor (LMB): BP_Sky_Sphere_C (SkySphereBlueprint)
[2025.04.08-22.39.41:719][715]LogEditorViewport: Clicking on Actor (LMB): BP_Sky_Sphere_C (SkySphereBlueprint)
[2025.04.08-22.40.23:283][201]LogEditorViewport: Clicking on Actor (context menu): BP_Sky_Sphere_C (SkySphereBlueprint)
[2025.04.08-22.40.24:536][275]LogEditorViewport: Clicking on Component (context menu): StaticMeshComponent (SkySphereMesh)
[2025.04.08-22.40.27:391][428]LogEditorViewport: Clicking on Actor (LMB): StaticMeshActor (Floor)
[2025.04.08-22.40.28:282][480]LogEditorViewport: Clicking on Actor (LMB): StaticMeshActor (Floor)
[2025.04.08-22.40.28:833][513]LogEditorViewport: Clicking on Actor (LMB): StaticMeshActor (Floor)
[2025.04.08-22.40.29:350][544]LogEditorViewport: Clicking on Actor (LMB): StaticMeshActor (Floor)
[2025.04.08-22.40.34:651][862]LogEditorViewport: Clicking on Actor (LMB): StaticMeshActor (Floor)
[2025.04.08-22.40.35:234][897]LogEditorViewport: Clicking on Actor (LMB): StaticMeshActor (Floor)
[2025.04.08-22.40.36:234][957]LogEditorViewport: Clicking on Actor (LMB): StaticMeshActor (Floor)
[2025.04.08-22.40.36:769][989]LogEditorViewport: Clicking on Actor (LMB): TextRenderActor (TemplateLabel2)
[2025.04.08-22.40.37:815][ 49]LogEditorViewport: Clicking on Actor (LMB): BP_Sky_Sphere_C (SkySphereBlueprint)
[2025.04.08-22.41.08:059][855]LogEditorViewport: Clicking on Actor (LMB): StaticMeshActor (Floor)
[2025.04.08-22.41.08:708][891]LogEditorViewport: Clicking on Actor (LMB): TextRenderActor (TemplateLabel2)
[2025.04.08-22.41.12:162][ 97]LogEditorViewport: Clicking on Actor (LMB): BP_Sky_Sphere_C (SkySphereBlueprint)
[2025.04.08-22.41.12:783][133]LogEditorViewport: Clicking on Actor (context menu): StaticMeshActor (Cube36)
[2025.04.08-22.41.13:646][179]LogEditorViewport: Clicking on Actor (LMB): BP_Sky_Sphere_C (SkySphereBlueprint)
[2025.04.08-22.41.29:910][151]LogEditorViewport: Clicking on Actor (context menu): BP_Sky_Sphere_C (SkySphereBlueprint)
[2025.04.08-22.42.10:542][ 61]LogUObjectHash: Compacting FUObjectHashTables data took 282.25ms
[2025.04.08-22.42.11:637][ 61]LogSavePackage: Moving '../../../../../../Unreal Projects/Top-Down-Puzzle/TopDownPuzzle/Saved/Level1_Auto17A425151469501CB3AA9B0A6EE7D371D.tmp' to '../../../../../../Unreal Projects/Top-Down-Puzzle/TopDownPuzzle/Saved/Autosaves/Game/TopDownCPP/Maps/Level1_Auto1.umap'
[2025.04.08-22.42.11:647][ 61]LogFileHelpers: Editor autosave (incl. external actors) for '/Game/TopDownCPP/Maps/Level1' took 2.814
[2025.04.08-22.42.11:647][ 61]LogFileHelpers: Editor autosave (incl. sublevels & external actors) for all levels took 2.814
[2025.04.08-22.52.12:068][854]LogUObjectHash: Compacting FUObjectHashTables data took   0.90ms
[2025.04.08-22.52.12:069][854]LogFileHelpers: Editor autosave (incl. external actors) for '/Game/TopDownCPP/Maps/Level1' took 0.065
[2025.04.08-23.02.12:589][647]LogUObjectHash: Compacting FUObjectHashTables data took   0.91ms
[2025.04.08-23.02.12:611][647]LogFileHelpers: Editor autosave (incl. external actors) for '/Game/TopDownCPP/Maps/Level1' took 0.049
[2025.04.08-23.12.13:269][441]LogUObjectHash: Compacting FUObjectHashTables data took   0.70ms
[2025.04.08-23.12.13:389][441]LogFileHelpers: Editor autosave (incl. external actors) for '/Game/TopDownCPP/Maps/Level1' took 0.143
[2025.04.08-23.22.14:199][235]LogUObjectHash: Compacting FUObjectHashTables data took   2.96ms
[2025.04.08-23.22.14:201][235]LogFileHelpers: Editor autosave (incl. external actors) for '/Game/TopDownCPP/Maps/Level1' took 0.348
[2025.04.08-23.32.14:631][ 29]LogUObjectHash: Compacting FUObjectHashTables data took   0.82ms
[2025.04.08-23.32.14:632][ 29]LogFileHelpers: Editor autosave (incl. external actors) for '/Game/TopDownCPP/Maps/Level1' took 0.022
[2025.04.08-23.42.15:136][823]LogUObjectHash: Compacting FUObjectHashTables data took   0.64ms
[2025.04.08-23.42.15:137][823]LogFileHelpers: Editor autosave (incl. external actors) for '/Game/TopDownCPP/Maps/Level1' took 0.023
[2025.04.08-23.52.15:699][617]LogUObjectHash: Compacting FUObjectHashTables data took   0.64ms
[2025.04.08-23.52.15:700][617]LogFileHelpers: Editor autosave (incl. external actors) for '/Game/TopDownCPP/Maps/Level1' took 0.023
[2025.04.09-00.02.16:143][411]LogUObjectHash: Compacting FUObjectHashTables data took   0.65ms
[2025.04.09-00.02.16:144][411]LogFileHelpers: Editor autosave (incl. external actors) for '/Game/TopDownCPP/Maps/Level1' took 0.023
[2025.04.09-00.12.16:642][205]LogUObjectHash: Compacting FUObjectHashTables data took   0.75ms
[2025.04.09-00.12.16:642][205]LogFileHelpers: Editor autosave (incl. external actors) for '/Game/TopDownCPP/Maps/Level1' took 0.027
[2025.04.09-00.22.17:128][999]LogUObjectHash: Compacting FUObjectHashTables data took   0.78ms
[2025.04.09-00.22.17:128][999]LogFileHelpers: Editor autosave (incl. external actors) for '/Game/TopDownCPP/Maps/Level1' took 0.026
[2025.04.09-00.32.17:541][792]LogUObjectHash: Compacting FUObjectHashTables data took   0.64ms
[2025.04.09-00.32.17:542][792]LogFileHelpers: Editor autosave (incl. external actors) for '/Game/TopDownCPP/Maps/Level1' took 0.023
[2025.04.09-00.42.18:108][586]LogUObjectHash: Compacting FUObjectHashTables data took   0.61ms
[2025.04.09-00.42.18:109][586]LogFileHelpers: Editor autosave (incl. external actors) for '/Game/TopDownCPP/Maps/Level1' took 0.027
[2025.04.09-00.52.18:771][380]LogUObjectHash: Compacting FUObjectHashTables data took   0.67ms
[2025.04.09-00.52.19:105][380]LogFileHelpers: Editor autosave (incl. external actors) for '/Game/TopDownCPP/Maps/Level1' took 0.358
[2025.04.09-01.02.19:467][174]LogUObjectHash: Compacting FUObjectHashTables data took   0.75ms
[2025.04.09-01.02.19:467][174]LogFileHelpers: Editor autosave (incl. external actors) for '/Game/TopDownCPP/Maps/Level1' took 0.024
[2025.04.09-01.12.20:080][968]LogUObjectHash: Compacting FUObjectHashTables data took   0.79ms
[2025.04.09-01.12.20:081][968]LogFileHelpers: Editor autosave (incl. external actors) for '/Game/TopDownCPP/Maps/Level1' took 0.029
[2025.04.09-01.22.20:509][761]LogUObjectHash: Compacting FUObjectHashTables data took   0.63ms
[2025.04.09-01.22.20:510][761]LogFileHelpers: Editor autosave (incl. external actors) for '/Game/TopDownCPP/Maps/Level1' took 0.023
[2025.04.09-01.32.21:238][556]LogUObjectHash: Compacting FUObjectHashTables data took   0.65ms
[2025.04.09-01.32.21:239][556]LogFileHelpers: Editor autosave (incl. external actors) for '/Game/TopDownCPP/Maps/Level1' took 0.025
[2025.04.09-01.42.21:716][350]LogUObjectHash: Compacting FUObjectHashTables data took   0.74ms
[2025.04.09-01.42.21:717][350]LogFileHelpers: Editor autosave (incl. external actors) for '/Game/TopDownCPP/Maps/Level1' took 0.024
[2025.04.09-01.43.05:340][477]LogAudioMixer: Warning: Changing default audio render device to new device: {0.0.0.00000000}.{acd58495-5bda-4ed3-8dbb-475340ac8897}.
[2025.04.09-01.43.05:340][477]LogAudioMixer: Resetting audio stream to device id 
[2025.04.09-01.43.05:744][477]LogAudioMixer: Display: 0: FrontLeft
[2025.04.09-01.43.05:745][477]LogAudioMixer: Display: 1: FrontRight
[2025.04.09-01.43.13:186][519]LogUObjectHash: Compacting FUObjectHashTables data took   1.72ms
[2025.04.09-01.43.13:549][519]LogSavePackage: Moving '../../../../../../Unreal Projects/Top-Down-Puzzle/TopDownPuzzle/Saved/Level152A6507D4C664D5E0A0F1AB63D5C5BAA.tmp' to '../../../../../../Unreal Projects/Top-Down-Puzzle/TopDownPuzzle/Content/TopDownCPP/Maps/Level1.umap'
[2025.04.09-01.43.13:629][519]Cmd: OBJ SAVEPACKAGE PACKAGE="/Game/TopDownCPP/Maps/Level1_BuiltData" FILE="../../../../../../Unreal Projects/Top-Down-Puzzle/TopDownPuzzle/Content/TopDownCPP/Maps/Level1_BuiltData.uasset" SILENT=true
[2025.04.09-01.43.15:052][519]LogSavePackage: Moving '../../../../../../Unreal Projects/Top-Down-Puzzle/TopDownPuzzle/Saved/Level1_BuiltData641659D9414FF52718FE9DA8A82A9364.tmp' to '../../../../../../Unreal Projects/Top-Down-Puzzle/TopDownPuzzle/Content/TopDownCPP/Maps/Level1_BuiltData.uasset'
[2025.04.09-01.43.15:436][519]AssetCheck: New page: Asset Save: multiple assets
[2025.04.09-01.43.15:436][519]LogContentValidation: Display: Validating World /Game/TopDownCPP/Maps/Level1.Level1
[2025.04.09-01.43.15:488][519]LogContentValidation: Display: Validating MapBuildDataRegistry /Game/TopDownCPP/Maps/Level1_BuiltData.Level1_BuiltData
[2025.04.09-01.43.17:094][586]LogUObjectHash: Compacting FUObjectHashTables data took   8.54ms
[2025.04.09-01.43.17:132][586]LogSlate: Window 'MainMenu' being destroyed
[2025.04.09-01.43.17:343][586]LogWorld: UWorld::CleanupWorld for World_1, bSessionEnded=true, bCleanupResources=true
[2025.04.09-01.43.17:345][586]LogSlate: InvalidateAllWidgets triggered.  All widgets were invalidated
[2025.04.09-01.43.17:427][586]LogWorld: UWorld::CleanupWorld for World_0, bSessionEnded=true, bCleanupResources=true
[2025.04.09-01.43.17:427][586]LogSlate: InvalidateAllWidgets triggered.  All widgets were invalidated
[2025.04.09-01.43.18:452][586]LogSlate: Window 'TopDownPuzzle - Unreal Editor' being destroyed
[2025.04.09-01.43.20:188][587]Cmd: QUIT_EDITOR
[2025.04.09-01.43.20:189][587]LogCore: Engine exit requested (reason: UUnrealEdEngine::CloseEditor())
[2025.04.09-01.43.20:259][587]LogCore: Engine exit requested (reason: EngineExit() was called; note: exit was already requested)
[2025.04.09-01.43.21:327][587]LogAudio: Display: Beginning Audio Device Manager Shutdown (Module: AudioMixerXAudio2)...
[2025.04.09-01.43.21:328][587]LogAudio: Display: Destroying 1 Remaining Audio Device(s)...
[2025.04.09-01.43.21:328][587]LogAudio: Display: Audio Device unregistered from world 'Level1'.
[2025.04.09-01.43.21:332][587]LogAudioMixer: FMixerPlatformXAudio2::StopAudioStream() called
[2025.04.09-01.43.21:334][587]LogAudioMixer: FMixerPlatformXAudio2::StopAudioStream() called
[2025.04.09-01.43.22:036][587]LogAudio: Display: Audio Device Manager Shutdown
[2025.04.09-01.43.22:056][587]LogWindowsTextInputMethodSystem: Display: IME system deactivated.
[2025.04.09-01.43.22:200][587]LogExit: Preparing to exit.
[2025.04.09-01.43.23:534][587]LogUObjectHash: Compacting FUObjectHashTables data took  35.03ms
[2025.04.09-01.43.30:471][587]LogWorld: UWorld::CleanupWorld for World_2, bSessionEnded=true, bCleanupResources=true
[2025.04.09-01.43.30:478][587]LogWorld: UWorld::CleanupWorld for World_3, bSessionEnded=true, bCleanupResources=true
[2025.04.09-01.43.33:907][587]LogWorld: UWorld::CleanupWorld for None, bSessionEnded=true, bCleanupResources=true
[2025.04.09-01.43.33:912][587]LogExit: Editor shut down
[2025.04.09-01.43.34:257][587]LogExit: Transaction tracking system shut down
[2025.04.09-01.43.34:551][587]LogDemo: Cleaned up 0 splitscreen connections with owner deletion
[2025.04.09-01.43.44:185][587]LogExit: Object subsystem successfully closed.
[2025.04.09-01.43.44:354][587]LogShaderCompilers: Display: === FShaderJobCache stats ===
[2025.04.09-01.43.44:354][587]LogShaderCompilers: Display: Total job queries 0, among them cache hits 0 (0.00%)
[2025.04.09-01.43.44:354][587]LogShaderCompilers: Display: Tracking 0 distinct input hashes that result in 0 distinct outputs (0.00%)
[2025.04.09-01.43.44:364][587]LogShaderCompilers: Display: RAM used: 0.00 MB (0.00 GB) of 819.20 MB (0.80 GB) budget. Usage: 0.00%
[2025.04.09-01.43.44:364][587]LogShaderCompilers: Display: ================================================
[2025.04.09-01.43.44:541][587]LogShaderCompilers: Display: Shaders left to compile 0
[2025.04.09-01.43.45:393][587]LogModuleManager: Shutting down and abandoning module SequencerWidgets (880)
[2025.04.09-01.43.45:393][587]LogModuleManager: Shutting down and abandoning module BlueprintGraph (878)
[2025.04.09-01.43.45:393][587]LogModuleManager: Shutting down and abandoning module StatsViewer (876)
[2025.04.09-01.43.45:394][587]LogModuleManager: Shutting down and abandoning module MovieSceneCapture (874)
[2025.04.09-01.43.45:394][587]LogModuleManager: Shutting down and abandoning module Voice (872)
[2025.04.09-01.43.45:394][587]LogModuleManager: Shutting down and abandoning module HierarchicalLODOutliner (870)
[2025.04.09-01.43.45:394][587]LogModuleManager: Shutting down and abandoning module SceneOutliner (868)
[2025.04.09-01.43.45:394][587]LogModuleManager: Shutting down and abandoning module AddContentDialog (866)
[2025.04.09-01.43.45:938][587]LogModuleManager: Shutting down and abandoning module WidgetCarousel (865)
[2025.04.09-01.43.45:938][587]LogModuleManager: Shutting down and abandoning module EditorWidgets (862)
[2025.04.09-01.43.45:939][587]LogModuleManager: Shutting down and abandoning module PIEPreviewDeviceProfileSelector (860)
[2025.04.09-01.43.45:948][587]LogModuleManager: Shutting down and abandoning module SequenceRecorderSections (858)
[2025.04.09-01.43.45:948][587]LogModuleManager: Shutting down and abandoning module AutomationWorker (856)
[2025.04.09-01.43.45:949][587]LogModuleManager: Shutting down and abandoning module SteamVREditor (854)
[2025.04.09-01.43.45:949][587]LogModuleManager: Shutting down and abandoning module OculusMR (852)
[2025.04.09-01.43.45:949][587]LogModuleManager: Shutting down and abandoning module TakeRecorderSources (850)
[2025.04.09-01.43.45:951][587]LogModuleManager: Shutting down and abandoning module TakeRecorder (849)
[2025.04.09-01.43.45:954][587]LogModuleManager: Shutting down and abandoning module TakeTrackRecorders (846)
[2025.04.09-01.43.45:954][587]LogModuleManager: Shutting down and abandoning module TakesCore (844)
[2025.04.09-01.43.45:954][587]LogModuleManager: Shutting down and abandoning module OpenXRInput (842)
[2025.04.09-01.43.45:955][587]LogModuleManager: Shutting down and abandoning module GooglePADEditor (840)
[2025.04.09-01.43.45:955][587]LogModuleManager: Shutting down and abandoning module AudioCaptureEditor (838)
[2025.04.09-01.43.45:955][587]LogModuleManager: Shutting down and abandoning module TemplateSequenceEditor (836)
[2025.04.09-01.43.45:957][587]LogModuleManager: Shutting down and abandoning module MatineeToLevelSequence (834)
[2025.04.09-01.43.45:957][587]LogModuleManager: Shutting down and abandoning module LevelSequenceEditor (832)
[2025.04.09-01.43.45:959][587]LogModuleManager: Shutting down and abandoning module ActorSequenceEditor (830)
[2025.04.09-01.43.45:960][587]LogModuleManager: Shutting down and abandoning module WmfMediaFactory (828)
[2025.04.09-01.43.45:960][587]LogModuleManager: Shutting down and abandoning module WmfMediaEditor (826)
[2025.04.09-01.43.45:960][587]LogModuleManager: Shutting down and abandoning module WebMMediaFactory (824)
[2025.04.09-01.43.45:960][587]LogModuleManager: Shutting down and abandoning module WebMMediaEditor (822)
[2025.04.09-01.43.45:960][587]LogModuleManager: Shutting down and abandoning module WebMMedia (820)
[2025.04.09-01.43.45:960][587]LogModuleManager: Shutting down and abandoning module MediaPlayerEditor (818)
[2025.04.09-01.43.45:962][587]LogModuleManager: Shutting down and abandoning module MediaCompositingEditor (816)
[2025.04.09-01.43.45:963][587]LogModuleManager: Shutting down and abandoning module SequenceRecorder (815)
[2025.04.09-01.43.45:964][587]LogModuleManager: Shutting down and abandoning module OpenExrWrapper (812)
[2025.04.09-01.43.45:964][587]LogModuleManager: Shutting down and abandoning module ImgMediaFactory (810)
[2025.04.09-01.43.45:964][587]LogModuleManager: Shutting down and abandoning module ImgMediaEditor (808)
[2025.04.09-01.43.45:964][587]LogModuleManager: Shutting down and abandoning module PlanarCut (806)
[2025.04.09-01.43.45:965][587]LogModuleManager: Shutting down and abandoning module AvfMediaFactory (804)
[2025.04.09-01.43.45:965][587]LogModuleManager: Shutting down and abandoning module AvfMediaEditor (802)
[2025.04.09-01.43.45:965][587]LogModuleManager: Shutting down and abandoning module AndroidMediaFactory (800)
[2025.04.09-01.43.45:965][587]LogModuleManager: Shutting down and abandoning module AndroidMediaEditor (798)
[2025.04.09-01.43.45:965][587]LogModuleManager: Shutting down and abandoning module MagicLeapMediaCodecFactory (796)
[2025.04.09-01.43.45:965][587]LogModuleManager: Shutting down and abandoning module MagicLeapMediaFactory (794)
[2025.04.09-01.43.45:965][587]LogModuleManager: Shutting down and abandoning module MagicLeapMediaEditor (792)
[2025.04.09-01.43.45:965][587]LogModuleManager: Shutting down and abandoning module CharacterAI (790)
[2025.04.09-01.43.45:965][587]LogModuleManager: Shutting down and abandoning module TextureAlignMode (788)
[2025.04.09-01.43.45:965][587]LogModuleManager: Shutting down and abandoning module BspMode (786)
[2025.04.09-01.43.45:966][587]LogModuleManager: Shutting down and abandoning module GeometryMode (784)
[2025.04.09-01.43.45:966][587]LogModuleManager: Shutting down and abandoning module CameraShakePreviewer (782)
[2025.04.09-01.43.45:968][587]LogModuleManager: Shutting down and abandoning module SmartSnapping (780)
[2025.04.09-01.43.45:968][587]LogModuleManager: Shutting down and abandoning module SessionServices (778)
[2025.04.09-01.43.45:968][587]LogModuleManager: Shutting down and abandoning module MeshPaint (776)
[2025.04.09-01.43.45:969][587]LogModuleManager: Shutting down and abandoning module VirtualTexturingEditor (774)
[2025.04.09-01.43.45:969][587]LogModuleManager: Shutting down and abandoning module FoliageEdit (772)
[2025.04.09-01.43.45:969][587]LogModuleManager: Shutting down and abandoning module LandscapeEditor (770)
[2025.04.09-01.43.45:973][587]LogModuleManager: Shutting down and abandoning module MeshPaintMode (768)
[2025.04.09-01.43.45:986][587]LogModuleManager: Shutting down and abandoning module SceneDepthPickerMode (766)
[2025.04.09-01.43.45:986][587]LogModuleManager: Shutting down and abandoning module ActorPickerMode (764)
[2025.04.09-01.43.45:986][587]LogModuleManager: Shutting down and abandoning module PlacementMode (762)
[2025.04.09-01.43.45:988][587]LogModuleManager: Shutting down and abandoning module ViewportSnapping (760)
[2025.04.09-01.43.45:988][587]LogModuleManager: Shutting down and abandoning module ViewportInteraction (758)
[2025.04.09-01.43.45:988][587]LogModuleManager: Shutting down and abandoning module ClothPainter (756)
[2025.04.09-01.43.45:991][587]LogModuleManager: Shutting down and abandoning module SkeletalMeshEditor (755)
[2025.04.09-01.43.45:992][587]LogModuleManager: Shutting down and abandoning module LogVisualizer (752)
[2025.04.09-01.43.45:995][587]LogModuleManager: Shutting down and abandoning module IntroTutorials (750)
[2025.04.09-01.43.46:011][587]LogModuleManager: Shutting down and abandoning module GameProjectGeneration (749)
[2025.04.09-01.43.46:011][587]LogModuleManager: Shutting down and abandoning module LuminPlatformEditor (746)
[2025.04.09-01.43.46:011][587]LogModuleManager: Shutting down and abandoning module IOSPlatformEditor (744)
[2025.04.09-01.43.46:012][587]LogModuleManager: Shutting down and abandoning module AndroidPlatformEditor (742)
[2025.04.09-01.43.46:012][587]LogModuleManager: Shutting down and abandoning module AndroidDeviceDetection (741)
[2025.04.09-01.43.47:700][587]LogModuleManager: Shutting down and abandoning module WindowsPlatformEditor (738)
[2025.04.09-01.43.47:701][587]LogModuleManager: Shutting down and abandoning module LuminRuntimeSettings (736)
[2025.04.09-01.43.47:701][587]LogModuleManager: Shutting down and abandoning module IOSRuntimeSettings (734)
[2025.04.09-01.43.47:701][587]LogModuleManager: Shutting down and abandoning module AndroidRuntimeSettings (732)
[2025.04.09-01.43.47:701][587]LogModuleManager: Shutting down and abandoning module TraceInsights (730)
[2025.04.09-01.43.47:716][587]MemoryProfiler: Shutdown
[2025.04.09-01.43.47:716][587]NetworkingProfiler: Shutdown
[2025.04.09-01.43.47:717][587]LoadingProfiler: Shutdown
[2025.04.09-01.43.47:718][587]TimingProfiler: Shutdown
[2025.04.09-01.43.47:721][587]LogModuleManager: Shutting down and abandoning module TraceServices (729)
[2025.04.09-01.43.47:723][587]LogModuleManager: Shutting down and abandoning module EditorInteractiveToolsFramework (726)
[2025.04.09-01.43.47:723][587]LogModuleManager: Shutting down and abandoning module TimeManagementEditor (724)
[2025.04.09-01.43.47:723][587]LogModuleManager: Shutting down and abandoning module InputBindingEditor (722)
[2025.04.09-01.43.47:724][587]LogModuleManager: Shutting down and abandoning module MergeActors (720)
[2025.04.09-01.43.47:725][587]LogModuleManager: Shutting down and abandoning module LocalizationDashboard (718)
[2025.04.09-01.43.47:726][587]LogModuleManager: Shutting down and abandoning module LocalizationService (717)
[2025.04.09-01.43.47:727][587]LogModuleManager: Shutting down and abandoning module HardwareTargeting (714)
[2025.04.09-01.43.47:727][587]LogModuleManager: Shutting down and abandoning module DeviceProfileEditor (712)
[2025.04.09-01.43.47:727][587]LogModuleManager: Shutting down and abandoning module UndoHistory (710)
[2025.04.09-01.43.47:729][587]LogModuleManager: Shutting down and abandoning module XmlParser (708)
[2025.04.09-01.43.47:729][587]LogModuleManager: Shutting down and abandoning module Blutility (706)
[2025.04.09-01.43.47:730][587]LogModuleManager: Shutting down and abandoning module ProjectSettingsViewer (704)
[2025.04.09-01.43.47:730][587]LogModuleManager: Shutting down and abandoning module ProjectTargetPlatformEditor (703)
[2025.04.09-01.43.47:731][587]LogModuleManager: Shutting down and abandoning module EditorSettingsViewer (700)
[2025.04.09-01.43.47:731][587]LogModuleManager: Shutting down and abandoning module InternationalizationSettings (699)
[2025.04.09-01.43.47:731][587]LogModuleManager: Shutting down and abandoning module SettingsEditor (696)
[2025.04.09-01.43.47:731][587]LogModuleManager: Shutting down and abandoning module ProjectLauncher (694)
[2025.04.09-01.43.47:732][587]LogModuleManager: Shutting down and abandoning module SessionFrontend (692)
[2025.04.09-01.43.47:733][587]LogModuleManager: Shutting down and abandoning module ProfilerClient (690)
[2025.04.09-01.43.47:734][587]LogModuleManager: Shutting down and abandoning module DeviceManager (688)
[2025.04.09-01.43.47:734][587]LogModuleManager: Shutting down and abandoning module TargetDeviceServices (687)
[2025.04.09-01.43.47:769][587]LogModuleManager: Shutting down and abandoning module AutomationController (684)
[2025.04.09-01.43.47:770][587]LogModuleManager: Shutting down and abandoning module AutomationWindow (682)
[2025.04.09-01.43.47:771][587]LogModuleManager: Shutting down and abandoning module Layers (680)
[2025.04.09-01.43.47:773][587]LogModuleManager: Shutting down and abandoning module ComponentVisualizers (678)
[2025.04.09-01.43.47:773][587]LogModuleManager: Shutting down and abandoning module DetailCustomizations (676)
[2025.04.09-01.43.47:774][587]LogModuleManager: Shutting down and abandoning module PackagesDialog (674)
[2025.04.09-01.43.47:774][587]LogModuleManager: Shutting down and abandoning module AnimationBlueprintEditor (672)
[2025.04.09-01.43.47:777][587]LogModuleManager: Shutting down and abandoning module Persona (670)
[2025.04.09-01.43.47:781][587]LogModuleManager: Shutting down and abandoning module AdvancedPreviewScene (669)
[2025.04.09-01.43.47:781][587]LogModuleManager: Shutting down and abandoning module Kismet (666)
[2025.04.09-01.43.47:832][587]LogModuleManager: Shutting down and abandoning module KismetWidgets (665)
[2025.04.09-01.43.47:833][587]LogModuleManager: Shutting down and abandoning module GraphEditor (662)
[2025.04.09-01.43.47:835][587]LogModuleManager: Shutting down and abandoning module StructViewer (660)
[2025.04.09-01.43.47:835][587]LogModuleManager: Shutting down and abandoning module ClassViewer (658)
[2025.04.09-01.43.47:835][587]LogModuleManager: Shutting down and abandoning module Toolbox (656)
[2025.04.09-01.43.47:836][587]LogModuleManager: Shutting down and abandoning module ModuleUI (654)
[2025.04.09-01.43.47:837][587]LogModuleManager: Shutting down and abandoning module OutputLog (652)
[2025.04.09-01.43.47:838][587]LogModuleManager: Shutting down and abandoning module GammaUI (650)
[2025.04.09-01.43.47:838][587]LogModuleManager: Shutting down and abandoning module Documentation (648)
[2025.04.09-01.43.47:838][587]LogModuleManager: Shutting down and abandoning module LiveCoding (646)
[2025.04.09-01.43.47:840][587]LogModuleManager: Shutting down and abandoning module LevelSequence (644)
[2025.04.09-01.43.47:840][587]LogModuleManager: Shutting down and abandoning module MovieSceneTracks (642)
[2025.04.09-01.43.47:841][587]LogModuleManager: Shutting down and abandoning module MovieScene (640)
[2025.04.09-01.43.47:841][587]LogModuleManager: Shutting down and abandoning module StreamingPauseRendering (638)
[2025.04.09-01.43.47:841][587]LogModuleManager: Shutting down and abandoning module LauncherPlatform (636)
[2025.04.09-01.43.47:841][587]LogModuleManager: Shutting down and abandoning module AnalyticsET (634)
[2025.04.09-01.43.47:841][587]LogModuleManager: Shutting down and abandoning module PortalServices (632)
[2025.04.09-01.43.47:841][587]LogModuleManager: Shutting down and abandoning module PortalRpc (630)
[2025.04.09-01.43.47:842][587]LogModuleManager: Shutting down and abandoning module MessagingRpc (628)
[2025.04.09-01.43.47:842][587]LogModuleManager: Shutting down and abandoning module AudioMixerXAudio2 (626)
[2025.04.09-01.43.47:842][587]LogModuleManager: Shutting down and abandoning module AudioMixerCore (625)
[2025.04.09-01.43.47:842][587]LogModuleManager: Shutting down and abandoning module AIModule (622)
[2025.04.09-01.43.47:843][587]LogModuleManager: Shutting down and abandoning module GameplayDebugger (621)
[2025.04.09-01.43.47:844][587]LogModuleManager: Shutting down and abandoning module AITestSuite (619)
[2025.04.09-01.43.47:844][587]LogModuleManager: Shutting down and abandoning module NavigationSystem (617)
[2025.04.09-01.43.47:844][587]LogModuleManager: Shutting down and abandoning module ImageWriteQueue (614)
[2025.04.09-01.43.47:844][587]LogModuleManager: Shutting down and abandoning module ProfilerService (612)
[2025.04.09-01.43.48:070][587]LogModuleManager: Shutting down and abandoning module TaskGraph (610)
[2025.04.09-01.43.48:081][587]LogModuleManager: Shutting down and abandoning module AudioSynesthesiaEditor (608)
[2025.04.09-01.43.48:081][587]LogModuleManager: Shutting down and abandoning module OculusEditor (606)
[2025.04.09-01.43.48:108][587]LogModuleManager: Shutting down and abandoning module OculusInput (604)
[2025.04.09-01.43.48:108][587]LogModuleManager: Shutting down and abandoning module ContentBrowserFileDataSource (602)
[2025.04.09-01.43.48:108][587]LogModuleManager: Shutting down and abandoning module ContentBrowserAssetDataSource (600)
[2025.04.09-01.43.48:109][587]LogModuleManager: Shutting down and abandoning module ContentBrowserClassDataSource (598)
[2025.04.09-01.43.48:109][587]LogModuleManager: Shutting down and abandoning module CollectionManager (597)
[2025.04.09-01.43.48:111][587]LogModuleManager: Shutting down and abandoning module SynthesisEditor (594)
[2025.04.09-01.43.48:111][587]LogModuleManager: Shutting down and abandoning module Synthesis (592)
[2025.04.09-01.43.48:113][587]LogModuleManager: Shutting down and abandoning module ProceduralMeshComponentEditor (590)
[2025.04.09-01.43.48:113][587]LogModuleManager: Shutting down and abandoning module ProceduralMeshComponent (588)
[2025.04.09-01.43.48:114][587]LogModuleManager: Shutting down and abandoning module TakeSequencer (586)
[2025.04.09-01.43.48:114][587]LogModuleManager: Shutting down and abandoning module TakeMovieScene (584)
[2025.04.09-01.43.48:114][587]LogModuleManager: Shutting down and abandoning module OpenXREditor (582)
[2025.04.09-01.43.48:115][587]LogModuleManager: Shutting down and abandoning module MobilePatchingUtils (580)
[2025.04.09-01.43.48:115][587]LogModuleManager: Shutting down and abandoning module ScreenshotTools (578)
[2025.04.09-01.43.48:115][587]LogModuleManager: Shutting down and abandoning module ArchVisCharacter (576)
[2025.04.09-01.43.48:115][587]LogModuleManager: Shutting down and abandoning module GooglePAD (574)
[2025.04.09-01.43.48:115][587]LogModuleManager: Shutting down and abandoning module EditableMesh (572)
[2025.04.09-01.43.48:116][587]LogModuleManager: Shutting down and abandoning module CustomMeshComponent (570)
[2025.04.09-01.43.48:116][587]LogModuleManager: Shutting down and abandoning module CableComponent (568)
[2025.04.09-01.43.48:116][587]LogModuleManager: Shutting down and abandoning module AudioCapture (566)
[2025.04.09-01.43.48:116][587]LogModuleManager: Shutting down and abandoning module AudioCaptureRtAudio (565)
[2025.04.09-01.43.48:117][587]LogModuleManager: Shutting down and abandoning module AssetTags (562)
[2025.04.09-01.43.48:117][587]LogModuleManager: Shutting down and abandoning module AppleImageUtilsBlueprintSupport (560)
[2025.04.09-01.43.48:117][587]LogModuleManager: Shutting down and abandoning module AppleImageUtils (558)
[2025.04.09-01.43.48:117][587]LogModuleManager: Shutting down and abandoning module AndroidPermission (556)
[2025.04.09-01.43.48:117][587]LogModuleManager: Shutting down and abandoning module ActorLayerUtilitiesEditor (554)
[2025.04.09-01.43.48:118][587]LogModuleManager: Shutting down and abandoning module ActorLayerUtilities (552)
[2025.04.09-01.43.48:118][587]LogModuleManager: Shutting down and abandoning module TemplateSequence (550)
[2025.04.09-01.43.48:118][587]LogModuleManager: Shutting down and abandoning module MediaCompositing (548)
[2025.04.09-01.43.48:118][587]LogModuleManager: Shutting down and abandoning module ImgMedia (546)
[2025.04.09-01.43.48:118][587]LogModuleManager: Shutting down and abandoning module OpenImageDenoise (544)
[2025.04.09-01.43.48:118][587]LogOpenImageDenoise: OIDN shutting down
[2025.04.09-01.43.48:119][587]LogModuleManager: Shutting down and abandoning module MotoSynthEditor (542)
[2025.04.09-01.43.48:119][587]LogModuleManager: Shutting down and abandoning module MotoSynth (540)
[2025.04.09-01.43.48:119][587]LogModuleManager: Shutting down and abandoning module MeshConversion (538)
[2025.04.09-01.43.48:120][587]LogModuleManager: Shutting down and abandoning module DynamicMesh (536)
[2025.04.09-01.43.48:122][587]LogModuleManager: Shutting down and abandoning module GeometryAlgorithms (534)
[2025.04.09-01.43.48:123][587]LogModuleManager: Shutting down and abandoning module GeometricObjects (532)
[2025.04.09-01.43.48:124][587]LogModuleManager: Shutting down and abandoning module GeometryCollectionTracks (530)
[2025.04.09-01.43.48:124][587]LogModuleManager: Shutting down and abandoning module GeometryCollectionSequencer (529)
[2025.04.09-01.43.48:124][587]LogModuleManager: Shutting down and abandoning module GeometryCollectionEditor (526)
[2025.04.09-01.43.48:124][587]LogModuleManager: Shutting down and abandoning module GeometryCacheTracks (524)
[2025.04.09-01.43.48:124][587]LogModuleManager: Shutting down and abandoning module GeometryCacheStreamer (522)
[2025.04.09-01.43.48:124][587]LogModuleManager: Shutting down and abandoning module GeometryCacheSequencer (520)
[2025.04.09-01.43.48:124][587]LogModuleManager: Shutting down and abandoning module MagicLeapSharedWorld (518)
[2025.04.09-01.43.48:124][587]LogModuleManager: Shutting down and abandoning module MagicLeapLightEstimation (516)
[2025.04.09-01.43.48:124][587]LogModuleManager: Shutting down and abandoning module MagicLeapHelperVulkan (514)
[2025.04.09-01.43.48:124][587]LogModuleManager: Shutting down and abandoning module MagicLeapHelperOpenGL (512)
[2025.04.09-01.43.48:125][587]LogModuleManager: Shutting down and abandoning module MagicLeapAudio (510)
[2025.04.09-01.43.48:125][587]LogModuleManager: Shutting down and abandoning module ChaosSolverEditor (508)
[2025.04.09-01.43.48:125][587]LogModuleManager: Shutting down and abandoning module ChaosNiagara (506)
[2025.04.09-01.43.48:125][587]LogModuleManager: Shutting down and abandoning module FractureEditor (504)
[2025.04.09-01.43.48:125][587]LogModuleManager: Shutting down and abandoning module FieldSystemEngine (503)
[2025.04.09-01.43.48:125][587]LogModuleManager: Shutting down and abandoning module ChaosClothEditor (500)
[2025.04.09-01.43.48:127][587]LogModuleManager: Shutting down and abandoning module BackChannel (498)
[2025.04.09-01.43.48:127][587]LogModuleManager: Shutting down and abandoning module AutomationUtilsEditor (496)
[2025.04.09-01.43.48:127][587]LogModuleManager: Shutting down and abandoning module AutomationUtils (494)
[2025.04.09-01.43.48:127][587]LogModuleManager: Shutting down and abandoning module AlembicImporter (492)
[2025.04.09-01.43.48:127][587]LogModuleManager: Shutting down and abandoning module AlembicLibrary (491)
[2025.04.09-01.43.48:128][587]LogModuleManager: Shutting down and abandoning module GeometryCache (490)
[2025.04.09-01.43.48:128][587]LogModuleManager: Shutting down and abandoning module GeometryCacheEd (489)
[2025.04.09-01.43.48:128][587]LogModuleManager: Shutting down and abandoning module SpeedTreeImporter (484)
[2025.04.09-01.43.48:128][587]LogModuleManager: Shutting down and abandoning module NiagaraEditorWidgets (482)
[2025.04.09-01.43.48:134][587]LogModuleManager: Shutting down and abandoning module PluginBrowser (480)
[2025.04.09-01.43.48:136][587]LogModuleManager: Shutting down and abandoning module MobileLauncherProfileWizard (478)
[2025.04.09-01.43.48:138][587]LogModuleManager: Shutting down and abandoning module MaterialAnalyzer (476)
[2025.04.09-01.43.48:140][587]LogModuleManager: Shutting down and abandoning module CurveEditorTools (474)
[2025.04.09-01.43.48:141][587]LogModuleManager: Shutting down and abandoning module CryptoKeysOpenSSL (472)
[2025.04.09-01.43.48:141][587]LogModuleManager: Shutting down and abandoning module CryptoKeys (470)
[2025.04.09-01.43.48:141][587]LogModuleManager: Shutting down and abandoning module VariantManagerContentEditor (468)
[2025.04.09-01.43.48:141][587]LogModuleManager: Shutting down and abandoning module DatasmithContentEditor (466)
[2025.04.09-01.43.48:142][587]LogModuleManager: Shutting down and abandoning module VisualStudioSourceCodeAccess (464)
[2025.04.09-01.43.48:142][587]LogModuleManager: Shutting down and abandoning module VisualStudioCodeSourceCodeAccess (462)
[2025.04.09-01.43.48:142][587]LogModuleManager: Shutting down and abandoning module UObjectPlugin (460)
[2025.04.09-01.43.48:142][587]LogModuleManager: Shutting down and abandoning module SubversionSourceControl (458)
[2025.04.09-01.43.48:145][587]LogModuleManager: Shutting down and abandoning module RiderSourceCodeAccess (456)
[2025.04.09-01.43.48:146][587]LogModuleManager: Shutting down and abandoning module PluginUtils (454)
[2025.04.09-01.43.48:146][587]LogModuleManager: Shutting down and abandoning module PlasticSourceControl (452)
[2025.04.09-01.43.48:150][587]LogModuleManager: Shutting down and abandoning module PerforceSourceControl (450)
[2025.04.09-01.43.48:152][587]LogModuleManager: Shutting down and abandoning module GitSourceControl (448)
[2025.04.09-01.43.48:155][587]LogModuleManager: Shutting down and abandoning module SourceControl (447)
[2025.04.09-01.43.48:156][587]LogModuleManager: Shutting down and abandoning module CLionSourceCodeAccess (444)
[2025.04.09-01.43.48:157][587]LogModuleManager: Shutting down and abandoning module AnimationSharingEd (442)
[2025.04.09-01.43.48:157][587]LogModuleManager: Shutting down and abandoning module OodleNetworkHandlerComponent (440)
[2025.04.09-01.43.48:157][587]LogModuleManager: Shutting down and abandoning module LightPropagationVolumeEditor (438)
[2025.04.09-01.43.48:157][587]LogModuleManager: Shutting down and abandoning module LiveLinkSequencer (436)
[2025.04.09-01.43.48:157][587]LogModuleManager: Shutting down and abandoning module LiveLinkMovieScene (434)
[2025.04.09-01.43.48:158][587]LogModuleManager: Shutting down and abandoning module LiveLinkGraphNode (432)
[2025.04.09-01.43.48:158][587]LogModuleManager: Shutting down and abandoning module LiveLinkEditor (430)
[2025.04.09-01.43.48:160][587]LogModuleManager: Shutting down and abandoning module LiveLinkComponents (428)
[2025.04.09-01.43.48:160][587]LogModuleManager: Shutting down and abandoning module LiveLink (426)
[2025.04.09-01.43.48:479][587]LogModuleManager: Shutting down and abandoning module PaperTiledImporter (424)
[2025.04.09-01.43.48:479][587]LogModuleManager: Shutting down and abandoning module PaperSpriteSheetImporter (422)
[2025.04.09-01.43.48:480][587]LogModuleManager: Shutting down and abandoning module Paper2DEditor (420)
[2025.04.09-01.43.48:481][587]LogModuleManager: Shutting down and abandoning module MeshPaintingToolset (418)
[2025.04.09-01.43.48:482][587]LogModuleManager: Shutting down and abandoning module MeshPaintEditorMode (416)
[2025.04.09-01.43.48:483][587]LogModuleManager: Shutting down and abandoning module TopDownPuzzle (414)
[2025.04.09-01.43.48:484][587]LogModuleManager: Shutting down and abandoning module AnimGraph (413)
[2025.04.09-01.43.48:485][587]LogModuleManager: Shutting down and abandoning module RuntimePhysXCooking (410)
[2025.04.09-01.43.48:485][587]LogModuleManager: Shutting down and abandoning module SoundFields (408)
[2025.04.09-01.43.48:485][587]LogModuleManager: Shutting down and abandoning module SignificanceManager (406)
[2025.04.09-01.43.48:485][587]LogModuleManager: Shutting down and abandoning module PropertyAccessEditor (404)
[2025.04.09-01.43.48:485][587]LogModuleManager: Shutting down and abandoning module PhysXVehiclesEditor (402)
[2025.04.09-01.43.48:485][587]LogModuleManager: Shutting down and abandoning module LocationServicesBPLibrary (398)
[2025.04.09-01.43.48:486][587]LogModuleManager: Shutting down and abandoning module AudioSynesthesia (396)
[2025.04.09-01.43.48:486][587]LogModuleManager: Shutting down and abandoning module AudioSynesthesiaCore (394)
[2025.04.09-01.43.48:486][587]LogModuleManager: Shutting down and abandoning module ActorSequence (392)
[2025.04.09-01.43.48:486][587]LogModuleManager: Shutting down and abandoning module UdpMessaging (390)
[2025.04.09-01.43.48:588][587]LogModuleManager: Shutting down and abandoning module TcpMessaging (388)
[2025.04.09-01.43.48:689][587]LogModuleManager: Shutting down and abandoning module ImgMediaEngine (386)
[2025.04.09-01.43.48:689][587]LogModuleManager: Shutting down and abandoning module PythonScriptPlugin (384)
[2025.04.09-01.43.48:689][587]LogModuleManager: Shutting down and abandoning module MagicLeapARPin (382)
[2025.04.09-01.43.48:689][587]LogModuleManager: Shutting down and abandoning module MagicLeapHandMeshing (380)
[2025.04.09-01.43.48:690][587]LogModuleManager: Shutting down and abandoning module MagicLeapSecureStorage (378)
[2025.04.09-01.43.48:690][587]LogModuleManager: Shutting down and abandoning module MagicLeapPrivileges (376)
[2025.04.09-01.43.48:691][587]LogModuleManager: Shutting down and abandoning module MagicLeapPlanes (374)
[2025.04.09-01.43.48:691][587]LogMagicLeapPlanes: Planes tracker already destroyed.
[2025.04.09-01.43.48:691][587]LogModuleManager: Shutting down and abandoning module MagicLeapImageTracker (372)
[2025.04.09-01.43.48:692][587]LogModuleManager: Shutting down and abandoning module MagicLeapIdentity (370)
[2025.04.09-01.43.48:692][587]LogModuleManager: Shutting down and abandoning module MagicLeapHandTracking (368)
[2025.04.09-01.43.48:692][587]LogModuleManager: Shutting down and abandoning module MagicLeapEyeTracker (366)
[2025.04.09-01.43.48:692][587]LogModuleManager: Shutting down and abandoning module MagicLeapController (364)
[2025.04.09-01.43.48:693][587]LogModuleManager: Shutting down and abandoning module MagicLeapARPinImpl (362)
[2025.04.09-01.43.48:693][587]LogModuleManager: Shutting down and abandoning module MagicLeapAR (360)
[2025.04.09-01.43.48:693][587]LogModuleManager: Shutting down and abandoning module NiagaraAnimNotifies (358)
[2025.04.09-01.43.48:693][587]LogModuleManager: Shutting down and abandoning module Niagara (356)
[2025.04.09-01.43.48:696][587]LogModuleManager: Shutting down and abandoning module SignalProcessing (355)
[2025.04.09-01.43.48:699][587]LogModuleManager: Shutting down and abandoning module NiagaraEditor (353)
[2025.04.09-01.43.48:703][587]LogModuleManager: Shutting down and abandoning module NiagaraCore (350)
[2025.04.09-01.43.48:703][587]LogModuleManager: Shutting down and abandoning module GameplayTagsEditor (348)
[2025.04.09-01.43.48:704][587]LogModuleManager: Shutting down and abandoning module FacialAnimationEditor (346)
[2025.04.09-01.43.48:704][587]LogModuleManager: Shutting down and abandoning module FacialAnimation (344)
[2025.04.09-01.43.48:704][587]LogModuleManager: Shutting down and abandoning module DataValidation (342)
[2025.04.09-01.43.48:704][587]LogModuleManager: Shutting down and abandoning module AssetManagerEditor (340)
[2025.04.09-01.43.48:706][587]LogModuleManager: Shutting down and abandoning module LevelEditor (339)
[2025.04.09-01.43.48:733][587]LogModuleManager: Shutting down and abandoning module PixelInspectorModule (338)
[2025.04.09-01.43.48:734][587]LogModuleManager: Shutting down and abandoning module CommonMenuExtensions (336)
[2025.04.09-01.43.48:736][587]LogModuleManager: Shutting down and abandoning module MainFrame (334)
[2025.04.09-01.43.48:736][587]LogModuleManager: Shutting down and abandoning module HotReload (333)
[2025.04.09-01.43.48:739][587]LogModuleManager: Shutting down and abandoning module ToolMenus (329)
[2025.04.09-01.43.48:739][587]LogModuleManager: Shutting down and abandoning module ContentBrowser (327)
[2025.04.09-01.43.48:739][587]LogModuleManager: Shutting down and abandoning module ContentBrowserData (326)
[2025.04.09-01.43.48:739][587]LogModuleManager: Shutting down and abandoning module TreeMap (323)
[2025.04.09-01.43.48:740][587]LogModuleManager: Shutting down and abandoning module PropertyAccessNode (320)
[2025.04.09-01.43.48:740][587]LogModuleManager: Shutting down and abandoning module AnimationSharing (318)
[2025.04.09-01.43.48:740][587]LogModuleManager: Shutting down and abandoning module GameplayCameras (316)
[2025.04.09-01.43.48:740][587]LogModuleManager: Shutting down and abandoning module LightPropagationVolumeRuntime (314)
[2025.04.09-01.43.48:740][587]LogModuleManager: Shutting down and abandoning module EnvironmentQueryEditor (312)
[2025.04.09-01.43.48:743][587]LogModuleManager: Shutting down and abandoning module Paper2D (310)
[2025.04.09-01.43.48:743][587]LogModuleManager: Shutting down and abandoning module WindowsMoviePlayer (308)
[2025.04.09-01.43.49:278][587]LogModuleManager: Shutting down and abandoning module WebMMoviePlayer (306)
[2025.04.09-01.43.49:278][587]LogModuleManager: Shutting down and abandoning module NetworkReplayStreaming (304)
[2025.04.09-01.43.49:279][587]LogModuleManager: Shutting down and abandoning module PacketHandler (302)
[2025.04.09-01.43.49:279][587]LogModuleManager: Shutting down and abandoning module ClothingSystemEditor (300)
[2025.04.09-01.43.49:279][587]LogModuleManager: Shutting down and abandoning module ClothingSystemRuntimeNv (298)
[2025.04.09-01.43.49:283][587]LogModuleManager: Shutting down and abandoning module MediaAssets (296)
[2025.04.09-01.43.49:283][587]LogModuleManager: Shutting down and abandoning module Overlay (294)
[2025.04.09-01.43.49:283][587]LogModuleManager: Shutting down and abandoning module OverlayEditor (293)
[2025.04.09-01.43.49:283][587]LogModuleManager: Shutting down and abandoning module VREditor (290)
[2025.04.09-01.43.49:284][587]LogModuleManager: Shutting down and abandoning module StringTableEditor (288)
[2025.04.09-01.43.49:285][587]LogModuleManager: Shutting down and abandoning module GameplayTasksEditor (286)
[2025.04.09-01.43.49:286][587]LogModuleManager: Shutting down and abandoning module BehaviorTreeEditor (284)
[2025.04.09-01.43.49:288][587]LogModuleManager: Shutting down and abandoning module FunctionalTesting (282)
[2025.04.09-01.43.49:288][587]LogModuleManager: Shutting down and abandoning module CollisionAnalyzer (280)
[2025.04.09-01.43.49:291][587]LogModuleManager: Shutting down and abandoning module WorkspaceMenuStructure (279)
[2025.04.09-01.43.49:296][587]LogModuleManager: Shutting down and abandoning module UMG (276)
[2025.04.09-01.43.49:296][587]LogModuleManager: Shutting down and abandoning module UMGEditor (275)
[2025.04.09-01.43.49:297][587]LogModuleManager: Shutting down and abandoning module MessageLog (273)
[2025.04.09-01.43.49:297][587]LogModuleManager: Shutting down and abandoning module SlateReflector (268)
[2025.04.09-01.43.49:305][587]LogModuleManager: Shutting down and abandoning module Slate (266)
[2025.04.09-01.43.49:305][587]LogModuleManager: Shutting down and abandoning module SlateCore (264)
[2025.04.09-01.43.49:309][587]LogModuleManager: Shutting down and abandoning module LandscapeEditorUtilities (262)
[2025.04.09-01.43.49:309][587]LogModuleManager: Shutting down and abandoning module UnrealEd (260)
[2025.04.09-01.43.49:309][587]LogModuleManager: Shutting down and abandoning module MRMesh (258)
[2025.04.09-01.43.49:309][587]LogModuleManager: Shutting down and abandoning module SourceCodeAccess (256)
[2025.04.09-01.43.49:309][587]LogModuleManager: Shutting down and abandoning module HeadMountedDisplay (254)
[2025.04.09-01.43.49:310][587]LogModuleManager: Shutting down and abandoning module XAudio2 (252)
[2025.04.09-01.43.49:310][587]LogModuleManager: Shutting down and abandoning module Networking (250)
[2025.04.09-01.43.49:310][587]LogModuleManager: Shutting down and abandoning module Core (248)
[2025.04.09-01.43.49:310][587]LogModuleManager: Shutting down and abandoning module MaterialEditor (246)
[2025.04.09-01.43.49:313][587]LogModuleManager: Shutting down and abandoning module MovieSceneTools (244)
[2025.04.09-01.43.49:314][587]LogModuleManager: Shutting down and abandoning module CurveEditor (243)
[2025.04.09-01.43.49:315][587]LogModuleManager: Shutting down and abandoning module Sequencer (241)
[2025.04.09-01.43.49:316][587]LogModuleManager: Shutting down and abandoning module EditorStyle (240)
[2025.04.09-01.43.49:330][587]LogModuleManager: Shutting down and abandoning module KismetCompiler (236)
[2025.04.09-01.43.49:330][587]LogModuleManager: Shutting down and abandoning module MeshBuilder (234)
[2025.04.09-01.43.49:331][587]LogModuleManager: Shutting down and abandoning module MeshUtilities (232)
[2025.04.09-01.43.49:332][587]LogModuleManager: Shutting down and abandoning module MeshMergeUtilities (231)
[2025.04.09-01.43.49:333][587]LogModuleManager: Shutting down and abandoning module MeshReductionInterface (230)
[2025.04.09-01.43.49:334][587]LogModuleManager: Shutting down and abandoning module MeshBoneReduction (229)
[2025.04.09-01.43.49:334][587]LogModuleManager: Shutting down and abandoning module SkeletalMeshReduction (227)
[2025.04.09-01.43.49:335][587]LogModuleManager: Shutting down and abandoning module ProxyLODMeshReduction (225)
[2025.04.09-01.43.49:343][587]LogModuleManager: Shutting down and abandoning module QuadricMeshReduction (223)
[2025.04.09-01.43.49:344][587]LogModuleManager: Shutting down and abandoning module MaterialBaking (219)
[2025.04.09-01.43.49:345][587]LogModuleManager: Shutting down and abandoning module NullInstallBundleManager (214)
[2025.04.09-01.43.49:345][587]LogModuleManager: Shutting down and abandoning module DerivedDataCache (212)
[2025.04.09-01.43.49:345][587]LogModuleManager: Shutting down and abandoning module TargetPlatform (210)
[2025.04.09-01.43.49:448][587]LogModuleManager: Shutting down and abandoning module VulkanShaderFormat (209)
[2025.04.09-01.43.49:454][587]LogModuleManager: Shutting down and abandoning module ShaderFormatVectorVM (207)
[2025.04.09-01.43.49:455][587]LogModuleManager: Shutting down and abandoning module ShaderFormatOpenGL (205)
[2025.04.09-01.43.49:459][587]LogModuleManager: Shutting down and abandoning module ShaderFormatD3D (203)
[2025.04.09-01.43.49:461][587]LogModuleManager: Shutting down and abandoning module MetalShaderFormat (201)
[2025.04.09-01.43.49:462][587]LogModuleManager: Shutting down and abandoning module TextureFormatOodle (199)
[2025.04.09-01.43.49:463][587]LogModuleManager: Shutting down and abandoning module TextureFormatUncompressed (197)
[2025.04.09-01.43.49:463][587]LogModuleManager: Shutting down and abandoning module TextureFormatPVR (195)
[2025.04.09-01.43.49:463][587]LogModuleManager: Shutting down and abandoning module TextureFormatETC2 (193)
[2025.04.09-01.43.49:463][587]LogModuleManager: Shutting down and abandoning module TextureFormatDXT (191)
[2025.04.09-01.43.49:463][587]LogModuleManager: Shutting down and abandoning module TextureFormatIntelISPCTexComp (189)
[2025.04.09-01.43.49:466][587]LogModuleManager: Shutting down and abandoning module TextureFormatASTC (187)
[2025.04.09-01.43.49:466][587]LogModuleManager: Shutting down and abandoning module ImageWrapper (186)
[2025.04.09-01.43.49:466][587]LogModuleManager: Shutting down and abandoning module AudioFormatOpus (183)
[2025.04.09-01.43.49:467][587]LogModuleManager: Shutting down and abandoning module AudioFormatOgg (181)
[2025.04.09-01.43.49:467][587]LogModuleManager: Shutting down and abandoning module AudioFormatADPCM (179)
[2025.04.09-01.43.49:467][587]LogModuleManager: Shutting down and abandoning module WindowsServerTargetPlatform (177)
[2025.04.09-01.43.49:468][587]LogModuleManager: Shutting down and abandoning module WindowsClientTargetPlatform (175)
[2025.04.09-01.43.49:469][587]LogModuleManager: Shutting down and abandoning module WindowsTargetPlatform (173)
[2025.04.09-01.43.49:469][587]LogModuleManager: Shutting down and abandoning module WindowsNoEditorTargetPlatform (171)
[2025.04.09-01.43.49:469][587]LogModuleManager: Shutting down and abandoning module TVOSTargetPlatform (169)
[2025.04.09-01.43.49:821][587]LogModuleManager: Shutting down and abandoning module MacServerTargetPlatform (167)
[2025.04.09-01.43.49:821][587]LogModuleManager: Shutting down and abandoning module MacClientTargetPlatform (165)
[2025.04.09-01.43.49:821][587]LogModuleManager: Shutting down and abandoning module MacTargetPlatform (163)
[2025.04.09-01.43.49:822][587]LogModuleManager: Shutting down and abandoning module MacNoEditorTargetPlatform (161)
[2025.04.09-01.43.49:822][587]LogModuleManager: Shutting down and abandoning module LuminTargetPlatform (159)
[2025.04.09-01.43.50:126][587]LogModuleManager: Shutting down and abandoning module LinuxAArch64ServerTargetPlatform (157)
[2025.04.09-01.43.50:127][587]LogModuleManager: Shutting down and abandoning module LinuxAArch64ClientTargetPlatform (155)
[2025.04.09-01.43.50:127][587]LogModuleManager: Shutting down and abandoning module LinuxAArch64NoEditorTargetPlatform (153)
[2025.04.09-01.43.50:127][587]LogModuleManager: Shutting down and abandoning module LinuxServerTargetPlatform (151)
[2025.04.09-01.43.50:139][587]LogModuleManager: Shutting down and abandoning module LinuxClientTargetPlatform (149)
[2025.04.09-01.43.50:139][587]LogModuleManager: Shutting down and abandoning module LinuxNoEditorTargetPlatform (147)
[2025.04.09-01.43.50:140][587]LogModuleManager: Shutting down and abandoning module LinuxTargetPlatform (145)
[2025.04.09-01.43.50:140][587]LogModuleManager: Shutting down and abandoning module Messaging (143)
[2025.04.09-01.43.50:140][587]LogModuleManager: Shutting down and abandoning module IOSTargetPlatform (141)
[2025.04.09-01.43.50:218][587]LogModuleManager: Shutting down and abandoning module AndroidTargetPlatform (139)
[2025.04.09-01.43.50:463][587]LogModuleManager: Shutting down and abandoning module AllDesktopTargetPlatform (137)
[2025.04.09-01.43.50:463][587]LogModuleManager: Shutting down and abandoning module D3D11RHI (134)
[2025.04.09-01.43.50:463][587]LogModuleManager: Shutting down and abandoning module InputCore (132)
[2025.04.09-01.43.50:464][587]LogModuleManager: Shutting down and abandoning module Settings (130)
[2025.04.09-01.43.50:465][587]LogModuleManager: Shutting down and abandoning module DirectoryWatcher (128)
[2025.04.09-01.43.50:474][587]LogModuleManager: Shutting down and abandoning module PhysXCooking (126)
[2025.04.09-01.43.50:474][587]LogModuleManager: Shutting down and abandoning module Chaos (124)
[2025.04.09-01.43.50:476][587]LogModuleManager: Shutting down and abandoning module WindowsPlatformFeatures (122)
[2025.04.09-01.43.50:476][587]LogModuleManager: Shutting down and abandoning module GameplayMediaEncoder (121)
[2025.04.09-01.43.50:478][587]LogModuleManager: Shutting down and abandoning module AVEncoder (120)
[2025.04.09-01.43.50:479][587]LogModuleManager: Shutting down and abandoning module SteamVRInputDevice (116)
[2025.04.09-01.43.50:480][587]LogModuleManager: Shutting down and abandoning module SteamVRInput (114)
[2025.04.09-01.43.50:480][587]LogModuleManager: Shutting down and abandoning module SteamVR (112)
[2025.04.09-01.43.50:481][587]LogHMD: Freeing OpenVRDLLHandle.
[2025.04.09-01.43.50:481][587]LogModuleManager: Shutting down and abandoning module OculusHMD (110)
[2025.04.09-01.43.50:481][587]LogModuleManager: Shutting down and abandoning module OpenXRHandTracking (108)
[2025.04.09-01.43.50:481][587]LogSlate: Slate User Destroyed.  User Index 0, Is Virtual User: 0
[2025.04.09-01.43.50:483][587]LogModuleManager: Shutting down and abandoning module OpenXREyeTracker (106)
[2025.04.09-01.43.50:483][587]LogModuleManager: Shutting down and abandoning module OpenXRAR (104)
[2025.04.09-01.43.50:484][587]LogModuleManager: Shutting down and abandoning module AugmentedReality (103)
[2025.04.09-01.43.50:484][587]LogModuleManager: Shutting down and abandoning module OpenXRHMD (100)
[2025.04.09-01.43.50:493][587]LogModuleManager: Shutting down and abandoning module ExampleDeviceProfileSelector (98)
[2025.04.09-01.43.50:493][587]LogModuleManager: Shutting down and abandoning module ChunkDownloader (96)
[2025.04.09-01.43.50:494][587]LogModuleManager: Shutting down and abandoning module LauncherChunkInstaller (94)
[2025.04.09-01.43.50:494][587]LogModuleManager: Shutting down and abandoning module OnlineBlueprintSupport (92)
[2025.04.09-01.43.50:494][587]LogModuleManager: Shutting down and abandoning module OnlineSubsystem (88)
[2025.04.09-01.43.50:528][587]LogModuleManager: Shutting down and abandoning module XMPP (83)
[2025.04.09-01.43.50:531][587]LogModuleManager: Shutting down and abandoning module WebSockets (82)
[2025.04.09-01.43.50:588][587]LogModuleManager: Shutting down and abandoning module HTTP (79)
[2025.04.09-01.43.50:588][587]LogHttp: Display: Http module shutting down, but needs to wait on 1 outstanding Http requests:
[2025.04.09-01.43.50:588][587]LogHttp: Display: 	verb=[POST] url=[https://datarouter.ol.epicgames.com/datarouter/api/v1/public/data?SessionID=%7B65FCBB38-48EF-0467-3A6A-3E81E9905DC3%7D&AppID=UEEditor.Rocket.Release&AppVersion=4.27.2-18319896%2B%2B%2BUE4%2BRelease-4.27&UserID=1630856f436c572332dc42bd5716ab61%7C7103b13d50da47bcb910eeb6fc950929%7C1a3351ea-d91d-494f-9b74-3a188d739225&AppEnvironment=datacollector-binary&UploadType=eteventstream] refs=[1] status=Processing
[2025.04.09-01.43.50:588][587]LogHttp: Display: cleaning up 1 outstanding Http requests.
[2025.04.09-01.43.50:619][587]LogModuleManager: Shutting down and abandoning module SSL (78)
[2025.04.09-01.43.50:667][587]LogModuleManager: Shutting down and abandoning module WmfMedia (74)
[2025.04.09-01.43.50:699][587]LogModuleManager: Shutting down and abandoning module Media (73)
[2025.04.09-01.43.50:703][587]LogModuleManager: Shutting down and abandoning module MediaInfo (72)
[2025.04.09-01.43.50:703][587]LogModuleManager: Shutting down and abandoning module ExrReaderGpu (68)
[2025.04.09-01.43.50:703][587]LogModuleManager: Shutting down and abandoning module MLSDK (66)
[2025.04.09-01.43.50:703][587]LogModuleManager: Shutting down and abandoning module MagicLeap (64)
[2025.04.09-01.43.50:703][587]LogModuleManager: Shutting down and abandoning module ChaosCloth (62)
[2025.04.09-01.43.50:704][587]LogModuleManager: Shutting down and abandoning module NiagaraVertexFactories (60)
[2025.04.09-01.43.50:704][587]LogModuleManager: Shutting down and abandoning module NiagaraShader (58)
[2025.04.09-01.43.50:704][587]LogModuleManager: Shutting down and abandoning module VariantManagerContent (56)
[2025.04.09-01.43.50:704][587]LogModuleManager: Shutting down and abandoning module DatasmithContent (54)
[2025.04.09-01.43.50:706][587]LogModuleManager: Shutting down and abandoning module PixWinPlugin (52)
[2025.04.09-01.43.50:706][587]LogModuleManager: Shutting down and abandoning module AISupportModule (50)
[2025.04.09-01.43.50:706][587]LogModuleManager: Shutting down and abandoning module DesktopPlatform (48)
[2025.04.09-01.43.50:709][587]LogModuleManager: Shutting down and abandoning module PythonScriptPluginPreload (46)
[2025.04.09-01.43.50:711][587]LogModuleManager: Shutting down and abandoning module PlatformCryptoOpenSSL (44)
[2025.04.09-01.43.50:711][587]LogModuleManager: Shutting down and abandoning module PlatformCryptoTypes (42)
[2025.04.09-01.43.50:711][587]LogModuleManager: Shutting down and abandoning module PlatformCrypto (40)
[2025.04.09-01.43.50:712][587]LogModuleManager: Shutting down and abandoning module OodleDataCompressionFormat (38)
[2025.04.09-01.43.50:724][587]LogModuleManager: Shutting down and abandoning module XGEController (36)
[2025.04.09-01.43.50:725][587]LogModuleManager: Shutting down and abandoning module AnimationModifiers (34)
[2025.04.09-01.43.50:725][587]LogModuleManager: Shutting down and abandoning module AudioEditor (32)
[2025.04.09-01.43.50:734][587]LogModuleManager: Shutting down and abandoning module PropertyEditor (31)
[2025.04.09-01.43.50:736][587]LogModuleManager: Shutting down and abandoning module TextureCompressor (28)
[2025.04.09-01.43.50:737][587]LogModuleManager: Shutting down and abandoning module RenderCore (26)
[2025.04.09-01.43.50:737][587]LogModuleManager: Shutting down and abandoning module Landscape (24)
[2025.04.09-01.43.50:738][587]LogModuleManager: Shutting down and abandoning module SlateRHIRenderer (22)
[2025.04.09-01.43.50:743][587]LogModuleManager: Shutting down and abandoning module AnimGraphRuntime (20)
[2025.04.09-01.43.50:743][587]LogModuleManager: Shutting down and abandoning module Renderer (18)
[2025.04.09-01.43.50:744][587]LogModuleManager: Shutting down and abandoning module Engine (16)
[2025.04.09-01.43.50:744][587]LogModuleManager: Shutting down and abandoning module CoreUObject (14)
[2025.04.09-01.43.50:744][587]LogModuleManager: Shutting down and abandoning module NetworkFile (12)
[2025.04.09-01.43.50:745][587]LogModuleManager: Shutting down and abandoning module CookedIterativeFile (10)
[2025.04.09-01.43.50:745][587]LogModuleManager: Shutting down and abandoning module StreamingFile (8)
[2025.04.09-01.43.50:745][587]LogModuleManager: Shutting down and abandoning module SandboxFile (6)
[2025.04.09-01.43.50:746][587]LogModuleManager: Shutting down and abandoning module PakFile (4)
[2025.04.09-01.43.50:749][587]LogModuleManager: Shutting down and abandoning module RSA (3)
[2025.04.09-01.43.50:750][587]LogContentStreaming: Display: There are 1 unreleased StreamingManagers
[2025.04.09-01.43.50:865][587]LogD3D11RHI: Shutdown
[2025.04.09-01.43.50:865][587]LogD3D11RHI: CleanupD3DDevice
[2025.04.09-01.43.51:151][587]LogExit: Exiting.
[2025.04.09-01.43.51:447][587]Log file closed, 04/08/25 21:43:51
