Log file open, 03/27/25 14:53:36
LogWindows: Failed to load 'aqProf.dll' (GetLastError=126)
LogWindows: File 'aqProf.dll' does not exist
LogWindows: Failed to load 'VtuneApi.dll' (GetLastError=126)
LogWindows: File 'VtuneApi.dll' does not exist
LogWindows: Failed to load 'VtuneApi32e.dll' (GetLastError=126)
LogWindows: File 'VtuneApi32e.dll' does not exist
LogConsoleResponse: Display: Failed to find resolution value strings in scalability ini. Falling back to default.
LogConsoleResponse: Display: Failed to find resolution value strings in scalability ini. Falling back to default.
LogInit: Display: Running engine for game: TopDownPuzzle
LogPlatformFile: Not using cached read wrapper
LogTaskGraph: Started task graph with 5 named threads and 23 total threads with 3 sets of task threads.
LogStats: Stats thread started at 0.283831
LogICUInternationalization: ICU TimeZone Detection - Raw Offset: -5:00, Platform Override: ''
LogInit: Display: Loading text-based GConfig....
LogPluginManager: Mounting plugin MeshPainting
LogPluginManager: Mounting plugin XGEController
LogPluginManager: Mounting plugin Paper2D
LogPluginManager: Mounting plugin AISupport
LogPluginManager: Mounting plugin EnvironmentQueryEditor
LogPluginManager: Mounting plugin LightPropagationVolume
LogPluginManager: Mounting plugin LiveLink
LogPluginManager: Mounting plugin CameraShakePreviewer
LogPluginManager: Mounting plugin GameplayCameras
LogPluginManager: Mounting plugin AnimationSharing
LogPluginManager: Mounting plugin CodeLiteSourceCodeAccess
LogPluginManager: Mounting plugin CLionSourceCodeAccess
LogPluginManager: Mounting plugin GitSourceControl
LogPluginManager: Mounting plugin KDevelopSourceCodeAccess
LogPluginManager: Mounting plugin NullSourceCodeAccess
LogPluginManager: Mounting plugin PerforceSourceControl
LogPluginManager: Mounting plugin PixWinPlugin
LogPluginManager: Mounting plugin PlasticSourceControl
LogPluginManager: Mounting plugin PluginUtils
LogPluginManager: Mounting plugin PropertyAccessNode
LogPluginManager: Mounting plugin RiderSourceCodeAccess
LogPluginManager: Mounting plugin SubversionSourceControl
LogPluginManager: Mounting plugin TextureFormatOodle
LogPluginManager: Mounting plugin UObjectPlugin
LogPluginManager: Mounting plugin OodleData
LogPluginManager: Mounting plugin VisualStudioCodeSourceCodeAccess
LogPluginManager: Mounting plugin VisualStudioSourceCodeAccess
LogPluginManager: Mounting plugin OodleNetwork
LogPluginManager: Mounting plugin XCodeSourceCodeAccess
LogPluginManager: Mounting plugin CryptoKeys
LogPluginManager: Mounting plugin AssetManagerEditor
LogPluginManager: Mounting plugin CurveEditorTools
LogPluginManager: Mounting plugin DataValidation
LogPluginManager: Mounting plugin FacialAnimation
LogPluginManager: Mounting plugin GeometryMode
LogPluginManager: Mounting plugin GameplayTagsEditor
LogPluginManager: Mounting plugin MacGraphicsSwitching
LogPluginManager: Mounting plugin MaterialAnalyzer
LogPluginManager: Mounting plugin MobileLauncherProfileWizard
LogPluginManager: Mounting plugin PluginBrowser
LogPluginManager: Mounting plugin SpeedTreeImporter
LogPluginManager: Mounting plugin DatasmithContent
LogPluginManager: Mounting plugin VariantManagerContent
LogPluginManager: Mounting plugin AlembicImporter
LogPluginManager: Mounting plugin AutomationUtils
LogPluginManager: Mounting plugin BackChannel
LogPluginManager: Mounting plugin ChaosCloth
LogPluginManager: Mounting plugin Niagara
LogPluginManager: Mounting plugin ChaosClothEditor
LogPluginManager: Mounting plugin ChaosEditor
LogPluginManager: Mounting plugin ChaosNiagara
LogPluginManager: Mounting plugin CharacterAI
LogPluginManager: Mounting plugin ChaosSolverPlugin
LogPluginManager: Mounting plugin LuminPlatformFeatures
LogPluginManager: Mounting plugin MagicLeap
LogPluginManager: Mounting plugin MagicLeapLightEstimation
LogPluginManager: Mounting plugin MagicLeapMedia
LogPluginManager: Mounting plugin MagicLeapPassableWorld
LogPluginManager: Mounting plugin MLSDK
LogPluginManager: Mounting plugin GeometryCache
LogPluginManager: Mounting plugin GeometryCollectionPlugin
LogPluginManager: Mounting plugin GeometryProcessing
LogPluginManager: Mounting plugin MotoSynth
LogPluginManager: Mounting plugin OpenImageDenoise
LogPluginManager: Mounting plugin PlatformCrypto
LogPluginManager: Mounting plugin PlanarCut
LogPluginManager: Mounting plugin ProxyLODPlugin
LogPluginManager: Mounting plugin PythonScriptPlugin
LogPluginManager: Mounting plugin SkeletalReduction
LogPluginManager: Mounting plugin AndroidMedia
LogPluginManager: Mounting plugin AvfMedia
LogPluginManager: Mounting plugin ImgMedia
LogPluginManager: Mounting plugin MediaCompositing
LogPluginManager: Mounting plugin MediaPlayerEditor
LogPluginManager: Mounting plugin WmfMedia
LogPluginManager: Mounting plugin WebMMedia
LogPluginManager: Mounting plugin TcpMessaging
LogPluginManager: Mounting plugin ActorSequence
LogPluginManager: Mounting plugin UdpMessaging
LogPluginManager: Mounting plugin MatineeToLevelSequence
LogPluginManager: Mounting plugin LevelSequenceEditor
LogPluginManager: Mounting plugin TemplateSequence
LogPluginManager: Mounting plugin OnlineSubsystemNull
LogPluginManager: Mounting plugin OnlineSubsystem
LogPluginManager: Mounting plugin OnlineSubsystemUtils
LogPluginManager: Mounting plugin LauncherChunkInstaller
LogPluginManager: Mounting plugin ActorLayerUtilities
LogPluginManager: Mounting plugin AndroidMoviePlayer
LogPluginManager: Mounting plugin AndroidDeviceProfileSelector
LogPluginManager: Mounting plugin AndroidPermission
LogPluginManager: Mounting plugin AppleImageUtils
LogPluginManager: Mounting plugin AppleMoviePlayer
LogPluginManager: Mounting plugin AssetTags
LogPluginManager: Mounting plugin AudioCapture
LogPluginManager: Mounting plugin ArchVisCharacter
LogPluginManager: Mounting plugin AudioSynesthesia
LogPluginManager: Mounting plugin CableComponent
LogPluginManager: Mounting plugin ChunkDownloader
LogPluginManager: Mounting plugin CustomMeshComponent
LogPluginManager: Mounting plugin EditableMesh
LogPluginManager: Mounting plugin ExampleDeviceProfileSelector
LogPluginManager: Mounting plugin ScreenshotTools
LogPluginManager: Mounting plugin GoogleCloudMessaging
LogPluginManager: Mounting plugin GooglePAD
LogPluginManager: Mounting plugin IOSDeviceProfileSelector
LogPluginManager: Mounting plugin LinuxDeviceProfileSelector
LogPluginManager: Mounting plugin LocationServicesBPLibrary
LogPluginManager: Mounting plugin MobilePatchingUtils
LogPluginManager: Mounting plugin OpenXR
LogPluginManager: Mounting plugin OpenXREyeTracker
LogPluginManager: Mounting plugin Takes
LogPluginManager: Mounting plugin OpenXRHandTracking
LogPluginManager: Mounting plugin PhysXVehicles
LogPluginManager: Mounting plugin ProceduralMeshComponent
LogPluginManager: Mounting plugin PostSplashScreen
LogPluginManager: Mounting plugin PropertyAccessEditor
LogPluginManager: Mounting plugin RuntimePhysXCooking
LogPluginManager: Mounting plugin SignificanceManager
LogPluginManager: Mounting plugin SoundFields
LogPluginManager: Mounting plugin Synthesis
LogPluginManager: Mounting plugin WebMMoviePlayer
LogPluginManager: Mounting plugin WindowsMoviePlayer
LogPluginManager: Mounting plugin ContentBrowserAssetDataSource
LogPluginManager: Mounting plugin ContentBrowserFileDataSource
LogPluginManager: Mounting plugin ContentBrowserClassDataSource
LogPluginManager: Mounting plugin OnlineSubsystemGooglePlay
LogPluginManager: Mounting plugin OnlineSubsystemIOS
LogPluginManager: Mounting plugin OculusVR
LogPluginManager: Mounting plugin SteamVR
PixWinPlugin: PIX capture plugin failed to initialize! Check that the process is launched from PIX.
LogInit: Using libcurl 7.55.1-DEV
LogInit:  - built for x86_64-pc-win32
LogInit:  - supports SSL with OpenSSL/1.1.1
LogInit:  - supports HTTP deflate (compression) using libz 1.2.8
LogInit:  - other features:
LogInit:      CURL_VERSION_SSL
LogInit:      CURL_VERSION_LIBZ
LogInit:      CURL_VERSION_IPV6
LogInit:      CURL_VERSION_ASYNCHDNS
LogInit:      CURL_VERSION_LARGEFILE
LogInit:      CURL_VERSION_IDN
LogInit:  CurlRequestOptions (configurable via config and command line):
LogInit:  - bVerifyPeer = true  - Libcurl will verify peer certificate
LogInit:  - bUseHttpProxy = false  - Libcurl will NOT use HTTP proxy
LogInit:  - bDontReuseConnections = false  - Libcurl will reuse connections
LogInit:  - MaxHostConnections = 16  - Libcurl will limit the number of connections to a host
LogInit:  - LocalHostAddr = Default
LogInit:  - BufferSize = 65536
LogOnline: OSS: Creating online subsystem instance for: NULL
LogInit: WinSock: version 1.1 (2.2), MaxSocks=32767, MaxUdp=65467
LogOnline: OSS: TryLoadSubsystemAndSetDefault: Loaded subsystem for module [NULL]
LogOculusPluginWrapper: OculusPlugin initialized successfully
LogHMD: Failed initializing OVRPlugin 1.59.0
LogInit: Build: ++UE4+Release-4.27-CL-18319896
LogInit: Engine Version: 4.27.2-18319896+++UE4+Release-4.27
LogInit: Compatible Engine Version: 4.27.0-17155196+++UE4+Release-4.27
LogInit: Net CL: 17155196
LogInit: OS: Windows 10 (Release 2009) (), CPU: Intel(R) Core(TM) i5-9300H CPU @ 2.40GHz, GPU: Intel(R) UHD Graphics 630
LogInit: Compiled (64-bit): Nov 30 2021 07:12:08
LogInit: Compiled with Visual C++: 19.24.28315.00
LogInit: Build Configuration: Development
LogInit: Branch Name: ++UE4+Release-4.27
LogInit: Command Line: 
LogInit: Base Directory: C:/Program Files/UE/UE_4.27/Engine/Binaries/Win64/
LogInit: Allocator: TBB
LogInit: Installed Engine Build: 1
LogDevObjectVersion: Number of dev versions registered: 29
LogDevObjectVersion:   Dev-Blueprints (B0D832E4-1F89-4F0D-ACCF-7EB736FD4AA2): 10
LogDevObjectVersion:   Dev-Build (E1C64328-A22C-4D53-A36C-8E866417BD8C): 0
LogDevObjectVersion:   Dev-Core (375EC13C-06E4-48FB-B500-84F0262A717E): 4
LogDevObjectVersion:   Dev-Editor (E4B068ED-F494-42E9-A231-DA0B2E46BB41): 40
LogDevObjectVersion:   Dev-Framework (CFFC743F-43B0-4480-9391-14DF171D2073): 37
LogDevObjectVersion:   Dev-Mobile (B02B49B5-BB20-44E9-A304-32B752E40360): 3
LogDevObjectVersion:   Dev-Networking (A4E4105C-59A1-49B5-A7C5-40C4547EDFEE): 0
LogDevObjectVersion:   Dev-Online (39C831C9-5AE6-47DC-9A44-9C173E1C8E7C): 0
LogDevObjectVersion:   Dev-Physics (78F01B33-EBEA-4F98-B9B4-84EACCB95AA2): 14
LogDevObjectVersion:   Dev-Platform (6631380F-2D4D-43E0-8009-CF276956A95A): 0
LogDevObjectVersion:   Dev-Rendering (12F88B9F-8875-4AFC-A67C-D90C383ABD29): 45
LogDevObjectVersion:   Dev-Sequencer (7B5AE74C-D270-4C10-A958-57980B212A5A): 13
LogDevObjectVersion:   Dev-VR (D7296918-1DD6-4BDD-9DE2-64A83CC13884): 3
LogDevObjectVersion:   Dev-LoadTimes (C2A15278-BFE7-4AFE-6C17-90FF531DF755): 1
LogDevObjectVersion:   Private-Geometry (6EACA3D4-40EC-4CC1-B786-8BED09428FC5): 3
LogDevObjectVersion:   Dev-AnimPhys (29E575DD-E0A3-4627-9D10-D276232CDCEA): 17
LogDevObjectVersion:   Dev-Anim (AF43A65D-7FD3-4947-9873-3E8ED9C1BB05): 15
LogDevObjectVersion:   Dev-ReflectionCapture (6B266CEC-1EC7-4B8F-A30B-E4D90942FC07): 1
LogDevObjectVersion:   Dev-Automation (0DF73D61-A23F-47EA-B727-89E90C41499A): 1
LogDevObjectVersion:   FortniteMain (601D1886-AC64-4F84-AA16-D3DE0DEAC7D6): 47
LogDevObjectVersion:   FortniteRelease (E7086368-6B23-4C58-8439-1B7016265E91): 1
LogDevObjectVersion:   Dev-Enterprise (9DFFBCD6-494F-0158-E221-12823C92A888): 10
LogDevObjectVersion:   Dev-Niagara (F2AED0AC-9AFE-416F-8664-AA7FFA26D6FC): 1
LogDevObjectVersion:   Dev-Destruction (174F1F0B-B4C6-45A5-B13F-2EE8D0FB917D): 10
LogDevObjectVersion:   Dev-Physics-Ext (35F94A83-E258-406C-A318-09F59610247C): 41
LogDevObjectVersion:   Dev-PhysicsMaterial-Chaos (B68FC16E-8B1B-42E2-B453-215C058844FE): 1
LogDevObjectVersion:   Dev-CineCamera (B2E18506-4273-CFC2-A54E-F4BB758BBA07): 1
LogDevObjectVersion:   Dev-VirtualProduction (64F58936-FD1B-42BA-BA96-7289D5D0FA4E): 1
LogDevObjectVersion:   Dev-MediaFramework (6F0ED827-A609-4895-9C91-998D90180EA4): 2
LogInit: Presizing for max 25165824 objects, including 0 objects not considered by GC, pre-allocating 0 bytes for permanent pool.
LogConfig: Applying CVar settings from Section [/Script/Engine.StreamingSettings] File [C:/Unreal Projects/Top-Down-Puzzle/TopDownPuzzle/Saved/Config/Windows/Engine.ini]
LogConfig: Setting CVar [[s.MinBulkDataSizeForAsyncLoading:131072]]
LogConfig: Setting CVar [[s.AsyncLoadingThreadEnabled:0]]
LogConfig: Setting CVar [[s.EventDrivenLoaderEnabled:1]]
LogConfig: Setting CVar [[s.WarnIfTimeLimitExceeded:0]]
LogConfig: Setting CVar [[s.TimeLimitExceededMultiplier:1.5]]
LogConfig: Setting CVar [[s.TimeLimitExceededMinTime:0.005]]
LogConfig: Setting CVar [[s.UseBackgroundLevelStreaming:1]]
LogConfig: Setting CVar [[s.PriorityAsyncLoadingExtraTime:15.0]]
LogConfig: Setting CVar [[s.LevelStreamingActorsUpdateTimeLimit:5.0]]
LogConfig: Setting CVar [[s.PriorityLevelStreamingActorsUpdateExtraTime:5.0]]
LogConfig: Setting CVar [[s.LevelStreamingComponentsRegistrationGranularity:10]]
LogConfig: Setting CVar [[s.UnregisterComponentsTimeLimit:1.0]]
LogConfig: Setting CVar [[s.LevelStreamingComponentsUnregistrationGranularity:5]]
LogConfig: Setting CVar [[s.FlushStreamingOnExit:1]]
LogInit: Object subsystem initialized
LogConfig: Setting CVar [[con.DebugEarlyDefault:1]]
LogConfig: Setting CVar [[r.setres:1280x720]]
[2025.03.27-18.53.37:165][  0]LogConfig: Setting CVar [[r.VSync:0]]
[2025.03.27-18.53.37:165][  0]LogConfig: Setting CVar [[r.RHICmdBypass:0]]
[2025.03.27-18.53.37:165][  0]LogConfig: Applying CVar settings from Section [/Script/Engine.RendererSettings] File [C:/Unreal Projects/Top-Down-Puzzle/TopDownPuzzle/Saved/Config/Windows/Engine.ini]
[2025.03.27-18.53.37:165][  0]LogConfig: Setting CVar [[r.GPUCrashDebugging:0]]
[2025.03.27-18.53.37:165][  0]LogConfig: Setting CVar [[r.Mobile.DisableVertexFog:1]]
[2025.03.27-18.53.37:165][  0]LogConfig: Setting CVar [[r.Shadow.CSM.MaxMobileCascades:2]]
[2025.03.27-18.53.37:165][  0]LogConfig: Setting CVar [[r.MobileMSAA:1]]
[2025.03.27-18.53.37:165][  0]LogConfig: Setting CVar [[r.Mobile.AllowDitheredLODTransition:0]]
[2025.03.27-18.53.37:165][  0]LogConfig: Setting CVar [[r.Mobile.AllowSoftwareOcclusion:0]]
[2025.03.27-18.53.37:165][  0]LogConfig: Setting CVar [[r.Mobile.VirtualTextures:0]]
[2025.03.27-18.53.37:165][  0]LogConfig: Setting CVar [[r.DiscardUnusedQuality:0]]
[2025.03.27-18.53.37:165][  0]LogConfig: Setting CVar [[r.AllowOcclusionQueries:1]]
[2025.03.27-18.53.37:165][  0]LogConfig: Setting CVar [[r.MinScreenRadiusForLights:0.030000]]
[2025.03.27-18.53.37:166][  0]LogConfig: Setting CVar [[r.MinScreenRadiusForDepthPrepass:0.030000]]
[2025.03.27-18.53.37:166][  0]LogConfig: Setting CVar [[r.MinScreenRadiusForCSMDepth:0.010000]]
[2025.03.27-18.53.37:166][  0]LogConfig: Setting CVar [[r.PrecomputedVisibilityWarning:0]]
[2025.03.27-18.53.37:166][  0]LogConfig: Setting CVar [[r.TextureStreaming:1]]
[2025.03.27-18.53.37:166][  0]LogConfig: Setting CVar [[Compat.UseDXT5NormalMaps:0]]
[2025.03.27-18.53.37:166][  0]LogConfig: Setting CVar [[r.VirtualTextures:0]]
[2025.03.27-18.53.37:166][  0]LogConfig: Setting CVar [[r.VT.EnableAutoImport:1]]
[2025.03.27-18.53.37:166][  0]LogConfig: Setting CVar [[r.VirtualTexturedLightmaps:0]]
[2025.03.27-18.53.37:166][  0]LogConfig: Setting CVar [[r.VT.TileSize:128]]
[2025.03.27-18.53.37:166][  0]LogConfig: Setting CVar [[r.VT.TileBorderSize:4]]
[2025.03.27-18.53.37:166][  0]LogConfig: Setting CVar [[r.vt.FeedbackFactor:16]]
[2025.03.27-18.53.37:166][  0]LogConfig: Setting CVar [[r.VT.EnableCompressZlib:1]]
[2025.03.27-18.53.37:166][  0]LogConfig: Setting CVar [[r.VT.EnableCompressCrunch:0]]
[2025.03.27-18.53.37:166][  0]LogConfig: Setting CVar [[r.ClearCoatNormal:0]]
[2025.03.27-18.53.37:166][  0]LogConfig: Setting CVar [[r.ReflectionCaptureResolution:128]]
[2025.03.27-18.53.37:166][  0]LogConfig: Setting CVar [[r.Mobile.ReflectionCaptureCompression:0]]
[2025.03.27-18.53.37:166][  0]LogConfig: Setting CVar [[r.ReflectionEnvironmentLightmapMixBasedOnRoughness:1]]
[2025.03.27-18.53.37:166][  0]LogConfig: Setting CVar [[r.ForwardShading:0]]
[2025.03.27-18.53.37:166][  0]LogConfig: Setting CVar [[r.VertexFoggingForOpaque:1]]
[2025.03.27-18.53.37:166][  0]LogConfig: Setting CVar [[r.AllowStaticLighting:1]]
[2025.03.27-18.53.37:166][  0]LogConfig: Setting CVar [[r.NormalMapsForStaticLighting:0]]
[2025.03.27-18.53.37:166][  0]LogConfig: Setting CVar [[r.GenerateMeshDistanceFields:0]]
[2025.03.27-18.53.37:166][  0]LogConfig: Setting CVar [[r.DistanceFieldBuild.EightBit:0]]
[2025.03.27-18.53.37:166][  0]LogConfig: Setting CVar [[r.GenerateLandscapeGIData:0]]
[2025.03.27-18.53.37:166][  0]LogConfig: Setting CVar [[r.DistanceFieldBuild.Compress:0]]
[2025.03.27-18.53.37:166][  0]LogConfig: Setting CVar [[r.TessellationAdaptivePixelsPerTriangle:48.000000]]
[2025.03.27-18.53.37:166][  0]LogConfig: Setting CVar [[r.SeparateTranslucency:1]]
[2025.03.27-18.53.37:166][  0]LogConfig: Setting CVar [[r.TranslucentSortPolicy:0]]
[2025.03.27-18.53.37:166][  0]LogConfig: Setting CVar [[vr.VRS.HMDFixedFoveationLevel:0]]
[2025.03.27-18.53.37:166][  0]LogConfig: Setting CVar [[r.CustomDepth:1]]
[2025.03.27-18.53.37:166][  0]LogConfig: Setting CVar [[r.CustomDepthTemporalAAJitter:1]]
[2025.03.27-18.53.37:166][  0]LogConfig: Setting CVar [[r.PostProcessing.PropagateAlpha:0]]
[2025.03.27-18.53.37:166][  0]LogConfig: Setting CVar [[r.DefaultFeature.Bloom:1]]
[2025.03.27-18.53.37:166][  0]LogConfig: Setting CVar [[r.DefaultFeature.AmbientOcclusion:1]]
[2025.03.27-18.53.37:166][  0]LogConfig: Setting CVar [[r.DefaultFeature.AmbientOcclusionStaticFraction:1]]
[2025.03.27-18.53.37:166][  0]LogConfig: Setting CVar [[r.DefaultFeature.AutoExposure:0]]
[2025.03.27-18.53.37:166][  0]LogConfig: Setting CVar [[r.DefaultFeature.AutoExposure.Method:0]]
[2025.03.27-18.53.37:166][  0]LogConfig: Setting CVar [[r.DefaultFeature.AutoExposure.Bias:1.000000]]
[2025.03.27-18.53.37:166][  0]LogConfig: Setting CVar [[r.DefaultFeature.AutoExposure.ExtendDefaultLuminanceRange:0]]
[2025.03.27-18.53.37:166][  0]LogConfig: Setting CVar [[r.UsePreExposure:1]]
[2025.03.27-18.53.37:166][  0]LogConfig: Setting CVar [[r.EyeAdaptation.EditorOnly:0]]
[2025.03.27-18.53.37:166][  0]LogConfig: Setting CVar [[r.DefaultFeature.MotionBlur:0]]
[2025.03.27-18.53.37:166][  0]LogConfig: Setting CVar [[r.DefaultFeature.LensFlare:0]]
[2025.03.27-18.53.37:166][  0]LogConfig: Setting CVar [[r.TemporalAA.Upsampling:0]]
[2025.03.27-18.53.37:166][  0]LogConfig: Setting CVar [[r.SSGI.Enable:0]]
[2025.03.27-18.53.37:166][  0]LogConfig: Setting CVar [[r.DefaultFeature.AntiAliasing:0]]
[2025.03.27-18.53.37:166][  0]LogConfig: Setting CVar [[r.DefaultFeature.LightUnits:1]]
[2025.03.27-18.53.37:166][  0]LogConfig: Setting CVar [[r.DefaultBackBufferPixelFormat:4]]
[2025.03.27-18.53.37:166][  0]LogConfig: Setting CVar [[r.Shadow.UnbuiltPreviewInGame:1]]
[2025.03.27-18.53.37:166][  0]LogConfig: Setting CVar [[r.StencilForLODDither:0]]
[2025.03.27-18.53.37:166][  0]LogConfig: Setting CVar [[r.EarlyZPass:3]]
[2025.03.27-18.53.37:166][  0]LogConfig: Setting CVar [[r.EarlyZPassOnlyMaterialMasking:0]]
[2025.03.27-18.53.37:166][  0]LogConfig: Setting CVar [[r.DBuffer:1]]
[2025.03.27-18.53.37:166][  0]LogConfig: Setting CVar [[r.ClearSceneMethod:1]]
[2025.03.27-18.53.37:166][  0]LogConfig: Setting CVar [[r.BasePassOutputsVelocity:0]]
[2025.03.27-18.53.37:166][  0]LogConfig: Setting CVar [[r.VertexDeformationOutputsVelocity:0]]
[2025.03.27-18.53.37:166][  0]LogConfig: Setting CVar [[r.SelectiveBasePassOutputs:0]]
[2025.03.27-18.53.37:166][  0]LogConfig: Setting CVar [[fx.GPUSimulationTextureSizeX:1024]]
[2025.03.27-18.53.37:166][  0]LogConfig: Setting CVar [[fx.GPUSimulationTextureSizeY:1024]]
[2025.03.27-18.53.37:166][  0]LogConfig: Setting CVar [[r.AllowGlobalClipPlane:0]]
[2025.03.27-18.53.37:166][  0]LogConfig: Setting CVar [[r.GBufferFormat:1]]
[2025.03.27-18.53.37:166][  0]LogConfig: Setting CVar [[r.MorphTarget.Mode:1]]
[2025.03.27-18.53.37:166][  0]LogConfig: Setting CVar [[vr.InstancedStereo:0]]
[2025.03.27-18.53.37:166][  0]LogConfig: Setting CVar [[r.MobileHDR:1]]
[2025.03.27-18.53.37:166][  0]LogConfig: Setting CVar [[vr.MobileMultiView:0]]
[2025.03.27-18.53.37:166][  0]LogConfig: Setting CVar [[r.Mobile.UseHWsRGBEncoding:0]]
[2025.03.27-18.53.37:166][  0]LogConfig: Setting CVar [[vr.RoundRobinOcclusion:0]]
[2025.03.27-18.53.37:166][  0]LogConfig: Setting CVar [[vr.ODSCapture:0]]
[2025.03.27-18.53.37:166][  0]LogConfig: Setting CVar [[r.MeshStreaming:0]]
[2025.03.27-18.53.37:166][  0]LogConfig: Setting CVar [[r.WireframeCullThreshold:5.000000]]
[2025.03.27-18.53.37:166][  0]LogConfig: Setting CVar [[r.RayTracing:0]]
[2025.03.27-18.53.37:166][  0]LogConfig: Setting CVar [[r.RayTracing.UseTextureLod:0]]
[2025.03.27-18.53.37:166][  0]LogConfig: Setting CVar [[r.SupportStationarySkylight:1]]
[2025.03.27-18.53.37:166][  0]LogConfig: Setting CVar [[r.SupportLowQualityLightmaps:1]]
[2025.03.27-18.53.37:166][  0]LogConfig: Setting CVar [[r.SupportPointLightWholeSceneShadows:1]]
[2025.03.27-18.53.37:166][  0]LogConfig: Setting CVar [[r.SupportAtmosphericFog:1]]
[2025.03.27-18.53.37:166][  0]LogConfig: Setting CVar [[r.SupportSkyAtmosphere:1]]
[2025.03.27-18.53.37:166][  0]LogConfig: Setting CVar [[r.SupportSkyAtmosphereAffectsHeightFog:0]]
[2025.03.27-18.53.37:166][  0]LogConfig: Setting CVar [[r.SkinCache.CompileShaders:0]]
[2025.03.27-18.53.37:166][  0]LogConfig: Setting CVar [[r.SkinCache.DefaultBehavior:1]]
[2025.03.27-18.53.37:166][  0]LogConfig: Setting CVar [[r.SkinCache.SceneMemoryLimitInMB:128.000000]]
[2025.03.27-18.53.37:166][  0]LogConfig: Setting CVar [[r.Mobile.EnableStaticAndCSMShadowReceivers:1]]
[2025.03.27-18.53.37:166][  0]LogConfig: Setting CVar [[r.Mobile.EnableMovableLightCSMShaderCulling:1]]
[2025.03.27-18.53.37:166][  0]LogConfig: Setting CVar [[r.Mobile.AllowDistanceFieldShadows:1]]
[2025.03.27-18.53.37:166][  0]LogConfig: Setting CVar [[r.Mobile.AllowMovableDirectionalLights:1]]
[2025.03.27-18.53.37:166][  0]LogConfig: Setting CVar [[r.MobileNumDynamicPointLights:4]]
[2025.03.27-18.53.37:166][  0]LogConfig: Setting CVar [[r.MobileDynamicPointLightsUseStaticBranch:1]]
[2025.03.27-18.53.37:166][  0]LogConfig: Setting CVar [[r.Mobile.EnableMovableSpotlights:0]]
[2025.03.27-18.53.37:166][  0]LogConfig: Setting CVar [[r.Mobile.EnableMovableSpotlightsShadow:0]]
[2025.03.27-18.53.37:166][  0]LogConfig: Setting CVar [[r.GPUSkin.Support16BitBoneIndex:0]]
[2025.03.27-18.53.37:166][  0]LogConfig: Setting CVar [[r.GPUSkin.Limit2BoneInfluences:0]]
[2025.03.27-18.53.37:166][  0]LogConfig: Setting CVar [[r.SupportDepthOnlyIndexBuffers:1]]
[2025.03.27-18.53.37:166][  0]LogConfig: Setting CVar [[r.SupportReversedIndexBuffers:1]]
[2025.03.27-18.53.37:167][  0]LogConfig: Setting CVar [[r.LightPropagationVolume:0]]
[2025.03.27-18.53.37:167][  0]LogConfig: Setting CVar [[r.Mobile.AmbientOcclusion:0]]
[2025.03.27-18.53.37:167][  0]LogConfig: Setting CVar [[r.GPUSkin.UnlimitedBoneInfluences:0]]
[2025.03.27-18.53.37:167][  0]LogConfig: Setting CVar [[r.GPUSkin.UnlimitedBoneInfluencesThreshold:8]]
[2025.03.27-18.53.37:167][  0]LogConfig: Setting CVar [[r.Mobile.PlanarReflectionMode:0]]
[2025.03.27-18.53.37:167][  0]LogConfig: Setting CVar [[r.Mobile.SupportsGen4TAA:0]]
[2025.03.27-18.53.37:167][  0]LogConfig: Applying CVar settings from Section [/Script/Engine.RendererOverrideSettings] File [C:/Unreal Projects/Top-Down-Puzzle/TopDownPuzzle/Saved/Config/Windows/Engine.ini]
[2025.03.27-18.53.37:167][  0]LogConfig: Applying CVar settings from Section [/Script/Engine.StreamingSettings] File [C:/Unreal Projects/Top-Down-Puzzle/TopDownPuzzle/Saved/Config/Windows/Engine.ini]
[2025.03.27-18.53.37:167][  0]LogConfig: Setting CVar [[s.MinBulkDataSizeForAsyncLoading:131072]]
[2025.03.27-18.53.37:167][  0]LogConfig: Setting CVar [[s.AsyncLoadingThreadEnabled:0]]
[2025.03.27-18.53.37:167][  0]LogConfig: Setting CVar [[s.EventDrivenLoaderEnabled:1]]
[2025.03.27-18.53.37:167][  0]LogConfig: Setting CVar [[s.WarnIfTimeLimitExceeded:0]]
[2025.03.27-18.53.37:167][  0]LogConfig: Setting CVar [[s.TimeLimitExceededMultiplier:1.5]]
[2025.03.27-18.53.37:167][  0]LogConfig: Setting CVar [[s.TimeLimitExceededMinTime:0.005]]
[2025.03.27-18.53.37:167][  0]LogConfig: Setting CVar [[s.UseBackgroundLevelStreaming:1]]
[2025.03.27-18.53.37:167][  0]LogConfig: Setting CVar [[s.PriorityAsyncLoadingExtraTime:15.0]]
[2025.03.27-18.53.37:167][  0]LogConfig: Setting CVar [[s.LevelStreamingActorsUpdateTimeLimit:5.0]]
[2025.03.27-18.53.37:167][  0]LogConfig: Setting CVar [[s.PriorityLevelStreamingActorsUpdateExtraTime:5.0]]
[2025.03.27-18.53.37:167][  0]LogConfig: Setting CVar [[s.LevelStreamingComponentsRegistrationGranularity:10]]
[2025.03.27-18.53.37:167][  0]LogConfig: Setting CVar [[s.UnregisterComponentsTimeLimit:1.0]]
[2025.03.27-18.53.37:167][  0]LogConfig: Setting CVar [[s.LevelStreamingComponentsUnregistrationGranularity:5]]
[2025.03.27-18.53.37:167][  0]LogConfig: Setting CVar [[s.FlushStreamingOnExit:1]]
[2025.03.27-18.53.37:167][  0]LogConfig: Applying CVar settings from Section [/Script/Engine.GarbageCollectionSettings] File [C:/Unreal Projects/Top-Down-Puzzle/TopDownPuzzle/Saved/Config/Windows/Engine.ini]
[2025.03.27-18.53.37:167][  0]LogConfig: Setting CVar [[gc.MaxObjectsNotConsideredByGC:1]]
[2025.03.27-18.53.37:167][  0]LogConfig: Setting CVar [[gc.SizeOfPermanentObjectPool:0]]
[2025.03.27-18.53.37:167][  0]LogConfig: Setting CVar [[gc.FlushStreamingOnGC:0]]
[2025.03.27-18.53.37:167][  0]LogConfig: Setting CVar [[gc.NumRetriesBeforeForcingGC:10]]
[2025.03.27-18.53.37:167][  0]LogConfig: Setting CVar [[gc.AllowParallelGC:1]]
[2025.03.27-18.53.37:167][  0]LogConfig: Setting CVar [[gc.TimeBetweenPurgingPendingKillObjects:61.1]]
[2025.03.27-18.53.37:167][  0]LogConfig: Setting CVar [[gc.MaxObjectsInEditor:25165824]]
[2025.03.27-18.53.37:167][  0]LogConfig: Setting CVar [[gc.IncrementalBeginDestroyEnabled:1]]
[2025.03.27-18.53.37:167][  0]LogConfig: Setting CVar [[gc.CreateGCClusters:1]]
[2025.03.27-18.53.37:167][  0]LogConfig: Setting CVar [[gc.MinGCClusterSize:5]]
[2025.03.27-18.53.37:167][  0]LogConfig: Setting CVar [[gc.ActorClusteringEnabled:0]]
[2025.03.27-18.53.37:167][  0]LogConfig: Setting CVar [[gc.BlueprintClusteringEnabled:0]]
[2025.03.27-18.53.37:167][  0]LogConfig: Setting CVar [[gc.UseDisregardForGCOnDedicatedServers:0]]
[2025.03.27-18.53.37:167][  0]LogConfig: Setting CVar [[gc.MultithreadedDestructionEnabled:1]]
[2025.03.27-18.53.37:167][  0]LogConfig: Applying CVar settings from Section [/Script/Engine.NetworkSettings] File [C:/Unreal Projects/Top-Down-Puzzle/TopDownPuzzle/Saved/Config/Windows/Engine.ini]
[2025.03.27-18.53.37:167][  0]LogConfig: Applying CVar settings from Section [/Script/UnrealEd.CookerSettings] File [C:/Unreal Projects/Top-Down-Puzzle/TopDownPuzzle/Saved/Config/Windows/Engine.ini]
[2025.03.27-18.53.37:176][  0]LogConfig: Applying CVar settings from Section [ViewDistanceQuality@3] File [C:/Unreal Projects/Top-Down-Puzzle/TopDownPuzzle/Saved/Config/Windows/Scalability.ini]
[2025.03.27-18.53.37:176][  0]LogConfig: Setting CVar [[r.SkeletalMeshLODBias:0]]
[2025.03.27-18.53.37:176][  0]LogConfig: Setting CVar [[r.ViewDistanceScale:1.0]]
[2025.03.27-18.53.37:176][  0]LogConfig: Applying CVar settings from Section [AntiAliasingQuality@3] File [C:/Unreal Projects/Top-Down-Puzzle/TopDownPuzzle/Saved/Config/Windows/Scalability.ini]
[2025.03.27-18.53.37:176][  0]LogConfig: Setting CVar [[r.PostProcessAAQuality:4]]
[2025.03.27-18.53.37:176][  0]LogConfig: Applying CVar settings from Section [ShadowQuality@3] File [C:/Unreal Projects/Top-Down-Puzzle/TopDownPuzzle/Saved/Config/Windows/Scalability.ini]
[2025.03.27-18.53.37:176][  0]LogConfig: Setting CVar [[r.LightFunctionQuality:1]]
[2025.03.27-18.53.37:176][  0]LogConfig: Setting CVar [[r.ShadowQuality:5]]
[2025.03.27-18.53.37:176][  0]LogConfig: Setting CVar [[r.Shadow.CSM.MaxCascades:10]]
[2025.03.27-18.53.37:176][  0]LogConfig: Setting CVar [[r.Shadow.MaxResolution:2048]]
[2025.03.27-18.53.37:176][  0]LogConfig: Setting CVar [[r.Shadow.MaxCSMResolution:2048]]
[2025.03.27-18.53.37:176][  0]LogConfig: Setting CVar [[r.Shadow.RadiusThreshold:0.01]]
[2025.03.27-18.53.37:176][  0]LogConfig: Setting CVar [[r.Shadow.DistanceScale:1.0]]
[2025.03.27-18.53.37:176][  0]LogConfig: Setting CVar [[r.Shadow.CSM.TransitionScale:1.0]]
[2025.03.27-18.53.37:176][  0]LogConfig: Setting CVar [[r.Shadow.PreShadowResolutionFactor:1.0]]
[2025.03.27-18.53.37:176][  0]LogConfig: Setting CVar [[r.DistanceFieldShadowing:1]]
[2025.03.27-18.53.37:176][  0]LogConfig: Setting CVar [[r.DistanceFieldAO:1]]
[2025.03.27-18.53.37:176][  0]LogConfig: Setting CVar [[r.AOQuality:2]]
[2025.03.27-18.53.37:176][  0]LogConfig: Setting CVar [[r.VolumetricFog:1]]
[2025.03.27-18.53.37:176][  0]LogConfig: Setting CVar [[r.VolumetricFog.GridPixelSize:8]]
[2025.03.27-18.53.37:176][  0]LogConfig: Setting CVar [[r.VolumetricFog.GridSizeZ:128]]
[2025.03.27-18.53.37:176][  0]LogConfig: Setting CVar [[r.VolumetricFog.HistoryMissSupersampleCount:4]]
[2025.03.27-18.53.37:176][  0]LogConfig: Setting CVar [[r.LightMaxDrawDistanceScale:1]]
[2025.03.27-18.53.37:176][  0]LogConfig: Setting CVar [[r.CapsuleShadows:1]]
[2025.03.27-18.53.37:176][  0]LogConfig: Applying CVar settings from Section [PostProcessQuality@3] File [C:/Unreal Projects/Top-Down-Puzzle/TopDownPuzzle/Saved/Config/Windows/Scalability.ini]
[2025.03.27-18.53.37:176][  0]LogConfig: Setting CVar [[r.MotionBlurQuality:4]]
[2025.03.27-18.53.37:176][  0]LogConfig: Setting CVar [[r.AmbientOcclusionMipLevelFactor:0.4]]
[2025.03.27-18.53.37:176][  0]LogConfig: Setting CVar [[r.AmbientOcclusionMaxQuality:100]]
[2025.03.27-18.53.37:176][  0]LogConfig: Setting CVar [[r.AmbientOcclusionLevels:-1]]
[2025.03.27-18.53.37:176][  0]LogConfig: Setting CVar [[r.AmbientOcclusionRadiusScale:1.0]]
[2025.03.27-18.53.37:176][  0]LogConfig: Setting CVar [[r.DepthOfFieldQuality:2]]
[2025.03.27-18.53.37:176][  0]LogConfig: Setting CVar [[r.RenderTargetPoolMin:400]]
[2025.03.27-18.53.37:176][  0]LogConfig: Setting CVar [[r.LensFlareQuality:2]]
[2025.03.27-18.53.37:176][  0]LogConfig: Setting CVar [[r.SceneColorFringeQuality:1]]
[2025.03.27-18.53.37:176][  0]LogConfig: Setting CVar [[r.EyeAdaptationQuality:2]]
[2025.03.27-18.53.37:176][  0]LogConfig: Setting CVar [[r.BloomQuality:5]]
[2025.03.27-18.53.37:176][  0]LogConfig: Setting CVar [[r.FastBlurThreshold:100]]
[2025.03.27-18.53.37:176][  0]LogConfig: Setting CVar [[r.Upscale.Quality:3]]
[2025.03.27-18.53.37:176][  0]LogConfig: Setting CVar [[r.Tonemapper.GrainQuantization:1]]
[2025.03.27-18.53.37:176][  0]LogConfig: Setting CVar [[r.LightShaftQuality:1]]
[2025.03.27-18.53.37:176][  0]LogConfig: Setting CVar [[r.Filter.SizeScale:1]]
[2025.03.27-18.53.37:176][  0]LogConfig: Setting CVar [[r.Tonemapper.Quality:5]]
[2025.03.27-18.53.37:176][  0]LogConfig: Setting CVar [[r.DOF.Gather.AccumulatorQuality:1        ; higher gathering accumulator quality]]
[2025.03.27-18.53.37:176][  0]LogConfig: Setting CVar [[r.DOF.Gather.PostfilterMethod:1          ; Median3x3 postfilering method]]
[2025.03.27-18.53.37:176][  0]LogConfig: Setting CVar [[r.DOF.Gather.EnableBokehSettings:0       ; no bokeh simulation when gathering]]
[2025.03.27-18.53.37:176][  0]LogConfig: Setting CVar [[r.DOF.Gather.RingCount:4                 ; medium number of samples when gathering]]
[2025.03.27-18.53.37:176][  0]LogConfig: Setting CVar [[r.DOF.Scatter.ForegroundCompositing:1    ; additive foreground scattering]]
[2025.03.27-18.53.37:176][  0]LogConfig: Setting CVar [[r.DOF.Scatter.BackgroundCompositing:2    ; additive background scattering]]
[2025.03.27-18.53.37:176][  0]LogConfig: Setting CVar [[r.DOF.Scatter.EnableBokehSettings:1      ; bokeh simulation when scattering]]
[2025.03.27-18.53.37:176][  0]LogConfig: Setting CVar [[r.DOF.Scatter.MaxSpriteRatio:0.1         ; only a maximum of 10% of scattered bokeh]]
[2025.03.27-18.53.37:176][  0]LogConfig: Setting CVar [[r.DOF.Recombine.Quality:1                ; cheap slight out of focus]]
[2025.03.27-18.53.37:176][  0]LogConfig: Setting CVar [[r.DOF.Recombine.EnableBokehSettings:0    ; no bokeh simulation on slight out of focus]]
[2025.03.27-18.53.37:176][  0]LogConfig: Setting CVar [[r.DOF.TemporalAAQuality:1                ; more stable temporal accumulation]]
[2025.03.27-18.53.37:176][  0]LogConfig: Setting CVar [[r.DOF.Kernel.MaxForegroundRadius:0.025]]
[2025.03.27-18.53.37:176][  0]LogConfig: Setting CVar [[r.DOF.Kernel.MaxBackgroundRadius:0.025]]
[2025.03.27-18.53.37:176][  0]LogConfig: Applying CVar settings from Section [TextureQuality@3] File [C:/Unreal Projects/Top-Down-Puzzle/TopDownPuzzle/Saved/Config/Windows/Scalability.ini]
[2025.03.27-18.53.37:176][  0]LogConfig: Setting CVar [[r.Streaming.MipBias:0]]
[2025.03.27-18.53.37:176][  0]LogConfig: Setting CVar [[r.Streaming.AmortizeCPUToGPUCopy:0]]
[2025.03.27-18.53.37:176][  0]LogConfig: Setting CVar [[r.Streaming.MaxNumTexturesToStreamPerFrame:0]]
[2025.03.27-18.53.37:176][  0]LogConfig: Setting CVar [[r.Streaming.Boost:1]]
[2025.03.27-18.53.37:176][  0]LogConfig: Setting CVar [[r.MaxAnisotropy:8]]
[2025.03.27-18.53.37:176][  0]LogConfig: Setting CVar [[r.VT.MaxAnisotropy:8]]
[2025.03.27-18.53.37:176][  0]LogConfig: Setting CVar [[r.Streaming.LimitPoolSizeToVRAM:0]]
[2025.03.27-18.53.37:176][  0]LogConfig: Setting CVar [[r.Streaming.PoolSize:1000]]
[2025.03.27-18.53.37:176][  0]LogConfig: Setting CVar [[r.Streaming.MaxEffectiveScreenSize:0]]
[2025.03.27-18.53.37:176][  0]LogConfig: Applying CVar settings from Section [EffectsQuality@3] File [C:/Unreal Projects/Top-Down-Puzzle/TopDownPuzzle/Saved/Config/Windows/Scalability.ini]
[2025.03.27-18.53.37:176][  0]LogConfig: Setting CVar [[r.TranslucencyLightingVolumeDim:64]]
[2025.03.27-18.53.37:176][  0]LogConfig: Setting CVar [[r.RefractionQuality:2]]
[2025.03.27-18.53.37:176][  0]LogConfig: Setting CVar [[r.SSR.Quality:3]]
[2025.03.27-18.53.37:176][  0]LogConfig: Setting CVar [[r.SSR.HalfResSceneColor:0]]
[2025.03.27-18.53.37:176][  0]LogConfig: Setting CVar [[r.SceneColorFormat:4]]
[2025.03.27-18.53.37:176][  0]LogConfig: Setting CVar [[r.DetailMode:2]]
[2025.03.27-18.53.37:176][  0]LogConfig: Setting CVar [[r.TranslucencyVolumeBlur:1]]
[2025.03.27-18.53.37:177][  0]LogConfig: Setting CVar [[r.MaterialQualityLevel:1 ; High quality]]
[2025.03.27-18.53.37:177][  0]LogConfig: Setting CVar [[r.AnisotropicMaterials:1]]
[2025.03.27-18.53.37:177][  0]LogConfig: Setting CVar [[r.SSS.Scale:1]]
[2025.03.27-18.53.37:177][  0]LogConfig: Setting CVar [[r.SSS.SampleSet:2]]
[2025.03.27-18.53.37:177][  0]LogConfig: Setting CVar [[r.SSS.Quality:1]]
[2025.03.27-18.53.37:177][  0]LogConfig: Setting CVar [[r.SSS.HalfRes:0]]
[2025.03.27-18.53.37:177][  0]LogConfig: Setting CVar [[r.SSGI.Quality:3]]
[2025.03.27-18.53.37:177][  0]LogConfig: Setting CVar [[r.EmitterSpawnRateScale:1.0]]
[2025.03.27-18.53.37:177][  0]LogConfig: Setting CVar [[r.ParticleLightQuality:2]]
[2025.03.27-18.53.37:177][  0]LogConfig: Setting CVar [[r.SkyAtmosphere.AerialPerspectiveLUT.FastApplyOnOpaque:1 ; Always have FastSkyLUT 1 in this case to avoid wrong sky]]
[2025.03.27-18.53.37:177][  0]LogConfig: Setting CVar [[r.SkyAtmosphere.AerialPerspectiveLUT.SampleCountMaxPerSlice:4]]
[2025.03.27-18.53.37:177][  0]LogConfig: Setting CVar [[r.SkyAtmosphere.AerialPerspectiveLUT.DepthResolution:16.0]]
[2025.03.27-18.53.37:177][  0]LogConfig: Setting CVar [[r.SkyAtmosphere.FastSkyLUT:1]]
[2025.03.27-18.53.37:177][  0]LogConfig: Setting CVar [[r.SkyAtmosphere.FastSkyLUT.SampleCountMin:4.0]]
[2025.03.27-18.53.37:177][  0]LogConfig: Setting CVar [[r.SkyAtmosphere.FastSkyLUT.SampleCountMax:128.0]]
[2025.03.27-18.53.37:177][  0]LogConfig: Setting CVar [[r.SkyAtmosphere.SampleCountMin:4.0]]
[2025.03.27-18.53.37:177][  0]LogConfig: Setting CVar [[r.SkyAtmosphere.SampleCountMax:128.0]]
[2025.03.27-18.53.37:177][  0]LogConfig: Setting CVar [[r.SkyAtmosphere.TransmittanceLUT.UseSmallFormat:0]]
[2025.03.27-18.53.37:177][  0]LogConfig: Setting CVar [[r.SkyAtmosphere.TransmittanceLUT.SampleCount:10.0]]
[2025.03.27-18.53.37:177][  0]LogConfig: Setting CVar [[r.SkyAtmosphere.MultiScatteringLUT.SampleCount:15.0]]
[2025.03.27-18.53.37:177][  0]LogConfig: Setting CVar [[r.SkyLight.RealTimeReflectionCapture:1]]
[2025.03.27-18.53.37:177][  0]LogConfig: Applying CVar settings from Section [FoliageQuality@3] File [C:/Unreal Projects/Top-Down-Puzzle/TopDownPuzzle/Saved/Config/Windows/Scalability.ini]
[2025.03.27-18.53.37:177][  0]LogConfig: Setting CVar [[foliage.DensityScale:1.0]]
[2025.03.27-18.53.37:177][  0]LogConfig: Setting CVar [[grass.DensityScale:1.0]]
[2025.03.27-18.53.37:177][  0]LogConfig: Applying CVar settings from Section [ShadingQuality@3] File [C:/Unreal Projects/Top-Down-Puzzle/TopDownPuzzle/Saved/Config/Windows/Scalability.ini]
[2025.03.27-18.53.37:177][  0]LogConfig: Setting CVar [[r.HairStrands.SkyLighting.IntegrationType:2]]
[2025.03.27-18.53.37:177][  0]LogConfig: Setting CVar [[r.HairStrands.SkyAO.SampleCount:4]]
[2025.03.27-18.53.37:177][  0]LogConfig: Setting CVar [[r.HairStrands.Visibility.MSAA.SamplePerPixel:4]]
[2025.03.27-18.53.37:177][  0]LogInit: Selected Device Profile: [Windows]
[2025.03.27-18.53.37:177][  0]LogInit: Applying CVar settings loaded from the selected device profile: [Windows]
[2025.03.27-18.53.37:177][  0]LogHAL: Display: Platform has ~ 16 GB [17013329920 / 17179869184 / 16], which maps to Larger [LargestMinGB=32, LargerMinGB=12, DefaultMinGB=8, SmallerMinGB=6, SmallestMinGB=0)
[2025.03.27-18.53.37:177][  0]LogInit: Going up to parent DeviceProfile []
[2025.03.27-18.53.37:177][  0]LogConfig: Applying CVar settings from Section [ViewDistanceQuality@3] File [C:/Unreal Projects/Top-Down-Puzzle/TopDownPuzzle/Saved/Config/Windows/Scalability.ini]
[2025.03.27-18.53.37:177][  0]LogConfig: Setting CVar [[r.SkeletalMeshLODBias:0]]
[2025.03.27-18.53.37:177][  0]LogConfig: Setting CVar [[r.ViewDistanceScale:1.0]]
[2025.03.27-18.53.37:177][  0]LogConfig: Applying CVar settings from Section [AntiAliasingQuality@3] File [C:/Unreal Projects/Top-Down-Puzzle/TopDownPuzzle/Saved/Config/Windows/Scalability.ini]
[2025.03.27-18.53.37:177][  0]LogConfig: Setting CVar [[r.PostProcessAAQuality:4]]
[2025.03.27-18.53.37:177][  0]LogConfig: Applying CVar settings from Section [ShadowQuality@3] File [C:/Unreal Projects/Top-Down-Puzzle/TopDownPuzzle/Saved/Config/Windows/Scalability.ini]
[2025.03.27-18.53.37:177][  0]LogConfig: Setting CVar [[r.LightFunctionQuality:1]]
[2025.03.27-18.53.37:177][  0]LogConfig: Setting CVar [[r.ShadowQuality:5]]
[2025.03.27-18.53.37:177][  0]LogConfig: Setting CVar [[r.Shadow.CSM.MaxCascades:10]]
[2025.03.27-18.53.37:177][  0]LogConfig: Setting CVar [[r.Shadow.MaxResolution:2048]]
[2025.03.27-18.53.37:177][  0]LogConfig: Setting CVar [[r.Shadow.MaxCSMResolution:2048]]
[2025.03.27-18.53.37:177][  0]LogConfig: Setting CVar [[r.Shadow.RadiusThreshold:0.01]]
[2025.03.27-18.53.37:177][  0]LogConfig: Setting CVar [[r.Shadow.DistanceScale:1.0]]
[2025.03.27-18.53.37:177][  0]LogConfig: Setting CVar [[r.Shadow.CSM.TransitionScale:1.0]]
[2025.03.27-18.53.37:177][  0]LogConfig: Setting CVar [[r.Shadow.PreShadowResolutionFactor:1.0]]
[2025.03.27-18.53.37:177][  0]LogConfig: Setting CVar [[r.DistanceFieldShadowing:1]]
[2025.03.27-18.53.37:177][  0]LogConfig: Setting CVar [[r.DistanceFieldAO:1]]
[2025.03.27-18.53.37:177][  0]LogConfig: Setting CVar [[r.AOQuality:2]]
[2025.03.27-18.53.37:177][  0]LogConfig: Setting CVar [[r.VolumetricFog:1]]
[2025.03.27-18.53.37:177][  0]LogConfig: Setting CVar [[r.VolumetricFog.GridPixelSize:8]]
[2025.03.27-18.53.37:177][  0]LogConfig: Setting CVar [[r.VolumetricFog.GridSizeZ:128]]
[2025.03.27-18.53.37:177][  0]LogConfig: Setting CVar [[r.VolumetricFog.HistoryMissSupersampleCount:4]]
[2025.03.27-18.53.37:177][  0]LogConfig: Setting CVar [[r.LightMaxDrawDistanceScale:1]]
[2025.03.27-18.53.37:177][  0]LogConfig: Setting CVar [[r.CapsuleShadows:1]]
[2025.03.27-18.53.37:177][  0]LogConfig: Applying CVar settings from Section [PostProcessQuality@3] File [C:/Unreal Projects/Top-Down-Puzzle/TopDownPuzzle/Saved/Config/Windows/Scalability.ini]
[2025.03.27-18.53.37:177][  0]LogConfig: Setting CVar [[r.MotionBlurQuality:4]]
[2025.03.27-18.53.37:177][  0]LogConfig: Setting CVar [[r.AmbientOcclusionMipLevelFactor:0.4]]
[2025.03.27-18.53.37:177][  0]LogConfig: Setting CVar [[r.AmbientOcclusionMaxQuality:100]]
[2025.03.27-18.53.37:177][  0]LogConfig: Setting CVar [[r.AmbientOcclusionLevels:-1]]
[2025.03.27-18.53.37:177][  0]LogConfig: Setting CVar [[r.AmbientOcclusionRadiusScale:1.0]]
[2025.03.27-18.53.37:177][  0]LogConfig: Setting CVar [[r.DepthOfFieldQuality:2]]
[2025.03.27-18.53.37:177][  0]LogConfig: Setting CVar [[r.RenderTargetPoolMin:400]]
[2025.03.27-18.53.37:177][  0]LogConfig: Setting CVar [[r.LensFlareQuality:2]]
[2025.03.27-18.53.37:177][  0]LogConfig: Setting CVar [[r.SceneColorFringeQuality:1]]
[2025.03.27-18.53.37:177][  0]LogConfig: Setting CVar [[r.EyeAdaptationQuality:2]]
[2025.03.27-18.53.37:177][  0]LogConfig: Setting CVar [[r.BloomQuality:5]]
[2025.03.27-18.53.37:177][  0]LogConfig: Setting CVar [[r.FastBlurThreshold:100]]
[2025.03.27-18.53.37:177][  0]LogConfig: Setting CVar [[r.Upscale.Quality:3]]
[2025.03.27-18.53.37:177][  0]LogConfig: Setting CVar [[r.Tonemapper.GrainQuantization:1]]
[2025.03.27-18.53.37:177][  0]LogConfig: Setting CVar [[r.LightShaftQuality:1]]
[2025.03.27-18.53.37:177][  0]LogConfig: Setting CVar [[r.Filter.SizeScale:1]]
[2025.03.27-18.53.37:177][  0]LogConfig: Setting CVar [[r.Tonemapper.Quality:5]]
[2025.03.27-18.53.37:177][  0]LogConfig: Setting CVar [[r.DOF.Gather.AccumulatorQuality:1        ; higher gathering accumulator quality]]
[2025.03.27-18.53.37:177][  0]LogConfig: Setting CVar [[r.DOF.Gather.PostfilterMethod:1          ; Median3x3 postfilering method]]
[2025.03.27-18.53.37:177][  0]LogConfig: Setting CVar [[r.DOF.Gather.EnableBokehSettings:0       ; no bokeh simulation when gathering]]
[2025.03.27-18.53.37:177][  0]LogConfig: Setting CVar [[r.DOF.Gather.RingCount:4                 ; medium number of samples when gathering]]
[2025.03.27-18.53.37:177][  0]LogConfig: Setting CVar [[r.DOF.Scatter.ForegroundCompositing:1    ; additive foreground scattering]]
[2025.03.27-18.53.37:177][  0]LogConfig: Setting CVar [[r.DOF.Scatter.BackgroundCompositing:2    ; additive background scattering]]
[2025.03.27-18.53.37:177][  0]LogConfig: Setting CVar [[r.DOF.Scatter.EnableBokehSettings:1      ; bokeh simulation when scattering]]
[2025.03.27-18.53.37:177][  0]LogConfig: Setting CVar [[r.DOF.Scatter.MaxSpriteRatio:0.1         ; only a maximum of 10% of scattered bokeh]]
[2025.03.27-18.53.37:177][  0]LogConfig: Setting CVar [[r.DOF.Recombine.Quality:1                ; cheap slight out of focus]]
[2025.03.27-18.53.37:177][  0]LogConfig: Setting CVar [[r.DOF.Recombine.EnableBokehSettings:0    ; no bokeh simulation on slight out of focus]]
[2025.03.27-18.53.37:178][  0]LogConfig: Setting CVar [[r.DOF.TemporalAAQuality:1                ; more stable temporal accumulation]]
[2025.03.27-18.53.37:178][  0]LogConfig: Setting CVar [[r.DOF.Kernel.MaxForegroundRadius:0.025]]
[2025.03.27-18.53.37:178][  0]LogConfig: Setting CVar [[r.DOF.Kernel.MaxBackgroundRadius:0.025]]
[2025.03.27-18.53.37:178][  0]LogConfig: Applying CVar settings from Section [TextureQuality@3] File [C:/Unreal Projects/Top-Down-Puzzle/TopDownPuzzle/Saved/Config/Windows/Scalability.ini]
[2025.03.27-18.53.37:178][  0]LogConfig: Setting CVar [[r.Streaming.MipBias:0]]
[2025.03.27-18.53.37:178][  0]LogConfig: Setting CVar [[r.Streaming.AmortizeCPUToGPUCopy:0]]
[2025.03.27-18.53.37:178][  0]LogConfig: Setting CVar [[r.Streaming.MaxNumTexturesToStreamPerFrame:0]]
[2025.03.27-18.53.37:178][  0]LogConfig: Setting CVar [[r.Streaming.Boost:1]]
[2025.03.27-18.53.37:178][  0]LogConfig: Setting CVar [[r.MaxAnisotropy:8]]
[2025.03.27-18.53.37:178][  0]LogConfig: Setting CVar [[r.VT.MaxAnisotropy:8]]
[2025.03.27-18.53.37:178][  0]LogConfig: Setting CVar [[r.Streaming.LimitPoolSizeToVRAM:0]]
[2025.03.27-18.53.37:178][  0]LogConfig: Setting CVar [[r.Streaming.PoolSize:1000]]
[2025.03.27-18.53.37:178][  0]LogConfig: Setting CVar [[r.Streaming.MaxEffectiveScreenSize:0]]
[2025.03.27-18.53.37:178][  0]LogConfig: Applying CVar settings from Section [EffectsQuality@3] File [C:/Unreal Projects/Top-Down-Puzzle/TopDownPuzzle/Saved/Config/Windows/Scalability.ini]
[2025.03.27-18.53.37:178][  0]LogConfig: Setting CVar [[r.TranslucencyLightingVolumeDim:64]]
[2025.03.27-18.53.37:178][  0]LogConfig: Setting CVar [[r.RefractionQuality:2]]
[2025.03.27-18.53.37:178][  0]LogConfig: Setting CVar [[r.SSR.Quality:3]]
[2025.03.27-18.53.37:178][  0]LogConfig: Setting CVar [[r.SSR.HalfResSceneColor:0]]
[2025.03.27-18.53.37:178][  0]LogConfig: Setting CVar [[r.SceneColorFormat:4]]
[2025.03.27-18.53.37:178][  0]LogConfig: Setting CVar [[r.DetailMode:2]]
[2025.03.27-18.53.37:178][  0]LogConfig: Setting CVar [[r.TranslucencyVolumeBlur:1]]
[2025.03.27-18.53.37:178][  0]LogConfig: Setting CVar [[r.MaterialQualityLevel:1 ; High quality]]
[2025.03.27-18.53.37:178][  0]LogConfig: Setting CVar [[r.AnisotropicMaterials:1]]
[2025.03.27-18.53.37:178][  0]LogConfig: Setting CVar [[r.SSS.Scale:1]]
[2025.03.27-18.53.37:178][  0]LogConfig: Setting CVar [[r.SSS.SampleSet:2]]
[2025.03.27-18.53.37:178][  0]LogConfig: Setting CVar [[r.SSS.Quality:1]]
[2025.03.27-18.53.37:178][  0]LogConfig: Setting CVar [[r.SSS.HalfRes:0]]
[2025.03.27-18.53.37:178][  0]LogConfig: Setting CVar [[r.SSGI.Quality:3]]
[2025.03.27-18.53.37:178][  0]LogConfig: Setting CVar [[r.EmitterSpawnRateScale:1.0]]
[2025.03.27-18.53.37:178][  0]LogConfig: Setting CVar [[r.ParticleLightQuality:2]]
[2025.03.27-18.53.37:178][  0]LogConfig: Setting CVar [[r.SkyAtmosphere.AerialPerspectiveLUT.FastApplyOnOpaque:1 ; Always have FastSkyLUT 1 in this case to avoid wrong sky]]
[2025.03.27-18.53.37:178][  0]LogConfig: Setting CVar [[r.SkyAtmosphere.AerialPerspectiveLUT.SampleCountMaxPerSlice:4]]
[2025.03.27-18.53.37:178][  0]LogConfig: Setting CVar [[r.SkyAtmosphere.AerialPerspectiveLUT.DepthResolution:16.0]]
[2025.03.27-18.53.37:178][  0]LogConfig: Setting CVar [[r.SkyAtmosphere.FastSkyLUT:1]]
[2025.03.27-18.53.37:178][  0]LogConfig: Setting CVar [[r.SkyAtmosphere.FastSkyLUT.SampleCountMin:4.0]]
[2025.03.27-18.53.37:178][  0]LogConfig: Setting CVar [[r.SkyAtmosphere.FastSkyLUT.SampleCountMax:128.0]]
[2025.03.27-18.53.37:178][  0]LogConfig: Setting CVar [[r.SkyAtmosphere.SampleCountMin:4.0]]
[2025.03.27-18.53.37:178][  0]LogConfig: Setting CVar [[r.SkyAtmosphere.SampleCountMax:128.0]]
[2025.03.27-18.53.37:178][  0]LogConfig: Setting CVar [[r.SkyAtmosphere.TransmittanceLUT.UseSmallFormat:0]]
[2025.03.27-18.53.37:178][  0]LogConfig: Setting CVar [[r.SkyAtmosphere.TransmittanceLUT.SampleCount:10.0]]
[2025.03.27-18.53.37:178][  0]LogConfig: Setting CVar [[r.SkyAtmosphere.MultiScatteringLUT.SampleCount:15.0]]
[2025.03.27-18.53.37:178][  0]LogConfig: Setting CVar [[r.SkyLight.RealTimeReflectionCapture:1]]
[2025.03.27-18.53.37:178][  0]LogConfig: Applying CVar settings from Section [FoliageQuality@3] File [C:/Unreal Projects/Top-Down-Puzzle/TopDownPuzzle/Saved/Config/Windows/Scalability.ini]
[2025.03.27-18.53.37:178][  0]LogConfig: Setting CVar [[foliage.DensityScale:1.0]]
[2025.03.27-18.53.37:178][  0]LogConfig: Setting CVar [[grass.DensityScale:1.0]]
[2025.03.27-18.53.37:178][  0]LogConfig: Applying CVar settings from Section [ShadingQuality@3] File [C:/Unreal Projects/Top-Down-Puzzle/TopDownPuzzle/Saved/Config/Windows/Scalability.ini]
[2025.03.27-18.53.37:178][  0]LogConfig: Setting CVar [[r.HairStrands.SkyLighting.IntegrationType:2]]
[2025.03.27-18.53.37:178][  0]LogConfig: Setting CVar [[r.HairStrands.SkyAO.SampleCount:4]]
[2025.03.27-18.53.37:178][  0]LogConfig: Setting CVar [[r.HairStrands.Visibility.MSAA.SamplePerPixel:4]]
[2025.03.27-18.53.37:178][  0]LogConfig: Applying CVar settings from Section [Startup] File [../../../Engine/Config/ConsoleVariables.ini]
[2025.03.27-18.53.37:178][  0]LogConfig: Setting CVar [[net.UseAdaptiveNetUpdateFrequency:0]]
[2025.03.27-18.53.37:178][  0]LogConfig: Setting CVar [[p.chaos.AllowCreatePhysxBodies:1]]
[2025.03.27-18.53.37:178][  0]LogConfig: Setting CVar [[fx.SkipVectorVMBackendOptimizations:1]]
[2025.03.27-18.53.37:178][  0]LogConfig: Applying CVar settings from Section [ConsoleVariables] File [C:/Unreal Projects/Top-Down-Puzzle/TopDownPuzzle/Saved/Config/Windows/Engine.ini]
[2025.03.27-18.53.37:178][  0]LogConfig: Applying CVar settings from Section [ConsoleVariables] File [C:/Unreal Projects/Top-Down-Puzzle/TopDownPuzzle/Saved/Config/Windows/Editor.ini]
[2025.03.27-18.53.37:178][  0]LogInit: Computer: LAPTOP-EJ2DB2HV
[2025.03.27-18.53.37:178][  0]LogInit: User: patel
[2025.03.27-18.53.37:178][  0]LogInit: CPU Page size=4096, Cores=4
[2025.03.27-18.53.37:178][  0]LogInit: High frequency timer resolution =10.000000 MHz
[2025.03.27-18.53.37:178][  0]LogMemory: Memory total: Physical=15.8GB (16GB approx)
[2025.03.27-18.53.37:178][  0]LogMemory: Platform Memory Stats for Windows
[2025.03.27-18.53.37:179][  0]LogMemory: Process Physical Memory: 143.42 MB used, 143.42 MB peak
[2025.03.27-18.53.37:179][  0]LogMemory: Process Virtual Memory: 114.43 MB used, 114.43 MB peak
[2025.03.27-18.53.37:179][  0]LogMemory: Physical Memory: 12012.59 MB used,  4212.58 MB free, 16225.18 MB total
[2025.03.27-18.53.37:179][  0]LogMemory: Virtual Memory: 134200656.00 MB used,  17068.21 MB free, 134217728.00 MB total
[2025.03.27-18.53.37:184][  0]LogWindows: WindowsPlatformFeatures enabled
[2025.03.27-18.53.37:236][  0]LogInit: Physics initialised using underlying interface: PhysX
[2025.03.27-18.53.37:237][  0]LogInit: Using OS detected language (en-US).
[2025.03.27-18.53.37:237][  0]LogInit: Using OS detected locale (en-IN).
[2025.03.27-18.53.37:245][  0]LogTextLocalizationManager: No specific localization for 'en-US' exists, so the 'en' localization will be used.
[2025.03.27-18.53.37:438][  0]LogInit: Setting process to per monitor DPI aware
[2025.03.27-18.53.37:460][  0]LogWindowsTextInputMethodSystem: Display: IME system deactivated.
[2025.03.27-18.53.37:481][  0]LogSlate: New Slate User Created.  User Index 0, Is Virtual User: 0
[2025.03.27-18.53.37:481][  0]LogSlate: Slate User Registered.  User Index 0, Is Virtual User: 0
[2025.03.27-18.53.37:801][  0]LogD3D11RHI: Loaded GFSDK_Aftermath_Lib.x64.dll
[2025.03.27-18.53.37:873][  0]LogHMD: Failed to initialize OpenVR with code 110
[2025.03.27-18.53.37:873][  0]LogD3D11RHI: D3D11 min allowed feature level: 11_0
[2025.03.27-18.53.37:873][  0]LogD3D11RHI: D3D11 max allowed feature level: 11_0
[2025.03.27-18.53.37:873][  0]LogD3D11RHI: D3D11 adapters:
[2025.03.27-18.53.38:012][  0]LogD3D11RHI:    0. 'NVIDIA GeForce GTX 1650' (Feature Level 11_0)
[2025.03.27-18.53.38:012][  0]LogD3D11RHI:       3935/0/8112 MB DedicatedVideo/DedicatedSystem/SharedSystem, Outputs:1, VendorId:0x10de
[2025.03.27-18.53.38:078][  0]LogD3D11RHI:    1. 'Intel(R) UHD Graphics 630' (Feature Level 11_0)
[2025.03.27-18.53.38:078][  0]LogD3D11RHI:       128/0/8112 MB DedicatedVideo/DedicatedSystem/SharedSystem, Outputs:0, VendorId:0x8086
[2025.03.27-18.53.38:081][  0]LogD3D11RHI:    2. 'Microsoft Basic Render Driver' (Feature Level 11_0)
[2025.03.27-18.53.38:081][  0]LogD3D11RHI:       0/0/8112 MB DedicatedVideo/DedicatedSystem/SharedSystem, Outputs:0, VendorId:0x1414
[2025.03.27-18.53.38:081][  0]LogD3D11RHI: Chosen D3D11 Adapter:
[2025.03.27-18.53.38:081][  0]LogD3D11RHI:     Description : NVIDIA GeForce GTX 1650
[2025.03.27-18.53.38:081][  0]LogD3D11RHI:     VendorId    : 10de
[2025.03.27-18.53.38:081][  0]LogD3D11RHI:     DeviceId    : 1f91
[2025.03.27-18.53.38:081][  0]LogD3D11RHI:     SubSysId    : 85fc103c
[2025.03.27-18.53.38:081][  0]LogD3D11RHI:     Revision    : 00a1
[2025.03.27-18.53.38:081][  0]LogD3D11RHI:     DedicatedVideoMemory : 4126146560 bytes
[2025.03.27-18.53.38:081][  0]LogD3D11RHI:     DedicatedSystemMemory : 0 bytes
[2025.03.27-18.53.38:081][  0]LogD3D11RHI:     SharedSystemMemory : 8506664960 bytes
[2025.03.27-18.53.38:081][  0]LogD3D11RHI:     AdapterLuid : 0 79280
[2025.03.27-18.53.38:089][  0]LogD3D11RHI: Creating new Direct3DDevice
[2025.03.27-18.53.38:089][  0]LogD3D11RHI:     GPU DeviceId: 0x1f91 (for the marketing name, search the web for "GPU Device Id")
[2025.03.27-18.53.38:089][  0]LogWindows: EnumDisplayDevices:
[2025.03.27-18.53.38:089][  0]LogWindows:    0. 'Intel(R) UHD Graphics 630' (P:1 D:1)
[2025.03.27-18.53.38:089][  0]LogWindows:    1. 'Intel(R) UHD Graphics 630' (P:0 D:0)
[2025.03.27-18.53.38:089][  0]LogWindows:    2. 'Intel(R) UHD Graphics 630' (P:0 D:0)
[2025.03.27-18.53.38:090][  0]LogWindows:    3. 'NVIDIA GeForce GTX 1650' (P:0 D:0)
[2025.03.27-18.53.38:090][  0]LogWindows:    4. 'NVIDIA GeForce GTX 1650' (P:0 D:0)
[2025.03.27-18.53.38:090][  0]LogWindows:    5. 'NVIDIA GeForce GTX 1650' (P:0 D:0)
[2025.03.27-18.53.38:090][  0]LogWindows:    6. 'NVIDIA GeForce GTX 1650' (P:0 D:0)
[2025.03.27-18.53.38:091][  0]LogWindows: DebugString: PrimaryIsNotTheChoosenAdapter PrimaryIsNotTheChoosenAdapter PrimaryIsNotTheChoosenAdapter FoundDriverCount:4 
[2025.03.27-18.53.38:091][  0]LogD3D11RHI:     Adapter Name: NVIDIA GeForce GTX 1650
[2025.03.27-18.53.38:091][  0]LogD3D11RHI:   Driver Version: 561.19 (internal:32.0.15.6119, unified:561.19)
[2025.03.27-18.53.38:091][  0]LogD3D11RHI:      Driver Date: 11-11-2024
[2025.03.27-18.53.38:091][  0]LogRHI: Texture pool is 2754 MB (70% of 3935 MB)
[2025.03.27-18.53.38:091][  0]LogD3D11RHI: Creating D3DDevice using adapter:
[2025.03.27-18.53.38:091][  0]LogD3D11RHI:     Description : NVIDIA GeForce GTX 1650
[2025.03.27-18.53.38:091][  0]LogD3D11RHI:     VendorId    : 10de
[2025.03.27-18.53.38:091][  0]LogD3D11RHI:     DeviceId    : 1f91
[2025.03.27-18.53.38:091][  0]LogD3D11RHI:     SubSysId    : 85fc103c
[2025.03.27-18.53.38:091][  0]LogD3D11RHI:     Revision    : 00a1
[2025.03.27-18.53.38:091][  0]LogD3D11RHI:     DedicatedVideoMemory : 4126146560 bytes
[2025.03.27-18.53.38:091][  0]LogD3D11RHI:     DedicatedSystemMemory : 0 bytes
[2025.03.27-18.53.38:091][  0]LogD3D11RHI:     SharedSystemMemory : 8506664960 bytes
[2025.03.27-18.53.38:091][  0]LogD3D11RHI:     AdapterLuid : 0 79280
[2025.03.27-18.53.38:172][  0]LogD3D11RHI: RHI has support for 64 bit atomics
[2025.03.27-18.53.38:172][  0]LogD3D11RHI: Async texture creation enabled
[2025.03.27-18.53.38:172][  0]LogD3D11RHI: Array index from any shader is supported
[2025.03.27-18.53.38:192][  0]LogD3D11RHI: GPU Timing Frequency: 1000.000000 (Debug: 2 1)
[2025.03.27-18.53.38:250][  0]LogRHI: GeForceNow SDK initialized: 1
[2025.03.27-18.53.38:627][  0]LogTargetPlatformManager: Display: Loaded TargetPlatform 'AllDesktop'
[2025.03.27-18.53.38:656][  0]LogTargetPlatformManager: Display: Loaded TargetPlatform 'Android'
[2025.03.27-18.53.38:656][  0]LogTargetPlatformManager: Display: Loaded TargetPlatform 'Android_ASTC'
[2025.03.27-18.53.38:656][  0]LogTargetPlatformManager: Display: Loaded TargetPlatform 'Android_DXT'
[2025.03.27-18.53.38:656][  0]LogTargetPlatformManager: Display: Loaded TargetPlatform 'Android_ETC2'
[2025.03.27-18.53.38:656][  0]LogTargetPlatformManager: Display: Loaded TargetPlatform 'AndroidClient'
[2025.03.27-18.53.38:656][  0]LogTargetPlatformManager: Display: Loaded TargetPlatform 'Android_ASTCClient'
[2025.03.27-18.53.38:656][  0]LogTargetPlatformManager: Display: Loaded TargetPlatform 'Android_DXTClient'
[2025.03.27-18.53.38:656][  0]LogTargetPlatformManager: Display: Loaded TargetPlatform 'Android_ETC2Client'
[2025.03.27-18.53.38:656][  0]LogTargetPlatformManager: Display: Loaded TargetPlatform 'Android_Multi'
[2025.03.27-18.53.38:656][  0]LogTargetPlatformManager: Display: Loaded TargetPlatform 'Android_MultiClient'
[2025.03.27-18.53.38:682][  0]LogTargetPlatformManager: Display: Loaded TargetPlatform 'IOSClient'
[2025.03.27-18.53.38:682][  0]LogTargetPlatformManager: Display: Loaded TargetPlatform 'IOS'
[2025.03.27-18.53.38:694][  0]LogTargetPlatformManager: Display: Loaded TargetPlatform 'Linux'
[2025.03.27-18.53.38:700][  0]LogTargetPlatformManager: Display: Loaded TargetPlatform 'LinuxNoEditor'
[2025.03.27-18.53.38:706][  0]LogTargetPlatformManager: Display: Loaded TargetPlatform 'LinuxClient'
[2025.03.27-18.53.38:711][  0]LogTargetPlatformManager: Display: Loaded TargetPlatform 'LinuxServer'
[2025.03.27-18.53.38:723][  0]LogTargetPlatformManager: Display: Loaded TargetPlatform 'LinuxAArch64NoEditor'
[2025.03.27-18.53.38:729][  0]LogTargetPlatformManager: Display: Loaded TargetPlatform 'LinuxAArch64Client'
[2025.03.27-18.53.38:734][  0]LogTargetPlatformManager: Display: Loaded TargetPlatform 'LinuxAArch64Server'
[2025.03.27-18.53.38:762][  0]LogTargetPlatformManager: Display: Loaded TargetPlatform 'Lumin'
[2025.03.27-18.53.38:762][  0]LogTargetPlatformManager: Display: Loaded TargetPlatform 'LuminClient'
[2025.03.27-18.53.38:772][  0]LogTargetPlatformManager: Display: Loaded TargetPlatform 'MacNoEditor'
[2025.03.27-18.53.38:779][  0]LogTargetPlatformManager: Display: Loaded TargetPlatform 'Mac'
[2025.03.27-18.53.38:785][  0]LogTargetPlatformManager: Display: Loaded TargetPlatform 'MacClient'
[2025.03.27-18.53.38:790][  0]LogTargetPlatformManager: Display: Loaded TargetPlatform 'MacServer'
[2025.03.27-18.53.38:802][  0]LogTargetPlatformManager: Display: Loaded TargetPlatform 'TVOSClient'
[2025.03.27-18.53.38:802][  0]LogTargetPlatformManager: Display: Loaded TargetPlatform 'TVOS'
[2025.03.27-18.53.38:813][  0]LogTargetPlatformManager: Display: Loaded TargetPlatform 'WindowsNoEditor'
[2025.03.27-18.53.38:818][  0]LogTargetPlatformManager: Display: Loaded TargetPlatform 'Windows'
[2025.03.27-18.53.38:824][  0]LogTargetPlatformManager: Display: Loaded TargetPlatform 'WindowsClient'
[2025.03.27-18.53.38:831][  0]LogTargetPlatformManager: Display: Loaded TargetPlatform 'WindowsServer'
[2025.03.27-18.53.38:831][  0]LogTargetPlatformManager: Display: Building Assets For Windows
[2025.03.27-18.53.38:843][  0]LogAudioDebug: Display: Lib vorbis DLL was dynamically loaded.
[2025.03.27-18.53.39:013][  0]LogTextureFormatOodle: Display: Oodle Texture 2.9.0 init RDO Off
[2025.03.27-18.53.39:056][  0]LogRendererCore: Ray tracing is disabled. Reason: r.RayTracing=0.
[2025.03.27-18.53.39:056][  0]LogShaderCompilers: Guid format shader working directory is -18 characters bigger than the processId version (../../../../../../Unreal Projects/Top-Down-Puzzle/TopDownPuzzle/Intermediate/Shaders/WorkingDirectory/12284/).
[2025.03.27-18.53.39:057][  0]LogShaderCompilers: Cleaned the shader compiler working directory 'C:/Users/patel/AppData/Local/Temp/UnrealShaderWorkingDir/43654B284A781AB40CFEBEA2089DE409/'.
[2025.03.27-18.53.39:057][  0]LogXGEController: Cannot use XGE Controller as Incredibuild is not installed on this machine.
[2025.03.27-18.53.39:057][  0]LogShaderCompilers: Cannot use XGE Shader Compiler as Incredibuild is not installed on this machine.
[2025.03.27-18.53.39:057][  0]LogShaderCompilers: Display: Using Local Shader Compiler.
[2025.03.27-18.53.39:839][  0]LogDerivedDataCache: Display: Max Cache Size: 512 MB
[2025.03.27-18.53.39:891][  0]LogDerivedDataCache: Loaded boot cache 0.05s 95MB C:/Users/patel/AppData/Local/UnrealEngine/4.27/DerivedDataCache/Boot.ddc.
[2025.03.27-18.53.39:891][  0]LogDerivedDataCache: Display: Loaded Boot cache: C:/Users/patel/AppData/Local/UnrealEngine/4.27/DerivedDataCache/Boot.ddc
[2025.03.27-18.53.39:891][  0]LogDerivedDataCache: FDerivedDataBackendGraph:  Pak pak cache file ../../../../../../Unreal Projects/Top-Down-Puzzle/TopDownPuzzle/DerivedDataCache/DDC.ddp not found, will not use a pak cache.
[2025.03.27-18.53.39:891][  0]LogDerivedDataCache: Unable to find inner node Pak for hierarchical cache Hierarchy.
[2025.03.27-18.53.39:891][  0]LogDerivedDataCache: FDerivedDataBackendGraph:  CompressedPak pak cache file ../../../../../../Unreal Projects/Top-Down-Puzzle/TopDownPuzzle/DerivedDataCache/Compressed.ddp not found, will not use a pak cache.
[2025.03.27-18.53.39:891][  0]LogDerivedDataCache: Unable to find inner node CompressedPak for hierarchical cache Hierarchy.
[2025.03.27-18.53.39:907][  0]LogDerivedDataCache: Display: Pak cache opened for reading ../../../Engine/DerivedDataCache/Compressed.ddp.
[2025.03.27-18.53.39:907][  0]LogDerivedDataCache: FDerivedDataBackendGraph:  EnterprisePak pak cache file ../../../Enterprise/DerivedDataCache/Compressed.ddp not found, will not use a pak cache.
[2025.03.27-18.53.39:907][  0]LogDerivedDataCache: Unable to find inner node EnterprisePak for hierarchical cache Hierarchy.
[2025.03.27-18.53.39:917][  0]LogDerivedDataCache: Speed tests for C:/Users/patel/AppData/Local/UnrealEngine/Common/DerivedDataCache took 0.01 seconds
[2025.03.27-18.53.39:917][  0]LogDerivedDataCache: Display: Performance to C:/Users/patel/AppData/Local/UnrealEngine/Common/DerivedDataCache: Latency=0.05ms. RandomReadSpeed=850.58MBs, RandomWriteSpeed=108.44MBs. Assigned SpeedClass 'Local'
[2025.03.27-18.53.39:924][  0]LogDerivedDataCache: Using Local data cache path C:/Users/patel/AppData/Local/UnrealEngine/Common/DerivedDataCache: Writable
[2025.03.27-18.53.39:924][  0]LogDerivedDataCache: Shared data cache path not found in *engine.ini, will not use an Shared cache.
[2025.03.27-18.53.39:924][  0]LogDerivedDataCache: Unable to find inner node Shared for hierarchical cache Hierarchy.
[2025.03.27-18.53.39:971][  0]LogSlate: Using FreeType 2.10.0
[2025.03.27-18.53.39:972][  0]LogSlate: SlateFontServices - WITH_FREETYPE: 1, WITH_HARFBUZZ: 1
[2025.03.27-18.53.39:997][  0]LogAssetRegistry: FAssetRegistry took 0.0026 seconds to start up
[2025.03.27-18.53.40:232][  0]LogInit: Selected Device Profile: [Windows]
[2025.03.27-18.53.40:232][  0]LogInit: Active device profile: [000001525DD70700][000001525429B180 49] Windows
[2025.03.27-18.53.40:232][  0]LogInit: Profiles: [000001525DD70700][000001525429B180 49] Windows, [000001525DD3AF00][00000152542A3300 49] WindowsNoEditor, [000001525DD73300][0000015256F59480 49] WindowsServer, [000001525DD3B800][0000015256F5D600 49] WindowsClient, [000001525DD73500][0000015256F61780 49] IOS, [000001525DD23F00][0000015256F65900 49] iPadAir, [000001525DD3B300][0000015256F69A80 49] iPadAir2, [000001525DCD4500][0000015256F741C0 49] IPadPro, [000001525DCD4600][0000015256F6C200 49] iPadAir3, [000001525DD20100][00000152543AA380 49] iPadAir4, [000001525DCD6C00][00000152543AE500 49] iPadMini2, [000001525DD22500][00000152543B2680 49] iPadMini3, [000001525DCD7400][00000152543B6800 49] iPadMini4, [000001525DD20F00][00000152543BA980 49] iPadMini5, [000001525DC37E00][000001525429EC00 49] iPhone6, [000001525DC37F00][00000152543BEC40 49] iPodTouch6, [000001525DD73900][0000015254194E80 49] iPhone7, [000001525DD72100][000001525E6CCEC0 49] iPodTouch7, [000001525DC34400][00000152541A5040 49] iPhone5S, [000001525DCD7D00][00000152542111C0 49] iPhone6Plus, [000001525DD73400][0000015254215340 49] iPhone6S, [000001525DCD6000][00000152542194C0 49] iPhone6SPlus, [000001525DD70900][000001525421D640 49] iPhone7Plus, [000001525DCD4E00][00000152542257C0 49] iPhoneSE, [000001525DD70200][000001525E801940 49] iPhone8, [000001525DCD6400][000001525E809AC0 49] iPhone8Plus, [000001525DD71E00][000001525E80C0C0 49] iPhoneX, [000001525DCD7E00][000001525E810240 49] iPhoneXS, [000001525DD71600][000001525E8183C0 49] iPhoneXSMax, [000001525DCD6500][0000015258CFC540 49] iPhoneXR, [000001525DD72A00][0000015258D1A6C0 49] iPhone11, [000001525DCD7A00][0000015258DFC840 49] iPhone11Pro, [000001525DD70F00][00000152542709C0 49] iPhone11ProMax, [000001525DCD6300][0000015254294B40 49] iPhoneSE2, [000001525DD72700][000001525437ACC0 49] iPhone12Mini, [000001525DCD4700][00000152541A0E00 49] iPhone12, [000001525DD73100][000001525437EF40 49] iPhone12Pro, [000001525DCD7500][0000015254383080 49] iPhone12ProMax, [000001525DD70800][000001525EC171C0 49] iPadPro105, [000001525DCD5C00][000001525EC1F340 49] iPadPro129, [000001525DD70300][000001525EC234C0 49] iPadPro97, [000001525DCD5D00][000001525EC27640 49] iPadPro2_129, [000001525DD70C00][00000152543877C0 49] iPad5, [000001525DCD7000][000001525438B940 49] iPad6, [000001525DD72C00][000001525E7EFAC0 49] iPad7, [000001525DCD6E00][000001525439A0C0 49] iPad8, [000001525DD71800][00000152543A2240 49] iPadPro11, [000001525DCD5B00][00000152543A63C0 49] iPadPro2_11, [000001525DD71500][000001525EA5E540 49] iPadPro3_129, [000001525DCD6700][000001525EA626C0 49] iPadPro4_129, [000001525DD70100][000001525EA66840 49] AppleTV, [000001525DCD6B00][000001525EA6A9C0 49] AppleTV4K, [000001525DD71B00][000001525EA6EB40 49] TVOS, [000001525DCD4900][000001525EA72CC0 49] Mac, [000001525DD71700][000001525432AE40 49] MacClient, [000001525DCD6F00][000001525EC1AF80 49] MacNoEditor, [000001525DD70D00][00000152543770C0 49] MacServer, [000001525DCD4300][000001525EF61200 49] Linux, [000001525DD72E00][000001525EF65340 49] LinuxAArch64, [000001525DCD5500][000001525EF6D4C0 49] LinuxNoEditor, [000001525DD72400][000001525EF75640 49] LinuxAArch64NoEditor, [000001525DCD4200][000001525EFB37C0 49] LinuxClient, [000001525DD72D00][000001525EFE3940 49] LinuxAArch64Client, [000001525DCD4C00][0000015254275AC0 49] LinuxServer, [000001525DD70400][00000152542780C0 49] LinuxAArch64Server, [000001525DCD5000][000001525427C240 49] Android, [000001525DD23900][00000152542803C0 49] Android_Low, [000001525DC35B00][0000015254284540 49] Android_Mid, [000001525DD23000][000001525EFE66C0 49] Android_High, [000001525DC36300][000001525EF70840 49] Android_Default, [000001525DD22000][000001525F03C9C0 49] Android_Adreno4xx, [000001525DC34100][000001525E8C6B40 49] Android_Adreno5xx_Low, [000001525DD20B00][000001525E8CACC0 49] Android_Adreno5xx, [000001525DC35800][000001525E8CEE40 49] Android_Adreno6xx, [000001525DD21100][000001525E8D2FC0 49] Android_Adreno6xx_Vulkan, [000001525DC34800][000001525EC2B140 49] Android_Mali_T6xx, [000001525DD23600][000001525EF69280 49] Android_Mali_T7xx, [000001525DC34D00][000001525E8153C0 49] Android_Mali_T8xx, [000001525DD23C00][000001525E81D500 49] Android_Mali_G71, [000001525DC35500][0000015258DB9680 49] Android_Mali_G72, [000001525DD23E00][0000015258DBD800 49] Android_Mali_G72_Vulkan, [000001525DC37D00][0000015258DC1980 49] Android_Mali_G76, [000001525DD23A00][0000015258DC5B00 49] Android_Mali_G76_Vulkan, [000001525DC37600][0000015258DC8100 49] Android_Mali_G77, [000001525DD22200][0000015258DCC280 49] Android_Mali_G77_Vulkan, [000001525DC35200][0000015258DD0400 49] Android_Mali_G78, [000001525DD20A00][0000015258DD4580 49] Android_Mali_G78_Vulkan, [000001525DC37000][0000015258DD8700 49] Android_Mali_G710, [000001525DD21400][000001525E8D6880 49] Android_Mali_G710_Vulkan, [000001525DC34700][000001525E8DAA00 49] Android_Vulkan_SM5, [000001525DD21800][000001525E8DEB80 49] Android_PowerVR_G6xxx, [000001525DC34E00][000001525E8E2D00 49] Android_PowerVR_GT7xxx, [000001525DD20200][000001525E8E6E80 49] Android_PowerVR_GE8xxx, [000001525DC34600][000001525E8EB000 49] Android_PowerVR_GM9xxx, [000001525DD22600][000001525E8EF180 49] Android_PowerVR_GM9xxx_Vulkan, [000001525DCD4F00][000001525E8F3300 49] Android_TegraK1, [000001525DD22A00][0000015258DB5440 49] Android_Unknown_Vulkan, [000001525DCD4D00][000001525E8F7580 49] Lumin, [000001525DD21200][000001525E8FB6C0 49] Lumin_Desktop, [000001525DCD4B00][000001525E6D5840 49] HoloLens, 
[2025.03.27-18.53.40:368][  0]LogMeshReduction: Using QuadricMeshReduction for automatic static mesh reduction
[2025.03.27-18.53.40:368][  0]LogMeshReduction: Using SimplygonMeshReduction for automatic skeletal mesh reduction
[2025.03.27-18.53.40:368][  0]LogMeshReduction: Using ProxyLODMeshReduction for automatic mesh merging
[2025.03.27-18.53.40:368][  0]LogMeshReduction: No distributed automatic mesh merging module available
[2025.03.27-18.53.40:368][  0]LogMeshMerging: No distributed automatic mesh merging module available
[2025.03.27-18.53.40:383][  0]LogNetVersion: TopDownPuzzle 1.0.0, NetCL: 17155196, EngineNetVer: 17, GameNetVer: 0 (Checksum: 565499533)
[2025.03.27-18.53.40:774][  0]LogTexture: Default maximum texture size for cubemaps generated from long-lat sources has been changed from 512 to unlimited. In order to preserve old behaiour for '/Engine/MapTemplates/Sky/DaylightAmbientCubemap.DaylightAmbientCubemap', its maximum texture size has been explicitly set to 512.
[2025.03.27-18.53.40:839][  0]LogHMD: PokeAHoleMaterial loaded successfully
[2025.03.27-18.53.40:845][  0]LogUObjectArray: 17178 objects as part of root set at end of initial load.
[2025.03.27-18.53.40:845][  0]LogUObjectAllocator: 4302048 out of 0 bytes used by permanent object pool.
[2025.03.27-18.53.40:845][  0]LogUObjectArray: CloseDisregardForGC: 0/0 objects in disregard for GC pool
[2025.03.27-18.53.41:188][  0]LogNiagaraDebuggerClient: Niagara Debugger Client Initialized | Session: 8A46A3B1421118FC4DEFA09E01925F35 | Instance: C16B3B77487515275272F3B32B17103C (LAPTOP-EJ2DB2HV-12284).
[2025.03.27-18.53.41:442][  0]LogPython: Using Python 3.7.7
[2025.03.27-18.53.41:975][  0]LogTcpMessaging: Initializing TcpMessaging bridge
[2025.03.27-18.53.41:985][  0]LogUdpMessaging: Initializing bridge on interface 0.0.0.0:0 to multicast group 230.0.0.1:6666.
[2025.03.27-18.53.42:378][  0]SourceControl: Source control is disabled
[2025.03.27-18.53.42:378][  0]SourceControl: Source control is disabled
[2025.03.27-18.53.42:382][  0]SourceControl: Source control is disabled
[2025.03.27-18.53.42:386][  0]SourceControl: Source control is disabled
[2025.03.27-18.53.42:399][  0]SourceControl: Source control is disabled
[2025.03.27-18.53.42:407][  0]LogUProjectInfo: Found projects:
[2025.03.27-18.53.42:689][  0]LogOpenImageDenoise: OIDN starting up
[2025.03.27-18.53.42:728][  0]LogAndroidPermission: UAndroidPermissionCallbackProxy::GetInstance
[2025.03.27-18.53.42:751][  0]LogAudioCaptureCore: Display: No Audio Capture implementations found. Audio input will be silent.
[2025.03.27-18.53.42:751][  0]LogAudioCaptureCore: Display: No Audio Capture implementations found. Audio input will be silent.
[2025.03.27-18.53.42:892][  0]LogCollectionManager: Loaded 0 collections in 0.001482 seconds
[2025.03.27-18.53.42:921][  0]LogFileCache: Scanning file cache for directory 'C:/Unreal Projects/Top-Down-Puzzle/TopDownPuzzle/Saved/Collections/' took 0.00s
[2025.03.27-18.53.42:921][  0]LogFileCache: Scanning file cache for directory 'C:/Unreal Projects/Top-Down-Puzzle/TopDownPuzzle/Content/Developers/patel/Collections/' took 0.00s
[2025.03.27-18.53.42:921][  0]LogFileCache: Scanning file cache for directory 'C:/Unreal Projects/Top-Down-Puzzle/TopDownPuzzle/Content/Collections/' took 0.00s
[2025.03.27-18.53.42:921][  0]LogOcInput: OculusInput pre-init called
[2025.03.27-18.53.43:175][  0]LogEngine: Initializing Engine...
[2025.03.27-18.53.43:367][  0]LogHMD: Failed to enumerate extensions. Please check that you have a valid OpenXR runtime installed.
[2025.03.27-18.53.43:368][  0]LogHMD: Failed to initialize OpenVR with code 110
[2025.03.27-18.53.43:368][  0]LogMagicLeap: Warning: VR disabled because ZI is not enabled.  To enable, in the editor, Edit -> Project Settings -> Plugins -> Magic Leap Plugin -> Enable Zero Iteration
[2025.03.27-18.53.43:369][  0]LogStats: UGameplayTagsManager::InitializeManager -  0.000 s
[2025.03.27-18.53.43:490][  0]LogInit: Initializing FReadOnlyCVARCache
[2025.03.27-18.53.43:500][  0]LogAIModule: Creating AISystem for world Untitled
[2025.03.27-18.53.43:513][  0]LogAudio: Display: Initializing Audio Device Manager...
[2025.03.27-18.53.43:518][  0]LogAudio: Display: Loading Default Audio Settings Objects...
[2025.03.27-18.53.43:519][  0]LogAudio: Display: No default SoundConcurrencyObject specified (or failed to load).
[2025.03.27-18.53.43:520][  0]LogAudio: Display: Audio Device Manager Initialized
[2025.03.27-18.53.43:520][  0]LogAudio: Display: Creating Audio Device:                 Id: 1, Scope: Shared, Realtime: True
[2025.03.27-18.53.43:520][  0]LogAudioMixer: Display: Audio Mixer Platform Settings:
[2025.03.27-18.53.43:520][  0]LogAudioMixer: Display: 	Sample Rate:						  48000
[2025.03.27-18.53.43:520][  0]LogAudioMixer: Display: 	Callback Buffer Frame Size Requested: 1024
[2025.03.27-18.53.43:520][  0]LogAudioMixer: Display: 	Callback Buffer Frame Size To Use:	  1024
[2025.03.27-18.53.43:520][  0]LogAudioMixer: Display: 	Number of buffers to queue:			  2
[2025.03.27-18.53.43:520][  0]LogAudioMixer: Display: 	Max Channels (voices):				  32
[2025.03.27-18.53.43:520][  0]LogAudioMixer: Display: 	Number of Async Source Workers:		  0
[2025.03.27-18.53.43:520][  0]LogAudio: Display: AudioDevice MaxSources: 32
[2025.03.27-18.53.43:520][  0]LogAudio: Display: Audio Spatialization Plugin: None (built-in).
[2025.03.27-18.53.43:520][  0]LogAudio: Display: Audio Reverb Plugin: None (built-in).
[2025.03.27-18.53.43:520][  0]LogAudio: Display: Audio Occlusion Plugin: None (built-in).
[2025.03.27-18.53.43:520][  0]LogAudioMixer: Display: Initializing audio mixer.
[2025.03.27-18.53.43:538][  0]LogAudioMixer: Display: 0: FrontLeft
[2025.03.27-18.53.43:538][  0]LogAudioMixer: Display: 1: FrontRight
[2025.03.27-18.53.43:603][  0]LogAudioMixer: Display: Using Audio Device Headphone (Realtek(R) Audio)
[2025.03.27-18.53.43:606][  0]LogAudioMixer: Display: Initializing Sound Submixes...
[2025.03.27-18.53.43:608][  0]LogAudioMixer: Display: Creating Master Submix 'MasterSubmixDefault'
[2025.03.27-18.53.43:608][  0]LogAudioMixer: Display: Creating Master Submix 'MasterReverbSubmixDefault'
[2025.03.27-18.53.43:609][  0]LogAudioMixer: Display: Creating Master Submix 'MasterEQSubmixDefault'
[2025.03.27-18.53.43:609][  0]LogAudioMixer: FMixerPlatformXAudio2::StartAudioStream() called
[2025.03.27-18.53.43:609][  0]LogAudioMixer: Display: Output buffers initialized: Frames=1024, Channels=2, Samples=2048
[2025.03.27-18.53.43:610][  0]LogAudioMixer: Display: Starting AudioMixerPlatformInterface::RunInternal()
[2025.03.27-18.53.43:610][  0]LogAudioMixer: Display: FMixerPlatformXAudio2::SubmitBuffer() called for the first time
[2025.03.27-18.53.43:610][  0]LogInit: FAudioDevice initialized.
[2025.03.27-18.53.43:610][  0]LogAudio: Display: Audio Device (ID: 1) registered with world 'Untitled'.
[2025.03.27-18.53.43:610][  0]LogNetVersion: Set ProjectVersion to 1.0.0.0. Version Checksum will be recalculated on next use.
[2025.03.27-18.53.43:675][  0]LogDerivedDataCache: Saved boot cache 0.06s 98MB C:/Users/patel/AppData/Local/UnrealEngine/4.27/DerivedDataCache/Boot.ddc.
[2025.03.27-18.53.43:675][  0]LogInit: Texture streaming: Enabled
[2025.03.27-18.53.43:690][  0]LogAnalytics: Display: [UEEditor.Rocket.Release] APIServer = https://datarouter.ol.epicgames.com/. AppVersion = 4.27.2-18319896+++UE4+Release-4.27
[2025.03.27-18.53.43:697][  0]LogEngineSessionManager: EngineSessionManager initialized
[2025.03.27-18.53.43:697][  0]LogEditorSessionSummary: Verbose: Initializing EditorSessionSummaryWriter for editor session tracking
[2025.03.27-18.53.43:705][  0]LogEditorSessionSummary: EditorSessionSummaryWriter initialized
[2025.03.27-18.53.43:739][  0]LogInit: Transaction tracking system initialized
[2025.03.27-18.53.43:854][  0]BlueprintLog: New page: Editor Load
[2025.03.27-18.53.43:935][  0]LocalizationService: Localization service is disabled
[2025.03.27-18.53.43:972][  0]TimingProfiler: Initialize
[2025.03.27-18.53.43:973][  0]TimingProfiler: OnSessionChanged
[2025.03.27-18.53.43:973][  0]LoadingProfiler: Initialize
[2025.03.27-18.53.43:973][  0]LoadingProfiler: OnSessionChanged
[2025.03.27-18.53.43:973][  0]NetworkingProfiler: Initialize
[2025.03.27-18.53.43:973][  0]NetworkingProfiler: OnSessionChanged
[2025.03.27-18.53.43:973][  0]MemoryProfiler: Initialize
[2025.03.27-18.53.43:973][  0]MemoryProfiler: OnSessionChanged
[2025.03.27-18.53.44:155][  0]LogCook: Display: CookSettings for Memory: MemoryMaxUsedVirtual 0MiB, MemoryMaxUsedPhysical 16384MiB, MemoryMinFreeVirtual 0MiB, MemoryMinFreePhysical 1024MiB
[2025.03.27-18.53.44:155][  0]LogCook: Display: Mobile HDR setting 1
[2025.03.27-18.53.44:376][  0]LogFileCache: Scanning file cache for directory 'C:/Unreal Projects/Top-Down-Puzzle/TopDownPuzzle/Content/' took 0.01s
[2025.03.27-18.53.44:595][  0]LogInit: Display: Engine is initialized. Leaving FEngineLoop::Init()
[2025.03.27-18.53.44:601][  0]SourceControl: Source control is disabled
[2025.03.27-18.53.44:602][  0]LogUnrealEdMisc: Loading editor; pre map load, took 9.666
[2025.03.27-18.53.44:602][  0]Cmd: MAP LOAD FILE="../../../../../../Unreal Projects/Top-Down-Puzzle/TopDownPuzzle/Content/TopDownCPP/Maps/TopDownExampleMap.umap" TEMPLATE=0 SHOWPROGRESS=1 FEATURELEVEL=3
[2025.03.27-18.53.44:602][  0]LightingResults: New page: Lighting Build
[2025.03.27-18.53.44:604][  0]LogWorld: UWorld::CleanupWorld for Untitled, bSessionEnded=true, bCleanupResources=true
[2025.03.27-18.53.44:604][  0]LogSlate: InvalidateAllWidgets triggered.  All widgets were invalidated
[2025.03.27-18.53.44:604][  0]MapCheck: New page: Map Check
[2025.03.27-18.53.44:604][  0]LightingResults: New page: Lighting Build
[2025.03.27-18.53.44:608][  0]LogAudio: Display: Audio Device unregistered from world 'None'.
[2025.03.27-18.53.44:612][  0]LogUObjectHash: Compacting FUObjectHashTables data took   1.03ms
[2025.03.27-18.53.44:752][  0]LogAudio: Display: Audio Device (ID: 1) registered with world 'TopDownExampleMap'.
[2025.03.27-18.53.44:753][  0]LogAIModule: Creating AISystem for world TopDownExampleMap
[2025.03.27-18.53.44:763][  0]LogEditorServer: Finished looking for orphan Actors (0.000 secs)
[2025.03.27-18.53.44:772][  0]LogUObjectHash: Compacting FUObjectHashTables data took   1.10ms
[2025.03.27-18.53.44:772][  0]Cmd: MAP CHECKDEP NOCLEARLOG
[2025.03.27-18.53.44:772][  0]MapCheck: Map check complete: 0 Error(s), 0 Warning(s), took 0.194ms to complete.
[2025.03.27-18.53.44:772][  0]LogFileHelpers: Loading map 'TopDownExampleMap' took 0.170
[2025.03.27-18.53.44:775][  0]LogUnrealEdMisc: Total Editor Startup Time, took 9.839
[2025.03.27-18.53.45:001][  0]LogSlate: Updating window title bar state: overlay mode, drag disabled, window buttons hidden, title bar hidden
[2025.03.27-18.53.45:007][  0]LogSlate: Updating window title bar state: overlay mode, drag disabled, window buttons hidden, title bar hidden
[2025.03.27-18.53.45:013][  0]LogSlate: Updating window title bar state: overlay mode, drag disabled, window buttons hidden, title bar hidden
[2025.03.27-18.53.45:019][  0]LogSlate: Updating window title bar state: overlay mode, drag disabled, window buttons hidden, title bar hidden
[2025.03.27-18.53.45:059][  0]LogNativeClassHierarchy: Verbose: Native class hierarchy populated in 0.0089 seconds. Added 3825 classes and 930 folders.
[2025.03.27-18.53.45:065][  0]LogNativeClassHierarchy: Verbose: Native class hierarchy updated for 'WidgetCarousel' in 0.0003 seconds. Added 0 classes and 0 folders.
[2025.03.27-18.53.45:193][  0]LogPakFile: PakFile PrimaryIndexSize=187
[2025.03.27-18.53.45:193][  0]LogPakFile: PakFile PathHashIndexSize=101
[2025.03.27-18.53.45:193][  0]LogPakFile: PakFile FullDirectoryIndexSize=148
[2025.03.27-18.53.45:194][  0]LogShaderLibrary: Display: ShaderCodeLibraryPakFileMountedCallback: PakFile 'C:/Program Files/UE/UE_4.27/FeaturePacks/FP_FirstPerson.upack' (chunk index -1, root 'root:/') mounted
[2025.03.27-18.53.45:194][  0]LogShaderLibrary: Display: ShaderCodeLibraryPakFileMountedCallback: pending pak file info (ChunkID:-1 Root:root:/ File:C:/Program Files/UE/UE_4.27/FeaturePacks/FP_FirstPerson.upack)
[2025.03.27-18.53.45:195][  0]LogPakFile: OnPakFileMounted2Time == 0.001332
[2025.03.27-18.53.45:213][  0]LogPakFile: PakFile PrimaryIndexSize=189
[2025.03.27-18.53.45:213][  0]LogPakFile: PakFile PathHashIndexSize=101
[2025.03.27-18.53.45:213][  0]LogPakFile: PakFile FullDirectoryIndexSize=152
[2025.03.27-18.53.45:213][  0]LogShaderLibrary: Display: ShaderCodeLibraryPakFileMountedCallback: PakFile 'C:/Program Files/UE/UE_4.27/FeaturePacks/FP_FirstPersonBP.upack' (chunk index -1, root 'root:/') mounted
[2025.03.27-18.53.45:213][  0]LogShaderLibrary: Display: ShaderCodeLibraryPakFileMountedCallback: pending pak file info (ChunkID:-1 Root:root:/ File:C:/Program Files/UE/UE_4.27/FeaturePacks/FP_FirstPersonBP.upack)
[2025.03.27-18.53.45:213][  0]LogPakFile: OnPakFileMounted2Time == 0.000050
[2025.03.27-18.53.45:225][  0]LogPakFile: PakFile PrimaryIndexSize=191
[2025.03.27-18.53.45:225][  0]LogPakFile: PakFile PathHashIndexSize=101
[2025.03.27-18.53.45:225][  0]LogPakFile: PakFile FullDirectoryIndexSize=160
[2025.03.27-18.53.45:225][  0]LogShaderLibrary: Display: ShaderCodeLibraryPakFileMountedCallback: PakFile 'C:/Program Files/UE/UE_4.27/FeaturePacks/MobileStarterContent.upack' (chunk index -1, root 'root:/') mounted
[2025.03.27-18.53.45:225][  0]LogShaderLibrary: Display: ShaderCodeLibraryPakFileMountedCallback: pending pak file info (ChunkID:-1 Root:root:/ File:C:/Program Files/UE/UE_4.27/FeaturePacks/MobileStarterContent.upack)
[2025.03.27-18.53.45:225][  0]LogPakFile: OnPakFileMounted2Time == 0.000062
[2025.03.27-18.53.45:250][  0]LogPakFile: PakFile PrimaryIndexSize=185
[2025.03.27-18.53.45:250][  0]LogPakFile: PakFile PathHashIndexSize=101
[2025.03.27-18.53.45:250][  0]LogPakFile: PakFile FullDirectoryIndexSize=148
[2025.03.27-18.53.45:250][  0]LogShaderLibrary: Display: ShaderCodeLibraryPakFileMountedCallback: PakFile 'C:/Program Files/UE/UE_4.27/FeaturePacks/StarterContent.upack' (chunk index -1, root 'root:/') mounted
[2025.03.27-18.53.45:250][  0]LogShaderLibrary: Display: ShaderCodeLibraryPakFileMountedCallback: pending pak file info (ChunkID:-1 Root:root:/ File:C:/Program Files/UE/UE_4.27/FeaturePacks/StarterContent.upack)
[2025.03.27-18.53.45:250][  0]LogPakFile: OnPakFileMounted2Time == 0.000061
[2025.03.27-18.53.45:260][  0]LogPakFile: PakFile PrimaryIndexSize=190
[2025.03.27-18.53.45:260][  0]LogPakFile: PakFile PathHashIndexSize=101
[2025.03.27-18.53.45:260][  0]LogPakFile: PakFile FullDirectoryIndexSize=154
[2025.03.27-18.53.45:260][  0]LogShaderLibrary: Display: ShaderCodeLibraryPakFileMountedCallback: PakFile 'C:/Program Files/UE/UE_4.27/FeaturePacks/TP_2DSideScroller.upack' (chunk index -1, root 'root:/') mounted
[2025.03.27-18.53.45:260][  0]LogShaderLibrary: Display: ShaderCodeLibraryPakFileMountedCallback: pending pak file info (ChunkID:-1 Root:root:/ File:C:/Program Files/UE/UE_4.27/FeaturePacks/TP_2DSideScroller.upack)
[2025.03.27-18.53.45:260][  0]LogPakFile: OnPakFileMounted2Time == 0.000044
[2025.03.27-18.53.45:270][  0]LogPakFile: PakFile PrimaryIndexSize=192
[2025.03.27-18.53.45:270][  0]LogPakFile: PakFile PathHashIndexSize=101
[2025.03.27-18.53.45:270][  0]LogPakFile: PakFile FullDirectoryIndexSize=158
[2025.03.27-18.53.45:270][  0]LogShaderLibrary: Display: ShaderCodeLibraryPakFileMountedCallback: PakFile 'C:/Program Files/UE/UE_4.27/FeaturePacks/TP_2DSideScrollerBP.upack' (chunk index -1, root 'root:/') mounted
[2025.03.27-18.53.45:270][  0]LogShaderLibrary: Display: ShaderCodeLibraryPakFileMountedCallback: pending pak file info (ChunkID:-1 Root:root:/ File:C:/Program Files/UE/UE_4.27/FeaturePacks/TP_2DSideScrollerBP.upack)
[2025.03.27-18.53.45:270][  0]LogPakFile: OnPakFileMounted2Time == 0.000046
[2025.03.27-18.53.45:278][  0]LogPakFile: PakFile PrimaryIndexSize=182
[2025.03.27-18.53.45:278][  0]LogPakFile: PakFile PathHashIndexSize=101
[2025.03.27-18.53.45:278][  0]LogPakFile: PakFile FullDirectoryIndexSize=138
[2025.03.27-18.53.45:278][  0]LogShaderLibrary: Display: ShaderCodeLibraryPakFileMountedCallback: PakFile 'C:/Program Files/UE/UE_4.27/FeaturePacks/TP_Flying.upack' (chunk index -1, root 'root:/') mounted
[2025.03.27-18.53.45:278][  0]LogShaderLibrary: Display: ShaderCodeLibraryPakFileMountedCallback: pending pak file info (ChunkID:-1 Root:root:/ File:C:/Program Files/UE/UE_4.27/FeaturePacks/TP_Flying.upack)
[2025.03.27-18.53.45:278][  0]LogPakFile: OnPakFileMounted2Time == 0.000045
[2025.03.27-18.53.45:290][  0]LogPakFile: PakFile PrimaryIndexSize=184
[2025.03.27-18.53.45:290][  0]LogPakFile: PakFile PathHashIndexSize=101
[2025.03.27-18.53.45:290][  0]LogPakFile: PakFile FullDirectoryIndexSize=142
[2025.03.27-18.53.45:290][  0]LogShaderLibrary: Display: ShaderCodeLibraryPakFileMountedCallback: PakFile 'C:/Program Files/UE/UE_4.27/FeaturePacks/TP_FlyingBP.upack' (chunk index -1, root 'root:/') mounted
[2025.03.27-18.53.45:290][  0]LogShaderLibrary: Display: ShaderCodeLibraryPakFileMountedCallback: pending pak file info (ChunkID:-1 Root:root:/ File:C:/Program Files/UE/UE_4.27/FeaturePacks/TP_FlyingBP.upack)
[2025.03.27-18.53.45:290][  0]LogPakFile: OnPakFileMounted2Time == 0.000043
[2025.03.27-18.53.45:302][  0]LogPakFile: PakFile PrimaryIndexSize=188
[2025.03.27-18.53.45:302][  0]LogPakFile: PakFile PathHashIndexSize=101
[2025.03.27-18.53.45:302][  0]LogPakFile: PakFile FullDirectoryIndexSize=150
[2025.03.27-18.53.45:302][  0]LogShaderLibrary: Display: ShaderCodeLibraryPakFileMountedCallback: PakFile 'C:/Program Files/UE/UE_4.27/FeaturePacks/TP_HandheldARBP.upack' (chunk index -1, root 'root:/') mounted
[2025.03.27-18.53.45:302][  0]LogShaderLibrary: Display: ShaderCodeLibraryPakFileMountedCallback: pending pak file info (ChunkID:-1 Root:root:/ File:C:/Program Files/UE/UE_4.27/FeaturePacks/TP_HandheldARBP.upack)
[2025.03.27-18.53.45:302][  0]LogPakFile: OnPakFileMounted2Time == 0.000040
[2025.03.27-18.53.45:313][  0]LogPakFile: PakFile PrimaryIndexSize=182
[2025.03.27-18.53.45:313][  0]LogPakFile: PakFile PathHashIndexSize=101
[2025.03.27-18.53.45:313][  0]LogPakFile: PakFile FullDirectoryIndexSize=138
[2025.03.27-18.53.45:313][  0]LogShaderLibrary: Display: ShaderCodeLibraryPakFileMountedCallback: PakFile 'C:/Program Files/UE/UE_4.27/FeaturePacks/TP_Puzzle.upack' (chunk index -1, root 'root:/') mounted
[2025.03.27-18.53.45:313][  0]LogShaderLibrary: Display: ShaderCodeLibraryPakFileMountedCallback: pending pak file info (ChunkID:-1 Root:root:/ File:C:/Program Files/UE/UE_4.27/FeaturePacks/TP_Puzzle.upack)
[2025.03.27-18.53.45:313][  0]LogPakFile: OnPakFileMounted2Time == 0.000040
[2025.03.27-18.53.45:322][  0]LogPakFile: PakFile PrimaryIndexSize=184
[2025.03.27-18.53.45:322][  0]LogPakFile: PakFile PathHashIndexSize=101
[2025.03.27-18.53.45:322][  0]LogPakFile: PakFile FullDirectoryIndexSize=142
[2025.03.27-18.53.45:322][  0]LogShaderLibrary: Display: ShaderCodeLibraryPakFileMountedCallback: PakFile 'C:/Program Files/UE/UE_4.27/FeaturePacks/TP_PuzzleBP.upack' (chunk index -1, root 'root:/') mounted
[2025.03.27-18.53.45:322][  0]LogShaderLibrary: Display: ShaderCodeLibraryPakFileMountedCallback: pending pak file info (ChunkID:-1 Root:root:/ File:C:/Program Files/UE/UE_4.27/FeaturePacks/TP_PuzzleBP.upack)
[2025.03.27-18.53.45:322][  0]LogPakFile: OnPakFileMounted2Time == 0.000041
[2025.03.27-18.53.45:333][  0]LogPakFile: PakFile PrimaryIndexSize=183
[2025.03.27-18.53.45:333][  0]LogPakFile: PakFile PathHashIndexSize=101
[2025.03.27-18.53.45:333][  0]LogPakFile: PakFile FullDirectoryIndexSize=140
[2025.03.27-18.53.45:333][  0]LogShaderLibrary: Display: ShaderCodeLibraryPakFileMountedCallback: PakFile 'C:/Program Files/UE/UE_4.27/FeaturePacks/TP_Rolling.upack' (chunk index -1, root 'root:/') mounted
[2025.03.27-18.53.45:333][  0]LogShaderLibrary: Display: ShaderCodeLibraryPakFileMountedCallback: pending pak file info (ChunkID:-1 Root:root:/ File:C:/Program Files/UE/UE_4.27/FeaturePacks/TP_Rolling.upack)
[2025.03.27-18.53.45:333][  0]LogPakFile: OnPakFileMounted2Time == 0.000039
[2025.03.27-18.53.45:342][  0]LogPakFile: PakFile PrimaryIndexSize=185
[2025.03.27-18.53.45:342][  0]LogPakFile: PakFile PathHashIndexSize=101
[2025.03.27-18.53.45:342][  0]LogPakFile: PakFile FullDirectoryIndexSize=144
[2025.03.27-18.53.45:342][  0]LogShaderLibrary: Display: ShaderCodeLibraryPakFileMountedCallback: PakFile 'C:/Program Files/UE/UE_4.27/FeaturePacks/TP_RollingBP.upack' (chunk index -1, root 'root:/') mounted
[2025.03.27-18.53.45:342][  0]LogShaderLibrary: Display: ShaderCodeLibraryPakFileMountedCallback: pending pak file info (ChunkID:-1 Root:root:/ File:C:/Program Files/UE/UE_4.27/FeaturePacks/TP_RollingBP.upack)
[2025.03.27-18.53.45:342][  0]LogPakFile: OnPakFileMounted2Time == 0.000045
[2025.03.27-18.53.45:354][  0]LogPakFile: PakFile PrimaryIndexSize=188
[2025.03.27-18.53.45:354][  0]LogPakFile: PakFile PathHashIndexSize=101
[2025.03.27-18.53.45:354][  0]LogPakFile: PakFile FullDirectoryIndexSize=150
[2025.03.27-18.53.45:354][  0]LogShaderLibrary: Display: ShaderCodeLibraryPakFileMountedCallback: PakFile 'C:/Program Files/UE/UE_4.27/FeaturePacks/TP_SideScroller.upack' (chunk index -1, root 'root:/') mounted
[2025.03.27-18.53.45:354][  0]LogShaderLibrary: Display: ShaderCodeLibraryPakFileMountedCallback: pending pak file info (ChunkID:-1 Root:root:/ File:C:/Program Files/UE/UE_4.27/FeaturePacks/TP_SideScroller.upack)
[2025.03.27-18.53.45:354][  0]LogPakFile: OnPakFileMounted2Time == 0.000041
[2025.03.27-18.53.45:364][  0]LogPakFile: PakFile PrimaryIndexSize=190
[2025.03.27-18.53.45:364][  0]LogPakFile: PakFile PathHashIndexSize=101
[2025.03.27-18.53.45:364][  0]LogPakFile: PakFile FullDirectoryIndexSize=154
[2025.03.27-18.53.45:364][  0]LogShaderLibrary: Display: ShaderCodeLibraryPakFileMountedCallback: PakFile 'C:/Program Files/UE/UE_4.27/FeaturePacks/TP_SideScrollerBP.upack' (chunk index -1, root 'root:/') mounted
[2025.03.27-18.53.45:364][  0]LogShaderLibrary: Display: ShaderCodeLibraryPakFileMountedCallback: pending pak file info (ChunkID:-1 Root:root:/ File:C:/Program Files/UE/UE_4.27/FeaturePacks/TP_SideScrollerBP.upack)
[2025.03.27-18.53.45:364][  0]LogPakFile: OnPakFileMounted2Time == 0.000058
[2025.03.27-18.53.45:375][  0]LogPakFile: PakFile PrimaryIndexSize=187
[2025.03.27-18.53.45:375][  0]LogPakFile: PakFile PathHashIndexSize=101
[2025.03.27-18.53.45:375][  0]LogPakFile: PakFile FullDirectoryIndexSize=148
[2025.03.27-18.53.45:375][  0]LogShaderLibrary: Display: ShaderCodeLibraryPakFileMountedCallback: PakFile 'C:/Program Files/UE/UE_4.27/FeaturePacks/TP_ThirdPerson.upack' (chunk index -1, root 'root:/') mounted
[2025.03.27-18.53.45:375][  0]LogShaderLibrary: Display: ShaderCodeLibraryPakFileMountedCallback: pending pak file info (ChunkID:-1 Root:root:/ File:C:/Program Files/UE/UE_4.27/FeaturePacks/TP_ThirdPerson.upack)
[2025.03.27-18.53.45:375][  0]LogPakFile: OnPakFileMounted2Time == 0.000060
[2025.03.27-18.53.45:384][  0]LogPakFile: PakFile PrimaryIndexSize=189
[2025.03.27-18.53.45:384][  0]LogPakFile: PakFile PathHashIndexSize=101
[2025.03.27-18.53.45:384][  0]LogPakFile: PakFile FullDirectoryIndexSize=152
[2025.03.27-18.53.45:384][  0]LogShaderLibrary: Display: ShaderCodeLibraryPakFileMountedCallback: PakFile 'C:/Program Files/UE/UE_4.27/FeaturePacks/TP_ThirdPersonBP.upack' (chunk index -1, root 'root:/') mounted
[2025.03.27-18.53.45:384][  0]LogShaderLibrary: Display: ShaderCodeLibraryPakFileMountedCallback: pending pak file info (ChunkID:-1 Root:root:/ File:C:/Program Files/UE/UE_4.27/FeaturePacks/TP_ThirdPersonBP.upack)
[2025.03.27-18.53.45:384][  0]LogPakFile: OnPakFileMounted2Time == 0.000054
[2025.03.27-18.53.45:396][  0]LogPakFile: PakFile PrimaryIndexSize=183
[2025.03.27-18.53.45:396][  0]LogPakFile: PakFile PathHashIndexSize=101
[2025.03.27-18.53.45:396][  0]LogPakFile: PakFile FullDirectoryIndexSize=140
[2025.03.27-18.53.45:396][  0]LogShaderLibrary: Display: ShaderCodeLibraryPakFileMountedCallback: PakFile 'C:/Program Files/UE/UE_4.27/FeaturePacks/TP_TopDown.upack' (chunk index -1, root 'root:/') mounted
[2025.03.27-18.53.45:396][  0]LogShaderLibrary: Display: ShaderCodeLibraryPakFileMountedCallback: pending pak file info (ChunkID:-1 Root:root:/ File:C:/Program Files/UE/UE_4.27/FeaturePacks/TP_TopDown.upack)
[2025.03.27-18.53.45:396][  0]LogPakFile: OnPakFileMounted2Time == 0.000048
[2025.03.27-18.53.45:405][  0]LogPakFile: PakFile PrimaryIndexSize=185
[2025.03.27-18.53.45:405][  0]LogPakFile: PakFile PathHashIndexSize=101
[2025.03.27-18.53.45:405][  0]LogPakFile: PakFile FullDirectoryIndexSize=144
[2025.03.27-18.53.45:405][  0]LogShaderLibrary: Display: ShaderCodeLibraryPakFileMountedCallback: PakFile 'C:/Program Files/UE/UE_4.27/FeaturePacks/TP_TopDownBP.upack' (chunk index -1, root 'root:/') mounted
[2025.03.27-18.53.45:405][  0]LogShaderLibrary: Display: ShaderCodeLibraryPakFileMountedCallback: pending pak file info (ChunkID:-1 Root:root:/ File:C:/Program Files/UE/UE_4.27/FeaturePacks/TP_TopDownBP.upack)
[2025.03.27-18.53.45:406][  0]LogPakFile: OnPakFileMounted2Time == 0.000049
[2025.03.27-18.53.45:419][  0]LogPakFile: PakFile PrimaryIndexSize=185
[2025.03.27-18.53.45:419][  0]LogPakFile: PakFile PathHashIndexSize=101
[2025.03.27-18.53.45:419][  0]LogPakFile: PakFile FullDirectoryIndexSize=144
[2025.03.27-18.53.45:419][  0]LogShaderLibrary: Display: ShaderCodeLibraryPakFileMountedCallback: PakFile 'C:/Program Files/UE/UE_4.27/FeaturePacks/TP_TwinStick.upack' (chunk index -1, root 'root:/') mounted
[2025.03.27-18.53.45:419][  0]LogShaderLibrary: Display: ShaderCodeLibraryPakFileMountedCallback: pending pak file info (ChunkID:-1 Root:root:/ File:C:/Program Files/UE/UE_4.27/FeaturePacks/TP_TwinStick.upack)
[2025.03.27-18.53.45:419][  0]LogPakFile: OnPakFileMounted2Time == 0.000042
[2025.03.27-18.53.45:428][  0]LogPakFile: PakFile PrimaryIndexSize=187
[2025.03.27-18.53.45:428][  0]LogPakFile: PakFile PathHashIndexSize=101
[2025.03.27-18.53.45:428][  0]LogPakFile: PakFile FullDirectoryIndexSize=148
[2025.03.27-18.53.45:428][  0]LogShaderLibrary: Display: ShaderCodeLibraryPakFileMountedCallback: PakFile 'C:/Program Files/UE/UE_4.27/FeaturePacks/TP_TwinStickBP.upack' (chunk index -1, root 'root:/') mounted
[2025.03.27-18.53.45:428][  0]LogShaderLibrary: Display: ShaderCodeLibraryPakFileMountedCallback: pending pak file info (ChunkID:-1 Root:root:/ File:C:/Program Files/UE/UE_4.27/FeaturePacks/TP_TwinStickBP.upack)
[2025.03.27-18.53.45:428][  0]LogPakFile: OnPakFileMounted2Time == 0.000044
[2025.03.27-18.53.45:437][  0]LogPakFile: PakFile PrimaryIndexSize=183
[2025.03.27-18.53.45:437][  0]LogPakFile: PakFile PathHashIndexSize=101
[2025.03.27-18.53.45:437][  0]LogPakFile: PakFile FullDirectoryIndexSize=140
[2025.03.27-18.53.45:437][  0]LogShaderLibrary: Display: ShaderCodeLibraryPakFileMountedCallback: PakFile 'C:/Program Files/UE/UE_4.27/FeaturePacks/TP_Vehicle.upack' (chunk index -1, root 'root:/') mounted
[2025.03.27-18.53.45:437][  0]LogShaderLibrary: Display: ShaderCodeLibraryPakFileMountedCallback: pending pak file info (ChunkID:-1 Root:root:/ File:C:/Program Files/UE/UE_4.27/FeaturePacks/TP_Vehicle.upack)
[2025.03.27-18.53.45:437][  0]LogPakFile: OnPakFileMounted2Time == 0.000039
[2025.03.27-18.53.45:447][  0]LogPakFile: PakFile PrimaryIndexSize=186
[2025.03.27-18.53.45:447][  0]LogPakFile: PakFile PathHashIndexSize=101
[2025.03.27-18.53.45:447][  0]LogPakFile: PakFile FullDirectoryIndexSize=146
[2025.03.27-18.53.45:447][  0]LogShaderLibrary: Display: ShaderCodeLibraryPakFileMountedCallback: PakFile 'C:/Program Files/UE/UE_4.27/FeaturePacks/TP_VehicleAdv.upack' (chunk index -1, root 'root:/') mounted
[2025.03.27-18.53.45:447][  0]LogShaderLibrary: Display: ShaderCodeLibraryPakFileMountedCallback: pending pak file info (ChunkID:-1 Root:root:/ File:C:/Program Files/UE/UE_4.27/FeaturePacks/TP_VehicleAdv.upack)
[2025.03.27-18.53.45:447][  0]LogPakFile: OnPakFileMounted2Time == 0.000040
[2025.03.27-18.53.45:456][  0]LogPakFile: PakFile PrimaryIndexSize=188
[2025.03.27-18.53.45:456][  0]LogPakFile: PakFile PathHashIndexSize=101
[2025.03.27-18.53.45:456][  0]LogPakFile: PakFile FullDirectoryIndexSize=150
[2025.03.27-18.53.45:456][  0]LogShaderLibrary: Display: ShaderCodeLibraryPakFileMountedCallback: PakFile 'C:/Program Files/UE/UE_4.27/FeaturePacks/TP_VehicleAdvBP.upack' (chunk index -1, root 'root:/') mounted
[2025.03.27-18.53.45:457][  0]LogShaderLibrary: Display: ShaderCodeLibraryPakFileMountedCallback: pending pak file info (ChunkID:-1 Root:root:/ File:C:/Program Files/UE/UE_4.27/FeaturePacks/TP_VehicleAdvBP.upack)
[2025.03.27-18.53.45:457][  0]LogPakFile: OnPakFileMounted2Time == 0.000040
[2025.03.27-18.53.45:466][  0]LogPakFile: PakFile PrimaryIndexSize=185
[2025.03.27-18.53.45:466][  0]LogPakFile: PakFile PathHashIndexSize=101
[2025.03.27-18.53.45:466][  0]LogPakFile: PakFile FullDirectoryIndexSize=144
[2025.03.27-18.53.45:466][  0]LogShaderLibrary: Display: ShaderCodeLibraryPakFileMountedCallback: PakFile 'C:/Program Files/UE/UE_4.27/FeaturePacks/TP_VehicleBP.upack' (chunk index -1, root 'root:/') mounted
[2025.03.27-18.53.45:466][  0]LogShaderLibrary: Display: ShaderCodeLibraryPakFileMountedCallback: pending pak file info (ChunkID:-1 Root:root:/ File:C:/Program Files/UE/UE_4.27/FeaturePacks/TP_VehicleBP.upack)
[2025.03.27-18.53.45:466][  0]LogPakFile: OnPakFileMounted2Time == 0.000048
[2025.03.27-18.53.45:475][  0]LogPakFile: PakFile PrimaryIndexSize=192
[2025.03.27-18.53.45:475][  0]LogPakFile: PakFile PathHashIndexSize=101
[2025.03.27-18.53.45:475][  0]LogPakFile: PakFile FullDirectoryIndexSize=158
[2025.03.27-18.53.45:475][  0]LogShaderLibrary: Display: ShaderCodeLibraryPakFileMountedCallback: PakFile 'C:/Program Files/UE/UE_4.27/FeaturePacks/TP_VirtualRealityBP.upack' (chunk index -1, root 'root:/') mounted
[2025.03.27-18.53.45:475][  0]LogShaderLibrary: Display: ShaderCodeLibraryPakFileMountedCallback: pending pak file info (ChunkID:-1 Root:root:/ File:C:/Program Files/UE/UE_4.27/FeaturePacks/TP_VirtualRealityBP.upack)
[2025.03.27-18.53.45:475][  0]LogPakFile: OnPakFileMounted2Time == 0.000047
[2025.03.27-18.53.45:817][  0]LogNativeClassHierarchy: Verbose: Native class hierarchy updated for 'AddContentDialog' in 0.0003 seconds. Added 0 classes and 0 folders.
[2025.03.27-18.53.45:822][  0]LogNativeClassHierarchy: Verbose: Native class hierarchy updated for 'SceneOutliner' in 0.0002 seconds. Added 2 classes and 0 folders.
[2025.03.27-18.53.45:936][  0]LogSlate: Took 0.000206 seconds to synchronously load lazily loaded font '../../../Engine/Content/Slate/Fonts/Roboto-Regular.ttf' (155K)
[2025.03.27-18.53.45:947][  0]LogSlate: Took 0.009291 seconds to synchronously load lazily loaded font '../../../Engine/Content/Editor/Slate/Fonts/FontAwesome.ttf' (139K)
[2025.03.27-18.53.45:950][  0]LogSlate: Took 0.000258 seconds to synchronously load lazily loaded font '../../../Engine/Content/Slate/Fonts/Roboto-Bold.ttf' (160K)
[2025.03.27-18.53.46:086][  0]LogRenderer: Reallocating scene render targets to support 1112x396 Format 10 NumSamples 1 (Frame:1).
[2025.03.27-18.53.46:172][  0]LogSlate: Took 0.008195 seconds to synchronously load lazily loaded font '../../../Engine/Content/Slate/Fonts/Roboto-Light.ttf' (167K)
[2025.03.27-18.53.46:240][  0]LogNativeClassHierarchy: Verbose: Native class hierarchy updated for 'HierarchicalLODOutliner' in 0.0002 seconds. Added 0 classes and 0 folders.
[2025.03.27-18.53.46:240][  0]LogInput: Warning: Action SetDestination uses invalid key OculusGo_Left_Trigger_Click.
[2025.03.27-18.53.46:240][  0]LogInput: Warning: Action ResetVR uses invalid key OculusGo_Left_Back_Click.
[2025.03.27-18.53.46:240][  0]LogInput: Warning: Use -RemoveInvalidKeys to remove instances of these keys from the action mapping.
[2025.03.27-18.53.46:240][  0]LogLoad: (Engine Initialization) Total time: 11.30 seconds
[2025.03.27-18.53.46:240][  0]LogLoad: (Engine Initialization) Total Blueprint compile time: 0.00 seconds
[2025.03.27-18.53.46:294][  0]LogAssetRegistry: Asset discovery search completed in 6.2978 seconds
[2025.03.27-18.53.46:300][  0]LogCollectionManager: Fixed up redirectors for 0 collections in 0.000003 seconds (updated 0 objects)
[2025.03.27-18.53.46:302][  0]LogContentStreaming: Texture pool size now 1000 MB
[2025.03.27-18.53.48:790][146]LogTemp: Repeating last play command: Selected Viewport
[2025.03.27-18.53.48:800][146]LogPlayLevel: PlayLevel: No blueprints needed recompiling
[2025.03.27-18.53.48:803][146]PIE: New page: PIE session: TopDownExampleMap (27-Mar-2025, 10:53:48 am)
[2025.03.27-18.53.48:805][146]LogOnline: OSS: Creating online subsystem instance for: NULL
[2025.03.27-18.53.48:807][146]LogOnline: OSS: TryLoadSubsystemAndSetDefault: Loaded subsystem for module [NULL]
[2025.03.27-18.53.48:807][146]LogPlayLevel: Creating play world package: /Game/TopDownCPP/Maps/UEDPIE_0_TopDownExampleMap
[2025.03.27-18.53.48:827][146]LogPlayLevel: PIE: StaticDuplicateObject took: (0.019670s)
[2025.03.27-18.53.48:828][146]LogAIModule: Creating AISystem for world TopDownExampleMap
[2025.03.27-18.53.48:829][146]LogPlayLevel: PIE: World Init took: (0.001516s)
[2025.03.27-18.53.48:829][146]LogPlayLevel: PIE: Created PIE world by copying editor world from /Game/TopDownCPP/Maps/TopDownExampleMap.TopDownExampleMap to /Game/TopDownCPP/Maps/UEDPIE_0_TopDownExampleMap.TopDownExampleMap (0.021636s)
[2025.03.27-18.53.48:835][146]LogUObjectHash: Compacting FUObjectHashTables data took   0.65ms
[2025.03.27-18.53.48:839][146]LogAudio: Display: Creating Audio Device:                 Id: 2, Scope: Unique, Realtime: True
[2025.03.27-18.53.48:839][146]LogAudioMixer: Display: Audio Mixer Platform Settings:
[2025.03.27-18.53.48:839][146]LogAudioMixer: Display: 	Sample Rate:						  48000
[2025.03.27-18.53.48:839][146]LogAudioMixer: Display: 	Callback Buffer Frame Size Requested: 1024
[2025.03.27-18.53.48:839][146]LogAudioMixer: Display: 	Callback Buffer Frame Size To Use:	  1024
[2025.03.27-18.53.48:839][146]LogAudioMixer: Display: 	Number of buffers to queue:			  2
[2025.03.27-18.53.48:839][146]LogAudioMixer: Display: 	Max Channels (voices):				  32
[2025.03.27-18.53.48:839][146]LogAudioMixer: Display: 	Number of Async Source Workers:		  0
[2025.03.27-18.53.48:839][146]LogAudio: Display: AudioDevice MaxSources: 32
[2025.03.27-18.53.48:839][146]LogAudio: Display: Audio Spatialization Plugin: None (built-in).
[2025.03.27-18.53.48:839][146]LogAudio: Display: Audio Reverb Plugin: None (built-in).
[2025.03.27-18.53.48:839][146]LogAudio: Display: Audio Occlusion Plugin: None (built-in).
[2025.03.27-18.53.48:839][146]LogAudioMixer: Display: Initializing audio mixer.
[2025.03.27-18.53.48:843][146]LogAudioMixer: Display: 0: FrontLeft
[2025.03.27-18.53.48:843][146]LogAudioMixer: Display: 1: FrontRight
[2025.03.27-18.53.48:858][146]LogAudioMixer: Display: Using Audio Device Headphone (Realtek(R) Audio)
[2025.03.27-18.53.48:858][146]LogAudioMixer: Display: Initializing Sound Submixes...
[2025.03.27-18.53.48:859][146]LogAudioMixer: Display: Creating Master Submix 'MasterSubmixDefault'
[2025.03.27-18.53.48:859][146]LogAudioMixer: Display: Creating Master Submix 'MasterReverbSubmixDefault'
[2025.03.27-18.53.48:859][146]LogAudioMixer: Display: Creating Master Submix 'MasterEQSubmixDefault'
[2025.03.27-18.53.48:859][146]LogAudioMixer: FMixerPlatformXAudio2::StartAudioStream() called
[2025.03.27-18.53.48:859][146]LogAudioMixer: Display: Output buffers initialized: Frames=1024, Channels=2, Samples=2048
[2025.03.27-18.53.48:860][146]LogAudioMixer: Display: Starting AudioMixerPlatformInterface::RunInternal()
[2025.03.27-18.53.48:860][146]LogAudioMixer: Display: FMixerPlatformXAudio2::SubmitBuffer() called for the first time
[2025.03.27-18.53.48:860][146]LogInit: FAudioDevice initialized.
[2025.03.27-18.53.48:860][146]LogAudio: Display: Audio Device (ID: 2) registered with world 'TopDownExampleMap'.
[2025.03.27-18.53.48:869][146]LogLoad: Game class is 'TopDownPuzzleGameMode'
[2025.03.27-18.53.48:874][146]LogWorld: Bringing World /Game/TopDownCPP/Maps/UEDPIE_0_TopDownExampleMap.TopDownExampleMap up for play (max tick rate 60) at 2025.03.27-14.53.48
[2025.03.27-18.53.48:875][146]LogWorld: Bringing up level for play took: 0.002065
[2025.03.27-18.53.48:876][146]LogOnline: OSS: Creating online subsystem instance for: :Context_3
[2025.03.27-18.53.48:894][146]LogNativeClassHierarchy: Verbose: Native class hierarchy updated for 'MovieSceneCapture' in 0.0004 seconds. Added 20 classes and 0 folders.
[2025.03.27-18.53.48:901][146]PIE: Server logged in
[2025.03.27-18.53.48:903][146]PIE: Play in editor total start time 0.107 seconds.
[2025.03.27-18.53.58:529][721]LogAssetEditorSubsystem: Opening Asset editor for Blueprint /Game/TopDownCPP/Blueprints/TopDownCharacter.TopDownCharacter
[2025.03.27-18.53.59:698][721]LogNativeClassHierarchy: Verbose: Native class hierarchy updated for 'BlueprintGraph' in 0.0005 seconds. Added 126 classes and 0 folders.
[2025.03.27-18.54.06:265][ 30]LogSlate: Window 'TopDownCharacter' being destroyed
[2025.03.27-18.54.06:282][ 30]LogWorld: UWorld::CleanupWorld for World_2, bSessionEnded=true, bCleanupResources=true
[2025.03.27-18.54.06:282][ 30]LogSlate: InvalidateAllWidgets triggered.  All widgets were invalidated
[2025.03.27-18.54.06:339][ 30]LogAssetEditorSubsystem: Opening Asset editor for Blueprint /Game/TopDownCPP/Blueprints/TopDownCharacter.TopDownCharacter
[2025.03.27-18.54.06:930][ 30]LogSlate: Took 0.000232 seconds to synchronously load lazily loaded font '../../../Engine/Content/Slate/Fonts/Roboto-BoldCondensed.ttf' (158K)
[2025.03.27-18.54.08:551][124]LogSlate: Took 0.007551 seconds to synchronously load lazily loaded font '../../../Engine/Content/Slate/Fonts/Roboto-Italic.ttf' (157K)
[2025.03.27-18.54.14:639][470]LogSlate: Window 'TopDownCharacter' being destroyed
[2025.03.27-18.54.14:652][470]LogSlate: Window 'TopDownCharacter' being destroyed
[2025.03.27-18.54.14:657][470]LogWorld: UWorld::CleanupWorld for World_5, bSessionEnded=true, bCleanupResources=true
[2025.03.27-18.54.14:657][470]LogSlate: InvalidateAllWidgets triggered.  All widgets were invalidated
[2025.03.27-18.54.16:205][560]LogAssetEditorSubsystem: Opening Asset editor for Blueprint /Game/TopDownCPP/Blueprints/TopDownCharacter.TopDownCharacter
[2025.03.27-18.54.32:809][501]LogSlate: Updating window title bar state: overlay mode, drag disabled, window buttons hidden, title bar hidden
[2025.03.27-18.54.32:809][501]LogWorld: BeginTearingDown for /Game/TopDownCPP/Maps/UEDPIE_0_TopDownExampleMap
[2025.03.27-18.54.32:811][501]LogWorld: UWorld::CleanupWorld for TopDownExampleMap, bSessionEnded=true, bCleanupResources=true
[2025.03.27-18.54.32:812][501]LogSlate: InvalidateAllWidgets triggered.  All widgets were invalidated
[2025.03.27-18.54.32:819][501]LogPlayLevel: Display: Shutting down PIE online subsystems
[2025.03.27-18.54.32:824][501]LogSlate: InvalidateAllWidgets triggered.  All widgets were invalidated
[2025.03.27-18.54.32:843][501]LogAudio: Display: Audio Device unregistered from world 'None'.
[2025.03.27-18.54.32:843][501]LogAudioMixer: FMixerPlatformXAudio2::StopAudioStream() called
[2025.03.27-18.54.32:844][501]LogAudioMixer: FMixerPlatformXAudio2::StopAudioStream() called
[2025.03.27-18.54.32:848][501]LogSlate: Updating window title bar state: overlay mode, drag disabled, window buttons hidden, title bar hidden
[2025.03.27-18.54.32:859][501]LogUObjectHash: Compacting FUObjectHashTables data took   2.41ms
[2025.03.27-18.54.32:873][502]LogPlayLevel: Display: Destroying online subsystem :Context_3
[2025.03.27-18.54.59:283][ 54]LogSlate: Window 'TopDownCharacter' being destroyed
[2025.03.27-18.54.59:297][ 54]LogSlate: Window 'TopDownCharacter' being destroyed
[2025.03.27-18.54.59:301][ 54]LogWorld: UWorld::CleanupWorld for World_6, bSessionEnded=true, bCleanupResources=true
[2025.03.27-18.54.59:301][ 54]LogSlate: InvalidateAllWidgets triggered.  All widgets were invalidated
[2025.03.27-18.55.04:962][385]LogSlate: Took 0.000218 seconds to synchronously load lazily loaded font '../../../Engine/Content/Slate/Fonts/Roboto-Light.ttf' (167K)
[2025.03.27-18.55.04:989][385]LogAssetEditorSubsystem: Opening Asset editor for Material /Game/TopDownCPP/Blueprints/M_Cursor_Decal.M_Cursor_Decal
[2025.03.27-18.55.04:995][385]LogMaterial: Display: Missing cached shadermap for M_Cursor_Decal in PCD3D_SM5, Default, SM5 (DDC key hash: 4F0CA024750529E70A01458BF02D320C8CEA417D), compiling. 
[2025.03.27-18.55.05:060][385]LogShaderCompilers: Display: Submitted 25 shader compile jobs with 'Normal' priority
[2025.03.27-18.55.05:100][385]LogTexture: Default maximum texture size for cubemaps generated from long-lat sources has been changed from 512 to unlimited. In order to preserve old behaiour for '/Engine/EditorMaterials/AssetViewer/EpicQuadPanorama_CC+EV1.EpicQuadPanorama_CC+EV1', its maximum texture size has been explicitly set to 512.
[2025.03.27-18.55.05:206][385]LogTexture: Default maximum texture size for cubemaps generated from long-lat sources has been changed from 512 to unlimited. In order to preserve old behaiour for '/Engine/MapTemplates/Sky/SunsetAmbientCubemap.SunsetAmbientCubemap', its maximum texture size has been explicitly set to 512.
[2025.03.27-18.55.05:426][385]LogMaterial: Display: Missing cached shadermap for M_Cursor_Decal in PCD3D_SM5, Default, SM5 (DDC key hash: F06A44A1C45E1B7ADF3C7DEA9DCB18CBE113730A), compiling. 
[2025.03.27-18.55.05:432][385]LogMaterial: Display: Missing cached shadermap for M_Cursor_Decal in PCD3D_SM5, Default, SM5 (DDC key hash: CCF93C8C476C70A827D713ABFD04A5B42966FAF6), compiling. 
[2025.03.27-18.55.05:460][385]MaterialEditorStats: Texture samplers: 0/16
[2025.03.27-18.55.05:460][385]MaterialEditorStats: User interpolators: 2/4 Scalars (1/4 Vectors) (TexCoords: 2, Custom: 0)
[2025.03.27-18.55.05:600][385]LogShaderCompilers: Display: Submitted 25 shader compile jobs with 'Normal' priority
[2025.03.27-18.55.05:600][385]LogShaderCompilers: Display: Worker (1/5): shaders left to compile 25
[2025.03.27-18.55.05:600][385]LogShaderCompilers: Display: Worker (2/5): shaders left to compile 18
[2025.03.27-18.55.05:600][385]LogShaderCompilers: Display: Worker (3/5): shaders left to compile 11
[2025.03.27-18.55.05:600][385]LogShaderCompilers: Display: Worker (4/5): shaders left to compile 4
[2025.03.27-18.55.05:600][385]LogShaderCompilers: Display: Started 25 'Local' shader compile jobs with 'Normal' priority
[2025.03.27-18.55.09:013][580]LogSlate: Window 'M_Cursor_Decal' being destroyed
[2025.03.27-18.55.09:024][580]LogSlate: Window 'M_Cursor_Decal' being destroyed
[2025.03.27-18.55.09:054][580]LogWorld: UWorld::CleanupWorld for World_7, bSessionEnded=true, bCleanupResources=true
[2025.03.27-18.55.09:054][580]LogSlate: InvalidateAllWidgets triggered.  All widgets were invalidated
[2025.03.27-18.55.19:699][215]LogAssetEditorSubsystem: Opening Asset editor for Blueprint /Game/TopDownCPP/Blueprints/TopDownCharacter.TopDownCharacter
[2025.03.27-18.55.21:186][279]LogRenderer: Reallocating scene render targets to support 1112x676 Format 10 NumSamples 1 (Frame:1).
[2025.03.27-18.55.56:179][295]LogEditorTransaction: Undo Edit Skeletal Mesh
[2025.03.27-18.55.56:669][318]LogEditorTransaction: Undo Edit Animation Mode
[2025.03.27-18.55.57:120][344]LogEditorTransaction: Undo Edit Animation Mode
[2025.03.27-18.55.57:520][368]LogEditorTransaction: Undo Modify Component(s)
[2025.03.27-18.56.20:085][689]LogSavePackage: Moving '../../../../../../Unreal Projects/Top-Down-Puzzle/TopDownPuzzle/Saved/TopDownCharacterBB6B015B45111891C2CBFFA8173F0B6B.tmp' to '../../../../../../Unreal Projects/Top-Down-Puzzle/TopDownPuzzle/Content/TopDownCPP/Blueprints/TopDownCharacter.uasset'
[2025.03.27-18.56.20:107][689]AssetCheck: New page: Asset Save: TopDownCharacter
[2025.03.27-18.56.20:107][689]LogContentValidation: Display: Validating Blueprint /Game/TopDownCPP/Blueprints/TopDownCharacter.TopDownCharacter
[2025.03.27-18.56.21:599][779]BlueprintLog: New page: Compile TopDownCharacter
[2025.03.27-18.56.21:663][779]LogUObjectHash: Compacting FUObjectHashTables data took   2.02ms
[2025.03.27-18.56.24:387][940]LogSlate: Window 'TopDownCharacter' being destroyed
[2025.03.27-18.56.24:399][940]LogSlate: Window 'TopDownCharacter' being destroyed
[2025.03.27-18.56.24:405][940]LogWorld: UWorld::CleanupWorld for World_8, bSessionEnded=true, bCleanupResources=true
[2025.03.27-18.56.24:405][940]LogSlate: InvalidateAllWidgets triggered.  All widgets were invalidated
[2025.03.27-18.56.26:029][ 35]LogTemp: Repeating last play command: Selected Viewport
[2025.03.27-18.56.26:037][ 35]LogPlayLevel: PlayLevel: No blueprints needed recompiling
[2025.03.27-18.56.26:037][ 35]PIE: New page: PIE session: TopDownExampleMap (27-Mar-2025, 10:56:26 am)
[2025.03.27-18.56.26:037][ 35]LogPlayLevel: Creating play world package: /Game/TopDownCPP/Maps/UEDPIE_0_TopDownExampleMap
[2025.03.27-18.56.26:048][ 35]LogPlayLevel: PIE: StaticDuplicateObject took: (0.011618s)
[2025.03.27-18.56.26:049][ 35]LogAIModule: Creating AISystem for world TopDownExampleMap
[2025.03.27-18.56.26:049][ 35]LogPlayLevel: PIE: World Init took: (0.001095s)
[2025.03.27-18.56.26:049][ 35]LogPlayLevel: PIE: Created PIE world by copying editor world from /Game/TopDownCPP/Maps/TopDownExampleMap.TopDownExampleMap to /Game/TopDownCPP/Maps/UEDPIE_0_TopDownExampleMap.TopDownExampleMap (0.012856s)
[2025.03.27-18.56.26:077][ 35]LogUObjectHash: Compacting FUObjectHashTables data took   1.95ms
[2025.03.27-18.56.26:078][ 35]LogAudio: Display: Creating Audio Device:                 Id: 3, Scope: Unique, Realtime: True
[2025.03.27-18.56.26:078][ 35]LogAudioMixer: Display: Audio Mixer Platform Settings:
[2025.03.27-18.56.26:078][ 35]LogAudioMixer: Display: 	Sample Rate:						  48000
[2025.03.27-18.56.26:078][ 35]LogAudioMixer: Display: 	Callback Buffer Frame Size Requested: 1024
[2025.03.27-18.56.26:078][ 35]LogAudioMixer: Display: 	Callback Buffer Frame Size To Use:	  1024
[2025.03.27-18.56.26:078][ 35]LogAudioMixer: Display: 	Number of buffers to queue:			  2
[2025.03.27-18.56.26:078][ 35]LogAudioMixer: Display: 	Max Channels (voices):				  32
[2025.03.27-18.56.26:078][ 35]LogAudioMixer: Display: 	Number of Async Source Workers:		  0
[2025.03.27-18.56.26:078][ 35]LogAudio: Display: AudioDevice MaxSources: 32
[2025.03.27-18.56.26:079][ 35]LogAudio: Display: Audio Spatialization Plugin: None (built-in).
[2025.03.27-18.56.26:079][ 35]LogAudio: Display: Audio Reverb Plugin: None (built-in).
[2025.03.27-18.56.26:079][ 35]LogAudio: Display: Audio Occlusion Plugin: None (built-in).
[2025.03.27-18.56.26:079][ 35]LogAudioMixer: Display: Initializing audio mixer.
[2025.03.27-18.56.26:082][ 35]LogAudioMixer: Display: 0: FrontLeft
[2025.03.27-18.56.26:082][ 35]LogAudioMixer: Display: 1: FrontRight
[2025.03.27-18.56.26:099][ 35]LogAudioMixer: Display: Using Audio Device Headphone (Realtek(R) Audio)
[2025.03.27-18.56.26:099][ 35]LogAudioMixer: Display: Initializing Sound Submixes...
[2025.03.27-18.56.26:099][ 35]LogAudioMixer: Display: Creating Master Submix 'MasterSubmixDefault'
[2025.03.27-18.56.26:099][ 35]LogAudioMixer: Display: Creating Master Submix 'MasterReverbSubmixDefault'
[2025.03.27-18.56.26:099][ 35]LogAudioMixer: Display: Creating Master Submix 'MasterEQSubmixDefault'
[2025.03.27-18.56.26:099][ 35]LogAudioMixer: FMixerPlatformXAudio2::StartAudioStream() called
[2025.03.27-18.56.26:099][ 35]LogAudioMixer: Display: Output buffers initialized: Frames=1024, Channels=2, Samples=2048
[2025.03.27-18.56.26:100][ 35]LogAudioMixer: Display: Starting AudioMixerPlatformInterface::RunInternal()
[2025.03.27-18.56.26:100][ 35]LogAudioMixer: Display: FMixerPlatformXAudio2::SubmitBuffer() called for the first time
[2025.03.27-18.56.26:100][ 35]LogInit: FAudioDevice initialized.
[2025.03.27-18.56.26:100][ 35]LogAudio: Display: Audio Device (ID: 3) registered with world 'TopDownExampleMap'.
[2025.03.27-18.56.26:111][ 35]LogLoad: Game class is 'TopDownPuzzleGameMode'
[2025.03.27-18.56.26:113][ 35]LogWorld: Bringing World /Game/TopDownCPP/Maps/UEDPIE_0_TopDownExampleMap.TopDownExampleMap up for play (max tick rate 60) at 2025.03.27-14.56.26
[2025.03.27-18.56.26:113][ 35]LogWorld: Bringing up level for play took: 0.001191
[2025.03.27-18.56.26:113][ 35]LogOnline: OSS: Creating online subsystem instance for: :Context_12
[2025.03.27-18.56.26:117][ 35]PIE: Server logged in
[2025.03.27-18.56.26:117][ 35]PIE: Play in editor total start time 0.083 seconds.
[2025.03.27-18.56.28:535][177]LogSlate: Updating window title bar state: overlay mode, drag disabled, window buttons hidden, title bar hidden
[2025.03.27-18.56.28:535][177]LogWorld: BeginTearingDown for /Game/TopDownCPP/Maps/UEDPIE_0_TopDownExampleMap
[2025.03.27-18.56.28:535][177]LogWorld: UWorld::CleanupWorld for TopDownExampleMap, bSessionEnded=true, bCleanupResources=true
[2025.03.27-18.56.28:535][177]LogSlate: InvalidateAllWidgets triggered.  All widgets were invalidated
[2025.03.27-18.56.28:543][177]LogPlayLevel: Display: Shutting down PIE online subsystems
[2025.03.27-18.56.28:546][177]LogSlate: InvalidateAllWidgets triggered.  All widgets were invalidated
[2025.03.27-18.56.28:560][177]LogAudio: Display: Audio Device unregistered from world 'None'.
[2025.03.27-18.56.28:560][177]LogAudioMixer: FMixerPlatformXAudio2::StopAudioStream() called
[2025.03.27-18.56.28:561][177]LogAudioMixer: FMixerPlatformXAudio2::StopAudioStream() called
[2025.03.27-18.56.28:564][177]LogSlate: Updating window title bar state: overlay mode, drag disabled, window buttons hidden, title bar hidden
[2025.03.27-18.56.28:567][177]LogUObjectHash: Compacting FUObjectHashTables data took   1.79ms
[2025.03.27-18.56.28:610][180]LogPlayLevel: Display: Destroying online subsystem :Context_12
[2025.03.27-18.56.30:093][267]LogAssetEditorSubsystem: Opening Asset editor for Blueprint /Game/TopDownCPP/Blueprints/TopDownCharacter.TopDownCharacter
[2025.03.27-18.56.52:519][558]LogEditorClassViewer: Warning: Class /Engine/Tutorial/InWorldBlueprintEditing/TutorialAssets/IWBE_Blutility.IWBE_Blutility_C has parent /Script/Blutility.PlacedEditorUtilityBase, but this parent is not found. The Class will not be shown in ClassViewer.
[2025.03.27-18.57.05:783][350]LogSlate: Prevented a slow task dialog from being summoned while a context menu was open
[2025.03.27-18.57.11:244][668]LogTemp: Repeating last play command: Selected Viewport
[2025.03.27-18.57.11:252][668]LogPlayLevel: PlayLevel: No blueprints needed recompiling
[2025.03.27-18.57.11:252][668]PIE: New page: PIE session: TopDownExampleMap (27-Mar-2025, 10:57:11 am)
[2025.03.27-18.57.11:252][668]LogPlayLevel: Creating play world package: /Game/TopDownCPP/Maps/UEDPIE_0_TopDownExampleMap
[2025.03.27-18.57.11:266][668]LogPlayLevel: PIE: StaticDuplicateObject took: (0.013428s)
[2025.03.27-18.57.11:267][668]LogAIModule: Creating AISystem for world TopDownExampleMap
[2025.03.27-18.57.11:268][668]LogPlayLevel: PIE: World Init took: (0.001025s)
[2025.03.27-18.57.11:268][668]LogPlayLevel: PIE: Created PIE world by copying editor world from /Game/TopDownCPP/Maps/TopDownExampleMap.TopDownExampleMap to /Game/TopDownCPP/Maps/UEDPIE_0_TopDownExampleMap.TopDownExampleMap (0.014592s)
[2025.03.27-18.57.11:289][668]LogUObjectHash: Compacting FUObjectHashTables data took   2.16ms
[2025.03.27-18.57.11:291][668]LogAudio: Display: Creating Audio Device:                 Id: 4, Scope: Unique, Realtime: True
[2025.03.27-18.57.11:291][668]LogAudioMixer: Display: Audio Mixer Platform Settings:
[2025.03.27-18.57.11:291][668]LogAudioMixer: Display: 	Sample Rate:						  48000
[2025.03.27-18.57.11:291][668]LogAudioMixer: Display: 	Callback Buffer Frame Size Requested: 1024
[2025.03.27-18.57.11:291][668]LogAudioMixer: Display: 	Callback Buffer Frame Size To Use:	  1024
[2025.03.27-18.57.11:291][668]LogAudioMixer: Display: 	Number of buffers to queue:			  2
[2025.03.27-18.57.11:291][668]LogAudioMixer: Display: 	Max Channels (voices):				  32
[2025.03.27-18.57.11:291][668]LogAudioMixer: Display: 	Number of Async Source Workers:		  0
[2025.03.27-18.57.11:291][668]LogAudio: Display: AudioDevice MaxSources: 32
[2025.03.27-18.57.11:291][668]LogAudio: Display: Audio Spatialization Plugin: None (built-in).
[2025.03.27-18.57.11:291][668]LogAudio: Display: Audio Reverb Plugin: None (built-in).
[2025.03.27-18.57.11:291][668]LogAudio: Display: Audio Occlusion Plugin: None (built-in).
[2025.03.27-18.57.11:291][668]LogAudioMixer: Display: Initializing audio mixer.
[2025.03.27-18.57.11:294][668]LogAudioMixer: Display: 0: FrontLeft
[2025.03.27-18.57.11:294][668]LogAudioMixer: Display: 1: FrontRight
[2025.03.27-18.57.11:310][668]LogAudioMixer: Display: Using Audio Device Headphone (Realtek(R) Audio)
[2025.03.27-18.57.11:310][668]LogAudioMixer: Display: Initializing Sound Submixes...
[2025.03.27-18.57.11:310][668]LogAudioMixer: Display: Creating Master Submix 'MasterSubmixDefault'
[2025.03.27-18.57.11:310][668]LogAudioMixer: Display: Creating Master Submix 'MasterReverbSubmixDefault'
[2025.03.27-18.57.11:310][668]LogAudioMixer: Display: Creating Master Submix 'MasterEQSubmixDefault'
[2025.03.27-18.57.11:310][668]LogAudioMixer: FMixerPlatformXAudio2::StartAudioStream() called
[2025.03.27-18.57.11:310][668]LogAudioMixer: Display: Output buffers initialized: Frames=1024, Channels=2, Samples=2048
[2025.03.27-18.57.11:311][668]LogAudioMixer: Display: Starting AudioMixerPlatformInterface::RunInternal()
[2025.03.27-18.57.11:311][668]LogAudioMixer: Display: FMixerPlatformXAudio2::SubmitBuffer() called for the first time
[2025.03.27-18.57.11:311][668]LogInit: FAudioDevice initialized.
[2025.03.27-18.57.11:311][668]LogAudio: Display: Audio Device (ID: 4) registered with world 'TopDownExampleMap'.
[2025.03.27-18.57.11:327][668]LogLoad: Game class is 'TopDownPuzzleGameMode'
[2025.03.27-18.57.11:329][668]LogWorld: Bringing World /Game/TopDownCPP/Maps/UEDPIE_0_TopDownExampleMap.TopDownExampleMap up for play (max tick rate 60) at 2025.03.27-14.57.11
[2025.03.27-18.57.11:331][668]LogWorld: Bringing up level for play took: 0.001888
[2025.03.27-18.57.11:331][668]LogOnline: OSS: Creating online subsystem instance for: :Context_14
[2025.03.27-18.57.11:335][668]PIE: Server logged in
[2025.03.27-18.57.11:335][668]PIE: Play in editor total start time 0.086 seconds.
[2025.03.27-18.57.17:364][ 18]LogSlate: Updating window title bar state: overlay mode, drag disabled, window buttons hidden, title bar hidden
[2025.03.27-18.57.17:365][ 18]LogWorld: BeginTearingDown for /Game/TopDownCPP/Maps/UEDPIE_0_TopDownExampleMap
[2025.03.27-18.57.17:365][ 18]LogWorld: UWorld::CleanupWorld for TopDownExampleMap, bSessionEnded=true, bCleanupResources=true
[2025.03.27-18.57.17:365][ 18]LogSlate: InvalidateAllWidgets triggered.  All widgets were invalidated
[2025.03.27-18.57.17:374][ 18]LogPlayLevel: Display: Shutting down PIE online subsystems
[2025.03.27-18.57.17:378][ 18]LogSlate: InvalidateAllWidgets triggered.  All widgets were invalidated
[2025.03.27-18.57.17:395][ 18]LogAudio: Display: Audio Device unregistered from world 'None'.
[2025.03.27-18.57.17:395][ 18]LogAudioMixer: FMixerPlatformXAudio2::StopAudioStream() called
[2025.03.27-18.57.17:396][ 18]LogAudioMixer: FMixerPlatformXAudio2::StopAudioStream() called
[2025.03.27-18.57.17:399][ 18]LogSlate: Updating window title bar state: overlay mode, drag disabled, window buttons hidden, title bar hidden
[2025.03.27-18.57.17:402][ 18]LogUObjectHash: Compacting FUObjectHashTables data took   1.76ms
[2025.03.27-18.57.17:430][ 20]LogPlayLevel: Display: Destroying online subsystem :Context_14
[2025.03.27-18.57.19:066][ 84]LogEditorViewport: Clicking on Actor (LMB): StaticMeshActor (Cube26)
[2025.03.27-18.57.19:769][119]LogTemp: Repeating last play command: Selected Viewport
[2025.03.27-18.57.19:778][119]LogPlayLevel: PlayLevel: No blueprints needed recompiling
[2025.03.27-18.57.19:778][119]PIE: New page: PIE session: TopDownExampleMap (27-Mar-2025, 10:57:19 am)
[2025.03.27-18.57.19:778][119]LogPlayLevel: Creating play world package: /Game/TopDownCPP/Maps/UEDPIE_0_TopDownExampleMap
[2025.03.27-18.57.19:797][119]LogPlayLevel: PIE: StaticDuplicateObject took: (0.018828s)
[2025.03.27-18.57.19:798][119]LogAIModule: Creating AISystem for world TopDownExampleMap
[2025.03.27-18.57.19:798][119]LogPlayLevel: PIE: World Init took: (0.001558s)
[2025.03.27-18.57.19:798][119]LogPlayLevel: PIE: Created PIE world by copying editor world from /Game/TopDownCPP/Maps/TopDownExampleMap.TopDownExampleMap to /Game/TopDownCPP/Maps/UEDPIE_0_TopDownExampleMap.TopDownExampleMap (0.020521s)
[2025.03.27-18.57.19:817][119]LogUObjectHash: Compacting FUObjectHashTables data took   1.80ms
[2025.03.27-18.57.19:817][119]LogAudio: Display: Creating Audio Device:                 Id: 5, Scope: Unique, Realtime: True
[2025.03.27-18.57.19:818][119]LogAudioMixer: Display: Audio Mixer Platform Settings:
[2025.03.27-18.57.19:818][119]LogAudioMixer: Display: 	Sample Rate:						  48000
[2025.03.27-18.57.19:818][119]LogAudioMixer: Display: 	Callback Buffer Frame Size Requested: 1024
[2025.03.27-18.57.19:818][119]LogAudioMixer: Display: 	Callback Buffer Frame Size To Use:	  1024
[2025.03.27-18.57.19:818][119]LogAudioMixer: Display: 	Number of buffers to queue:			  2
[2025.03.27-18.57.19:818][119]LogAudioMixer: Display: 	Max Channels (voices):				  32
[2025.03.27-18.57.19:818][119]LogAudioMixer: Display: 	Number of Async Source Workers:		  0
[2025.03.27-18.57.19:818][119]LogAudio: Display: AudioDevice MaxSources: 32
[2025.03.27-18.57.19:818][119]LogAudio: Display: Audio Spatialization Plugin: None (built-in).
[2025.03.27-18.57.19:818][119]LogAudio: Display: Audio Reverb Plugin: None (built-in).
[2025.03.27-18.57.19:818][119]LogAudio: Display: Audio Occlusion Plugin: None (built-in).
[2025.03.27-18.57.19:818][119]LogAudioMixer: Display: Initializing audio mixer.
[2025.03.27-18.57.19:822][119]LogAudioMixer: Display: 0: FrontLeft
[2025.03.27-18.57.19:822][119]LogAudioMixer: Display: 1: FrontRight
[2025.03.27-18.57.19:836][119]LogAudioMixer: Display: Using Audio Device Headphone (Realtek(R) Audio)
[2025.03.27-18.57.19:837][119]LogAudioMixer: Display: Initializing Sound Submixes...
[2025.03.27-18.57.19:837][119]LogAudioMixer: Display: Creating Master Submix 'MasterSubmixDefault'
[2025.03.27-18.57.19:837][119]LogAudioMixer: Display: Creating Master Submix 'MasterReverbSubmixDefault'
[2025.03.27-18.57.19:837][119]LogAudioMixer: Display: Creating Master Submix 'MasterEQSubmixDefault'
[2025.03.27-18.57.19:837][119]LogAudioMixer: FMixerPlatformXAudio2::StartAudioStream() called
[2025.03.27-18.57.19:837][119]LogAudioMixer: Display: Output buffers initialized: Frames=1024, Channels=2, Samples=2048
[2025.03.27-18.57.19:838][119]LogAudioMixer: Display: Starting AudioMixerPlatformInterface::RunInternal()
[2025.03.27-18.57.19:838][119]LogAudioMixer: Display: FMixerPlatformXAudio2::SubmitBuffer() called for the first time
[2025.03.27-18.57.19:838][119]LogInit: FAudioDevice initialized.
[2025.03.27-18.57.19:838][119]LogAudio: Display: Audio Device (ID: 5) registered with world 'TopDownExampleMap'.
[2025.03.27-18.57.19:848][119]LogLoad: Game class is 'TopDownPuzzleGameMode'
[2025.03.27-18.57.19:850][119]LogWorld: Bringing World /Game/TopDownCPP/Maps/UEDPIE_0_TopDownExampleMap.TopDownExampleMap up for play (max tick rate 60) at 2025.03.27-14.57.19
[2025.03.27-18.57.19:850][119]LogWorld: Bringing up level for play took: 0.001208
[2025.03.27-18.57.19:851][119]LogOnline: OSS: Creating online subsystem instance for: :Context_15
[2025.03.27-18.57.19:853][119]PIE: Server logged in
[2025.03.27-18.57.19:854][119]PIE: Play in editor total start time 0.08 seconds.
[2025.03.27-18.57.23:837][357]LogSlate: Window 'TopDownCharacter' being destroyed
[2025.03.27-18.57.23:849][357]LogSlate: Window 'TopDownCharacter' being destroyed
[2025.03.27-18.57.23:852][357]LogWorld: UWorld::CleanupWorld for World_10, bSessionEnded=true, bCleanupResources=true
[2025.03.27-18.57.23:852][357]LogSlate: InvalidateAllWidgets triggered.  All widgets were invalidated
[2025.03.27-18.57.31:876][832]LogSlate: Updating window title bar state: overlay mode, drag disabled, window buttons hidden, title bar hidden
[2025.03.27-18.57.31:876][832]LogWorld: BeginTearingDown for /Game/TopDownCPP/Maps/UEDPIE_0_TopDownExampleMap
[2025.03.27-18.57.31:877][832]LogWorld: UWorld::CleanupWorld for TopDownExampleMap, bSessionEnded=true, bCleanupResources=true
[2025.03.27-18.57.31:877][832]LogSlate: InvalidateAllWidgets triggered.  All widgets were invalidated
[2025.03.27-18.57.31:886][832]LogPlayLevel: Display: Shutting down PIE online subsystems
[2025.03.27-18.57.31:902][832]LogSlate: InvalidateAllWidgets triggered.  All widgets were invalidated
[2025.03.27-18.57.31:916][832]LogSlate: Updating window title bar state: overlay mode, drag disabled, window buttons hidden, title bar hidden
[2025.03.27-18.57.31:916][832]LogAudioMixer: FMixerPlatformXAudio2::StopAudioStream() called
[2025.03.27-18.57.31:918][832]LogAudioMixer: FMixerPlatformXAudio2::StopAudioStream() called
[2025.03.27-18.57.31:923][832]LogUObjectHash: Compacting FUObjectHashTables data took   1.84ms
[2025.03.27-18.57.31:945][833]LogPlayLevel: Display: Destroying online subsystem :Context_15
[2025.03.27-18.57.32:862][888]LogEditorViewport: Clicking on Actor (LMB): StaticMeshActor (Floor)
[2025.03.27-18.57.34:695][936]LogSavePackage: Moving '../../../../../../Unreal Projects/Top-Down-Puzzle/TopDownPuzzle/Saved/TopDownCharacter2DDDA27C489020E702A9B08673C37189.tmp' to '../../../../../../Unreal Projects/Top-Down-Puzzle/TopDownPuzzle/Content/TopDownCPP/Blueprints/TopDownCharacter.uasset'
[2025.03.27-18.57.34:713][936]AssetCheck: New page: Asset Save: TopDownCharacter
[2025.03.27-18.57.34:713][936]LogContentValidation: Display: Validating Blueprint /Game/TopDownCPP/Blueprints/TopDownCharacter.TopDownCharacter
[2025.03.27-18.58.03:186][545]LogContentBrowser: Deferred new asset folder creation: NewFolder
[2025.03.27-18.58.03:198][545]LogContentBrowser: Creating deferred item: NewFolder
[2025.03.27-18.58.06:204][726]LogContentBrowser: Attempting asset rename: NewFolder -> C++
[2025.03.27-18.58.06:205][726]LogContentBrowser: End creating deferred item NewFolder
[2025.03.27-18.58.32:308][217]LogEditorClassViewer: Warning: Class /Engine/Tutorial/InWorldBlueprintEditing/TutorialAssets/IWBE_Blutility.IWBE_Blutility_C has parent /Script/Blutility.PlacedEditorUtilityBase, but this parent is not found. The Class will not be shown in ClassViewer.
[2025.03.27-18.58.32:311][217]LogSlate: Warning: Slate: Had to block on waiting for a draw buffer
[2025.03.27-18.59.21:318][985]Running C:/Program Files/UE/UE_4.27/Engine/Binaries/DotNET/UnrealBuildTool.exe  -projectfiles -project="C:/Unreal Projects/Top-Down-Puzzle/TopDownPuzzle/TopDownPuzzle.uproject" -game -rocket -progress
[2025.03.27-18.59.21:927][985]Discovering modules, targets and source code for project...
[2025.03.27-18.59.27:257][985]Binding IntelliSense data...
[2025.03.27-18.59.39:442][985]Binding IntelliSense data... 50%
[2025.03.27-18.59.39:442][985]Binding IntelliSense data... 100%
[2025.03.27-18.59.39:442][985]Writing project files...
[2025.03.27-18.59.44:573][985]Writing project files... 100%
[2025.03.27-18.59.44:781][985]LogVSAccessor: Warning: Couldn't access Visual Studio
[2025.03.27-18.59.44:815][985]Candidate modules for hot reload:
[2025.03.27-18.59.44:815][985]  TopDownPuzzle
[2025.03.27-18.59.44:815][985]Launching UnrealBuildTool... [C:/Program Files/UE/UE_4.27/Engine/Binaries/DotNET/UnrealBuildTool.exe  -ModuleWithSuffix=TopDownPuzzle,7430 TopDownPuzzleEditor Win64 Development -Project="C:/Unreal Projects/Top-Down-Puzzle/TopDownPuzzle/TopDownPuzzle.uproject" "C:/Unreal Projects/Top-Down-Puzzle/TopDownPuzzle/TopDownPuzzle.uproject"  -IgnoreJunk]
[2025.03.27-19.00.17:336][985]CompilerResultsLog: New page: Compilation - 27-Mar-2025, 11:00:17 am
[2025.03.27-19.00.17:336][985]CompilerResultsLog: Using 'git status' to determine working set for adaptive non-unity build (C:\Unreal Projects\Top-Down-Puzzle).
[2025.03.27-19.00.17:336][985]CompilerResultsLog: Creating makefile for TopDownPuzzleEditor (no existing makefile)
[2025.03.27-19.00.17:336][985]CompilerResultsLog: Parsing headers for TopDownPuzzleEditor
[2025.03.27-19.00.17:336][985]CompilerResultsLog:   Running UnrealHeaderTool "C:\Unreal Projects\Top-Down-Puzzle\TopDownPuzzle\TopDownPuzzle.uproject" "C:\Unreal Projects\Top-Down-Puzzle\TopDownPuzzle\Intermediate\Build\Win64\TopDownPuzzleEditor\Development\TopDownPuzzleEditor.uhtmanifest" -LogCmds="loginit warning, logexit warning, logdatabase error" -Unattended -WarningsAsErrors -abslog="C:\Users\patel\AppData\Local\UnrealBuildTool\Log_UHT.txt" -installed
[2025.03.27-19.00.17:336][985]CompilerResultsLog: LogInit: Display: Loading text-based GConfig....
[2025.03.27-19.00.17:336][985]CompilerResultsLog: Reflection code generated for TopDownPuzzleEditor in 21.4846976 seconds
[2025.03.27-19.00.17:336][985]CompilerResultsLog: Building TopDownPuzzleEditor...
[2025.03.27-19.00.17:336][985]CompilerResultsLog: Using Visual Studio 2022 14.43.34808 toolchain (C:\Program Files\Microsoft Visual Studio\2022\Community\VC\Tools\MSVC\14.43.34808) and Windows 10.0.22621.0 SDK (C:\Program Files (x86)\Windows Kits\10).
[2025.03.27-19.00.17:336][985]CompilerResultsLog: Building 13 actions with 8 processes...
[2025.03.27-19.00.17:336][985]CompilerResultsLog:   [1/13] DoorTrigger.cpp
[2025.03.27-19.00.17:336][985]CompilerResultsLog:   [2/13] TopDownPuzzle.cpp
[2025.03.27-19.00.17:337][985]CompilerResultsLog:   [3/13] TopDownPuzzle.init.gen.cpp
[2025.03.27-19.00.17:337][985]CompilerResultsLog:   [4/13] TopDownPuzzleCharacter.cpp
[2025.03.27-19.00.17:337][985]CompilerResultsLog:   [5/13] DoorTrigger.gen.cpp
[2025.03.27-19.00.17:337][985]CompilerResultsLog:   [6/13] TopDownPuzzleGameMode.cpp
[2025.03.27-19.00.17:337][985]CompilerResultsLog:   [7/13] TopDownPuzzlePlayerController.cpp
[2025.03.27-19.00.17:337][985]CompilerResultsLog:   [8/13] TopDownPuzzleCharacter.gen.cpp
[2025.03.27-19.00.17:337][985]CompilerResultsLog:   [9/13] TopDownPuzzlePlayerController.gen.cpp
[2025.03.27-19.00.17:337][985]CompilerResultsLog:   [10/13] TopDownPuzzleGameMode.gen.cpp
[2025.03.27-19.00.17:337][985]CompilerResultsLog:   [11/13] UE4Editor-TopDownPuzzle-7430.lib
[2025.03.27-19.00.17:337][985]CompilerResultsLog:      Creating library C:\Unreal Projects\Top-Down-Puzzle\TopDownPuzzle\Intermediate\Build\Win64\UE4Editor\Development\TopDownPuzzle\UE4Editor-TopDownPuzzle-7430.lib and object C:\Unreal Projects\Top-Down-Puzzle\TopDownPuzzle\Intermediate\Build\Win64\UE4Editor\Development\TopDownPuzzle\UE4Editor-TopDownPuzzle-7430.exp
[2025.03.27-19.00.17:337][985]CompilerResultsLog:   [12/13] UE4Editor-TopDownPuzzle-7430.dll
[2025.03.27-19.00.17:337][985]CompilerResultsLog:      Creating library C:\Unreal Projects\Top-Down-Puzzle\TopDownPuzzle\Intermediate\Build\Win64\UE4Editor\Development\TopDownPuzzle\UE4Editor-TopDownPuzzle-7430.suppressed.lib and object C:\Unreal Projects\Top-Down-Puzzle\TopDownPuzzle\Intermediate\Build\Win64\UE4Editor\Development\TopDownPuzzle\UE4Editor-TopDownPuzzle-7430.suppressed.exp
[2025.03.27-19.00.17:337][985]CompilerResultsLog:   [13/13] TopDownPuzzleEditor.target
[2025.03.27-19.00.17:337][985]CompilerResultsLog: Total time in Parallel executor: 8.32 seconds
[2025.03.27-19.00.17:337][985]CompilerResultsLog: Total execution time: 32.41 seconds
[2025.03.27-19.00.17:337][985]LogMainFrame: MainFrame: Module compiling took 32.556 seconds
[2025.03.27-19.00.17:442][985]LogClass: Could not find existing class DoorTrigger in package /Script/TopDownPuzzle for HotReload, assuming new class
[2025.03.27-19.00.17:457][985]LogNativeClassHierarchy: Verbose: Native class hierarchy updated for 'TopDownPuzzle' in 0.0005 seconds. Added 4 classes and 2 folders.
[2025.03.27-19.00.17:464][985]Display: HotReload successful (0 functions remapped  0 scriptstructs remapped)
[2025.03.27-19.00.17:578][985]LogNativeClassHierarchy: Verbose: Native class hierarchy populated in 0.0120 seconds. Added 3826 classes and 930 folders.
[2025.03.27-19.00.17:579][985]Display: HotReload took 32.8s.
[2025.03.27-19.00.17:583][985]Warning: HotReload operation took 32.8s.
[2025.03.27-19.00.17:787][985]LogSlate: Window 'Add C++ Class' being destroyed
[2025.03.27-19.00.18:166][985]LogHotReload: New module detected: UE4Editor-TopDownPuzzle-7430.dll
[2025.03.27-19.00.18:289][986]LogHotReload: Starting Hot-Reload from IDE
[2025.03.27-19.00.18:320][986]LogNativeClassHierarchy: Verbose: Native class hierarchy updated for 'TopDownPuzzle' in 0.0003 seconds. Added 4 classes and 2 folders.
[2025.03.27-19.00.18:326][986]Display: HotReload successful (0 functions remapped  0 scriptstructs remapped)
[2025.03.27-19.00.18:344][986]LogNativeClassHierarchy: Verbose: Native class hierarchy populated in 0.0111 seconds. Added 3826 classes and 930 folders.
[2025.03.27-19.00.18:348][986]Display: HotReload took  0.1s.
[2025.03.27-19.01.20:334][594]LogEditorViewport: Clicking on Actor (LMB): StaticMeshActor (Floor)
[2025.03.27-19.02.58:313][151]LogEditorViewport: Clicking on Actor (LMB): StaticMeshActor (Floor)
[2025.03.27-19.02.59:506][198]LogUObjectHash: Compacting FUObjectHashTables data took   6.48ms
[2025.03.27-19.02.59:626][198]LogSlate: Window 'TopDownPuzzle - Unreal Editor' being destroyed
[2025.03.27-19.03.00:084][199]Cmd: QUIT_EDITOR
[2025.03.27-19.03.00:084][199]LogCore: Engine exit requested (reason: UUnrealEdEngine::CloseEditor())
[2025.03.27-19.03.00:091][199]LogCore: Engine exit requested (reason: EngineExit() was called; note: exit was already requested)
[2025.03.27-19.03.00:847][199]LogAudio: Display: Beginning Audio Device Manager Shutdown (Module: AudioMixerXAudio2)...
[2025.03.27-19.03.00:847][199]LogAudio: Display: Destroying 1 Remaining Audio Device(s)...
[2025.03.27-19.03.00:847][199]LogAudio: Display: Audio Device unregistered from world 'TopDownExampleMap'.
[2025.03.27-19.03.00:847][199]LogAudioMixer: FMixerPlatformXAudio2::StopAudioStream() called
[2025.03.27-19.03.00:854][199]LogAudioMixer: FMixerPlatformXAudio2::StopAudioStream() called
[2025.03.27-19.03.01:004][199]LogAudio: Display: Audio Device Manager Shutdown
[2025.03.27-19.03.01:005][199]LogWindowsTextInputMethodSystem: Display: IME system deactivated.
[2025.03.27-19.03.01:104][199]LogExit: Preparing to exit.
[2025.03.27-19.03.01:447][199]LogUObjectHash: Compacting FUObjectHashTables data took  22.46ms
[2025.03.27-19.03.01:871][199]LogActorComponent: UnregisterComponent: (/Engine/Transient.None) Not registered. Aborting.
[2025.03.27-19.03.01:871][199]LogActorComponent: UnregisterComponent: (/Engine/Transient.None) Not registered. Aborting.
[2025.03.27-19.03.01:871][199]LogActorComponent: UnregisterComponent: (/Engine/Transient.None) Not registered. Aborting.
[2025.03.27-19.03.01:871][199]LogActorComponent: UnregisterComponent: (/Engine/Transient.None) Not registered. Aborting.
[2025.03.27-19.03.01:871][199]LogActorComponent: UnregisterComponent: (/Engine/Transient.None) Not registered. Aborting.
[2025.03.27-19.03.01:871][199]LogActorComponent: UnregisterComponent: (/Engine/Transient.None) Not registered. Aborting.
[2025.03.27-19.03.01:871][199]LogActorComponent: UnregisterComponent: (/Engine/Transient.None) Not registered. Aborting.
[2025.03.27-19.03.01:871][199]LogWorld: UWorld::CleanupWorld for None, bSessionEnded=true, bCleanupResources=true
[2025.03.27-19.03.01:874][199]LogWorld: UWorld::CleanupWorld for World_0, bSessionEnded=true, bCleanupResources=true
[2025.03.27-19.03.01:876][199]LogWorld: UWorld::CleanupWorld for World_1, bSessionEnded=true, bCleanupResources=true
[2025.03.27-19.03.01:877][199]LogActorComponent: UnregisterComponent: (/Engine/Transient.None) Not registered. Aborting.
[2025.03.27-19.03.01:877][199]LogActorComponent: UnregisterComponent: (/Engine/Transient.None) Not registered. Aborting.
[2025.03.27-19.03.01:877][199]LogActorComponent: UnregisterComponent: (/Engine/Transient.None) Not registered. Aborting.
[2025.03.27-19.03.01:877][199]LogActorComponent: UnregisterComponent: (/Engine/Transient.None) Not registered. Aborting.
[2025.03.27-19.03.01:877][199]LogActorComponent: UnregisterComponent: (/Engine/Transient.None) Not registered. Aborting.
[2025.03.27-19.03.01:877][199]LogActorComponent: UnregisterComponent: (/Engine/Transient.None) Not registered. Aborting.
[2025.03.27-19.03.01:877][199]LogActorComponent: UnregisterComponent: (/Engine/Transient.None) Not registered. Aborting.
[2025.03.27-19.03.01:878][199]LogWorld: UWorld::CleanupWorld for None, bSessionEnded=true, bCleanupResources=true
[2025.03.27-19.03.01:879][199]LogActorComponent: UnregisterComponent: (/Engine/Transient.None) Not registered. Aborting.
[2025.03.27-19.03.01:879][199]LogActorComponent: UnregisterComponent: (/Engine/Transient.None) Not registered. Aborting.
[2025.03.27-19.03.01:879][199]LogActorComponent: UnregisterComponent: (/Engine/Transient.None) Not registered. Aborting.
[2025.03.27-19.03.01:879][199]LogActorComponent: UnregisterComponent: (/Engine/Transient.None) Not registered. Aborting.
[2025.03.27-19.03.01:879][199]LogActorComponent: UnregisterComponent: (/Engine/Transient.None) Not registered. Aborting.
[2025.03.27-19.03.01:879][199]LogActorComponent: UnregisterComponent: (/Engine/Transient.None) Not registered. Aborting.
[2025.03.27-19.03.01:879][199]LogActorComponent: UnregisterComponent: (/Engine/Transient.None) Not registered. Aborting.
[2025.03.27-19.03.01:879][199]LogWorld: UWorld::CleanupWorld for None, bSessionEnded=true, bCleanupResources=true
[2025.03.27-19.03.02:223][199]LogWorld: UWorld::CleanupWorld for None, bSessionEnded=true, bCleanupResources=true
[2025.03.27-19.03.02:237][199]LogExit: Editor shut down
[2025.03.27-19.03.02:274][199]LogExit: Transaction tracking system shut down
[2025.03.27-19.03.02:313][199]LogDemo: Cleaned up 0 splitscreen connections with owner deletion
[2025.03.27-19.03.03:600][199]LogExit: Object subsystem successfully closed.
[2025.03.27-19.03.03:663][199]LogShaderCompilers: Display: === FShaderJobCache stats ===
[2025.03.27-19.03.03:663][199]LogShaderCompilers: Display: Total job queries 50, among them cache hits 0 (0.00%)
[2025.03.27-19.03.03:663][199]LogShaderCompilers: Display: Tracking 25 distinct input hashes that result in 19 distinct outputs (76.00%)
[2025.03.27-19.03.03:663][199]LogShaderCompilers: Display: RAM used: 0.10 MB (0.00 GB) of 819.20 MB (0.80 GB) budget. Usage: 0.01%
[2025.03.27-19.03.03:663][199]LogShaderCompilers: Display: ================================================
[2025.03.27-19.03.03:712][199]LogShaderCompilers: Display: Shaders left to compile 0
[2025.03.27-19.03.03:844][199]LogModuleManager: Shutting down and abandoning module TopDownPuzzle (880)
[2025.03.27-19.03.03:845][199]LogModuleManager: Shutting down and abandoning module BlueprintGraph (878)
[2025.03.27-19.03.03:845][199]LogModuleManager: Shutting down and abandoning module MovieSceneCapture (876)
[2025.03.27-19.03.03:845][199]LogModuleManager: Shutting down and abandoning module Voice (874)
[2025.03.27-19.03.03:845][199]LogModuleManager: Shutting down and abandoning module HierarchicalLODOutliner (872)
[2025.03.27-19.03.03:845][199]LogModuleManager: Shutting down and abandoning module SceneOutliner (870)
[2025.03.27-19.03.03:846][199]LogModuleManager: Shutting down and abandoning module AddContentDialog (868)
[2025.03.27-19.03.03:904][199]LogModuleManager: Shutting down and abandoning module WidgetCarousel (867)
[2025.03.27-19.03.03:904][199]LogModuleManager: Shutting down and abandoning module EditorWidgets (864)
[2025.03.27-19.03.03:904][199]LogModuleManager: Shutting down and abandoning module StatsViewer (862)
[2025.03.27-19.03.03:905][199]LogModuleManager: Shutting down and abandoning module PIEPreviewDeviceProfileSelector (860)
[2025.03.27-19.03.03:905][199]LogModuleManager: Shutting down and abandoning module SequenceRecorderSections (858)
[2025.03.27-19.03.03:905][199]LogModuleManager: Shutting down and abandoning module AutomationWorker (856)
[2025.03.27-19.03.03:906][199]LogModuleManager: Shutting down and abandoning module SteamVREditor (854)
[2025.03.27-19.03.03:906][199]LogModuleManager: Shutting down and abandoning module OculusMR (852)
[2025.03.27-19.03.03:906][199]LogModuleManager: Shutting down and abandoning module TakeRecorderSources (850)
[2025.03.27-19.03.03:907][199]LogModuleManager: Shutting down and abandoning module TakeRecorder (849)
[2025.03.27-19.03.03:908][199]LogModuleManager: Shutting down and abandoning module TakeTrackRecorders (846)
[2025.03.27-19.03.03:909][199]LogModuleManager: Shutting down and abandoning module TakesCore (844)
[2025.03.27-19.03.03:909][199]LogModuleManager: Shutting down and abandoning module OpenXRInput (842)
[2025.03.27-19.03.03:909][199]LogModuleManager: Shutting down and abandoning module GooglePADEditor (840)
[2025.03.27-19.03.03:909][199]LogModuleManager: Shutting down and abandoning module AudioCaptureEditor (838)
[2025.03.27-19.03.03:910][199]LogModuleManager: Shutting down and abandoning module TemplateSequenceEditor (836)
[2025.03.27-19.03.03:910][199]LogModuleManager: Shutting down and abandoning module LevelSequenceEditor (834)
[2025.03.27-19.03.03:912][199]LogModuleManager: Shutting down and abandoning module MatineeToLevelSequence (832)
[2025.03.27-19.03.03:926][199]LogModuleManager: Shutting down and abandoning module ActorSequenceEditor (830)
[2025.03.27-19.03.03:927][199]LogModuleManager: Shutting down and abandoning module WebMMediaFactory (828)
[2025.03.27-19.03.03:928][199]LogModuleManager: Shutting down and abandoning module WebMMediaEditor (826)
[2025.03.27-19.03.03:928][199]LogModuleManager: Shutting down and abandoning module WebMMedia (824)
[2025.03.27-19.03.03:929][199]LogModuleManager: Shutting down and abandoning module WmfMediaFactory (822)
[2025.03.27-19.03.03:929][199]LogModuleManager: Shutting down and abandoning module WmfMediaEditor (820)
[2025.03.27-19.03.03:929][199]LogModuleManager: Shutting down and abandoning module MediaPlayerEditor (818)
[2025.03.27-19.03.03:930][199]LogModuleManager: Shutting down and abandoning module MediaCompositingEditor (816)
[2025.03.27-19.03.03:931][199]LogModuleManager: Shutting down and abandoning module SequenceRecorder (815)
[2025.03.27-19.03.03:931][199]LogModuleManager: Shutting down and abandoning module OpenExrWrapper (812)
[2025.03.27-19.03.03:931][199]LogModuleManager: Shutting down and abandoning module ImgMediaFactory (810)
[2025.03.27-19.03.03:931][199]LogModuleManager: Shutting down and abandoning module ImgMediaEditor (808)
[2025.03.27-19.03.03:931][199]LogModuleManager: Shutting down and abandoning module AvfMediaFactory (806)
[2025.03.27-19.03.03:931][199]LogModuleManager: Shutting down and abandoning module AvfMediaEditor (804)
[2025.03.27-19.03.03:932][199]LogModuleManager: Shutting down and abandoning module AndroidMediaFactory (802)
[2025.03.27-19.03.03:932][199]LogModuleManager: Shutting down and abandoning module AndroidMediaEditor (800)
[2025.03.27-19.03.03:932][199]LogModuleManager: Shutting down and abandoning module PlanarCut (798)
[2025.03.27-19.03.03:932][199]LogModuleManager: Shutting down and abandoning module MagicLeapMediaCodecFactory (796)
[2025.03.27-19.03.03:932][199]LogModuleManager: Shutting down and abandoning module MagicLeapMediaFactory (794)
[2025.03.27-19.03.03:933][199]LogModuleManager: Shutting down and abandoning module MagicLeapMediaEditor (792)
[2025.03.27-19.03.03:933][199]LogModuleManager: Shutting down and abandoning module CharacterAI (790)
[2025.03.27-19.03.03:933][199]LogModuleManager: Shutting down and abandoning module TextureAlignMode (788)
[2025.03.27-19.03.03:933][199]LogModuleManager: Shutting down and abandoning module BspMode (786)
[2025.03.27-19.03.03:933][199]LogModuleManager: Shutting down and abandoning module GeometryMode (784)
[2025.03.27-19.03.03:933][199]LogModuleManager: Shutting down and abandoning module CameraShakePreviewer (782)
[2025.03.27-19.03.03:934][199]LogModuleManager: Shutting down and abandoning module SmartSnapping (780)
[2025.03.27-19.03.03:934][199]LogModuleManager: Shutting down and abandoning module SessionServices (778)
[2025.03.27-19.03.03:934][199]LogModuleManager: Shutting down and abandoning module MeshPaint (776)
[2025.03.27-19.03.03:935][199]LogModuleManager: Shutting down and abandoning module VirtualTexturingEditor (774)
[2025.03.27-19.03.03:935][199]LogModuleManager: Shutting down and abandoning module FoliageEdit (772)
[2025.03.27-19.03.03:936][199]LogModuleManager: Shutting down and abandoning module LandscapeEditor (770)
[2025.03.27-19.03.03:937][199]LogModuleManager: Shutting down and abandoning module MeshPaintMode (768)
[2025.03.27-19.03.03:937][199]LogModuleManager: Shutting down and abandoning module SceneDepthPickerMode (766)
[2025.03.27-19.03.03:937][199]LogModuleManager: Shutting down and abandoning module ActorPickerMode (764)
[2025.03.27-19.03.03:937][199]LogModuleManager: Shutting down and abandoning module PlacementMode (762)
[2025.03.27-19.03.03:938][199]LogModuleManager: Shutting down and abandoning module ViewportSnapping (760)
[2025.03.27-19.03.03:938][199]LogModuleManager: Shutting down and abandoning module ViewportInteraction (758)
[2025.03.27-19.03.03:938][199]LogModuleManager: Shutting down and abandoning module ClothPainter (756)
[2025.03.27-19.03.03:938][199]LogModuleManager: Shutting down and abandoning module SkeletalMeshEditor (755)
[2025.03.27-19.03.03:940][199]LogModuleManager: Shutting down and abandoning module LogVisualizer (752)
[2025.03.27-19.03.03:941][199]LogModuleManager: Shutting down and abandoning module IntroTutorials (750)
[2025.03.27-19.03.03:941][199]LogModuleManager: Shutting down and abandoning module GameProjectGeneration (749)
[2025.03.27-19.03.03:941][199]LogModuleManager: Shutting down and abandoning module LuminPlatformEditor (746)
[2025.03.27-19.03.03:941][199]LogModuleManager: Shutting down and abandoning module IOSPlatformEditor (744)
[2025.03.27-19.03.03:941][199]LogModuleManager: Shutting down and abandoning module AndroidPlatformEditor (742)
[2025.03.27-19.03.03:942][199]LogModuleManager: Shutting down and abandoning module AndroidDeviceDetection (741)
[2025.03.27-19.03.05:366][199]LogModuleManager: Shutting down and abandoning module WindowsPlatformEditor (738)
[2025.03.27-19.03.05:366][199]LogModuleManager: Shutting down and abandoning module LuminRuntimeSettings (736)
[2025.03.27-19.03.05:366][199]LogModuleManager: Shutting down and abandoning module IOSRuntimeSettings (734)
[2025.03.27-19.03.05:366][199]LogModuleManager: Shutting down and abandoning module AndroidRuntimeSettings (732)
[2025.03.27-19.03.05:366][199]LogModuleManager: Shutting down and abandoning module TraceInsights (730)
[2025.03.27-19.03.05:369][199]MemoryProfiler: Shutdown
[2025.03.27-19.03.05:369][199]NetworkingProfiler: Shutdown
[2025.03.27-19.03.05:369][199]LoadingProfiler: Shutdown
[2025.03.27-19.03.05:369][199]TimingProfiler: Shutdown
[2025.03.27-19.03.05:371][199]LogModuleManager: Shutting down and abandoning module TraceServices (729)
[2025.03.27-19.03.05:372][199]LogModuleManager: Shutting down and abandoning module EditorInteractiveToolsFramework (726)
[2025.03.27-19.03.05:372][199]LogModuleManager: Shutting down and abandoning module TimeManagementEditor (724)
[2025.03.27-19.03.05:372][199]LogModuleManager: Shutting down and abandoning module InputBindingEditor (722)
[2025.03.27-19.03.05:373][199]LogModuleManager: Shutting down and abandoning module MergeActors (720)
[2025.03.27-19.03.05:374][199]LogModuleManager: Shutting down and abandoning module LocalizationDashboard (718)
[2025.03.27-19.03.05:374][199]LogModuleManager: Shutting down and abandoning module LocalizationService (717)
[2025.03.27-19.03.05:374][199]LogModuleManager: Shutting down and abandoning module HardwareTargeting (714)
[2025.03.27-19.03.05:374][199]LogModuleManager: Shutting down and abandoning module DeviceProfileEditor (712)
[2025.03.27-19.03.05:374][199]LogModuleManager: Shutting down and abandoning module UndoHistory (710)
[2025.03.27-19.03.05:375][199]LogModuleManager: Shutting down and abandoning module XmlParser (708)
[2025.03.27-19.03.05:375][199]LogModuleManager: Shutting down and abandoning module Blutility (706)
[2025.03.27-19.03.05:375][199]LogModuleManager: Shutting down and abandoning module ProjectSettingsViewer (704)
[2025.03.27-19.03.05:375][199]LogModuleManager: Shutting down and abandoning module ProjectTargetPlatformEditor (703)
[2025.03.27-19.03.05:375][199]LogModuleManager: Shutting down and abandoning module EditorSettingsViewer (700)
[2025.03.27-19.03.05:375][199]LogModuleManager: Shutting down and abandoning module InternationalizationSettings (699)
[2025.03.27-19.03.05:375][199]LogModuleManager: Shutting down and abandoning module SettingsEditor (696)
[2025.03.27-19.03.05:376][199]LogModuleManager: Shutting down and abandoning module ProjectLauncher (694)
[2025.03.27-19.03.05:376][199]LogModuleManager: Shutting down and abandoning module SessionFrontend (692)
[2025.03.27-19.03.05:376][199]LogModuleManager: Shutting down and abandoning module ProfilerClient (690)
[2025.03.27-19.03.05:377][199]LogModuleManager: Shutting down and abandoning module DeviceManager (688)
[2025.03.27-19.03.05:377][199]LogModuleManager: Shutting down and abandoning module TargetDeviceServices (687)
[2025.03.27-19.03.05:409][199]LogModuleManager: Shutting down and abandoning module AutomationController (684)
[2025.03.27-19.03.05:409][199]LogModuleManager: Shutting down and abandoning module AutomationWindow (682)
[2025.03.27-19.03.05:409][199]LogModuleManager: Shutting down and abandoning module Layers (680)
[2025.03.27-19.03.05:412][199]LogModuleManager: Shutting down and abandoning module ComponentVisualizers (678)
[2025.03.27-19.03.05:412][199]LogModuleManager: Shutting down and abandoning module DetailCustomizations (676)
[2025.03.27-19.03.05:412][199]LogModuleManager: Shutting down and abandoning module PackagesDialog (674)
[2025.03.27-19.03.05:412][199]LogModuleManager: Shutting down and abandoning module AnimationBlueprintEditor (672)
[2025.03.27-19.03.05:414][199]LogModuleManager: Shutting down and abandoning module Persona (670)
[2025.03.27-19.03.05:415][199]LogModuleManager: Shutting down and abandoning module AdvancedPreviewScene (669)
[2025.03.27-19.03.05:415][199]LogModuleManager: Shutting down and abandoning module AnimGraph (667)
[2025.03.27-19.03.05:415][199]LogModuleManager: Shutting down and abandoning module Kismet (664)
[2025.03.27-19.03.05:428][199]LogModuleManager: Shutting down and abandoning module KismetWidgets (663)
[2025.03.27-19.03.05:428][199]LogModuleManager: Shutting down and abandoning module GraphEditor (660)
[2025.03.27-19.03.05:428][199]LogModuleManager: Shutting down and abandoning module StructViewer (658)
[2025.03.27-19.03.05:428][199]LogModuleManager: Shutting down and abandoning module ClassViewer (656)
[2025.03.27-19.03.05:430][199]LogModuleManager: Shutting down and abandoning module Toolbox (654)
[2025.03.27-19.03.05:430][199]LogModuleManager: Shutting down and abandoning module ModuleUI (652)
[2025.03.27-19.03.05:430][199]LogModuleManager: Shutting down and abandoning module OutputLog (650)
[2025.03.27-19.03.05:431][199]LogModuleManager: Shutting down and abandoning module GammaUI (648)
[2025.03.27-19.03.05:431][199]LogModuleManager: Shutting down and abandoning module Documentation (646)
[2025.03.27-19.03.05:431][199]LogModuleManager: Shutting down and abandoning module LiveCoding (644)
[2025.03.27-19.03.05:431][199]LogModuleManager: Shutting down and abandoning module LevelSequence (642)
[2025.03.27-19.03.05:431][199]LogModuleManager: Shutting down and abandoning module MovieSceneTracks (640)
[2025.03.27-19.03.05:431][199]LogModuleManager: Shutting down and abandoning module MovieScene (638)
[2025.03.27-19.03.05:432][199]LogModuleManager: Shutting down and abandoning module StreamingPauseRendering (636)
[2025.03.27-19.03.05:433][199]LogModuleManager: Shutting down and abandoning module LauncherPlatform (634)
[2025.03.27-19.03.05:433][199]LogModuleManager: Shutting down and abandoning module AnalyticsET (632)
[2025.03.27-19.03.05:433][199]LogModuleManager: Shutting down and abandoning module PortalServices (630)
[2025.03.27-19.03.05:433][199]LogModuleManager: Shutting down and abandoning module PortalRpc (628)
[2025.03.27-19.03.05:433][199]LogModuleManager: Shutting down and abandoning module MessagingRpc (626)
[2025.03.27-19.03.05:433][199]LogModuleManager: Shutting down and abandoning module AudioMixerXAudio2 (624)
[2025.03.27-19.03.05:433][199]LogModuleManager: Shutting down and abandoning module AudioMixerCore (623)
[2025.03.27-19.03.05:433][199]LogModuleManager: Shutting down and abandoning module AIModule (620)
[2025.03.27-19.03.05:433][199]LogModuleManager: Shutting down and abandoning module GameplayDebugger (619)
[2025.03.27-19.03.05:433][199]LogModuleManager: Shutting down and abandoning module AITestSuite (617)
[2025.03.27-19.03.05:433][199]LogModuleManager: Shutting down and abandoning module NavigationSystem (615)
[2025.03.27-19.03.05:433][199]LogModuleManager: Shutting down and abandoning module ImageWriteQueue (612)
[2025.03.27-19.03.05:433][199]LogModuleManager: Shutting down and abandoning module ProfilerService (610)
[2025.03.27-19.03.05:545][199]LogModuleManager: Shutting down and abandoning module TaskGraph (608)
[2025.03.27-19.03.05:546][199]LogModuleManager: Shutting down and abandoning module AudioSynesthesiaEditor (606)
[2025.03.27-19.03.05:546][199]LogModuleManager: Shutting down and abandoning module OculusEditor (604)
[2025.03.27-19.03.05:549][199]LogModuleManager: Shutting down and abandoning module OculusInput (602)
[2025.03.27-19.03.05:549][199]LogModuleManager: Shutting down and abandoning module ContentBrowserClassDataSource (600)
[2025.03.27-19.03.05:549][199]LogModuleManager: Shutting down and abandoning module ContentBrowserFileDataSource (598)
[2025.03.27-19.03.05:549][199]LogModuleManager: Shutting down and abandoning module ContentBrowserAssetDataSource (596)
[2025.03.27-19.03.05:549][199]LogModuleManager: Shutting down and abandoning module CollectionManager (595)
[2025.03.27-19.03.05:549][199]LogModuleManager: Shutting down and abandoning module SynthesisEditor (592)
[2025.03.27-19.03.05:549][199]LogModuleManager: Shutting down and abandoning module Synthesis (590)
[2025.03.27-19.03.05:550][199]LogModuleManager: Shutting down and abandoning module ProceduralMeshComponentEditor (588)
[2025.03.27-19.03.05:550][199]LogModuleManager: Shutting down and abandoning module ProceduralMeshComponent (586)
[2025.03.27-19.03.05:550][199]LogModuleManager: Shutting down and abandoning module TakeSequencer (584)
[2025.03.27-19.03.05:550][199]LogModuleManager: Shutting down and abandoning module TakeMovieScene (582)
[2025.03.27-19.03.05:550][199]LogModuleManager: Shutting down and abandoning module OpenXREditor (580)
[2025.03.27-19.03.05:550][199]LogModuleManager: Shutting down and abandoning module MobilePatchingUtils (578)
[2025.03.27-19.03.05:550][199]LogModuleManager: Shutting down and abandoning module GooglePAD (576)
[2025.03.27-19.03.05:550][199]LogModuleManager: Shutting down and abandoning module ScreenshotTools (574)
[2025.03.27-19.03.05:550][199]LogModuleManager: Shutting down and abandoning module EditableMesh (572)
[2025.03.27-19.03.05:550][199]LogModuleManager: Shutting down and abandoning module CustomMeshComponent (570)
[2025.03.27-19.03.05:550][199]LogModuleManager: Shutting down and abandoning module CableComponent (568)
[2025.03.27-19.03.05:550][199]LogModuleManager: Shutting down and abandoning module ArchVisCharacter (566)
[2025.03.27-19.03.05:550][199]LogModuleManager: Shutting down and abandoning module AudioCapture (564)
[2025.03.27-19.03.05:550][199]LogModuleManager: Shutting down and abandoning module AudioCaptureRtAudio (563)
[2025.03.27-19.03.05:551][199]LogModuleManager: Shutting down and abandoning module AssetTags (560)
[2025.03.27-19.03.05:551][199]LogModuleManager: Shutting down and abandoning module AppleImageUtilsBlueprintSupport (558)
[2025.03.27-19.03.05:551][199]LogModuleManager: Shutting down and abandoning module AppleImageUtils (556)
[2025.03.27-19.03.05:551][199]LogModuleManager: Shutting down and abandoning module AndroidPermission (554)
[2025.03.27-19.03.05:551][199]LogModuleManager: Shutting down and abandoning module ActorLayerUtilitiesEditor (552)
[2025.03.27-19.03.05:551][199]LogModuleManager: Shutting down and abandoning module ActorLayerUtilities (550)
[2025.03.27-19.03.05:551][199]LogModuleManager: Shutting down and abandoning module TemplateSequence (548)
[2025.03.27-19.03.05:551][199]LogModuleManager: Shutting down and abandoning module MediaCompositing (546)
[2025.03.27-19.03.05:551][199]LogModuleManager: Shutting down and abandoning module ImgMedia (544)
[2025.03.27-19.03.05:551][199]LogModuleManager: Shutting down and abandoning module OpenImageDenoise (542)
[2025.03.27-19.03.05:552][199]LogOpenImageDenoise: OIDN shutting down
[2025.03.27-19.03.05:552][199]LogModuleManager: Shutting down and abandoning module MotoSynthEditor (540)
[2025.03.27-19.03.05:552][199]LogModuleManager: Shutting down and abandoning module MotoSynth (538)
[2025.03.27-19.03.05:552][199]LogModuleManager: Shutting down and abandoning module MeshConversion (536)
[2025.03.27-19.03.05:567][199]LogModuleManager: Shutting down and abandoning module DynamicMesh (534)
[2025.03.27-19.03.05:567][199]LogModuleManager: Shutting down and abandoning module GeometryAlgorithms (532)
[2025.03.27-19.03.05:568][199]LogModuleManager: Shutting down and abandoning module GeometricObjects (530)
[2025.03.27-19.03.05:568][199]LogModuleManager: Shutting down and abandoning module GeometryCollectionTracks (528)
[2025.03.27-19.03.05:568][199]LogModuleManager: Shutting down and abandoning module GeometryCollectionSequencer (527)
[2025.03.27-19.03.05:568][199]LogModuleManager: Shutting down and abandoning module GeometryCollectionEditor (524)
[2025.03.27-19.03.05:568][199]LogModuleManager: Shutting down and abandoning module GeometryCacheTracks (522)
[2025.03.27-19.03.05:568][199]LogModuleManager: Shutting down and abandoning module GeometryCacheStreamer (520)
[2025.03.27-19.03.05:568][199]LogModuleManager: Shutting down and abandoning module GeometryCacheSequencer (518)
[2025.03.27-19.03.05:568][199]LogModuleManager: Shutting down and abandoning module MagicLeapSharedWorld (516)
[2025.03.27-19.03.05:568][199]LogModuleManager: Shutting down and abandoning module MagicLeapLightEstimation (514)
[2025.03.27-19.03.05:568][199]LogModuleManager: Shutting down and abandoning module MagicLeapHelperVulkan (512)
[2025.03.27-19.03.05:568][199]LogModuleManager: Shutting down and abandoning module MagicLeapHelperOpenGL (510)
[2025.03.27-19.03.05:568][199]LogModuleManager: Shutting down and abandoning module MagicLeapAudio (508)
[2025.03.27-19.03.05:569][199]LogModuleManager: Shutting down and abandoning module ChaosSolverEditor (506)
[2025.03.27-19.03.05:569][199]LogModuleManager: Shutting down and abandoning module ChaosNiagara (504)
[2025.03.27-19.03.05:569][199]LogModuleManager: Shutting down and abandoning module FractureEditor (502)
[2025.03.27-19.03.05:569][199]LogModuleManager: Shutting down and abandoning module FieldSystemEngine (501)
[2025.03.27-19.03.05:569][199]LogModuleManager: Shutting down and abandoning module ChaosClothEditor (498)
[2025.03.27-19.03.05:570][199]LogModuleManager: Shutting down and abandoning module NiagaraEditorWidgets (496)
[2025.03.27-19.03.05:572][199]LogModuleManager: Shutting down and abandoning module BackChannel (494)
[2025.03.27-19.03.05:572][199]LogModuleManager: Shutting down and abandoning module AutomationUtilsEditor (492)
[2025.03.27-19.03.05:572][199]LogModuleManager: Shutting down and abandoning module AutomationUtils (490)
[2025.03.27-19.03.05:572][199]LogModuleManager: Shutting down and abandoning module AlembicImporter (488)
[2025.03.27-19.03.05:572][199]LogModuleManager: Shutting down and abandoning module AlembicLibrary (487)
[2025.03.27-19.03.05:573][199]LogModuleManager: Shutting down and abandoning module GeometryCache (486)
[2025.03.27-19.03.05:573][199]LogModuleManager: Shutting down and abandoning module GeometryCacheEd (485)
[2025.03.27-19.03.05:573][199]LogModuleManager: Shutting down and abandoning module VariantManagerContentEditor (480)
[2025.03.27-19.03.05:573][199]LogModuleManager: Shutting down and abandoning module DatasmithContentEditor (478)
[2025.03.27-19.03.05:573][199]LogModuleManager: Shutting down and abandoning module SpeedTreeImporter (476)
[2025.03.27-19.03.05:573][199]LogModuleManager: Shutting down and abandoning module PluginBrowser (474)
[2025.03.27-19.03.05:575][199]LogModuleManager: Shutting down and abandoning module MobileLauncherProfileWizard (472)
[2025.03.27-19.03.05:575][199]LogModuleManager: Shutting down and abandoning module MaterialAnalyzer (470)
[2025.03.27-19.03.05:576][199]LogModuleManager: Shutting down and abandoning module CurveEditorTools (468)
[2025.03.27-19.03.05:577][199]LogModuleManager: Shutting down and abandoning module CryptoKeysOpenSSL (466)
[2025.03.27-19.03.05:577][199]LogModuleManager: Shutting down and abandoning module CryptoKeys (464)
[2025.03.27-19.03.05:577][199]LogModuleManager: Shutting down and abandoning module OodleNetworkHandlerComponent (462)
[2025.03.27-19.03.05:577][199]LogModuleManager: Shutting down and abandoning module VisualStudioSourceCodeAccess (460)
[2025.03.27-19.03.05:577][199]LogModuleManager: Shutting down and abandoning module VisualStudioCodeSourceCodeAccess (458)
[2025.03.27-19.03.05:577][199]LogModuleManager: Shutting down and abandoning module UObjectPlugin (456)
[2025.03.27-19.03.05:577][199]LogModuleManager: Shutting down and abandoning module SubversionSourceControl (454)
[2025.03.27-19.03.05:577][199]LogModuleManager: Shutting down and abandoning module RiderSourceCodeAccess (452)
[2025.03.27-19.03.05:578][199]LogModuleManager: Shutting down and abandoning module PluginUtils (450)
[2025.03.27-19.03.05:578][199]LogModuleManager: Shutting down and abandoning module PlasticSourceControl (448)
[2025.03.27-19.03.05:580][199]LogModuleManager: Shutting down and abandoning module PerforceSourceControl (446)
[2025.03.27-19.03.05:581][199]LogModuleManager: Shutting down and abandoning module GitSourceControl (444)
[2025.03.27-19.03.05:582][199]LogModuleManager: Shutting down and abandoning module SourceControl (443)
[2025.03.27-19.03.05:582][199]LogModuleManager: Shutting down and abandoning module CLionSourceCodeAccess (440)
[2025.03.27-19.03.05:582][199]LogModuleManager: Shutting down and abandoning module AnimationSharingEd (438)
[2025.03.27-19.03.05:582][199]LogModuleManager: Shutting down and abandoning module LiveLinkSequencer (436)
[2025.03.27-19.03.05:582][199]LogModuleManager: Shutting down and abandoning module LiveLinkMovieScene (434)
[2025.03.27-19.03.05:582][199]LogModuleManager: Shutting down and abandoning module LiveLinkGraphNode (432)
[2025.03.27-19.03.05:582][199]LogModuleManager: Shutting down and abandoning module LiveLinkEditor (430)
[2025.03.27-19.03.05:583][199]LogModuleManager: Shutting down and abandoning module LiveLinkComponents (428)
[2025.03.27-19.03.05:583][199]LogModuleManager: Shutting down and abandoning module LiveLink (426)
[2025.03.27-19.03.05:692][199]LogModuleManager: Shutting down and abandoning module LightPropagationVolumeEditor (424)
[2025.03.27-19.03.05:692][199]LogModuleManager: Shutting down and abandoning module PaperTiledImporter (422)
[2025.03.27-19.03.05:692][199]LogModuleManager: Shutting down and abandoning module PaperSpriteSheetImporter (420)
[2025.03.27-19.03.05:692][199]LogModuleManager: Shutting down and abandoning module Paper2DEditor (418)
[2025.03.27-19.03.05:693][199]LogModuleManager: Shutting down and abandoning module MeshPaintingToolset (416)
[2025.03.27-19.03.05:693][199]LogModuleManager: Shutting down and abandoning module MeshPaintEditorMode (414)
[2025.03.27-19.03.05:694][199]LogModuleManager: Shutting down and abandoning module SoundFields (410)
[2025.03.27-19.03.05:694][199]LogModuleManager: Shutting down and abandoning module SignificanceManager (408)
[2025.03.27-19.03.05:694][199]LogModuleManager: Shutting down and abandoning module RuntimePhysXCooking (406)
[2025.03.27-19.03.05:694][199]LogModuleManager: Shutting down and abandoning module PropertyAccessEditor (404)
[2025.03.27-19.03.05:694][199]LogModuleManager: Shutting down and abandoning module PhysXVehiclesEditor (402)
[2025.03.27-19.03.05:694][199]LogModuleManager: Shutting down and abandoning module LocationServicesBPLibrary (398)
[2025.03.27-19.03.05:694][199]LogModuleManager: Shutting down and abandoning module AudioSynesthesia (396)
[2025.03.27-19.03.05:694][199]LogModuleManager: Shutting down and abandoning module AudioSynesthesiaCore (394)
[2025.03.27-19.03.05:694][199]LogModuleManager: Shutting down and abandoning module UdpMessaging (392)
[2025.03.27-19.03.05:795][199]LogModuleManager: Shutting down and abandoning module ActorSequence (390)
[2025.03.27-19.03.05:795][199]LogModuleManager: Shutting down and abandoning module TcpMessaging (388)
[2025.03.27-19.03.05:896][199]LogModuleManager: Shutting down and abandoning module ImgMediaEngine (386)
[2025.03.27-19.03.05:896][199]LogModuleManager: Shutting down and abandoning module PythonScriptPlugin (384)
[2025.03.27-19.03.05:896][199]LogModuleManager: Shutting down and abandoning module MagicLeapARPin (382)
[2025.03.27-19.03.05:896][199]LogModuleManager: Shutting down and abandoning module MagicLeapHandMeshing (380)
[2025.03.27-19.03.05:896][199]LogModuleManager: Shutting down and abandoning module MagicLeapSecureStorage (378)
[2025.03.27-19.03.05:896][199]LogModuleManager: Shutting down and abandoning module MagicLeapPrivileges (376)
[2025.03.27-19.03.05:896][199]LogModuleManager: Shutting down and abandoning module MagicLeapPlanes (374)
[2025.03.27-19.03.05:897][199]LogMagicLeapPlanes: Planes tracker already destroyed.
[2025.03.27-19.03.05:897][199]LogModuleManager: Shutting down and abandoning module MagicLeapImageTracker (372)
[2025.03.27-19.03.05:897][199]LogModuleManager: Shutting down and abandoning module MagicLeapIdentity (370)
[2025.03.27-19.03.05:897][199]LogModuleManager: Shutting down and abandoning module MagicLeapHandTracking (368)
[2025.03.27-19.03.05:897][199]LogModuleManager: Shutting down and abandoning module MagicLeapEyeTracker (366)
[2025.03.27-19.03.05:897][199]LogModuleManager: Shutting down and abandoning module MagicLeapController (364)
[2025.03.27-19.03.05:897][199]LogModuleManager: Shutting down and abandoning module MagicLeapARPinImpl (362)
[2025.03.27-19.03.05:897][199]LogModuleManager: Shutting down and abandoning module MagicLeapAR (360)
[2025.03.27-19.03.05:897][199]LogModuleManager: Shutting down and abandoning module NiagaraAnimNotifies (358)
[2025.03.27-19.03.05:897][199]LogModuleManager: Shutting down and abandoning module Niagara (356)
[2025.03.27-19.03.05:898][199]LogModuleManager: Shutting down and abandoning module SignalProcessing (355)
[2025.03.27-19.03.05:898][199]LogModuleManager: Shutting down and abandoning module NiagaraEditor (353)
[2025.03.27-19.03.05:899][199]LogModuleManager: Shutting down and abandoning module NiagaraCore (350)
[2025.03.27-19.03.05:899][199]LogModuleManager: Shutting down and abandoning module GameplayTagsEditor (348)
[2025.03.27-19.03.05:899][199]LogModuleManager: Shutting down and abandoning module FacialAnimationEditor (346)
[2025.03.27-19.03.05:900][199]LogModuleManager: Shutting down and abandoning module FacialAnimation (344)
[2025.03.27-19.03.05:900][199]LogModuleManager: Shutting down and abandoning module DataValidation (342)
[2025.03.27-19.03.05:900][199]LogModuleManager: Shutting down and abandoning module AssetManagerEditor (340)
[2025.03.27-19.03.05:900][199]LogModuleManager: Shutting down and abandoning module LevelEditor (339)
[2025.03.27-19.03.05:902][199]LogModuleManager: Shutting down and abandoning module PixelInspectorModule (338)
[2025.03.27-19.03.05:902][199]LogModuleManager: Shutting down and abandoning module CommonMenuExtensions (336)
[2025.03.27-19.03.05:902][199]LogModuleManager: Shutting down and abandoning module MainFrame (334)
[2025.03.27-19.03.05:903][199]LogModuleManager: Shutting down and abandoning module HotReload (333)
[2025.03.27-19.03.05:904][199]LogModuleManager: Shutting down and abandoning module ToolMenus (329)
[2025.03.27-19.03.05:904][199]LogModuleManager: Shutting down and abandoning module ContentBrowser (327)
[2025.03.27-19.03.05:904][199]LogModuleManager: Shutting down and abandoning module ContentBrowserData (326)
[2025.03.27-19.03.05:904][199]LogModuleManager: Shutting down and abandoning module TreeMap (323)
[2025.03.27-19.03.05:904][199]LogModuleManager: Shutting down and abandoning module PropertyAccessNode (320)
[2025.03.27-19.03.05:904][199]LogModuleManager: Shutting down and abandoning module AnimationSharing (318)
[2025.03.27-19.03.05:904][199]LogModuleManager: Shutting down and abandoning module GameplayCameras (316)
[2025.03.27-19.03.05:904][199]LogModuleManager: Shutting down and abandoning module LightPropagationVolumeRuntime (314)
[2025.03.27-19.03.05:904][199]LogModuleManager: Shutting down and abandoning module EnvironmentQueryEditor (312)
[2025.03.27-19.03.05:905][199]LogModuleManager: Shutting down and abandoning module Paper2D (310)
[2025.03.27-19.03.05:905][199]LogModuleManager: Shutting down and abandoning module WindowsMoviePlayer (308)
[2025.03.27-19.03.05:908][199]LogModuleManager: Shutting down and abandoning module WebMMoviePlayer (306)
[2025.03.27-19.03.05:908][199]LogModuleManager: Shutting down and abandoning module NetworkReplayStreaming (304)
[2025.03.27-19.03.05:908][199]LogModuleManager: Shutting down and abandoning module PacketHandler (302)
[2025.03.27-19.03.05:908][199]LogModuleManager: Shutting down and abandoning module ClothingSystemEditor (300)
[2025.03.27-19.03.05:908][199]LogModuleManager: Shutting down and abandoning module ClothingSystemRuntimeNv (298)
[2025.03.27-19.03.05:908][199]LogModuleManager: Shutting down and abandoning module MediaAssets (296)
[2025.03.27-19.03.05:908][199]LogModuleManager: Shutting down and abandoning module Overlay (294)
[2025.03.27-19.03.05:908][199]LogModuleManager: Shutting down and abandoning module OverlayEditor (293)
[2025.03.27-19.03.05:908][199]LogModuleManager: Shutting down and abandoning module VREditor (290)
[2025.03.27-19.03.05:909][199]LogModuleManager: Shutting down and abandoning module StringTableEditor (288)
[2025.03.27-19.03.05:909][199]LogModuleManager: Shutting down and abandoning module GameplayTasksEditor (286)
[2025.03.27-19.03.05:909][199]LogModuleManager: Shutting down and abandoning module BehaviorTreeEditor (284)
[2025.03.27-19.03.05:910][199]LogModuleManager: Shutting down and abandoning module FunctionalTesting (282)
[2025.03.27-19.03.05:910][199]LogModuleManager: Shutting down and abandoning module CollisionAnalyzer (280)
[2025.03.27-19.03.05:911][199]LogModuleManager: Shutting down and abandoning module WorkspaceMenuStructure (279)
[2025.03.27-19.03.05:912][199]LogModuleManager: Shutting down and abandoning module UMG (276)
[2025.03.27-19.03.05:912][199]LogModuleManager: Shutting down and abandoning module UMGEditor (275)
[2025.03.27-19.03.05:913][199]LogModuleManager: Shutting down and abandoning module MessageLog (273)
[2025.03.27-19.03.05:913][199]LogModuleManager: Shutting down and abandoning module SlateReflector (268)
[2025.03.27-19.03.05:915][199]LogModuleManager: Shutting down and abandoning module Slate (266)
[2025.03.27-19.03.05:915][199]LogModuleManager: Shutting down and abandoning module SlateCore (264)
[2025.03.27-19.03.05:916][199]LogModuleManager: Shutting down and abandoning module LandscapeEditorUtilities (262)
[2025.03.27-19.03.05:916][199]LogModuleManager: Shutting down and abandoning module UnrealEd (260)
[2025.03.27-19.03.05:916][199]LogModuleManager: Shutting down and abandoning module MRMesh (258)
[2025.03.27-19.03.05:916][199]LogModuleManager: Shutting down and abandoning module SourceCodeAccess (256)
[2025.03.27-19.03.05:916][199]LogModuleManager: Shutting down and abandoning module HeadMountedDisplay (254)
[2025.03.27-19.03.05:916][199]LogModuleManager: Shutting down and abandoning module XAudio2 (252)
[2025.03.27-19.03.05:916][199]LogModuleManager: Shutting down and abandoning module Networking (250)
[2025.03.27-19.03.05:916][199]LogModuleManager: Shutting down and abandoning module Core (248)
[2025.03.27-19.03.05:916][199]LogModuleManager: Shutting down and abandoning module MaterialEditor (246)
[2025.03.27-19.03.05:916][199]LogModuleManager: Shutting down and abandoning module MovieSceneTools (244)
[2025.03.27-19.03.05:917][199]LogModuleManager: Shutting down and abandoning module CurveEditor (243)
[2025.03.27-19.03.05:918][199]LogModuleManager: Shutting down and abandoning module Sequencer (241)
[2025.03.27-19.03.05:920][199]LogModuleManager: Shutting down and abandoning module EditorStyle (240)
[2025.03.27-19.03.05:931][199]LogModuleManager: Shutting down and abandoning module KismetCompiler (236)
[2025.03.27-19.03.05:931][199]LogModuleManager: Shutting down and abandoning module MeshBuilder (234)
[2025.03.27-19.03.05:931][199]LogModuleManager: Shutting down and abandoning module MeshUtilities (232)
[2025.03.27-19.03.05:931][199]LogModuleManager: Shutting down and abandoning module MeshMergeUtilities (231)
[2025.03.27-19.03.05:932][199]LogModuleManager: Shutting down and abandoning module MeshReductionInterface (230)
[2025.03.27-19.03.05:932][199]LogModuleManager: Shutting down and abandoning module MeshBoneReduction (229)
[2025.03.27-19.03.05:932][199]LogModuleManager: Shutting down and abandoning module SkeletalMeshReduction (227)
[2025.03.27-19.03.05:932][199]LogModuleManager: Shutting down and abandoning module ProxyLODMeshReduction (225)
[2025.03.27-19.03.05:933][199]LogModuleManager: Shutting down and abandoning module QuadricMeshReduction (223)
[2025.03.27-19.03.05:934][199]LogModuleManager: Shutting down and abandoning module MaterialBaking (219)
[2025.03.27-19.03.05:934][199]LogModuleManager: Shutting down and abandoning module NullInstallBundleManager (214)
[2025.03.27-19.03.05:934][199]LogModuleManager: Shutting down and abandoning module DerivedDataCache (212)
[2025.03.27-19.03.05:934][199]LogModuleManager: Shutting down and abandoning module TargetPlatform (210)
[2025.03.27-19.03.05:948][199]LogModuleManager: Shutting down and abandoning module VulkanShaderFormat (209)
[2025.03.27-19.03.05:950][199]LogModuleManager: Shutting down and abandoning module ShaderFormatVectorVM (207)
[2025.03.27-19.03.05:950][199]LogModuleManager: Shutting down and abandoning module ShaderFormatOpenGL (205)
[2025.03.27-19.03.05:950][199]LogModuleManager: Shutting down and abandoning module ShaderFormatD3D (203)
[2025.03.27-19.03.05:950][199]LogModuleManager: Shutting down and abandoning module MetalShaderFormat (201)
[2025.03.27-19.03.05:950][199]LogModuleManager: Shutting down and abandoning module TextureFormatOodle (199)
[2025.03.27-19.03.05:951][199]LogModuleManager: Shutting down and abandoning module TextureFormatUncompressed (197)
[2025.03.27-19.03.05:951][199]LogModuleManager: Shutting down and abandoning module TextureFormatPVR (195)
[2025.03.27-19.03.05:951][199]LogModuleManager: Shutting down and abandoning module TextureFormatETC2 (193)
[2025.03.27-19.03.05:951][199]LogModuleManager: Shutting down and abandoning module TextureFormatDXT (191)
[2025.03.27-19.03.05:951][199]LogModuleManager: Shutting down and abandoning module TextureFormatIntelISPCTexComp (189)
[2025.03.27-19.03.05:951][199]LogModuleManager: Shutting down and abandoning module TextureFormatASTC (187)
[2025.03.27-19.03.05:951][199]LogModuleManager: Shutting down and abandoning module ImageWrapper (186)
[2025.03.27-19.03.05:951][199]LogModuleManager: Shutting down and abandoning module AudioFormatOpus (183)
[2025.03.27-19.03.05:951][199]LogModuleManager: Shutting down and abandoning module AudioFormatOgg (181)
[2025.03.27-19.03.05:951][199]LogModuleManager: Shutting down and abandoning module AudioFormatADPCM (179)
[2025.03.27-19.03.05:951][199]LogModuleManager: Shutting down and abandoning module WindowsServerTargetPlatform (177)
[2025.03.27-19.03.05:952][199]LogModuleManager: Shutting down and abandoning module WindowsClientTargetPlatform (175)
[2025.03.27-19.03.05:952][199]LogModuleManager: Shutting down and abandoning module WindowsTargetPlatform (173)
[2025.03.27-19.03.05:952][199]LogModuleManager: Shutting down and abandoning module WindowsNoEditorTargetPlatform (171)
[2025.03.27-19.03.05:952][199]LogModuleManager: Shutting down and abandoning module TVOSTargetPlatform (169)
[2025.03.27-19.03.05:993][199]LogModuleManager: Shutting down and abandoning module MacServerTargetPlatform (167)
[2025.03.27-19.03.05:993][199]LogModuleManager: Shutting down and abandoning module MacClientTargetPlatform (165)
[2025.03.27-19.03.05:993][199]LogModuleManager: Shutting down and abandoning module MacTargetPlatform (163)
[2025.03.27-19.03.05:993][199]LogModuleManager: Shutting down and abandoning module MacNoEditorTargetPlatform (161)
[2025.03.27-19.03.05:993][199]LogModuleManager: Shutting down and abandoning module LuminTargetPlatform (159)
[2025.03.27-19.03.06:078][199]LogModuleManager: Shutting down and abandoning module LinuxAArch64ServerTargetPlatform (157)
[2025.03.27-19.03.06:078][199]LogModuleManager: Shutting down and abandoning module LinuxAArch64ClientTargetPlatform (155)
[2025.03.27-19.03.06:078][199]LogModuleManager: Shutting down and abandoning module LinuxAArch64NoEditorTargetPlatform (153)
[2025.03.27-19.03.06:078][199]LogModuleManager: Shutting down and abandoning module LinuxServerTargetPlatform (151)
[2025.03.27-19.03.06:078][199]LogModuleManager: Shutting down and abandoning module LinuxClientTargetPlatform (149)
[2025.03.27-19.03.06:078][199]LogModuleManager: Shutting down and abandoning module LinuxNoEditorTargetPlatform (147)
[2025.03.27-19.03.06:078][199]LogModuleManager: Shutting down and abandoning module LinuxTargetPlatform (145)
[2025.03.27-19.03.06:078][199]LogModuleManager: Shutting down and abandoning module Messaging (143)
[2025.03.27-19.03.06:078][199]LogModuleManager: Shutting down and abandoning module IOSTargetPlatform (141)
[2025.03.27-19.03.06:097][199]LogModuleManager: Shutting down and abandoning module AndroidTargetPlatform (139)
[2025.03.27-19.03.06:179][199]LogModuleManager: Shutting down and abandoning module AllDesktopTargetPlatform (137)
[2025.03.27-19.03.06:179][199]LogModuleManager: Shutting down and abandoning module D3D11RHI (134)
[2025.03.27-19.03.06:179][199]LogModuleManager: Shutting down and abandoning module InputCore (132)
[2025.03.27-19.03.06:180][199]LogModuleManager: Shutting down and abandoning module Settings (130)
[2025.03.27-19.03.06:180][199]LogModuleManager: Shutting down and abandoning module DirectoryWatcher (128)
[2025.03.27-19.03.06:184][199]LogModuleManager: Shutting down and abandoning module PhysXCooking (126)
[2025.03.27-19.03.06:184][199]LogModuleManager: Shutting down and abandoning module Chaos (124)
[2025.03.27-19.03.06:184][199]LogModuleManager: Shutting down and abandoning module WindowsPlatformFeatures (122)
[2025.03.27-19.03.06:184][199]LogModuleManager: Shutting down and abandoning module GameplayMediaEncoder (121)
[2025.03.27-19.03.06:184][199]LogModuleManager: Shutting down and abandoning module AVEncoder (120)
[2025.03.27-19.03.06:185][199]LogModuleManager: Shutting down and abandoning module SteamVRInputDevice (116)
[2025.03.27-19.03.06:185][199]LogModuleManager: Shutting down and abandoning module SteamVRInput (114)
[2025.03.27-19.03.06:185][199]LogModuleManager: Shutting down and abandoning module SteamVR (112)
[2025.03.27-19.03.06:185][199]LogHMD: Freeing OpenVRDLLHandle.
[2025.03.27-19.03.06:185][199]LogModuleManager: Shutting down and abandoning module OculusHMD (110)
[2025.03.27-19.03.06:185][199]LogModuleManager: Shutting down and abandoning module OpenXRHandTracking (108)
[2025.03.27-19.03.06:186][199]LogSlate: Slate User Destroyed.  User Index 0, Is Virtual User: 0
[2025.03.27-19.03.06:193][199]LogModuleManager: Shutting down and abandoning module OpenXREyeTracker (106)
[2025.03.27-19.03.06:193][199]LogModuleManager: Shutting down and abandoning module OpenXRAR (104)
[2025.03.27-19.03.06:193][199]LogModuleManager: Shutting down and abandoning module AugmentedReality (103)
[2025.03.27-19.03.06:193][199]LogModuleManager: Shutting down and abandoning module OpenXRHMD (100)
[2025.03.27-19.03.06:194][199]LogModuleManager: Shutting down and abandoning module ExampleDeviceProfileSelector (98)
[2025.03.27-19.03.06:194][199]LogModuleManager: Shutting down and abandoning module ChunkDownloader (96)
[2025.03.27-19.03.06:194][199]LogModuleManager: Shutting down and abandoning module LauncherChunkInstaller (94)
[2025.03.27-19.03.06:194][199]LogModuleManager: Shutting down and abandoning module OnlineBlueprintSupport (92)
[2025.03.27-19.03.06:194][199]LogModuleManager: Shutting down and abandoning module OnlineSubsystem (88)
[2025.03.27-19.03.06:213][199]LogModuleManager: Shutting down and abandoning module XMPP (83)
[2025.03.27-19.03.06:214][199]LogModuleManager: Shutting down and abandoning module WebSockets (82)
[2025.03.27-19.03.06:248][199]LogModuleManager: Shutting down and abandoning module HTTP (79)
[2025.03.27-19.03.06:249][199]LogHttp: Display: Http module shutting down, but needs to wait on 1 outstanding Http requests:
[2025.03.27-19.03.06:249][199]LogHttp: Display: 	verb=[POST] url=[https://datarouter.ol.epicgames.com/datarouter/api/v1/public/data?SessionID=%7BE308B138-46B8-89D6-C6A0-109AEA5F5660%7D&AppID=UEEditor.Rocket.Release&AppVersion=4.27.2-18319896%2B%2B%2BUE4%2BRelease-4.27&UserID=1630856f436c572332dc42bd5716ab61%7C7103b13d50da47bcb910eeb6fc950929%7C1a3351ea-d91d-494f-9b74-3a188d739225&AppEnvironment=datacollector-binary&UploadType=eteventstream] refs=[1] status=Processing
[2025.03.27-19.03.06:249][199]LogHttp: Display: cleaning up 1 outstanding Http requests.
[2025.03.27-19.03.06:287][199]LogModuleManager: Shutting down and abandoning module SSL (78)
[2025.03.27-19.03.06:290][199]LogModuleManager: Shutting down and abandoning module WmfMedia (74)
[2025.03.27-19.03.06:294][199]LogModuleManager: Shutting down and abandoning module Media (73)
[2025.03.27-19.03.06:295][199]LogModuleManager: Shutting down and abandoning module MediaInfo (72)
[2025.03.27-19.03.06:295][199]LogModuleManager: Shutting down and abandoning module ExrReaderGpu (68)
[2025.03.27-19.03.06:295][199]LogModuleManager: Shutting down and abandoning module MLSDK (66)
[2025.03.27-19.03.06:295][199]LogModuleManager: Shutting down and abandoning module MagicLeap (64)
[2025.03.27-19.03.06:295][199]LogModuleManager: Shutting down and abandoning module NiagaraVertexFactories (62)
[2025.03.27-19.03.06:295][199]LogModuleManager: Shutting down and abandoning module NiagaraShader (60)
[2025.03.27-19.03.06:295][199]LogModuleManager: Shutting down and abandoning module ChaosCloth (58)
[2025.03.27-19.03.06:295][199]LogModuleManager: Shutting down and abandoning module VariantManagerContent (56)
[2025.03.27-19.03.06:295][199]LogModuleManager: Shutting down and abandoning module DatasmithContent (54)
[2025.03.27-19.03.06:296][199]LogModuleManager: Shutting down and abandoning module PixWinPlugin (52)
[2025.03.27-19.03.06:296][199]LogModuleManager: Shutting down and abandoning module AISupportModule (50)
[2025.03.27-19.03.06:296][199]LogModuleManager: Shutting down and abandoning module DesktopPlatform (48)
[2025.03.27-19.03.06:296][199]LogModuleManager: Shutting down and abandoning module PythonScriptPluginPreload (46)
[2025.03.27-19.03.06:296][199]LogModuleManager: Shutting down and abandoning module PlatformCryptoOpenSSL (44)
[2025.03.27-19.03.06:296][199]LogModuleManager: Shutting down and abandoning module PlatformCryptoTypes (42)
[2025.03.27-19.03.06:296][199]LogModuleManager: Shutting down and abandoning module PlatformCrypto (40)
[2025.03.27-19.03.06:296][199]LogModuleManager: Shutting down and abandoning module OodleDataCompressionFormat (38)
[2025.03.27-19.03.06:296][199]LogModuleManager: Shutting down and abandoning module XGEController (36)
[2025.03.27-19.03.06:297][199]LogModuleManager: Shutting down and abandoning module AnimationModifiers (34)
[2025.03.27-19.03.06:297][199]LogModuleManager: Shutting down and abandoning module AudioEditor (32)
[2025.03.27-19.03.06:298][199]LogModuleManager: Shutting down and abandoning module PropertyEditor (31)
[2025.03.27-19.03.06:299][199]LogModuleManager: Shutting down and abandoning module TextureCompressor (28)
[2025.03.27-19.03.06:299][199]LogModuleManager: Shutting down and abandoning module RenderCore (26)
[2025.03.27-19.03.06:299][199]LogModuleManager: Shutting down and abandoning module Landscape (24)
[2025.03.27-19.03.06:299][199]LogModuleManager: Shutting down and abandoning module SlateRHIRenderer (22)
[2025.03.27-19.03.06:301][199]LogModuleManager: Shutting down and abandoning module AnimGraphRuntime (20)
[2025.03.27-19.03.06:302][199]LogModuleManager: Shutting down and abandoning module Renderer (18)
[2025.03.27-19.03.06:302][199]LogModuleManager: Shutting down and abandoning module Engine (16)
[2025.03.27-19.03.06:302][199]LogModuleManager: Shutting down and abandoning module CoreUObject (14)
[2025.03.27-19.03.06:302][199]LogModuleManager: Shutting down and abandoning module NetworkFile (12)
[2025.03.27-19.03.06:302][199]LogModuleManager: Shutting down and abandoning module CookedIterativeFile (10)
[2025.03.27-19.03.06:302][199]LogModuleManager: Shutting down and abandoning module StreamingFile (8)
[2025.03.27-19.03.06:302][199]LogModuleManager: Shutting down and abandoning module SandboxFile (6)
[2025.03.27-19.03.06:303][199]LogModuleManager: Shutting down and abandoning module PakFile (4)
[2025.03.27-19.03.06:303][199]LogModuleManager: Shutting down and abandoning module RSA (3)
[2025.03.27-19.03.06:303][199]LogContentStreaming: Display: There are 1 unreleased StreamingManagers
[2025.03.27-19.03.06:336][199]LogD3D11RHI: Shutdown
[2025.03.27-19.03.06:336][199]LogD3D11RHI: CleanupD3DDevice
[2025.03.27-19.03.06:355][199]LogExit: Exiting.
[2025.03.27-19.03.06:368][199]Log file closed, 03/27/25 15:03:06
