Log file open, 04/08/25 13:36:19
LogWindows: Failed to load 'aqProf.dll' (GetLastError=126)
LogWindows: File 'aqProf.dll' does not exist
LogWindows: Failed to load 'VtuneApi.dll' (GetLastError=126)
LogWindows: File 'VtuneApi.dll' does not exist
LogWindows: Failed to load 'VtuneApi32e.dll' (GetLastError=126)
LogWindows: File 'VtuneApi32e.dll' does not exist
LogConsoleResponse: Display: Failed to find resolution value strings in scalability ini. Falling back to default.
LogConsoleResponse: Display: Failed to find resolution value strings in scalability ini. Falling back to default.
LogInit: Display: Running engine for game: TopDownPuzzle
LogPlatformFile: Not using cached read wrapper
LogTaskGraph: Started task graph with 5 named threads and 23 total threads with 3 sets of task threads.
LogStats: Stats thread started at 0.259251
LogICUInternationalization: ICU TimeZone Detection - Raw Offset: -5:00, Platform Override: ''
LogInit: Display: Loading text-based GConfig....
LogPluginManager: Mounting plugin MeshPainting
LogPluginManager: Mounting plugin XGEController
LogPluginManager: Mounting plugin Paper2D
LogPluginManager: Mounting plugin LiveLink
LogPluginManager: Mounting plugin AISupport
LogPluginManager: Mounting plugin EnvironmentQueryEditor
LogPluginManager: Mounting plugin LightPropagationVolume
LogPluginManager: Mounting plugin GameplayCameras
LogPluginManager: Mounting plugin CameraShakePreviewer
LogPluginManager: Mounting plugin AnimationSharing
LogPluginManager: Mounting plugin CLionSourceCodeAccess
LogPluginManager: Mounting plugin CodeLiteSourceCodeAccess
LogPluginManager: Mounting plugin GitSourceControl
LogPluginManager: Mounting plugin KDevelopSourceCodeAccess
LogPluginManager: Mounting plugin NullSourceCodeAccess
LogPluginManager: Mounting plugin PerforceSourceControl
LogPluginManager: Mounting plugin PixWinPlugin
LogPluginManager: Mounting plugin PlasticSourceControl
LogPluginManager: Mounting plugin PluginUtils
LogPluginManager: Mounting plugin PropertyAccessNode
LogPluginManager: Mounting plugin RiderSourceCodeAccess
LogPluginManager: Mounting plugin SubversionSourceControl
LogPluginManager: Mounting plugin TextureFormatOodle
LogPluginManager: Mounting plugin UObjectPlugin
LogPluginManager: Mounting plugin VisualStudioCodeSourceCodeAccess
LogPluginManager: Mounting plugin VisualStudioSourceCodeAccess
LogPluginManager: Mounting plugin XCodeSourceCodeAccess
LogPluginManager: Mounting plugin OodleData
LogPluginManager: Mounting plugin OodleNetwork
LogPluginManager: Mounting plugin AssetManagerEditor
LogPluginManager: Mounting plugin CryptoKeys
LogPluginManager: Mounting plugin CurveEditorTools
LogPluginManager: Mounting plugin DataValidation
LogPluginManager: Mounting plugin FacialAnimation
LogPluginManager: Mounting plugin GameplayTagsEditor
LogPluginManager: Mounting plugin GeometryMode
LogPluginManager: Mounting plugin MacGraphicsSwitching
LogPluginManager: Mounting plugin MaterialAnalyzer
LogPluginManager: Mounting plugin MobileLauncherProfileWizard
LogPluginManager: Mounting plugin PluginBrowser
LogPluginManager: Mounting plugin SpeedTreeImporter
LogPluginManager: Mounting plugin DatasmithContent
LogPluginManager: Mounting plugin Niagara
LogPluginManager: Mounting plugin VariantManagerContent
LogPluginManager: Mounting plugin AlembicImporter
LogPluginManager: Mounting plugin AutomationUtils
LogPluginManager: Mounting plugin BackChannel
LogPluginManager: Mounting plugin ChaosCloth
LogPluginManager: Mounting plugin ChaosClothEditor
LogPluginManager: Mounting plugin ChaosEditor
LogPluginManager: Mounting plugin ChaosNiagara
LogPluginManager: Mounting plugin ChaosSolverPlugin
LogPluginManager: Mounting plugin CharacterAI
LogPluginManager: Mounting plugin MagicLeap
LogPluginManager: Mounting plugin LuminPlatformFeatures
LogPluginManager: Mounting plugin MagicLeapMedia
LogPluginManager: Mounting plugin MagicLeapLightEstimation
LogPluginManager: Mounting plugin MagicLeapPassableWorld
LogPluginManager: Mounting plugin MLSDK
LogPluginManager: Mounting plugin GeometryCache
LogPluginManager: Mounting plugin GeometryProcessing
LogPluginManager: Mounting plugin GeometryCollectionPlugin
LogPluginManager: Mounting plugin MotoSynth
LogPluginManager: Mounting plugin OpenImageDenoise
LogPluginManager: Mounting plugin PlanarCut
LogPluginManager: Mounting plugin PlatformCrypto
LogPluginManager: Mounting plugin ProxyLODPlugin
LogPluginManager: Mounting plugin PythonScriptPlugin
LogPluginManager: Mounting plugin SkeletalReduction
LogPluginManager: Mounting plugin ActorSequence
LogPluginManager: Mounting plugin LevelSequenceEditor
LogPluginManager: Mounting plugin MatineeToLevelSequence
LogPluginManager: Mounting plugin TemplateSequence
LogPluginManager: Mounting plugin UdpMessaging
LogPluginManager: Mounting plugin TcpMessaging
LogPluginManager: Mounting plugin AndroidMedia
LogPluginManager: Mounting plugin AvfMedia
LogPluginManager: Mounting plugin ImgMedia
LogPluginManager: Mounting plugin MediaCompositing
LogPluginManager: Mounting plugin MediaPlayerEditor
LogPluginManager: Mounting plugin WebMMedia
LogPluginManager: Mounting plugin WmfMedia
LogPluginManager: Mounting plugin OnlineSubsystem
LogPluginManager: Mounting plugin OnlineSubsystemNull
LogPluginManager: Mounting plugin OnlineSubsystemUtils
LogPluginManager: Mounting plugin LauncherChunkInstaller
LogPluginManager: Mounting plugin ActorLayerUtilities
LogPluginManager: Mounting plugin AndroidDeviceProfileSelector
LogPluginManager: Mounting plugin AndroidMoviePlayer
LogPluginManager: Mounting plugin AndroidPermission
LogPluginManager: Mounting plugin AppleImageUtils
LogPluginManager: Mounting plugin AppleMoviePlayer
LogPluginManager: Mounting plugin ArchVisCharacter
LogPluginManager: Mounting plugin AssetTags
LogPluginManager: Mounting plugin AudioCapture
LogPluginManager: Mounting plugin AudioSynesthesia
LogPluginManager: Mounting plugin ChunkDownloader
LogPluginManager: Mounting plugin CustomMeshComponent
LogPluginManager: Mounting plugin CableComponent
LogPluginManager: Mounting plugin EditableMesh
LogPluginManager: Mounting plugin ExampleDeviceProfileSelector
LogPluginManager: Mounting plugin GoogleCloudMessaging
LogPluginManager: Mounting plugin GooglePAD
LogPluginManager: Mounting plugin IOSDeviceProfileSelector
LogPluginManager: Mounting plugin LinuxDeviceProfileSelector
LogPluginManager: Mounting plugin LocationServicesBPLibrary
LogPluginManager: Mounting plugin MobilePatchingUtils
LogPluginManager: Mounting plugin OpenXR
LogPluginManager: Mounting plugin OpenXREyeTracker
LogPluginManager: Mounting plugin OpenXRHandTracking
LogPluginManager: Mounting plugin PostSplashScreen
LogPluginManager: Mounting plugin PhysXVehicles
LogPluginManager: Mounting plugin ProceduralMeshComponent
LogPluginManager: Mounting plugin PropertyAccessEditor
LogPluginManager: Mounting plugin RuntimePhysXCooking
LogPluginManager: Mounting plugin SignificanceManager
LogPluginManager: Mounting plugin SoundFields
LogPluginManager: Mounting plugin Synthesis
LogPluginManager: Mounting plugin ScreenshotTools
LogPluginManager: Mounting plugin WebMMoviePlayer
LogPluginManager: Mounting plugin WindowsMoviePlayer
LogPluginManager: Mounting plugin Takes
LogPluginManager: Mounting plugin ContentBrowserAssetDataSource
LogPluginManager: Mounting plugin ContentBrowserClassDataSource
LogPluginManager: Mounting plugin ContentBrowserFileDataSource
LogPluginManager: Mounting plugin OnlineSubsystemGooglePlay
LogPluginManager: Mounting plugin OnlineSubsystemIOS
LogPluginManager: Mounting plugin OculusVR
LogPluginManager: Mounting plugin SteamVR
PixWinPlugin: PIX capture plugin failed to initialize! Check that the process is launched from PIX.
LogInit: Using libcurl 7.55.1-DEV
LogInit:  - built for x86_64-pc-win32
LogInit:  - supports SSL with OpenSSL/1.1.1
LogInit:  - supports HTTP deflate (compression) using libz 1.2.8
LogInit:  - other features:
LogInit:      CURL_VERSION_SSL
LogInit:      CURL_VERSION_LIBZ
LogInit:      CURL_VERSION_IPV6
LogInit:      CURL_VERSION_ASYNCHDNS
LogInit:      CURL_VERSION_LARGEFILE
LogInit:      CURL_VERSION_IDN
LogInit:  CurlRequestOptions (configurable via config and command line):
LogInit:  - bVerifyPeer = true  - Libcurl will verify peer certificate
LogInit:  - bUseHttpProxy = false  - Libcurl will NOT use HTTP proxy
LogInit:  - bDontReuseConnections = false  - Libcurl will reuse connections
LogInit:  - MaxHostConnections = 16  - Libcurl will limit the number of connections to a host
LogInit:  - LocalHostAddr = Default
LogInit:  - BufferSize = 65536
LogOnline: OSS: Creating online subsystem instance for: NULL
LogInit: WinSock: version 1.1 (2.2), MaxSocks=32767, MaxUdp=65467
LogOnline: OSS: TryLoadSubsystemAndSetDefault: Loaded subsystem for module [NULL]
LogOculusPluginWrapper: OculusPlugin initialized successfully
LogHMD: Failed initializing OVRPlugin 1.59.0
LogInit: Build: ++UE4+Release-4.27-CL-18319896
LogInit: Engine Version: 4.27.2-18319896+++UE4+Release-4.27
LogInit: Compatible Engine Version: 4.27.0-17155196+++UE4+Release-4.27
LogInit: Net CL: 17155196
LogInit: OS: Windows 10 (Release 2009) (), CPU: Intel(R) Core(TM) i5-9300H CPU @ 2.40GHz, GPU: Intel(R) UHD Graphics 630
LogInit: Compiled (64-bit): Nov 30 2021 07:12:08
LogInit: Compiled with Visual C++: 19.24.28315.00
LogInit: Build Configuration: Development
LogInit: Branch Name: ++UE4+Release-4.27
LogInit: Command Line: 
LogInit: Base Directory: C:/Program Files/UE/UE_4.27/Engine/Binaries/Win64/
LogInit: Allocator: TBB
LogInit: Installed Engine Build: 1
LogDevObjectVersion: Number of dev versions registered: 29
LogDevObjectVersion:   Dev-Blueprints (B0D832E4-1F89-4F0D-ACCF-7EB736FD4AA2): 10
LogDevObjectVersion:   Dev-Build (E1C64328-A22C-4D53-A36C-8E866417BD8C): 0
LogDevObjectVersion:   Dev-Core (375EC13C-06E4-48FB-B500-84F0262A717E): 4
LogDevObjectVersion:   Dev-Editor (E4B068ED-F494-42E9-A231-DA0B2E46BB41): 40
LogDevObjectVersion:   Dev-Framework (CFFC743F-43B0-4480-9391-14DF171D2073): 37
LogDevObjectVersion:   Dev-Mobile (B02B49B5-BB20-44E9-A304-32B752E40360): 3
LogDevObjectVersion:   Dev-Networking (A4E4105C-59A1-49B5-A7C5-40C4547EDFEE): 0
LogDevObjectVersion:   Dev-Online (39C831C9-5AE6-47DC-9A44-9C173E1C8E7C): 0
LogDevObjectVersion:   Dev-Physics (78F01B33-EBEA-4F98-B9B4-84EACCB95AA2): 14
LogDevObjectVersion:   Dev-Platform (6631380F-2D4D-43E0-8009-CF276956A95A): 0
LogDevObjectVersion:   Dev-Rendering (12F88B9F-8875-4AFC-A67C-D90C383ABD29): 45
LogDevObjectVersion:   Dev-Sequencer (7B5AE74C-D270-4C10-A958-57980B212A5A): 13
LogDevObjectVersion:   Dev-VR (D7296918-1DD6-4BDD-9DE2-64A83CC13884): 3
LogDevObjectVersion:   Dev-LoadTimes (C2A15278-BFE7-4AFE-6C17-90FF531DF755): 1
LogDevObjectVersion:   Private-Geometry (6EACA3D4-40EC-4CC1-B786-8BED09428FC5): 3
LogDevObjectVersion:   Dev-AnimPhys (29E575DD-E0A3-4627-9D10-D276232CDCEA): 17
LogDevObjectVersion:   Dev-Anim (AF43A65D-7FD3-4947-9873-3E8ED9C1BB05): 15
LogDevObjectVersion:   Dev-ReflectionCapture (6B266CEC-1EC7-4B8F-A30B-E4D90942FC07): 1
LogDevObjectVersion:   Dev-Automation (0DF73D61-A23F-47EA-B727-89E90C41499A): 1
LogDevObjectVersion:   FortniteMain (601D1886-AC64-4F84-AA16-D3DE0DEAC7D6): 47
LogDevObjectVersion:   FortniteRelease (E7086368-6B23-4C58-8439-1B7016265E91): 1
LogDevObjectVersion:   Dev-Enterprise (9DFFBCD6-494F-0158-E221-12823C92A888): 10
LogDevObjectVersion:   Dev-Niagara (F2AED0AC-9AFE-416F-8664-AA7FFA26D6FC): 1
LogDevObjectVersion:   Dev-Destruction (174F1F0B-B4C6-45A5-B13F-2EE8D0FB917D): 10
LogDevObjectVersion:   Dev-Physics-Ext (35F94A83-E258-406C-A318-09F59610247C): 41
LogDevObjectVersion:   Dev-PhysicsMaterial-Chaos (B68FC16E-8B1B-42E2-B453-215C058844FE): 1
LogDevObjectVersion:   Dev-CineCamera (B2E18506-4273-CFC2-A54E-F4BB758BBA07): 1
LogDevObjectVersion:   Dev-VirtualProduction (64F58936-FD1B-42BA-BA96-7289D5D0FA4E): 1
LogDevObjectVersion:   Dev-MediaFramework (6F0ED827-A609-4895-9C91-998D90180EA4): 2
LogInit: Presizing for max 25165824 objects, including 0 objects not considered by GC, pre-allocating 0 bytes for permanent pool.
LogConfig: Applying CVar settings from Section [/Script/Engine.StreamingSettings] File [C:/Unreal Projects/Top-Down-Puzzle/TopDownPuzzle/Saved/Config/Windows/Engine.ini]
LogConfig: Setting CVar [[s.MinBulkDataSizeForAsyncLoading:131072]]
LogConfig: Setting CVar [[s.AsyncLoadingThreadEnabled:0]]
LogConfig: Setting CVar [[s.EventDrivenLoaderEnabled:1]]
LogConfig: Setting CVar [[s.WarnIfTimeLimitExceeded:0]]
LogConfig: Setting CVar [[s.TimeLimitExceededMultiplier:1.5]]
LogConfig: Setting CVar [[s.TimeLimitExceededMinTime:0.005]]
LogConfig: Setting CVar [[s.UseBackgroundLevelStreaming:1]]
LogConfig: Setting CVar [[s.PriorityAsyncLoadingExtraTime:15.0]]
LogConfig: Setting CVar [[s.LevelStreamingActorsUpdateTimeLimit:5.0]]
LogConfig: Setting CVar [[s.PriorityLevelStreamingActorsUpdateExtraTime:5.0]]
LogConfig: Setting CVar [[s.LevelStreamingComponentsRegistrationGranularity:10]]
LogConfig: Setting CVar [[s.UnregisterComponentsTimeLimit:1.0]]
LogConfig: Setting CVar [[s.LevelStreamingComponentsUnregistrationGranularity:5]]
LogConfig: Setting CVar [[s.FlushStreamingOnExit:1]]
LogInit: Object subsystem initialized
LogConfig: Setting CVar [[con.DebugEarlyDefault:1]]
LogConfig: Setting CVar [[r.setres:1280x720]]
[2025.04.08-17.36.20:358][  0]LogConfig: Setting CVar [[r.VSync:0]]
[2025.04.08-17.36.20:358][  0]LogConfig: Setting CVar [[r.RHICmdBypass:0]]
[2025.04.08-17.36.20:358][  0]LogConfig: Applying CVar settings from Section [/Script/Engine.RendererSettings] File [C:/Unreal Projects/Top-Down-Puzzle/TopDownPuzzle/Saved/Config/Windows/Engine.ini]
[2025.04.08-17.36.20:358][  0]LogConfig: Setting CVar [[r.GPUCrashDebugging:0]]
[2025.04.08-17.36.20:358][  0]LogConfig: Setting CVar [[r.Mobile.DisableVertexFog:1]]
[2025.04.08-17.36.20:358][  0]LogConfig: Setting CVar [[r.Shadow.CSM.MaxMobileCascades:2]]
[2025.04.08-17.36.20:358][  0]LogConfig: Setting CVar [[r.MobileMSAA:1]]
[2025.04.08-17.36.20:358][  0]LogConfig: Setting CVar [[r.Mobile.AllowDitheredLODTransition:0]]
[2025.04.08-17.36.20:358][  0]LogConfig: Setting CVar [[r.Mobile.AllowSoftwareOcclusion:0]]
[2025.04.08-17.36.20:358][  0]LogConfig: Setting CVar [[r.Mobile.VirtualTextures:0]]
[2025.04.08-17.36.20:358][  0]LogConfig: Setting CVar [[r.DiscardUnusedQuality:0]]
[2025.04.08-17.36.20:358][  0]LogConfig: Setting CVar [[r.AllowOcclusionQueries:1]]
[2025.04.08-17.36.20:358][  0]LogConfig: Setting CVar [[r.MinScreenRadiusForLights:0.030000]]
[2025.04.08-17.36.20:358][  0]LogConfig: Setting CVar [[r.MinScreenRadiusForDepthPrepass:0.030000]]
[2025.04.08-17.36.20:358][  0]LogConfig: Setting CVar [[r.MinScreenRadiusForCSMDepth:0.010000]]
[2025.04.08-17.36.20:358][  0]LogConfig: Setting CVar [[r.PrecomputedVisibilityWarning:0]]
[2025.04.08-17.36.20:358][  0]LogConfig: Setting CVar [[r.TextureStreaming:1]]
[2025.04.08-17.36.20:358][  0]LogConfig: Setting CVar [[Compat.UseDXT5NormalMaps:0]]
[2025.04.08-17.36.20:359][  0]LogConfig: Setting CVar [[r.VirtualTextures:0]]
[2025.04.08-17.36.20:359][  0]LogConfig: Setting CVar [[r.VT.EnableAutoImport:1]]
[2025.04.08-17.36.20:359][  0]LogConfig: Setting CVar [[r.VirtualTexturedLightmaps:0]]
[2025.04.08-17.36.20:359][  0]LogConfig: Setting CVar [[r.VT.TileSize:128]]
[2025.04.08-17.36.20:359][  0]LogConfig: Setting CVar [[r.VT.TileBorderSize:4]]
[2025.04.08-17.36.20:359][  0]LogConfig: Setting CVar [[r.vt.FeedbackFactor:16]]
[2025.04.08-17.36.20:359][  0]LogConfig: Setting CVar [[r.VT.EnableCompressZlib:1]]
[2025.04.08-17.36.20:359][  0]LogConfig: Setting CVar [[r.VT.EnableCompressCrunch:0]]
[2025.04.08-17.36.20:359][  0]LogConfig: Setting CVar [[r.ClearCoatNormal:0]]
[2025.04.08-17.36.20:359][  0]LogConfig: Setting CVar [[r.ReflectionCaptureResolution:128]]
[2025.04.08-17.36.20:359][  0]LogConfig: Setting CVar [[r.Mobile.ReflectionCaptureCompression:0]]
[2025.04.08-17.36.20:359][  0]LogConfig: Setting CVar [[r.ReflectionEnvironmentLightmapMixBasedOnRoughness:1]]
[2025.04.08-17.36.20:359][  0]LogConfig: Setting CVar [[r.ForwardShading:0]]
[2025.04.08-17.36.20:359][  0]LogConfig: Setting CVar [[r.VertexFoggingForOpaque:1]]
[2025.04.08-17.36.20:359][  0]LogConfig: Setting CVar [[r.AllowStaticLighting:1]]
[2025.04.08-17.36.20:359][  0]LogConfig: Setting CVar [[r.NormalMapsForStaticLighting:0]]
[2025.04.08-17.36.20:359][  0]LogConfig: Setting CVar [[r.GenerateMeshDistanceFields:0]]
[2025.04.08-17.36.20:359][  0]LogConfig: Setting CVar [[r.DistanceFieldBuild.EightBit:0]]
[2025.04.08-17.36.20:359][  0]LogConfig: Setting CVar [[r.GenerateLandscapeGIData:0]]
[2025.04.08-17.36.20:359][  0]LogConfig: Setting CVar [[r.DistanceFieldBuild.Compress:0]]
[2025.04.08-17.36.20:359][  0]LogConfig: Setting CVar [[r.TessellationAdaptivePixelsPerTriangle:48.000000]]
[2025.04.08-17.36.20:359][  0]LogConfig: Setting CVar [[r.SeparateTranslucency:1]]
[2025.04.08-17.36.20:359][  0]LogConfig: Setting CVar [[r.TranslucentSortPolicy:0]]
[2025.04.08-17.36.20:359][  0]LogConfig: Setting CVar [[vr.VRS.HMDFixedFoveationLevel:0]]
[2025.04.08-17.36.20:359][  0]LogConfig: Setting CVar [[r.CustomDepth:1]]
[2025.04.08-17.36.20:359][  0]LogConfig: Setting CVar [[r.CustomDepthTemporalAAJitter:1]]
[2025.04.08-17.36.20:359][  0]LogConfig: Setting CVar [[r.PostProcessing.PropagateAlpha:0]]
[2025.04.08-17.36.20:359][  0]LogConfig: Setting CVar [[r.DefaultFeature.Bloom:1]]
[2025.04.08-17.36.20:359][  0]LogConfig: Setting CVar [[r.DefaultFeature.AmbientOcclusion:1]]
[2025.04.08-17.36.20:359][  0]LogConfig: Setting CVar [[r.DefaultFeature.AmbientOcclusionStaticFraction:1]]
[2025.04.08-17.36.20:359][  0]LogConfig: Setting CVar [[r.DefaultFeature.AutoExposure:0]]
[2025.04.08-17.36.20:359][  0]LogConfig: Setting CVar [[r.DefaultFeature.AutoExposure.Method:0]]
[2025.04.08-17.36.20:359][  0]LogConfig: Setting CVar [[r.DefaultFeature.AutoExposure.Bias:1.000000]]
[2025.04.08-17.36.20:359][  0]LogConfig: Setting CVar [[r.DefaultFeature.AutoExposure.ExtendDefaultLuminanceRange:0]]
[2025.04.08-17.36.20:359][  0]LogConfig: Setting CVar [[r.UsePreExposure:1]]
[2025.04.08-17.36.20:359][  0]LogConfig: Setting CVar [[r.EyeAdaptation.EditorOnly:0]]
[2025.04.08-17.36.20:359][  0]LogConfig: Setting CVar [[r.DefaultFeature.MotionBlur:0]]
[2025.04.08-17.36.20:359][  0]LogConfig: Setting CVar [[r.DefaultFeature.LensFlare:0]]
[2025.04.08-17.36.20:359][  0]LogConfig: Setting CVar [[r.TemporalAA.Upsampling:0]]
[2025.04.08-17.36.20:359][  0]LogConfig: Setting CVar [[r.SSGI.Enable:0]]
[2025.04.08-17.36.20:359][  0]LogConfig: Setting CVar [[r.DefaultFeature.AntiAliasing:0]]
[2025.04.08-17.36.20:359][  0]LogConfig: Setting CVar [[r.DefaultFeature.LightUnits:1]]
[2025.04.08-17.36.20:359][  0]LogConfig: Setting CVar [[r.DefaultBackBufferPixelFormat:4]]
[2025.04.08-17.36.20:359][  0]LogConfig: Setting CVar [[r.Shadow.UnbuiltPreviewInGame:1]]
[2025.04.08-17.36.20:359][  0]LogConfig: Setting CVar [[r.StencilForLODDither:0]]
[2025.04.08-17.36.20:359][  0]LogConfig: Setting CVar [[r.EarlyZPass:3]]
[2025.04.08-17.36.20:359][  0]LogConfig: Setting CVar [[r.EarlyZPassOnlyMaterialMasking:0]]
[2025.04.08-17.36.20:359][  0]LogConfig: Setting CVar [[r.DBuffer:1]]
[2025.04.08-17.36.20:359][  0]LogConfig: Setting CVar [[r.ClearSceneMethod:1]]
[2025.04.08-17.36.20:359][  0]LogConfig: Setting CVar [[r.BasePassOutputsVelocity:0]]
[2025.04.08-17.36.20:359][  0]LogConfig: Setting CVar [[r.VertexDeformationOutputsVelocity:0]]
[2025.04.08-17.36.20:359][  0]LogConfig: Setting CVar [[r.SelectiveBasePassOutputs:0]]
[2025.04.08-17.36.20:359][  0]LogConfig: Setting CVar [[fx.GPUSimulationTextureSizeX:1024]]
[2025.04.08-17.36.20:359][  0]LogConfig: Setting CVar [[fx.GPUSimulationTextureSizeY:1024]]
[2025.04.08-17.36.20:359][  0]LogConfig: Setting CVar [[r.AllowGlobalClipPlane:0]]
[2025.04.08-17.36.20:359][  0]LogConfig: Setting CVar [[r.GBufferFormat:1]]
[2025.04.08-17.36.20:359][  0]LogConfig: Setting CVar [[r.MorphTarget.Mode:1]]
[2025.04.08-17.36.20:359][  0]LogConfig: Setting CVar [[vr.InstancedStereo:0]]
[2025.04.08-17.36.20:359][  0]LogConfig: Setting CVar [[r.MobileHDR:1]]
[2025.04.08-17.36.20:359][  0]LogConfig: Setting CVar [[vr.MobileMultiView:0]]
[2025.04.08-17.36.20:359][  0]LogConfig: Setting CVar [[r.Mobile.UseHWsRGBEncoding:0]]
[2025.04.08-17.36.20:359][  0]LogConfig: Setting CVar [[vr.RoundRobinOcclusion:0]]
[2025.04.08-17.36.20:360][  0]LogConfig: Setting CVar [[vr.ODSCapture:0]]
[2025.04.08-17.36.20:360][  0]LogConfig: Setting CVar [[r.MeshStreaming:0]]
[2025.04.08-17.36.20:360][  0]LogConfig: Setting CVar [[r.WireframeCullThreshold:5.000000]]
[2025.04.08-17.36.20:360][  0]LogConfig: Setting CVar [[r.RayTracing:0]]
[2025.04.08-17.36.20:360][  0]LogConfig: Setting CVar [[r.RayTracing.UseTextureLod:0]]
[2025.04.08-17.36.20:360][  0]LogConfig: Setting CVar [[r.SupportStationarySkylight:1]]
[2025.04.08-17.36.20:360][  0]LogConfig: Setting CVar [[r.SupportLowQualityLightmaps:1]]
[2025.04.08-17.36.20:360][  0]LogConfig: Setting CVar [[r.SupportPointLightWholeSceneShadows:1]]
[2025.04.08-17.36.20:360][  0]LogConfig: Setting CVar [[r.SupportAtmosphericFog:1]]
[2025.04.08-17.36.20:360][  0]LogConfig: Setting CVar [[r.SupportSkyAtmosphere:1]]
[2025.04.08-17.36.20:360][  0]LogConfig: Setting CVar [[r.SupportSkyAtmosphereAffectsHeightFog:0]]
[2025.04.08-17.36.20:360][  0]LogConfig: Setting CVar [[r.SkinCache.CompileShaders:0]]
[2025.04.08-17.36.20:360][  0]LogConfig: Setting CVar [[r.SkinCache.DefaultBehavior:1]]
[2025.04.08-17.36.20:360][  0]LogConfig: Setting CVar [[r.SkinCache.SceneMemoryLimitInMB:128.000000]]
[2025.04.08-17.36.20:360][  0]LogConfig: Setting CVar [[r.Mobile.EnableStaticAndCSMShadowReceivers:1]]
[2025.04.08-17.36.20:360][  0]LogConfig: Setting CVar [[r.Mobile.EnableMovableLightCSMShaderCulling:1]]
[2025.04.08-17.36.20:360][  0]LogConfig: Setting CVar [[r.Mobile.AllowDistanceFieldShadows:1]]
[2025.04.08-17.36.20:360][  0]LogConfig: Setting CVar [[r.Mobile.AllowMovableDirectionalLights:1]]
[2025.04.08-17.36.20:360][  0]LogConfig: Setting CVar [[r.MobileNumDynamicPointLights:4]]
[2025.04.08-17.36.20:360][  0]LogConfig: Setting CVar [[r.MobileDynamicPointLightsUseStaticBranch:1]]
[2025.04.08-17.36.20:360][  0]LogConfig: Setting CVar [[r.Mobile.EnableMovableSpotlights:0]]
[2025.04.08-17.36.20:360][  0]LogConfig: Setting CVar [[r.Mobile.EnableMovableSpotlightsShadow:0]]
[2025.04.08-17.36.20:360][  0]LogConfig: Setting CVar [[r.GPUSkin.Support16BitBoneIndex:0]]
[2025.04.08-17.36.20:360][  0]LogConfig: Setting CVar [[r.GPUSkin.Limit2BoneInfluences:0]]
[2025.04.08-17.36.20:360][  0]LogConfig: Setting CVar [[r.SupportDepthOnlyIndexBuffers:1]]
[2025.04.08-17.36.20:360][  0]LogConfig: Setting CVar [[r.SupportReversedIndexBuffers:1]]
[2025.04.08-17.36.20:360][  0]LogConfig: Setting CVar [[r.LightPropagationVolume:0]]
[2025.04.08-17.36.20:360][  0]LogConfig: Setting CVar [[r.Mobile.AmbientOcclusion:0]]
[2025.04.08-17.36.20:360][  0]LogConfig: Setting CVar [[r.GPUSkin.UnlimitedBoneInfluences:0]]
[2025.04.08-17.36.20:360][  0]LogConfig: Setting CVar [[r.GPUSkin.UnlimitedBoneInfluencesThreshold:8]]
[2025.04.08-17.36.20:360][  0]LogConfig: Setting CVar [[r.Mobile.PlanarReflectionMode:0]]
[2025.04.08-17.36.20:360][  0]LogConfig: Setting CVar [[r.Mobile.SupportsGen4TAA:0]]
[2025.04.08-17.36.20:360][  0]LogConfig: Applying CVar settings from Section [/Script/Engine.RendererOverrideSettings] File [C:/Unreal Projects/Top-Down-Puzzle/TopDownPuzzle/Saved/Config/Windows/Engine.ini]
[2025.04.08-17.36.20:360][  0]LogConfig: Applying CVar settings from Section [/Script/Engine.StreamingSettings] File [C:/Unreal Projects/Top-Down-Puzzle/TopDownPuzzle/Saved/Config/Windows/Engine.ini]
[2025.04.08-17.36.20:360][  0]LogConfig: Setting CVar [[s.MinBulkDataSizeForAsyncLoading:131072]]
[2025.04.08-17.36.20:360][  0]LogConfig: Setting CVar [[s.AsyncLoadingThreadEnabled:0]]
[2025.04.08-17.36.20:360][  0]LogConfig: Setting CVar [[s.EventDrivenLoaderEnabled:1]]
[2025.04.08-17.36.20:360][  0]LogConfig: Setting CVar [[s.WarnIfTimeLimitExceeded:0]]
[2025.04.08-17.36.20:360][  0]LogConfig: Setting CVar [[s.TimeLimitExceededMultiplier:1.5]]
[2025.04.08-17.36.20:360][  0]LogConfig: Setting CVar [[s.TimeLimitExceededMinTime:0.005]]
[2025.04.08-17.36.20:360][  0]LogConfig: Setting CVar [[s.UseBackgroundLevelStreaming:1]]
[2025.04.08-17.36.20:360][  0]LogConfig: Setting CVar [[s.PriorityAsyncLoadingExtraTime:15.0]]
[2025.04.08-17.36.20:360][  0]LogConfig: Setting CVar [[s.LevelStreamingActorsUpdateTimeLimit:5.0]]
[2025.04.08-17.36.20:360][  0]LogConfig: Setting CVar [[s.PriorityLevelStreamingActorsUpdateExtraTime:5.0]]
[2025.04.08-17.36.20:360][  0]LogConfig: Setting CVar [[s.LevelStreamingComponentsRegistrationGranularity:10]]
[2025.04.08-17.36.20:360][  0]LogConfig: Setting CVar [[s.UnregisterComponentsTimeLimit:1.0]]
[2025.04.08-17.36.20:360][  0]LogConfig: Setting CVar [[s.LevelStreamingComponentsUnregistrationGranularity:5]]
[2025.04.08-17.36.20:360][  0]LogConfig: Setting CVar [[s.FlushStreamingOnExit:1]]
[2025.04.08-17.36.20:360][  0]LogConfig: Applying CVar settings from Section [/Script/Engine.GarbageCollectionSettings] File [C:/Unreal Projects/Top-Down-Puzzle/TopDownPuzzle/Saved/Config/Windows/Engine.ini]
[2025.04.08-17.36.20:360][  0]LogConfig: Setting CVar [[gc.MaxObjectsNotConsideredByGC:1]]
[2025.04.08-17.36.20:360][  0]LogConfig: Setting CVar [[gc.SizeOfPermanentObjectPool:0]]
[2025.04.08-17.36.20:360][  0]LogConfig: Setting CVar [[gc.FlushStreamingOnGC:0]]
[2025.04.08-17.36.20:360][  0]LogConfig: Setting CVar [[gc.NumRetriesBeforeForcingGC:10]]
[2025.04.08-17.36.20:360][  0]LogConfig: Setting CVar [[gc.AllowParallelGC:1]]
[2025.04.08-17.36.20:360][  0]LogConfig: Setting CVar [[gc.TimeBetweenPurgingPendingKillObjects:61.1]]
[2025.04.08-17.36.20:360][  0]LogConfig: Setting CVar [[gc.MaxObjectsInEditor:25165824]]
[2025.04.08-17.36.20:360][  0]LogConfig: Setting CVar [[gc.IncrementalBeginDestroyEnabled:1]]
[2025.04.08-17.36.20:360][  0]LogConfig: Setting CVar [[gc.CreateGCClusters:1]]
[2025.04.08-17.36.20:360][  0]LogConfig: Setting CVar [[gc.MinGCClusterSize:5]]
[2025.04.08-17.36.20:360][  0]LogConfig: Setting CVar [[gc.ActorClusteringEnabled:0]]
[2025.04.08-17.36.20:360][  0]LogConfig: Setting CVar [[gc.BlueprintClusteringEnabled:0]]
[2025.04.08-17.36.20:360][  0]LogConfig: Setting CVar [[gc.UseDisregardForGCOnDedicatedServers:0]]
[2025.04.08-17.36.20:360][  0]LogConfig: Setting CVar [[gc.MultithreadedDestructionEnabled:1]]
[2025.04.08-17.36.20:360][  0]LogConfig: Applying CVar settings from Section [/Script/Engine.NetworkSettings] File [C:/Unreal Projects/Top-Down-Puzzle/TopDownPuzzle/Saved/Config/Windows/Engine.ini]
[2025.04.08-17.36.20:360][  0]LogConfig: Applying CVar settings from Section [/Script/UnrealEd.CookerSettings] File [C:/Unreal Projects/Top-Down-Puzzle/TopDownPuzzle/Saved/Config/Windows/Engine.ini]
[2025.04.08-17.36.20:368][  0]LogConfig: Applying CVar settings from Section [ViewDistanceQuality@3] File [C:/Unreal Projects/Top-Down-Puzzle/TopDownPuzzle/Saved/Config/Windows/Scalability.ini]
[2025.04.08-17.36.20:368][  0]LogConfig: Setting CVar [[r.SkeletalMeshLODBias:0]]
[2025.04.08-17.36.20:369][  0]LogConfig: Setting CVar [[r.ViewDistanceScale:1.0]]
[2025.04.08-17.36.20:369][  0]LogConfig: Applying CVar settings from Section [AntiAliasingQuality@3] File [C:/Unreal Projects/Top-Down-Puzzle/TopDownPuzzle/Saved/Config/Windows/Scalability.ini]
[2025.04.08-17.36.20:369][  0]LogConfig: Setting CVar [[r.PostProcessAAQuality:4]]
[2025.04.08-17.36.20:369][  0]LogConfig: Applying CVar settings from Section [ShadowQuality@3] File [C:/Unreal Projects/Top-Down-Puzzle/TopDownPuzzle/Saved/Config/Windows/Scalability.ini]
[2025.04.08-17.36.20:369][  0]LogConfig: Setting CVar [[r.LightFunctionQuality:1]]
[2025.04.08-17.36.20:369][  0]LogConfig: Setting CVar [[r.ShadowQuality:5]]
[2025.04.08-17.36.20:369][  0]LogConfig: Setting CVar [[r.Shadow.CSM.MaxCascades:10]]
[2025.04.08-17.36.20:369][  0]LogConfig: Setting CVar [[r.Shadow.MaxResolution:2048]]
[2025.04.08-17.36.20:369][  0]LogConfig: Setting CVar [[r.Shadow.MaxCSMResolution:2048]]
[2025.04.08-17.36.20:369][  0]LogConfig: Setting CVar [[r.Shadow.RadiusThreshold:0.01]]
[2025.04.08-17.36.20:369][  0]LogConfig: Setting CVar [[r.Shadow.DistanceScale:1.0]]
[2025.04.08-17.36.20:369][  0]LogConfig: Setting CVar [[r.Shadow.CSM.TransitionScale:1.0]]
[2025.04.08-17.36.20:369][  0]LogConfig: Setting CVar [[r.Shadow.PreShadowResolutionFactor:1.0]]
[2025.04.08-17.36.20:369][  0]LogConfig: Setting CVar [[r.DistanceFieldShadowing:1]]
[2025.04.08-17.36.20:369][  0]LogConfig: Setting CVar [[r.DistanceFieldAO:1]]
[2025.04.08-17.36.20:369][  0]LogConfig: Setting CVar [[r.AOQuality:2]]
[2025.04.08-17.36.20:369][  0]LogConfig: Setting CVar [[r.VolumetricFog:1]]
[2025.04.08-17.36.20:369][  0]LogConfig: Setting CVar [[r.VolumetricFog.GridPixelSize:8]]
[2025.04.08-17.36.20:369][  0]LogConfig: Setting CVar [[r.VolumetricFog.GridSizeZ:128]]
[2025.04.08-17.36.20:369][  0]LogConfig: Setting CVar [[r.VolumetricFog.HistoryMissSupersampleCount:4]]
[2025.04.08-17.36.20:369][  0]LogConfig: Setting CVar [[r.LightMaxDrawDistanceScale:1]]
[2025.04.08-17.36.20:369][  0]LogConfig: Setting CVar [[r.CapsuleShadows:1]]
[2025.04.08-17.36.20:369][  0]LogConfig: Applying CVar settings from Section [PostProcessQuality@3] File [C:/Unreal Projects/Top-Down-Puzzle/TopDownPuzzle/Saved/Config/Windows/Scalability.ini]
[2025.04.08-17.36.20:369][  0]LogConfig: Setting CVar [[r.MotionBlurQuality:4]]
[2025.04.08-17.36.20:369][  0]LogConfig: Setting CVar [[r.AmbientOcclusionMipLevelFactor:0.4]]
[2025.04.08-17.36.20:369][  0]LogConfig: Setting CVar [[r.AmbientOcclusionMaxQuality:100]]
[2025.04.08-17.36.20:369][  0]LogConfig: Setting CVar [[r.AmbientOcclusionLevels:-1]]
[2025.04.08-17.36.20:369][  0]LogConfig: Setting CVar [[r.AmbientOcclusionRadiusScale:1.0]]
[2025.04.08-17.36.20:369][  0]LogConfig: Setting CVar [[r.DepthOfFieldQuality:2]]
[2025.04.08-17.36.20:369][  0]LogConfig: Setting CVar [[r.RenderTargetPoolMin:400]]
[2025.04.08-17.36.20:369][  0]LogConfig: Setting CVar [[r.LensFlareQuality:2]]
[2025.04.08-17.36.20:369][  0]LogConfig: Setting CVar [[r.SceneColorFringeQuality:1]]
[2025.04.08-17.36.20:369][  0]LogConfig: Setting CVar [[r.EyeAdaptationQuality:2]]
[2025.04.08-17.36.20:369][  0]LogConfig: Setting CVar [[r.BloomQuality:5]]
[2025.04.08-17.36.20:369][  0]LogConfig: Setting CVar [[r.FastBlurThreshold:100]]
[2025.04.08-17.36.20:369][  0]LogConfig: Setting CVar [[r.Upscale.Quality:3]]
[2025.04.08-17.36.20:369][  0]LogConfig: Setting CVar [[r.Tonemapper.GrainQuantization:1]]
[2025.04.08-17.36.20:369][  0]LogConfig: Setting CVar [[r.LightShaftQuality:1]]
[2025.04.08-17.36.20:369][  0]LogConfig: Setting CVar [[r.Filter.SizeScale:1]]
[2025.04.08-17.36.20:369][  0]LogConfig: Setting CVar [[r.Tonemapper.Quality:5]]
[2025.04.08-17.36.20:369][  0]LogConfig: Setting CVar [[r.DOF.Gather.AccumulatorQuality:1        ; higher gathering accumulator quality]]
[2025.04.08-17.36.20:369][  0]LogConfig: Setting CVar [[r.DOF.Gather.PostfilterMethod:1          ; Median3x3 postfilering method]]
[2025.04.08-17.36.20:369][  0]LogConfig: Setting CVar [[r.DOF.Gather.EnableBokehSettings:0       ; no bokeh simulation when gathering]]
[2025.04.08-17.36.20:369][  0]LogConfig: Setting CVar [[r.DOF.Gather.RingCount:4                 ; medium number of samples when gathering]]
[2025.04.08-17.36.20:369][  0]LogConfig: Setting CVar [[r.DOF.Scatter.ForegroundCompositing:1    ; additive foreground scattering]]
[2025.04.08-17.36.20:369][  0]LogConfig: Setting CVar [[r.DOF.Scatter.BackgroundCompositing:2    ; additive background scattering]]
[2025.04.08-17.36.20:369][  0]LogConfig: Setting CVar [[r.DOF.Scatter.EnableBokehSettings:1      ; bokeh simulation when scattering]]
[2025.04.08-17.36.20:369][  0]LogConfig: Setting CVar [[r.DOF.Scatter.MaxSpriteRatio:0.1         ; only a maximum of 10% of scattered bokeh]]
[2025.04.08-17.36.20:369][  0]LogConfig: Setting CVar [[r.DOF.Recombine.Quality:1                ; cheap slight out of focus]]
[2025.04.08-17.36.20:369][  0]LogConfig: Setting CVar [[r.DOF.Recombine.EnableBokehSettings:0    ; no bokeh simulation on slight out of focus]]
[2025.04.08-17.36.20:369][  0]LogConfig: Setting CVar [[r.DOF.TemporalAAQuality:1                ; more stable temporal accumulation]]
[2025.04.08-17.36.20:369][  0]LogConfig: Setting CVar [[r.DOF.Kernel.MaxForegroundRadius:0.025]]
[2025.04.08-17.36.20:369][  0]LogConfig: Setting CVar [[r.DOF.Kernel.MaxBackgroundRadius:0.025]]
[2025.04.08-17.36.20:369][  0]LogConfig: Applying CVar settings from Section [TextureQuality@3] File [C:/Unreal Projects/Top-Down-Puzzle/TopDownPuzzle/Saved/Config/Windows/Scalability.ini]
[2025.04.08-17.36.20:369][  0]LogConfig: Setting CVar [[r.Streaming.MipBias:0]]
[2025.04.08-17.36.20:369][  0]LogConfig: Setting CVar [[r.Streaming.AmortizeCPUToGPUCopy:0]]
[2025.04.08-17.36.20:369][  0]LogConfig: Setting CVar [[r.Streaming.MaxNumTexturesToStreamPerFrame:0]]
[2025.04.08-17.36.20:369][  0]LogConfig: Setting CVar [[r.Streaming.Boost:1]]
[2025.04.08-17.36.20:369][  0]LogConfig: Setting CVar [[r.MaxAnisotropy:8]]
[2025.04.08-17.36.20:369][  0]LogConfig: Setting CVar [[r.VT.MaxAnisotropy:8]]
[2025.04.08-17.36.20:369][  0]LogConfig: Setting CVar [[r.Streaming.LimitPoolSizeToVRAM:0]]
[2025.04.08-17.36.20:369][  0]LogConfig: Setting CVar [[r.Streaming.PoolSize:1000]]
[2025.04.08-17.36.20:369][  0]LogConfig: Setting CVar [[r.Streaming.MaxEffectiveScreenSize:0]]
[2025.04.08-17.36.20:369][  0]LogConfig: Applying CVar settings from Section [EffectsQuality@3] File [C:/Unreal Projects/Top-Down-Puzzle/TopDownPuzzle/Saved/Config/Windows/Scalability.ini]
[2025.04.08-17.36.20:369][  0]LogConfig: Setting CVar [[r.TranslucencyLightingVolumeDim:64]]
[2025.04.08-17.36.20:370][  0]LogConfig: Setting CVar [[r.RefractionQuality:2]]
[2025.04.08-17.36.20:370][  0]LogConfig: Setting CVar [[r.SSR.Quality:3]]
[2025.04.08-17.36.20:370][  0]LogConfig: Setting CVar [[r.SSR.HalfResSceneColor:0]]
[2025.04.08-17.36.20:370][  0]LogConfig: Setting CVar [[r.SceneColorFormat:4]]
[2025.04.08-17.36.20:370][  0]LogConfig: Setting CVar [[r.DetailMode:2]]
[2025.04.08-17.36.20:370][  0]LogConfig: Setting CVar [[r.TranslucencyVolumeBlur:1]]
[2025.04.08-17.36.20:370][  0]LogConfig: Setting CVar [[r.MaterialQualityLevel:1 ; High quality]]
[2025.04.08-17.36.20:370][  0]LogConfig: Setting CVar [[r.AnisotropicMaterials:1]]
[2025.04.08-17.36.20:370][  0]LogConfig: Setting CVar [[r.SSS.Scale:1]]
[2025.04.08-17.36.20:370][  0]LogConfig: Setting CVar [[r.SSS.SampleSet:2]]
[2025.04.08-17.36.20:370][  0]LogConfig: Setting CVar [[r.SSS.Quality:1]]
[2025.04.08-17.36.20:370][  0]LogConfig: Setting CVar [[r.SSS.HalfRes:0]]
[2025.04.08-17.36.20:370][  0]LogConfig: Setting CVar [[r.SSGI.Quality:3]]
[2025.04.08-17.36.20:370][  0]LogConfig: Setting CVar [[r.EmitterSpawnRateScale:1.0]]
[2025.04.08-17.36.20:370][  0]LogConfig: Setting CVar [[r.ParticleLightQuality:2]]
[2025.04.08-17.36.20:370][  0]LogConfig: Setting CVar [[r.SkyAtmosphere.AerialPerspectiveLUT.FastApplyOnOpaque:1 ; Always have FastSkyLUT 1 in this case to avoid wrong sky]]
[2025.04.08-17.36.20:370][  0]LogConfig: Setting CVar [[r.SkyAtmosphere.AerialPerspectiveLUT.SampleCountMaxPerSlice:4]]
[2025.04.08-17.36.20:370][  0]LogConfig: Setting CVar [[r.SkyAtmosphere.AerialPerspectiveLUT.DepthResolution:16.0]]
[2025.04.08-17.36.20:370][  0]LogConfig: Setting CVar [[r.SkyAtmosphere.FastSkyLUT:1]]
[2025.04.08-17.36.20:370][  0]LogConfig: Setting CVar [[r.SkyAtmosphere.FastSkyLUT.SampleCountMin:4.0]]
[2025.04.08-17.36.20:370][  0]LogConfig: Setting CVar [[r.SkyAtmosphere.FastSkyLUT.SampleCountMax:128.0]]
[2025.04.08-17.36.20:370][  0]LogConfig: Setting CVar [[r.SkyAtmosphere.SampleCountMin:4.0]]
[2025.04.08-17.36.20:370][  0]LogConfig: Setting CVar [[r.SkyAtmosphere.SampleCountMax:128.0]]
[2025.04.08-17.36.20:370][  0]LogConfig: Setting CVar [[r.SkyAtmosphere.TransmittanceLUT.UseSmallFormat:0]]
[2025.04.08-17.36.20:370][  0]LogConfig: Setting CVar [[r.SkyAtmosphere.TransmittanceLUT.SampleCount:10.0]]
[2025.04.08-17.36.20:370][  0]LogConfig: Setting CVar [[r.SkyAtmosphere.MultiScatteringLUT.SampleCount:15.0]]
[2025.04.08-17.36.20:370][  0]LogConfig: Setting CVar [[r.SkyLight.RealTimeReflectionCapture:1]]
[2025.04.08-17.36.20:370][  0]LogConfig: Applying CVar settings from Section [FoliageQuality@3] File [C:/Unreal Projects/Top-Down-Puzzle/TopDownPuzzle/Saved/Config/Windows/Scalability.ini]
[2025.04.08-17.36.20:370][  0]LogConfig: Setting CVar [[foliage.DensityScale:1.0]]
[2025.04.08-17.36.20:370][  0]LogConfig: Setting CVar [[grass.DensityScale:1.0]]
[2025.04.08-17.36.20:370][  0]LogConfig: Applying CVar settings from Section [ShadingQuality@3] File [C:/Unreal Projects/Top-Down-Puzzle/TopDownPuzzle/Saved/Config/Windows/Scalability.ini]
[2025.04.08-17.36.20:370][  0]LogConfig: Setting CVar [[r.HairStrands.SkyLighting.IntegrationType:2]]
[2025.04.08-17.36.20:370][  0]LogConfig: Setting CVar [[r.HairStrands.SkyAO.SampleCount:4]]
[2025.04.08-17.36.20:370][  0]LogConfig: Setting CVar [[r.HairStrands.Visibility.MSAA.SamplePerPixel:4]]
[2025.04.08-17.36.20:370][  0]LogInit: Selected Device Profile: [Windows]
[2025.04.08-17.36.20:370][  0]LogInit: Applying CVar settings loaded from the selected device profile: [Windows]
[2025.04.08-17.36.20:370][  0]LogHAL: Display: Platform has ~ 16 GB [17013329920 / 17179869184 / 16], which maps to Larger [LargestMinGB=32, LargerMinGB=12, DefaultMinGB=8, SmallerMinGB=6, SmallestMinGB=0)
[2025.04.08-17.36.20:370][  0]LogInit: Going up to parent DeviceProfile []
[2025.04.08-17.36.20:370][  0]LogConfig: Applying CVar settings from Section [ViewDistanceQuality@3] File [C:/Unreal Projects/Top-Down-Puzzle/TopDownPuzzle/Saved/Config/Windows/Scalability.ini]
[2025.04.08-17.36.20:370][  0]LogConfig: Setting CVar [[r.SkeletalMeshLODBias:0]]
[2025.04.08-17.36.20:370][  0]LogConfig: Setting CVar [[r.ViewDistanceScale:1.0]]
[2025.04.08-17.36.20:370][  0]LogConfig: Applying CVar settings from Section [AntiAliasingQuality@3] File [C:/Unreal Projects/Top-Down-Puzzle/TopDownPuzzle/Saved/Config/Windows/Scalability.ini]
[2025.04.08-17.36.20:370][  0]LogConfig: Setting CVar [[r.PostProcessAAQuality:4]]
[2025.04.08-17.36.20:370][  0]LogConfig: Applying CVar settings from Section [ShadowQuality@3] File [C:/Unreal Projects/Top-Down-Puzzle/TopDownPuzzle/Saved/Config/Windows/Scalability.ini]
[2025.04.08-17.36.20:370][  0]LogConfig: Setting CVar [[r.LightFunctionQuality:1]]
[2025.04.08-17.36.20:370][  0]LogConfig: Setting CVar [[r.ShadowQuality:5]]
[2025.04.08-17.36.20:370][  0]LogConfig: Setting CVar [[r.Shadow.CSM.MaxCascades:10]]
[2025.04.08-17.36.20:370][  0]LogConfig: Setting CVar [[r.Shadow.MaxResolution:2048]]
[2025.04.08-17.36.20:370][  0]LogConfig: Setting CVar [[r.Shadow.MaxCSMResolution:2048]]
[2025.04.08-17.36.20:370][  0]LogConfig: Setting CVar [[r.Shadow.RadiusThreshold:0.01]]
[2025.04.08-17.36.20:370][  0]LogConfig: Setting CVar [[r.Shadow.DistanceScale:1.0]]
[2025.04.08-17.36.20:370][  0]LogConfig: Setting CVar [[r.Shadow.CSM.TransitionScale:1.0]]
[2025.04.08-17.36.20:370][  0]LogConfig: Setting CVar [[r.Shadow.PreShadowResolutionFactor:1.0]]
[2025.04.08-17.36.20:370][  0]LogConfig: Setting CVar [[r.DistanceFieldShadowing:1]]
[2025.04.08-17.36.20:370][  0]LogConfig: Setting CVar [[r.DistanceFieldAO:1]]
[2025.04.08-17.36.20:370][  0]LogConfig: Setting CVar [[r.AOQuality:2]]
[2025.04.08-17.36.20:370][  0]LogConfig: Setting CVar [[r.VolumetricFog:1]]
[2025.04.08-17.36.20:370][  0]LogConfig: Setting CVar [[r.VolumetricFog.GridPixelSize:8]]
[2025.04.08-17.36.20:370][  0]LogConfig: Setting CVar [[r.VolumetricFog.GridSizeZ:128]]
[2025.04.08-17.36.20:370][  0]LogConfig: Setting CVar [[r.VolumetricFog.HistoryMissSupersampleCount:4]]
[2025.04.08-17.36.20:370][  0]LogConfig: Setting CVar [[r.LightMaxDrawDistanceScale:1]]
[2025.04.08-17.36.20:370][  0]LogConfig: Setting CVar [[r.CapsuleShadows:1]]
[2025.04.08-17.36.20:370][  0]LogConfig: Applying CVar settings from Section [PostProcessQuality@3] File [C:/Unreal Projects/Top-Down-Puzzle/TopDownPuzzle/Saved/Config/Windows/Scalability.ini]
[2025.04.08-17.36.20:370][  0]LogConfig: Setting CVar [[r.MotionBlurQuality:4]]
[2025.04.08-17.36.20:370][  0]LogConfig: Setting CVar [[r.AmbientOcclusionMipLevelFactor:0.4]]
[2025.04.08-17.36.20:370][  0]LogConfig: Setting CVar [[r.AmbientOcclusionMaxQuality:100]]
[2025.04.08-17.36.20:370][  0]LogConfig: Setting CVar [[r.AmbientOcclusionLevels:-1]]
[2025.04.08-17.36.20:370][  0]LogConfig: Setting CVar [[r.AmbientOcclusionRadiusScale:1.0]]
[2025.04.08-17.36.20:370][  0]LogConfig: Setting CVar [[r.DepthOfFieldQuality:2]]
[2025.04.08-17.36.20:370][  0]LogConfig: Setting CVar [[r.RenderTargetPoolMin:400]]
[2025.04.08-17.36.20:370][  0]LogConfig: Setting CVar [[r.LensFlareQuality:2]]
[2025.04.08-17.36.20:370][  0]LogConfig: Setting CVar [[r.SceneColorFringeQuality:1]]
[2025.04.08-17.36.20:370][  0]LogConfig: Setting CVar [[r.EyeAdaptationQuality:2]]
[2025.04.08-17.36.20:370][  0]LogConfig: Setting CVar [[r.BloomQuality:5]]
[2025.04.08-17.36.20:370][  0]LogConfig: Setting CVar [[r.FastBlurThreshold:100]]
[2025.04.08-17.36.20:370][  0]LogConfig: Setting CVar [[r.Upscale.Quality:3]]
[2025.04.08-17.36.20:370][  0]LogConfig: Setting CVar [[r.Tonemapper.GrainQuantization:1]]
[2025.04.08-17.36.20:370][  0]LogConfig: Setting CVar [[r.LightShaftQuality:1]]
[2025.04.08-17.36.20:370][  0]LogConfig: Setting CVar [[r.Filter.SizeScale:1]]
[2025.04.08-17.36.20:370][  0]LogConfig: Setting CVar [[r.Tonemapper.Quality:5]]
[2025.04.08-17.36.20:370][  0]LogConfig: Setting CVar [[r.DOF.Gather.AccumulatorQuality:1        ; higher gathering accumulator quality]]
[2025.04.08-17.36.20:370][  0]LogConfig: Setting CVar [[r.DOF.Gather.PostfilterMethod:1          ; Median3x3 postfilering method]]
[2025.04.08-17.36.20:371][  0]LogConfig: Setting CVar [[r.DOF.Gather.EnableBokehSettings:0       ; no bokeh simulation when gathering]]
[2025.04.08-17.36.20:371][  0]LogConfig: Setting CVar [[r.DOF.Gather.RingCount:4                 ; medium number of samples when gathering]]
[2025.04.08-17.36.20:371][  0]LogConfig: Setting CVar [[r.DOF.Scatter.ForegroundCompositing:1    ; additive foreground scattering]]
[2025.04.08-17.36.20:371][  0]LogConfig: Setting CVar [[r.DOF.Scatter.BackgroundCompositing:2    ; additive background scattering]]
[2025.04.08-17.36.20:371][  0]LogConfig: Setting CVar [[r.DOF.Scatter.EnableBokehSettings:1      ; bokeh simulation when scattering]]
[2025.04.08-17.36.20:371][  0]LogConfig: Setting CVar [[r.DOF.Scatter.MaxSpriteRatio:0.1         ; only a maximum of 10% of scattered bokeh]]
[2025.04.08-17.36.20:371][  0]LogConfig: Setting CVar [[r.DOF.Recombine.Quality:1                ; cheap slight out of focus]]
[2025.04.08-17.36.20:371][  0]LogConfig: Setting CVar [[r.DOF.Recombine.EnableBokehSettings:0    ; no bokeh simulation on slight out of focus]]
[2025.04.08-17.36.20:371][  0]LogConfig: Setting CVar [[r.DOF.TemporalAAQuality:1                ; more stable temporal accumulation]]
[2025.04.08-17.36.20:371][  0]LogConfig: Setting CVar [[r.DOF.Kernel.MaxForegroundRadius:0.025]]
[2025.04.08-17.36.20:371][  0]LogConfig: Setting CVar [[r.DOF.Kernel.MaxBackgroundRadius:0.025]]
[2025.04.08-17.36.20:371][  0]LogConfig: Applying CVar settings from Section [TextureQuality@3] File [C:/Unreal Projects/Top-Down-Puzzle/TopDownPuzzle/Saved/Config/Windows/Scalability.ini]
[2025.04.08-17.36.20:371][  0]LogConfig: Setting CVar [[r.Streaming.MipBias:0]]
[2025.04.08-17.36.20:371][  0]LogConfig: Setting CVar [[r.Streaming.AmortizeCPUToGPUCopy:0]]
[2025.04.08-17.36.20:371][  0]LogConfig: Setting CVar [[r.Streaming.MaxNumTexturesToStreamPerFrame:0]]
[2025.04.08-17.36.20:371][  0]LogConfig: Setting CVar [[r.Streaming.Boost:1]]
[2025.04.08-17.36.20:371][  0]LogConfig: Setting CVar [[r.MaxAnisotropy:8]]
[2025.04.08-17.36.20:371][  0]LogConfig: Setting CVar [[r.VT.MaxAnisotropy:8]]
[2025.04.08-17.36.20:371][  0]LogConfig: Setting CVar [[r.Streaming.LimitPoolSizeToVRAM:0]]
[2025.04.08-17.36.20:371][  0]LogConfig: Setting CVar [[r.Streaming.PoolSize:1000]]
[2025.04.08-17.36.20:371][  0]LogConfig: Setting CVar [[r.Streaming.MaxEffectiveScreenSize:0]]
[2025.04.08-17.36.20:371][  0]LogConfig: Applying CVar settings from Section [EffectsQuality@3] File [C:/Unreal Projects/Top-Down-Puzzle/TopDownPuzzle/Saved/Config/Windows/Scalability.ini]
[2025.04.08-17.36.20:371][  0]LogConfig: Setting CVar [[r.TranslucencyLightingVolumeDim:64]]
[2025.04.08-17.36.20:371][  0]LogConfig: Setting CVar [[r.RefractionQuality:2]]
[2025.04.08-17.36.20:371][  0]LogConfig: Setting CVar [[r.SSR.Quality:3]]
[2025.04.08-17.36.20:371][  0]LogConfig: Setting CVar [[r.SSR.HalfResSceneColor:0]]
[2025.04.08-17.36.20:371][  0]LogConfig: Setting CVar [[r.SceneColorFormat:4]]
[2025.04.08-17.36.20:371][  0]LogConfig: Setting CVar [[r.DetailMode:2]]
[2025.04.08-17.36.20:371][  0]LogConfig: Setting CVar [[r.TranslucencyVolumeBlur:1]]
[2025.04.08-17.36.20:371][  0]LogConfig: Setting CVar [[r.MaterialQualityLevel:1 ; High quality]]
[2025.04.08-17.36.20:371][  0]LogConfig: Setting CVar [[r.AnisotropicMaterials:1]]
[2025.04.08-17.36.20:371][  0]LogConfig: Setting CVar [[r.SSS.Scale:1]]
[2025.04.08-17.36.20:371][  0]LogConfig: Setting CVar [[r.SSS.SampleSet:2]]
[2025.04.08-17.36.20:371][  0]LogConfig: Setting CVar [[r.SSS.Quality:1]]
[2025.04.08-17.36.20:371][  0]LogConfig: Setting CVar [[r.SSS.HalfRes:0]]
[2025.04.08-17.36.20:371][  0]LogConfig: Setting CVar [[r.SSGI.Quality:3]]
[2025.04.08-17.36.20:371][  0]LogConfig: Setting CVar [[r.EmitterSpawnRateScale:1.0]]
[2025.04.08-17.36.20:371][  0]LogConfig: Setting CVar [[r.ParticleLightQuality:2]]
[2025.04.08-17.36.20:371][  0]LogConfig: Setting CVar [[r.SkyAtmosphere.AerialPerspectiveLUT.FastApplyOnOpaque:1 ; Always have FastSkyLUT 1 in this case to avoid wrong sky]]
[2025.04.08-17.36.20:371][  0]LogConfig: Setting CVar [[r.SkyAtmosphere.AerialPerspectiveLUT.SampleCountMaxPerSlice:4]]
[2025.04.08-17.36.20:371][  0]LogConfig: Setting CVar [[r.SkyAtmosphere.AerialPerspectiveLUT.DepthResolution:16.0]]
[2025.04.08-17.36.20:371][  0]LogConfig: Setting CVar [[r.SkyAtmosphere.FastSkyLUT:1]]
[2025.04.08-17.36.20:371][  0]LogConfig: Setting CVar [[r.SkyAtmosphere.FastSkyLUT.SampleCountMin:4.0]]
[2025.04.08-17.36.20:371][  0]LogConfig: Setting CVar [[r.SkyAtmosphere.FastSkyLUT.SampleCountMax:128.0]]
[2025.04.08-17.36.20:371][  0]LogConfig: Setting CVar [[r.SkyAtmosphere.SampleCountMin:4.0]]
[2025.04.08-17.36.20:371][  0]LogConfig: Setting CVar [[r.SkyAtmosphere.SampleCountMax:128.0]]
[2025.04.08-17.36.20:371][  0]LogConfig: Setting CVar [[r.SkyAtmosphere.TransmittanceLUT.UseSmallFormat:0]]
[2025.04.08-17.36.20:371][  0]LogConfig: Setting CVar [[r.SkyAtmosphere.TransmittanceLUT.SampleCount:10.0]]
[2025.04.08-17.36.20:371][  0]LogConfig: Setting CVar [[r.SkyAtmosphere.MultiScatteringLUT.SampleCount:15.0]]
[2025.04.08-17.36.20:371][  0]LogConfig: Setting CVar [[r.SkyLight.RealTimeReflectionCapture:1]]
[2025.04.08-17.36.20:371][  0]LogConfig: Applying CVar settings from Section [FoliageQuality@3] File [C:/Unreal Projects/Top-Down-Puzzle/TopDownPuzzle/Saved/Config/Windows/Scalability.ini]
[2025.04.08-17.36.20:371][  0]LogConfig: Setting CVar [[foliage.DensityScale:1.0]]
[2025.04.08-17.36.20:371][  0]LogConfig: Setting CVar [[grass.DensityScale:1.0]]
[2025.04.08-17.36.20:371][  0]LogConfig: Applying CVar settings from Section [ShadingQuality@3] File [C:/Unreal Projects/Top-Down-Puzzle/TopDownPuzzle/Saved/Config/Windows/Scalability.ini]
[2025.04.08-17.36.20:371][  0]LogConfig: Setting CVar [[r.HairStrands.SkyLighting.IntegrationType:2]]
[2025.04.08-17.36.20:371][  0]LogConfig: Setting CVar [[r.HairStrands.SkyAO.SampleCount:4]]
[2025.04.08-17.36.20:371][  0]LogConfig: Setting CVar [[r.HairStrands.Visibility.MSAA.SamplePerPixel:4]]
[2025.04.08-17.36.20:371][  0]LogConfig: Applying CVar settings from Section [Startup] File [../../../Engine/Config/ConsoleVariables.ini]
[2025.04.08-17.36.20:371][  0]LogConfig: Setting CVar [[net.UseAdaptiveNetUpdateFrequency:0]]
[2025.04.08-17.36.20:372][  0]LogConfig: Setting CVar [[p.chaos.AllowCreatePhysxBodies:1]]
[2025.04.08-17.36.20:372][  0]LogConfig: Setting CVar [[fx.SkipVectorVMBackendOptimizations:1]]
[2025.04.08-17.36.20:372][  0]LogConfig: Applying CVar settings from Section [ConsoleVariables] File [C:/Unreal Projects/Top-Down-Puzzle/TopDownPuzzle/Saved/Config/Windows/Engine.ini]
[2025.04.08-17.36.20:372][  0]LogConfig: Applying CVar settings from Section [ConsoleVariables] File [C:/Unreal Projects/Top-Down-Puzzle/TopDownPuzzle/Saved/Config/Windows/Editor.ini]
[2025.04.08-17.36.20:372][  0]LogInit: Computer: LAPTOP-EJ2DB2HV
[2025.04.08-17.36.20:372][  0]LogInit: User: patel
[2025.04.08-17.36.20:372][  0]LogInit: CPU Page size=4096, Cores=4
[2025.04.08-17.36.20:372][  0]LogInit: High frequency timer resolution =10.000000 MHz
[2025.04.08-17.36.20:372][  0]LogMemory: Memory total: Physical=15.8GB (16GB approx)
[2025.04.08-17.36.20:372][  0]LogMemory: Platform Memory Stats for Windows
[2025.04.08-17.36.20:372][  0]LogMemory: Process Physical Memory: 143.18 MB used, 143.18 MB peak
[2025.04.08-17.36.20:372][  0]LogMemory: Process Virtual Memory: 112.32 MB used, 112.32 MB peak
[2025.04.08-17.36.20:372][  0]LogMemory: Physical Memory: 9191.34 MB used,  7033.84 MB free, 16225.18 MB total
[2025.04.08-17.36.20:372][  0]LogMemory: Virtual Memory: 134202496.00 MB used,  15233.27 MB free, 134217728.00 MB total
[2025.04.08-17.36.20:378][  0]LogWindows: WindowsPlatformFeatures enabled
[2025.04.08-17.36.20:434][  0]LogInit: Physics initialised using underlying interface: PhysX
[2025.04.08-17.36.20:435][  0]LogInit: Using OS detected language (en-US).
[2025.04.08-17.36.20:435][  0]LogInit: Using OS detected locale (en-IN).
[2025.04.08-17.36.20:440][  0]LogTextLocalizationManager: No specific localization for 'en-US' exists, so the 'en' localization will be used.
[2025.04.08-17.36.20:629][  0]LogInit: Setting process to per monitor DPI aware
[2025.04.08-17.36.20:648][  0]LogWindowsTextInputMethodSystem: Display: IME system deactivated.
[2025.04.08-17.36.20:664][  0]LogSlate: New Slate User Created.  User Index 0, Is Virtual User: 0
[2025.04.08-17.36.20:665][  0]LogSlate: Slate User Registered.  User Index 0, Is Virtual User: 0
[2025.04.08-17.36.20:852][  0]LogD3D11RHI: Loaded GFSDK_Aftermath_Lib.x64.dll
[2025.04.08-17.36.20:919][  0]LogHMD: Failed to initialize OpenVR with code 110
[2025.04.08-17.36.20:919][  0]LogD3D11RHI: D3D11 min allowed feature level: 11_0
[2025.04.08-17.36.20:919][  0]LogD3D11RHI: D3D11 max allowed feature level: 11_0
[2025.04.08-17.36.20:919][  0]LogD3D11RHI: D3D11 adapters:
[2025.04.08-17.36.21:101][  0]LogD3D11RHI:    0. 'NVIDIA GeForce GTX 1650' (Feature Level 11_0)
[2025.04.08-17.36.21:101][  0]LogD3D11RHI:       3935/0/8112 MB DedicatedVideo/DedicatedSystem/SharedSystem, Outputs:1, VendorId:0x10de
[2025.04.08-17.36.21:169][  0]LogD3D11RHI:    1. 'Intel(R) UHD Graphics 630' (Feature Level 11_0)
[2025.04.08-17.36.21:169][  0]LogD3D11RHI:       128/0/8112 MB DedicatedVideo/DedicatedSystem/SharedSystem, Outputs:0, VendorId:0x8086
[2025.04.08-17.36.21:172][  0]LogD3D11RHI:    2. 'Microsoft Basic Render Driver' (Feature Level 11_0)
[2025.04.08-17.36.21:172][  0]LogD3D11RHI:       0/0/8112 MB DedicatedVideo/DedicatedSystem/SharedSystem, Outputs:0, VendorId:0x1414
[2025.04.08-17.36.21:172][  0]LogD3D11RHI: Chosen D3D11 Adapter:
[2025.04.08-17.36.21:172][  0]LogD3D11RHI:     Description : NVIDIA GeForce GTX 1650
[2025.04.08-17.36.21:172][  0]LogD3D11RHI:     VendorId    : 10de
[2025.04.08-17.36.21:172][  0]LogD3D11RHI:     DeviceId    : 1f91
[2025.04.08-17.36.21:172][  0]LogD3D11RHI:     SubSysId    : 85fc103c
[2025.04.08-17.36.21:172][  0]LogD3D11RHI:     Revision    : 00a1
[2025.04.08-17.36.21:172][  0]LogD3D11RHI:     DedicatedVideoMemory : 4126146560 bytes
[2025.04.08-17.36.21:172][  0]LogD3D11RHI:     DedicatedSystemMemory : 0 bytes
[2025.04.08-17.36.21:172][  0]LogD3D11RHI:     SharedSystemMemory : 8506664960 bytes
[2025.04.08-17.36.21:172][  0]LogD3D11RHI:     AdapterLuid : 0 80285
[2025.04.08-17.36.21:180][  0]LogD3D11RHI: Creating new Direct3DDevice
[2025.04.08-17.36.21:180][  0]LogD3D11RHI:     GPU DeviceId: 0x1f91 (for the marketing name, search the web for "GPU Device Id")
[2025.04.08-17.36.21:180][  0]LogWindows: EnumDisplayDevices:
[2025.04.08-17.36.21:180][  0]LogWindows:    0. 'Intel(R) UHD Graphics 630' (P:1 D:1)
[2025.04.08-17.36.21:181][  0]LogWindows:    1. 'Intel(R) UHD Graphics 630' (P:0 D:0)
[2025.04.08-17.36.21:181][  0]LogWindows:    2. 'Intel(R) UHD Graphics 630' (P:0 D:0)
[2025.04.08-17.36.21:181][  0]LogWindows:    3. 'NVIDIA GeForce GTX 1650' (P:0 D:0)
[2025.04.08-17.36.21:181][  0]LogWindows:    4. 'NVIDIA GeForce GTX 1650' (P:0 D:0)
[2025.04.08-17.36.21:182][  0]LogWindows:    5. 'NVIDIA GeForce GTX 1650' (P:0 D:0)
[2025.04.08-17.36.21:182][  0]LogWindows:    6. 'NVIDIA GeForce GTX 1650' (P:0 D:0)
[2025.04.08-17.36.21:182][  0]LogWindows: DebugString: PrimaryIsNotTheChoosenAdapter PrimaryIsNotTheChoosenAdapter PrimaryIsNotTheChoosenAdapter FoundDriverCount:4 
[2025.04.08-17.36.21:182][  0]LogD3D11RHI:     Adapter Name: NVIDIA GeForce GTX 1650
[2025.04.08-17.36.21:182][  0]LogD3D11RHI:   Driver Version: 561.19 (internal:32.0.15.6119, unified:561.19)
[2025.04.08-17.36.21:182][  0]LogD3D11RHI:      Driver Date: 11-11-2024
[2025.04.08-17.36.21:182][  0]LogRHI: Texture pool is 2754 MB (70% of 3935 MB)
[2025.04.08-17.36.21:182][  0]LogD3D11RHI: Creating D3DDevice using adapter:
[2025.04.08-17.36.21:182][  0]LogD3D11RHI:     Description : NVIDIA GeForce GTX 1650
[2025.04.08-17.36.21:182][  0]LogD3D11RHI:     VendorId    : 10de
[2025.04.08-17.36.21:182][  0]LogD3D11RHI:     DeviceId    : 1f91
[2025.04.08-17.36.21:182][  0]LogD3D11RHI:     SubSysId    : 85fc103c
[2025.04.08-17.36.21:182][  0]LogD3D11RHI:     Revision    : 00a1
[2025.04.08-17.36.21:182][  0]LogD3D11RHI:     DedicatedVideoMemory : 4126146560 bytes
[2025.04.08-17.36.21:182][  0]LogD3D11RHI:     DedicatedSystemMemory : 0 bytes
[2025.04.08-17.36.21:182][  0]LogD3D11RHI:     SharedSystemMemory : 8506664960 bytes
[2025.04.08-17.36.21:182][  0]LogD3D11RHI:     AdapterLuid : 0 80285
[2025.04.08-17.36.21:264][  0]LogD3D11RHI: RHI has support for 64 bit atomics
[2025.04.08-17.36.21:265][  0]LogD3D11RHI: Async texture creation enabled
[2025.04.08-17.36.21:265][  0]LogD3D11RHI: Array index from any shader is supported
[2025.04.08-17.36.21:282][  0]LogD3D11RHI: GPU Timing Frequency: 1000.000000 (Debug: 2 1)
[2025.04.08-17.36.21:342][  0]LogRHI: GeForceNow SDK initialized: 1
[2025.04.08-17.36.21:676][  0]LogTargetPlatformManager: Display: Loaded TargetPlatform 'AllDesktop'
[2025.04.08-17.36.21:699][  0]LogTargetPlatformManager: Display: Loaded TargetPlatform 'Android'
[2025.04.08-17.36.21:699][  0]LogTargetPlatformManager: Display: Loaded TargetPlatform 'Android_ASTC'
[2025.04.08-17.36.21:699][  0]LogTargetPlatformManager: Display: Loaded TargetPlatform 'Android_DXT'
[2025.04.08-17.36.21:699][  0]LogTargetPlatformManager: Display: Loaded TargetPlatform 'Android_ETC2'
[2025.04.08-17.36.21:700][  0]LogTargetPlatformManager: Display: Loaded TargetPlatform 'AndroidClient'
[2025.04.08-17.36.21:700][  0]LogTargetPlatformManager: Display: Loaded TargetPlatform 'Android_ASTCClient'
[2025.04.08-17.36.21:700][  0]LogTargetPlatformManager: Display: Loaded TargetPlatform 'Android_DXTClient'
[2025.04.08-17.36.21:700][  0]LogTargetPlatformManager: Display: Loaded TargetPlatform 'Android_ETC2Client'
[2025.04.08-17.36.21:700][  0]LogTargetPlatformManager: Display: Loaded TargetPlatform 'Android_Multi'
[2025.04.08-17.36.21:700][  0]LogTargetPlatformManager: Display: Loaded TargetPlatform 'Android_MultiClient'
[2025.04.08-17.36.21:722][  0]LogTargetPlatformManager: Display: Loaded TargetPlatform 'IOSClient'
[2025.04.08-17.36.21:722][  0]LogTargetPlatformManager: Display: Loaded TargetPlatform 'IOS'
[2025.04.08-17.36.21:733][  0]LogTargetPlatformManager: Display: Loaded TargetPlatform 'Linux'
[2025.04.08-17.36.21:739][  0]LogTargetPlatformManager: Display: Loaded TargetPlatform 'LinuxNoEditor'
[2025.04.08-17.36.21:744][  0]LogTargetPlatformManager: Display: Loaded TargetPlatform 'LinuxClient'
[2025.04.08-17.36.21:750][  0]LogTargetPlatformManager: Display: Loaded TargetPlatform 'LinuxServer'
[2025.04.08-17.36.21:761][  0]LogTargetPlatformManager: Display: Loaded TargetPlatform 'LinuxAArch64NoEditor'
[2025.04.08-17.36.21:766][  0]LogTargetPlatformManager: Display: Loaded TargetPlatform 'LinuxAArch64Client'
[2025.04.08-17.36.21:771][  0]LogTargetPlatformManager: Display: Loaded TargetPlatform 'LinuxAArch64Server'
[2025.04.08-17.36.21:797][  0]LogTargetPlatformManager: Display: Loaded TargetPlatform 'Lumin'
[2025.04.08-17.36.21:797][  0]LogTargetPlatformManager: Display: Loaded TargetPlatform 'LuminClient'
[2025.04.08-17.36.21:807][  0]LogTargetPlatformManager: Display: Loaded TargetPlatform 'MacNoEditor'
[2025.04.08-17.36.21:812][  0]LogTargetPlatformManager: Display: Loaded TargetPlatform 'Mac'
[2025.04.08-17.36.21:818][  0]LogTargetPlatformManager: Display: Loaded TargetPlatform 'MacClient'
[2025.04.08-17.36.21:823][  0]LogTargetPlatformManager: Display: Loaded TargetPlatform 'MacServer'
[2025.04.08-17.36.21:834][  0]LogTargetPlatformManager: Display: Loaded TargetPlatform 'TVOSClient'
[2025.04.08-17.36.21:834][  0]LogTargetPlatformManager: Display: Loaded TargetPlatform 'TVOS'
[2025.04.08-17.36.21:845][  0]LogTargetPlatformManager: Display: Loaded TargetPlatform 'WindowsNoEditor'
[2025.04.08-17.36.21:853][  0]LogTargetPlatformManager: Display: Loaded TargetPlatform 'Windows'
[2025.04.08-17.36.21:859][  0]LogTargetPlatformManager: Display: Loaded TargetPlatform 'WindowsClient'
[2025.04.08-17.36.21:866][  0]LogTargetPlatformManager: Display: Loaded TargetPlatform 'WindowsServer'
[2025.04.08-17.36.21:866][  0]LogTargetPlatformManager: Display: Building Assets For Windows
[2025.04.08-17.36.21:893][  0]LogAudioDebug: Display: Lib vorbis DLL was dynamically loaded.
[2025.04.08-17.36.21:984][  0]LogTextureFormatOodle: Display: Oodle Texture 2.9.0 init RDO Off
[2025.04.08-17.36.22:045][  0]LogRendererCore: Ray tracing is disabled. Reason: r.RayTracing=0.
[2025.04.08-17.36.22:045][  0]LogShaderCompilers: Guid format shader working directory is -18 characters bigger than the processId version (../../../../../../Unreal Projects/Top-Down-Puzzle/TopDownPuzzle/Intermediate/Shaders/WorkingDirectory/14424/).
[2025.04.08-17.36.22:045][  0]LogShaderCompilers: Cleaned the shader compiler working directory 'C:/Users/patel/AppData/Local/Temp/UnrealShaderWorkingDir/CA342ED14A875FA0469DF59059E06433/'.
[2025.04.08-17.36.22:046][  0]LogXGEController: Cannot use XGE Controller as Incredibuild is not installed on this machine.
[2025.04.08-17.36.22:046][  0]LogShaderCompilers: Cannot use XGE Shader Compiler as Incredibuild is not installed on this machine.
[2025.04.08-17.36.22:046][  0]LogShaderCompilers: Display: Using Local Shader Compiler.
[2025.04.08-17.36.22:782][  0]LogDerivedDataCache: Display: Max Cache Size: 512 MB
[2025.04.08-17.36.22:837][  0]LogDerivedDataCache: Loaded boot cache 0.05s 103MB C:/Users/patel/AppData/Local/UnrealEngine/4.27/DerivedDataCache/Boot.ddc.
[2025.04.08-17.36.22:837][  0]LogDerivedDataCache: Display: Loaded Boot cache: C:/Users/patel/AppData/Local/UnrealEngine/4.27/DerivedDataCache/Boot.ddc
[2025.04.08-17.36.22:837][  0]LogDerivedDataCache: FDerivedDataBackendGraph:  Pak pak cache file ../../../../../../Unreal Projects/Top-Down-Puzzle/TopDownPuzzle/DerivedDataCache/DDC.ddp not found, will not use a pak cache.
[2025.04.08-17.36.22:837][  0]LogDerivedDataCache: Unable to find inner node Pak for hierarchical cache Hierarchy.
[2025.04.08-17.36.22:837][  0]LogDerivedDataCache: FDerivedDataBackendGraph:  CompressedPak pak cache file ../../../../../../Unreal Projects/Top-Down-Puzzle/TopDownPuzzle/DerivedDataCache/Compressed.ddp not found, will not use a pak cache.
[2025.04.08-17.36.22:837][  0]LogDerivedDataCache: Unable to find inner node CompressedPak for hierarchical cache Hierarchy.
[2025.04.08-17.36.22:853][  0]LogDerivedDataCache: Display: Pak cache opened for reading ../../../Engine/DerivedDataCache/Compressed.ddp.
[2025.04.08-17.36.22:853][  0]LogDerivedDataCache: FDerivedDataBackendGraph:  EnterprisePak pak cache file ../../../Enterprise/DerivedDataCache/Compressed.ddp not found, will not use a pak cache.
[2025.04.08-17.36.22:853][  0]LogDerivedDataCache: Unable to find inner node EnterprisePak for hierarchical cache Hierarchy.
[2025.04.08-17.36.22:863][  0]LogDerivedDataCache: Speed tests for C:/Users/patel/AppData/Local/UnrealEngine/Common/DerivedDataCache took 0.01 seconds
[2025.04.08-17.36.22:863][  0]LogDerivedDataCache: Display: Performance to C:/Users/patel/AppData/Local/UnrealEngine/Common/DerivedDataCache: Latency=0.04ms. RandomReadSpeed=873.44MBs, RandomWriteSpeed=102.61MBs. Assigned SpeedClass 'Local'
[2025.04.08-17.36.22:869][  0]LogDerivedDataCache: Using Local data cache path C:/Users/patel/AppData/Local/UnrealEngine/Common/DerivedDataCache: Writable
[2025.04.08-17.36.22:869][  0]LogDerivedDataCache: Shared data cache path not found in *engine.ini, will not use an Shared cache.
[2025.04.08-17.36.22:869][  0]LogDerivedDataCache: Unable to find inner node Shared for hierarchical cache Hierarchy.
[2025.04.08-17.36.22:919][  0]LogSlate: Using FreeType 2.10.0
[2025.04.08-17.36.22:920][  0]LogSlate: SlateFontServices - WITH_FREETYPE: 1, WITH_HARFBUZZ: 1
[2025.04.08-17.36.22:945][  0]LogAssetRegistry: FAssetRegistry took 0.0027 seconds to start up
[2025.04.08-17.36.23:171][  0]LogInit: Selected Device Profile: [Windows]
[2025.04.08-17.36.23:171][  0]LogInit: Active device profile: [0000018C46FC1400][0000018C47C87AC0 49] Windows
[2025.04.08-17.36.23:171][  0]LogInit: Profiles: [0000018C46FC1400][0000018C47C87AC0 49] Windows, [0000018C46D63F00][0000018C47C8E0C0 49] WindowsNoEditor, [0000018C46D7BE00][0000018C47C96240 49] WindowsServer, [0000018C46D61500][0000018C47CA63C0 49] WindowsClient, [0000018C46D79800][0000018C47CAA540 49] IOS, [0000018C46D61000][0000018C478E86C0 49] iPadAir, [0000018C46D78C00][0000018C478EC840 49] iPadAir2, [0000018C46D1C100][0000018C3CE78B00 49] IPadPro, [0000018C46D1C200][0000018C3CE74B40 49] iPadAir3, [0000018C46D61600][0000018C47C8AC80 49] iPadAir4, [0000018C46D1EC00][0000018C3CE7CDC0 49] iPadMini2, [0000018C46D61300][0000018C3CE80F00 49] iPadMini3, [0000018C46D78100][0000018C3CE89080 49] iPadMini4, [0000018C46D61700][0000018C3CE8D200 49] iPadMini5, [0000018C46CDF900][0000018C47A534C0 49] iPhone6, [0000018C46CDFA00][0000018C3CE91500 49] iPodTouch6, [0000018C46D79200][0000018C47D697C0 49] iPhone7, [0000018C46D79100][0000018C47D65800 49] iPodTouch7, [0000018C46CDC400][0000018C47D6D980 49] iPhone5S, [0000018C46D1FD00][0000018C47D7DB00 49] iPhone6Plus, [0000018C46CDDF00][0000018C47EFC100 49] iPhone6S, [0000018C46D79600][0000018C47C44280 49] iPhone6SPlus, [0000018C46CDD300][0000018C47C48400 49] iPhone7Plus, [0000018C46D78200][0000018C47C4C580 49] iPhoneSE, [0000018C46CDCD00][0000018C47C50700 49] iPhone8, [0000018C46D78A00][0000018C47C54880 49] iPhone8Plus, [0000018C46CDFC00][0000018C47C58A00 49] iPhoneX, [0000018C46D7B500][0000018C47C5CB80 49] iPhoneXS, [0000018C46CDE800][0000018C47C60D00 49] iPhoneXSMax, [0000018C46D7A700][0000018C3CE84E40 49] iPhoneXR, [0000018C46CDEA00][0000018C47C64F80 49] iPhone11, [0000018C46D7AE00][0000018C3CE710C0 49] iPhone11Pro, [0000018C46CDF300][0000018C47C75240 49] iPhone11ProMax, [0000018C46D7A100][0000018C480693C0 49] iPhoneSE2, [0000018C46CDEF00][0000018C4806D540 49] iPhone12Mini, [0000018C46D7AB00][0000018C480756C0 49] iPhone12, [0000018C46CDFF00][0000018C48079840 49] iPhone12Pro, [0000018C46D7AC00][0000018C4807D9C0 49] iPhone12ProMax, [0000018C46CDDE00][0000018C48081B40 49] iPadPro105, [0000018C46D7B000][0000018C3CE10140 49] iPadPro129, [0000018C46CDE400][0000018C3CE142C0 49] iPadPro97, [0000018C46D78D00][0000018C3CE18440 49] iPadPro2_129, [0000018C46CDCF00][0000018C3CE1C5C0 49] iPad5, [0000018C46D78800][0000018C2AA46740 49] iPad6, [0000018C46CDC300][0000018C480708C0 49] iPad7, [0000018C46D7A500][0000018C3CE2CA40 49] iPad8, [0000018C46CDC800][0000018C47F52BC0 49] iPadPro11, [0000018C46D79000][0000018C47F56D40 49] iPadPro2_11, [0000018C46CDC700][0000018C3CA96EC0 49] iPadPro3_129, [0000018C46D79700][0000018C47C71000 49] iPadPro4_129, [0000018C46CDF000][0000018C47C93140 49] AppleTV, [0000018C46D7B300][0000018C47C9B280 49] AppleTV4K, [0000018C46CDD200][0000018C47F5B3C0 49] TVOS, [0000018C46D79A00][0000018C478B5540 49] Mac, [0000018C46CDD000][0000018C478B96C0 49] MacClient, [0000018C46D7BA00][0000018C478BD840 49] MacNoEditor, [0000018C46CDD100][0000018C478C19C0 49] MacServer, [0000018C46D78400][0000018C478C5B40 49] Linux, [0000018C46CDC500][0000018C478C8140 49] LinuxAArch64, [0000018C46D7A300][0000018C478CC2C0 49] LinuxNoEditor, [0000018C46CDCC00][0000018C478D0440 49] LinuxAArch64NoEditor, [0000018C46D7AD00][0000018C478D45C0 49] LinuxClient, [0000018C46CDF100][0000018C47984740 49] LinuxAArch64Client, [0000018C46D7BC00][0000018C479888C0 49] LinuxServer, [0000018C46CDF600][0000018C4798CA40 49] LinuxAArch64Server, [0000018C46D7B800][0000018C47990BC0 49] Android, [0000018C46FC3000][0000018C47994D40 49] Android_Low, [0000018C46D1E700][0000018C47998EC0 49] Android_Mid, [0000018C46FC2D00][0000018C4799D040 49] Android_High, [0000018C46D1CA00][0000018C478B1180 49] Android_Default, [0000018C46FC0200][0000018C479A12C0 49] Android_Adreno4xx, [0000018C46D1D200][0000018C479A5400 49] Android_Adreno5xx_Low, [0000018C46FC1000][0000018C479A9540 49] Android_Adreno5xx, [0000018C46D1C300][0000018C479B16C0 49] Android_Adreno6xx, [0000018C46FC3700][0000018C479B5840 49] Android_Adreno6xx_Vulkan, [0000018C46D1E300][0000018C479B99C0 49] Android_Mali_T6xx, [0000018C46FC3400][0000018C479BDB40 49] Android_Mali_T7xx, [0000018C46D1EE00][0000018C479C0140 49] Android_Mali_T8xx, [0000018C46FC3500][0000018C479C42C0 49] Android_Mali_G71, [0000018C46D1C500][0000018C479C8440 49] Android_Mali_G72, [0000018C46FC0500][0000018C479CC5C0 49] Android_Mali_G72_Vulkan, [0000018C46D1D500][0000018C479D0740 49] Android_Mali_G76, [0000018C46FC3300][0000018C479D48C0 49] Android_Mali_G76_Vulkan, [0000018C46D1FB00][0000018C479D8A40 49] Android_Mali_G77, [0000018C46FC1900][0000018C479DCBC0 49] Android_Mali_G77_Vulkan, [0000018C46D1ED00][0000018C479E0D40 49] Android_Mali_G78, [0000018C46FC2300][0000018C479E4EC0 49] Android_Mali_G78_Vulkan, [0000018C46D1F000][0000018C479E9040 49] Android_Mali_G710, [0000018C46FC2F00][0000018C479ED1C0 49] Android_Mali_G710_Vulkan, [0000018C46D1CF00][0000018C479F1340 49] Android_Vulkan_SM5, [0000018C46FC0900][0000018C479AD480 49] Android_PowerVR_G6xxx, [0000018C46D79300][0000018C479F55C0 49] Android_PowerVR_GT7xxx, [0000018C46FC0C00][0000018C479F9700 49] Android_PowerVR_GE8xxx, [0000018C46D78B00][0000018C47A01880 49] Android_PowerVR_GM9xxx, [0000018C46FC0700][0000018C47A05A00 49] Android_PowerVR_GM9xxx_Vulkan, [0000018C46D78E00][0000018C47A09B80 49] Android_TegraK1, [0000018C46FC2C00][0000018C47A0C180 49] Android_Unknown_Vulkan, [0000018C46D7A600][0000018C47A10300 49] Lumin, [0000018C46FC2A00][0000018C47A14480 49] Lumin_Desktop, [0000018C46D7A900][0000018C47A18600 49] HoloLens, 
[2025.04.08-17.36.23:329][  0]LogMeshReduction: Using QuadricMeshReduction for automatic static mesh reduction
[2025.04.08-17.36.23:329][  0]LogMeshReduction: Using SimplygonMeshReduction for automatic skeletal mesh reduction
[2025.04.08-17.36.23:329][  0]LogMeshReduction: Using ProxyLODMeshReduction for automatic mesh merging
[2025.04.08-17.36.23:329][  0]LogMeshReduction: No distributed automatic mesh merging module available
[2025.04.08-17.36.23:330][  0]LogMeshMerging: No distributed automatic mesh merging module available
[2025.04.08-17.36.23:345][  0]LogNetVersion: TopDownPuzzle 1.0.0, NetCL: 17155196, EngineNetVer: 17, GameNetVer: 0 (Checksum: 565499533)
[2025.04.08-17.36.23:728][  0]LogTexture: Default maximum texture size for cubemaps generated from long-lat sources has been changed from 512 to unlimited. In order to preserve old behaiour for '/Engine/MapTemplates/Sky/DaylightAmbientCubemap.DaylightAmbientCubemap', its maximum texture size has been explicitly set to 512.
[2025.04.08-17.36.23:785][  0]LogHMD: PokeAHoleMaterial loaded successfully
[2025.04.08-17.36.23:790][  0]LogUObjectArray: 17178 objects as part of root set at end of initial load.
[2025.04.08-17.36.23:790][  0]LogUObjectAllocator: 4302048 out of 0 bytes used by permanent object pool.
[2025.04.08-17.36.23:790][  0]LogUObjectArray: CloseDisregardForGC: 0/0 objects in disregard for GC pool
[2025.04.08-17.36.24:212][  0]LogNiagaraDebuggerClient: Niagara Debugger Client Initialized | Session: 9DEA074F4D330B24BD9286A460AE43DC | Instance: 66660790430095C552D364B8E18A3504 (LAPTOP-EJ2DB2HV-14424).
[2025.04.08-17.36.24:351][  0]LogPython: Using Python 3.7.7
[2025.04.08-17.36.24:881][  0]LogUdpMessaging: Initializing bridge on interface 0.0.0.0:0 to multicast group 230.0.0.1:6666.
[2025.04.08-17.36.24:889][  0]LogTcpMessaging: Initializing TcpMessaging bridge
[2025.04.08-17.36.25:301][  0]SourceControl: Source control is disabled
[2025.04.08-17.36.25:301][  0]SourceControl: Source control is disabled
[2025.04.08-17.36.25:305][  0]SourceControl: Source control is disabled
[2025.04.08-17.36.25:309][  0]SourceControl: Source control is disabled
[2025.04.08-17.36.25:322][  0]SourceControl: Source control is disabled
[2025.04.08-17.36.25:330][  0]LogUProjectInfo: Found projects:
[2025.04.08-17.36.25:611][  0]LogOpenImageDenoise: OIDN starting up
[2025.04.08-17.36.25:650][  0]LogAndroidPermission: UAndroidPermissionCallbackProxy::GetInstance
[2025.04.08-17.36.25:679][  0]LogAudioCaptureCore: Display: No Audio Capture implementations found. Audio input will be silent.
[2025.04.08-17.36.25:679][  0]LogAudioCaptureCore: Display: No Audio Capture implementations found. Audio input will be silent.
[2025.04.08-17.36.25:819][  0]LogCollectionManager: Loaded 0 collections in 0.001532 seconds
[2025.04.08-17.36.25:847][  0]LogFileCache: Scanning file cache for directory 'C:/Unreal Projects/Top-Down-Puzzle/TopDownPuzzle/Saved/Collections/' took 0.00s
[2025.04.08-17.36.25:847][  0]LogFileCache: Scanning file cache for directory 'C:/Unreal Projects/Top-Down-Puzzle/TopDownPuzzle/Content/Developers/patel/Collections/' took 0.00s
[2025.04.08-17.36.25:847][  0]LogFileCache: Scanning file cache for directory 'C:/Unreal Projects/Top-Down-Puzzle/TopDownPuzzle/Content/Collections/' took 0.00s
[2025.04.08-17.36.25:847][  0]LogOcInput: OculusInput pre-init called
[2025.04.08-17.36.26:095][  0]LogEngine: Initializing Engine...
[2025.04.08-17.36.26:100][  0]LogHMD: Failed to enumerate extensions. Please check that you have a valid OpenXR runtime installed.
[2025.04.08-17.36.26:101][  0]LogHMD: Failed to initialize OpenVR with code 110
[2025.04.08-17.36.26:101][  0]LogMagicLeap: Warning: VR disabled because ZI is not enabled.  To enable, in the editor, Edit -> Project Settings -> Plugins -> Magic Leap Plugin -> Enable Zero Iteration
[2025.04.08-17.36.26:102][  0]LogStats: UGameplayTagsManager::InitializeManager -  0.000 s
[2025.04.08-17.36.26:213][  0]LogInit: Initializing FReadOnlyCVARCache
[2025.04.08-17.36.26:221][  0]LogAIModule: Creating AISystem for world Untitled
[2025.04.08-17.36.26:229][  0]LogAudio: Display: Initializing Audio Device Manager...
[2025.04.08-17.36.26:234][  0]LogAudio: Display: Loading Default Audio Settings Objects...
[2025.04.08-17.36.26:234][  0]LogAudio: Display: No default SoundConcurrencyObject specified (or failed to load).
[2025.04.08-17.36.26:235][  0]LogAudio: Display: Audio Device Manager Initialized
[2025.04.08-17.36.26:235][  0]LogAudio: Display: Creating Audio Device:                 Id: 1, Scope: Shared, Realtime: True
[2025.04.08-17.36.26:235][  0]LogAudioMixer: Display: Audio Mixer Platform Settings:
[2025.04.08-17.36.26:235][  0]LogAudioMixer: Display: 	Sample Rate:						  48000
[2025.04.08-17.36.26:235][  0]LogAudioMixer: Display: 	Callback Buffer Frame Size Requested: 1024
[2025.04.08-17.36.26:235][  0]LogAudioMixer: Display: 	Callback Buffer Frame Size To Use:	  1024
[2025.04.08-17.36.26:235][  0]LogAudioMixer: Display: 	Number of buffers to queue:			  2
[2025.04.08-17.36.26:235][  0]LogAudioMixer: Display: 	Max Channels (voices):				  32
[2025.04.08-17.36.26:235][  0]LogAudioMixer: Display: 	Number of Async Source Workers:		  0
[2025.04.08-17.36.26:235][  0]LogAudio: Display: AudioDevice MaxSources: 32
[2025.04.08-17.36.26:235][  0]LogAudio: Display: Audio Spatialization Plugin: None (built-in).
[2025.04.08-17.36.26:235][  0]LogAudio: Display: Audio Reverb Plugin: None (built-in).
[2025.04.08-17.36.26:235][  0]LogAudio: Display: Audio Occlusion Plugin: None (built-in).
[2025.04.08-17.36.26:235][  0]LogAudioMixer: Display: Initializing audio mixer.
[2025.04.08-17.36.26:284][  0]LogAudioMixer: Display: 0: FrontLeft
[2025.04.08-17.36.26:284][  0]LogAudioMixer: Display: 1: FrontRight
[2025.04.08-17.36.26:347][  0]LogAudioMixer: Display: Using Audio Device Headphone (Realtek(R) Audio)
[2025.04.08-17.36.26:350][  0]LogAudioMixer: Display: Initializing Sound Submixes...
[2025.04.08-17.36.26:352][  0]LogAudioMixer: Display: Creating Master Submix 'MasterSubmixDefault'
[2025.04.08-17.36.26:352][  0]LogAudioMixer: Display: Creating Master Submix 'MasterReverbSubmixDefault'
[2025.04.08-17.36.26:353][  0]LogAudioMixer: Display: Creating Master Submix 'MasterEQSubmixDefault'
[2025.04.08-17.36.26:353][  0]LogAudioMixer: FMixerPlatformXAudio2::StartAudioStream() called
[2025.04.08-17.36.26:353][  0]LogAudioMixer: Display: Output buffers initialized: Frames=1024, Channels=2, Samples=2048
[2025.04.08-17.36.26:354][  0]LogAudioMixer: Display: Starting AudioMixerPlatformInterface::RunInternal()
[2025.04.08-17.36.26:354][  0]LogAudioMixer: Display: FMixerPlatformXAudio2::SubmitBuffer() called for the first time
[2025.04.08-17.36.26:354][  0]LogInit: FAudioDevice initialized.
[2025.04.08-17.36.26:354][  0]LogAudio: Display: Audio Device (ID: 1) registered with world 'Untitled'.
[2025.04.08-17.36.26:354][  0]LogNetVersion: Set ProjectVersion to 1.0.0.0. Version Checksum will be recalculated on next use.
[2025.04.08-17.36.26:464][  0]LogDerivedDataCache: Saved boot cache 0.11s 103MB C:/Users/patel/AppData/Local/UnrealEngine/4.27/DerivedDataCache/Boot.ddc.
[2025.04.08-17.36.26:465][  0]LogInit: Texture streaming: Enabled
[2025.04.08-17.36.26:483][  0]LogAnalytics: Display: [UEEditor.Rocket.Release] APIServer = https://datarouter.ol.epicgames.com/. AppVersion = 4.27.2-18319896+++UE4+Release-4.27
[2025.04.08-17.36.26:491][  0]LogEngineSessionManager: EngineSessionManager initialized
[2025.04.08-17.36.26:491][  0]LogEditorSessionSummary: Verbose: Initializing EditorSessionSummaryWriter for editor session tracking
[2025.04.08-17.36.26:496][  0]LogEditorSessionSummary: EditorSessionSummaryWriter initialized
[2025.04.08-17.36.26:533][  0]LogInit: Transaction tracking system initialized
[2025.04.08-17.36.26:560][  0]BlueprintLog: New page: Editor Load
[2025.04.08-17.36.26:636][  0]LocalizationService: Localization service is disabled
[2025.04.08-17.36.26:667][  0]TimingProfiler: Initialize
[2025.04.08-17.36.26:667][  0]TimingProfiler: OnSessionChanged
[2025.04.08-17.36.26:667][  0]LoadingProfiler: Initialize
[2025.04.08-17.36.26:667][  0]LoadingProfiler: OnSessionChanged
[2025.04.08-17.36.26:667][  0]NetworkingProfiler: Initialize
[2025.04.08-17.36.26:667][  0]NetworkingProfiler: OnSessionChanged
[2025.04.08-17.36.26:667][  0]MemoryProfiler: Initialize
[2025.04.08-17.36.26:667][  0]MemoryProfiler: OnSessionChanged
[2025.04.08-17.36.26:847][  0]LogCook: Display: CookSettings for Memory: MemoryMaxUsedVirtual 0MiB, MemoryMaxUsedPhysical 16384MiB, MemoryMinFreeVirtual 0MiB, MemoryMinFreePhysical 1024MiB
[2025.04.08-17.36.26:847][  0]LogCook: Display: Mobile HDR setting 1
[2025.04.08-17.36.27:072][  0]LogFileCache: Scanning file cache for directory 'C:/Unreal Projects/Top-Down-Puzzle/TopDownPuzzle/Content/' took 0.01s
[2025.04.08-17.36.27:266][  0]LogInit: Display: Engine is initialized. Leaving FEngineLoop::Init()
[2025.04.08-17.36.27:272][  0]SourceControl: Source control is disabled
[2025.04.08-17.36.27:272][  0]LogUnrealEdMisc: Loading editor; pre map load, took 8.389
[2025.04.08-17.36.27:272][  0]Cmd: MAP LOAD FILE="../../../../../../Unreal Projects/Top-Down-Puzzle/TopDownPuzzle/Content/TopDownCPP/Maps/TopDownExampleMap.umap" TEMPLATE=0 SHOWPROGRESS=1 FEATURELEVEL=3
[2025.04.08-17.36.27:272][  0]LogEditorServer: Warning: Can't find file '../../../../../../Unreal Projects/Top-Down-Puzzle/TopDownPuzzle/Content/TopDownCPP/Maps/TopDownExampleMap.umap'
[2025.04.08-17.36.27:272][  0]Cmd: MAP CHECKDEP NOCLEARLOG
[2025.04.08-17.36.27:272][  0]MapCheck: Map check complete: 0 Error(s), 0 Warning(s), took 0.176ms to complete.
[2025.04.08-17.36.27:272][  0]LogFileHelpers: Loading map 'TopDownExampleMap' took 0.001
[2025.04.08-17.36.27:276][  0]LogUnrealEdMisc: Total Editor Startup Time, took 8.393
[2025.04.08-17.36.27:499][  0]LogSlate: Updating window title bar state: overlay mode, drag disabled, window buttons hidden, title bar hidden
[2025.04.08-17.36.27:506][  0]LogSlate: Updating window title bar state: overlay mode, drag disabled, window buttons hidden, title bar hidden
[2025.04.08-17.36.27:512][  0]LogSlate: Updating window title bar state: overlay mode, drag disabled, window buttons hidden, title bar hidden
[2025.04.08-17.36.27:519][  0]LogSlate: Updating window title bar state: overlay mode, drag disabled, window buttons hidden, title bar hidden
[2025.04.08-17.36.27:547][  0]LogNativeClassHierarchy: Verbose: Native class hierarchy populated in 0.0088 seconds. Added 3827 classes and 930 folders.
[2025.04.08-17.36.27:552][  0]LogNativeClassHierarchy: Verbose: Native class hierarchy updated for 'WidgetCarousel' in 0.0003 seconds. Added 0 classes and 0 folders.
[2025.04.08-17.36.27:594][  0]LogPakFile: PakFile PrimaryIndexSize=187
[2025.04.08-17.36.27:594][  0]LogPakFile: PakFile PathHashIndexSize=101
[2025.04.08-17.36.27:594][  0]LogPakFile: PakFile FullDirectoryIndexSize=148
[2025.04.08-17.36.27:595][  0]LogShaderLibrary: Display: ShaderCodeLibraryPakFileMountedCallback: PakFile 'C:/Program Files/UE/UE_4.27/FeaturePacks/FP_FirstPerson.upack' (chunk index -1, root 'root:/') mounted
[2025.04.08-17.36.27:595][  0]LogShaderLibrary: Display: ShaderCodeLibraryPakFileMountedCallback: pending pak file info (ChunkID:-1 Root:root:/ File:C:/Program Files/UE/UE_4.27/FeaturePacks/FP_FirstPerson.upack)
[2025.04.08-17.36.27:595][  0]LogPakFile: OnPakFileMounted2Time == 0.000990
[2025.04.08-17.36.27:609][  0]LogPakFile: PakFile PrimaryIndexSize=189
[2025.04.08-17.36.27:609][  0]LogPakFile: PakFile PathHashIndexSize=101
[2025.04.08-17.36.27:609][  0]LogPakFile: PakFile FullDirectoryIndexSize=152
[2025.04.08-17.36.27:609][  0]LogShaderLibrary: Display: ShaderCodeLibraryPakFileMountedCallback: PakFile 'C:/Program Files/UE/UE_4.27/FeaturePacks/FP_FirstPersonBP.upack' (chunk index -1, root 'root:/') mounted
[2025.04.08-17.36.27:609][  0]LogShaderLibrary: Display: ShaderCodeLibraryPakFileMountedCallback: pending pak file info (ChunkID:-1 Root:root:/ File:C:/Program Files/UE/UE_4.27/FeaturePacks/FP_FirstPersonBP.upack)
[2025.04.08-17.36.27:609][  0]LogPakFile: OnPakFileMounted2Time == 0.000049
[2025.04.08-17.36.27:620][  0]LogPakFile: PakFile PrimaryIndexSize=191
[2025.04.08-17.36.27:620][  0]LogPakFile: PakFile PathHashIndexSize=101
[2025.04.08-17.36.27:620][  0]LogPakFile: PakFile FullDirectoryIndexSize=160
[2025.04.08-17.36.27:620][  0]LogShaderLibrary: Display: ShaderCodeLibraryPakFileMountedCallback: PakFile 'C:/Program Files/UE/UE_4.27/FeaturePacks/MobileStarterContent.upack' (chunk index -1, root 'root:/') mounted
[2025.04.08-17.36.27:620][  0]LogShaderLibrary: Display: ShaderCodeLibraryPakFileMountedCallback: pending pak file info (ChunkID:-1 Root:root:/ File:C:/Program Files/UE/UE_4.27/FeaturePacks/MobileStarterContent.upack)
[2025.04.08-17.36.27:620][  0]LogPakFile: OnPakFileMounted2Time == 0.000053
[2025.04.08-17.36.27:661][  0]LogPakFile: PakFile PrimaryIndexSize=185
[2025.04.08-17.36.27:661][  0]LogPakFile: PakFile PathHashIndexSize=101
[2025.04.08-17.36.27:661][  0]LogPakFile: PakFile FullDirectoryIndexSize=148
[2025.04.08-17.36.27:661][  0]LogShaderLibrary: Display: ShaderCodeLibraryPakFileMountedCallback: PakFile 'C:/Program Files/UE/UE_4.27/FeaturePacks/StarterContent.upack' (chunk index -1, root 'root:/') mounted
[2025.04.08-17.36.27:661][  0]LogShaderLibrary: Display: ShaderCodeLibraryPakFileMountedCallback: pending pak file info (ChunkID:-1 Root:root:/ File:C:/Program Files/UE/UE_4.27/FeaturePacks/StarterContent.upack)
[2025.04.08-17.36.27:661][  0]LogPakFile: OnPakFileMounted2Time == 0.000044
[2025.04.08-17.36.27:670][  0]LogPakFile: PakFile PrimaryIndexSize=190
[2025.04.08-17.36.27:671][  0]LogPakFile: PakFile PathHashIndexSize=101
[2025.04.08-17.36.27:671][  0]LogPakFile: PakFile FullDirectoryIndexSize=154
[2025.04.08-17.36.27:671][  0]LogShaderLibrary: Display: ShaderCodeLibraryPakFileMountedCallback: PakFile 'C:/Program Files/UE/UE_4.27/FeaturePacks/TP_2DSideScroller.upack' (chunk index -1, root 'root:/') mounted
[2025.04.08-17.36.27:671][  0]LogShaderLibrary: Display: ShaderCodeLibraryPakFileMountedCallback: pending pak file info (ChunkID:-1 Root:root:/ File:C:/Program Files/UE/UE_4.27/FeaturePacks/TP_2DSideScroller.upack)
[2025.04.08-17.36.27:671][  0]LogPakFile: OnPakFileMounted2Time == 0.000042
[2025.04.08-17.36.27:680][  0]LogPakFile: PakFile PrimaryIndexSize=192
[2025.04.08-17.36.27:680][  0]LogPakFile: PakFile PathHashIndexSize=101
[2025.04.08-17.36.27:680][  0]LogPakFile: PakFile FullDirectoryIndexSize=158
[2025.04.08-17.36.27:680][  0]LogShaderLibrary: Display: ShaderCodeLibraryPakFileMountedCallback: PakFile 'C:/Program Files/UE/UE_4.27/FeaturePacks/TP_2DSideScrollerBP.upack' (chunk index -1, root 'root:/') mounted
[2025.04.08-17.36.27:680][  0]LogShaderLibrary: Display: ShaderCodeLibraryPakFileMountedCallback: pending pak file info (ChunkID:-1 Root:root:/ File:C:/Program Files/UE/UE_4.27/FeaturePacks/TP_2DSideScrollerBP.upack)
[2025.04.08-17.36.27:680][  0]LogPakFile: OnPakFileMounted2Time == 0.000041
[2025.04.08-17.36.27:688][  0]LogPakFile: PakFile PrimaryIndexSize=182
[2025.04.08-17.36.27:688][  0]LogPakFile: PakFile PathHashIndexSize=101
[2025.04.08-17.36.27:688][  0]LogPakFile: PakFile FullDirectoryIndexSize=138
[2025.04.08-17.36.27:688][  0]LogShaderLibrary: Display: ShaderCodeLibraryPakFileMountedCallback: PakFile 'C:/Program Files/UE/UE_4.27/FeaturePacks/TP_Flying.upack' (chunk index -1, root 'root:/') mounted
[2025.04.08-17.36.27:688][  0]LogShaderLibrary: Display: ShaderCodeLibraryPakFileMountedCallback: pending pak file info (ChunkID:-1 Root:root:/ File:C:/Program Files/UE/UE_4.27/FeaturePacks/TP_Flying.upack)
[2025.04.08-17.36.27:688][  0]LogPakFile: OnPakFileMounted2Time == 0.000041
[2025.04.08-17.36.27:699][  0]LogPakFile: PakFile PrimaryIndexSize=184
[2025.04.08-17.36.27:699][  0]LogPakFile: PakFile PathHashIndexSize=101
[2025.04.08-17.36.27:699][  0]LogPakFile: PakFile FullDirectoryIndexSize=142
[2025.04.08-17.36.27:700][  0]LogShaderLibrary: Display: ShaderCodeLibraryPakFileMountedCallback: PakFile 'C:/Program Files/UE/UE_4.27/FeaturePacks/TP_FlyingBP.upack' (chunk index -1, root 'root:/') mounted
[2025.04.08-17.36.27:700][  0]LogShaderLibrary: Display: ShaderCodeLibraryPakFileMountedCallback: pending pak file info (ChunkID:-1 Root:root:/ File:C:/Program Files/UE/UE_4.27/FeaturePacks/TP_FlyingBP.upack)
[2025.04.08-17.36.27:700][  0]LogPakFile: OnPakFileMounted2Time == 0.000043
[2025.04.08-17.36.27:712][  0]LogPakFile: PakFile PrimaryIndexSize=188
[2025.04.08-17.36.27:712][  0]LogPakFile: PakFile PathHashIndexSize=101
[2025.04.08-17.36.27:712][  0]LogPakFile: PakFile FullDirectoryIndexSize=150
[2025.04.08-17.36.27:712][  0]LogShaderLibrary: Display: ShaderCodeLibraryPakFileMountedCallback: PakFile 'C:/Program Files/UE/UE_4.27/FeaturePacks/TP_HandheldARBP.upack' (chunk index -1, root 'root:/') mounted
[2025.04.08-17.36.27:712][  0]LogShaderLibrary: Display: ShaderCodeLibraryPakFileMountedCallback: pending pak file info (ChunkID:-1 Root:root:/ File:C:/Program Files/UE/UE_4.27/FeaturePacks/TP_HandheldARBP.upack)
[2025.04.08-17.36.27:712][  0]LogPakFile: OnPakFileMounted2Time == 0.000041
[2025.04.08-17.36.27:723][  0]LogPakFile: PakFile PrimaryIndexSize=182
[2025.04.08-17.36.27:723][  0]LogPakFile: PakFile PathHashIndexSize=101
[2025.04.08-17.36.27:723][  0]LogPakFile: PakFile FullDirectoryIndexSize=138
[2025.04.08-17.36.27:723][  0]LogShaderLibrary: Display: ShaderCodeLibraryPakFileMountedCallback: PakFile 'C:/Program Files/UE/UE_4.27/FeaturePacks/TP_Puzzle.upack' (chunk index -1, root 'root:/') mounted
[2025.04.08-17.36.27:723][  0]LogShaderLibrary: Display: ShaderCodeLibraryPakFileMountedCallback: pending pak file info (ChunkID:-1 Root:root:/ File:C:/Program Files/UE/UE_4.27/FeaturePacks/TP_Puzzle.upack)
[2025.04.08-17.36.27:723][  0]LogPakFile: OnPakFileMounted2Time == 0.000042
[2025.04.08-17.36.27:732][  0]LogPakFile: PakFile PrimaryIndexSize=184
[2025.04.08-17.36.27:732][  0]LogPakFile: PakFile PathHashIndexSize=101
[2025.04.08-17.36.27:732][  0]LogPakFile: PakFile FullDirectoryIndexSize=142
[2025.04.08-17.36.27:732][  0]LogShaderLibrary: Display: ShaderCodeLibraryPakFileMountedCallback: PakFile 'C:/Program Files/UE/UE_4.27/FeaturePacks/TP_PuzzleBP.upack' (chunk index -1, root 'root:/') mounted
[2025.04.08-17.36.27:732][  0]LogShaderLibrary: Display: ShaderCodeLibraryPakFileMountedCallback: pending pak file info (ChunkID:-1 Root:root:/ File:C:/Program Files/UE/UE_4.27/FeaturePacks/TP_PuzzleBP.upack)
[2025.04.08-17.36.27:732][  0]LogPakFile: OnPakFileMounted2Time == 0.000042
[2025.04.08-17.36.27:743][  0]LogPakFile: PakFile PrimaryIndexSize=183
[2025.04.08-17.36.27:743][  0]LogPakFile: PakFile PathHashIndexSize=101
[2025.04.08-17.36.27:743][  0]LogPakFile: PakFile FullDirectoryIndexSize=140
[2025.04.08-17.36.27:743][  0]LogShaderLibrary: Display: ShaderCodeLibraryPakFileMountedCallback: PakFile 'C:/Program Files/UE/UE_4.27/FeaturePacks/TP_Rolling.upack' (chunk index -1, root 'root:/') mounted
[2025.04.08-17.36.27:743][  0]LogShaderLibrary: Display: ShaderCodeLibraryPakFileMountedCallback: pending pak file info (ChunkID:-1 Root:root:/ File:C:/Program Files/UE/UE_4.27/FeaturePacks/TP_Rolling.upack)
[2025.04.08-17.36.27:743][  0]LogPakFile: OnPakFileMounted2Time == 0.000041
[2025.04.08-17.36.27:752][  0]LogPakFile: PakFile PrimaryIndexSize=185
[2025.04.08-17.36.27:752][  0]LogPakFile: PakFile PathHashIndexSize=101
[2025.04.08-17.36.27:752][  0]LogPakFile: PakFile FullDirectoryIndexSize=144
[2025.04.08-17.36.27:752][  0]LogShaderLibrary: Display: ShaderCodeLibraryPakFileMountedCallback: PakFile 'C:/Program Files/UE/UE_4.27/FeaturePacks/TP_RollingBP.upack' (chunk index -1, root 'root:/') mounted
[2025.04.08-17.36.27:752][  0]LogShaderLibrary: Display: ShaderCodeLibraryPakFileMountedCallback: pending pak file info (ChunkID:-1 Root:root:/ File:C:/Program Files/UE/UE_4.27/FeaturePacks/TP_RollingBP.upack)
[2025.04.08-17.36.27:752][  0]LogPakFile: OnPakFileMounted2Time == 0.000044
[2025.04.08-17.36.27:762][  0]LogPakFile: PakFile PrimaryIndexSize=188
[2025.04.08-17.36.27:763][  0]LogPakFile: PakFile PathHashIndexSize=101
[2025.04.08-17.36.27:763][  0]LogPakFile: PakFile FullDirectoryIndexSize=150
[2025.04.08-17.36.27:763][  0]LogShaderLibrary: Display: ShaderCodeLibraryPakFileMountedCallback: PakFile 'C:/Program Files/UE/UE_4.27/FeaturePacks/TP_SideScroller.upack' (chunk index -1, root 'root:/') mounted
[2025.04.08-17.36.27:763][  0]LogShaderLibrary: Display: ShaderCodeLibraryPakFileMountedCallback: pending pak file info (ChunkID:-1 Root:root:/ File:C:/Program Files/UE/UE_4.27/FeaturePacks/TP_SideScroller.upack)
[2025.04.08-17.36.27:763][  0]LogPakFile: OnPakFileMounted2Time == 0.000042
[2025.04.08-17.36.27:773][  0]LogPakFile: PakFile PrimaryIndexSize=190
[2025.04.08-17.36.27:773][  0]LogPakFile: PakFile PathHashIndexSize=101
[2025.04.08-17.36.27:773][  0]LogPakFile: PakFile FullDirectoryIndexSize=154
[2025.04.08-17.36.27:773][  0]LogShaderLibrary: Display: ShaderCodeLibraryPakFileMountedCallback: PakFile 'C:/Program Files/UE/UE_4.27/FeaturePacks/TP_SideScrollerBP.upack' (chunk index -1, root 'root:/') mounted
[2025.04.08-17.36.27:773][  0]LogShaderLibrary: Display: ShaderCodeLibraryPakFileMountedCallback: pending pak file info (ChunkID:-1 Root:root:/ File:C:/Program Files/UE/UE_4.27/FeaturePacks/TP_SideScrollerBP.upack)
[2025.04.08-17.36.27:773][  0]LogPakFile: OnPakFileMounted2Time == 0.000042
[2025.04.08-17.36.27:783][  0]LogPakFile: PakFile PrimaryIndexSize=187
[2025.04.08-17.36.27:783][  0]LogPakFile: PakFile PathHashIndexSize=101
[2025.04.08-17.36.27:783][  0]LogPakFile: PakFile FullDirectoryIndexSize=148
[2025.04.08-17.36.27:783][  0]LogShaderLibrary: Display: ShaderCodeLibraryPakFileMountedCallback: PakFile 'C:/Program Files/UE/UE_4.27/FeaturePacks/TP_ThirdPerson.upack' (chunk index -1, root 'root:/') mounted
[2025.04.08-17.36.27:783][  0]LogShaderLibrary: Display: ShaderCodeLibraryPakFileMountedCallback: pending pak file info (ChunkID:-1 Root:root:/ File:C:/Program Files/UE/UE_4.27/FeaturePacks/TP_ThirdPerson.upack)
[2025.04.08-17.36.27:783][  0]LogPakFile: OnPakFileMounted2Time == 0.000043
[2025.04.08-17.36.27:791][  0]LogPakFile: PakFile PrimaryIndexSize=189
[2025.04.08-17.36.27:791][  0]LogPakFile: PakFile PathHashIndexSize=101
[2025.04.08-17.36.27:791][  0]LogPakFile: PakFile FullDirectoryIndexSize=152
[2025.04.08-17.36.27:791][  0]LogShaderLibrary: Display: ShaderCodeLibraryPakFileMountedCallback: PakFile 'C:/Program Files/UE/UE_4.27/FeaturePacks/TP_ThirdPersonBP.upack' (chunk index -1, root 'root:/') mounted
[2025.04.08-17.36.27:791][  0]LogShaderLibrary: Display: ShaderCodeLibraryPakFileMountedCallback: pending pak file info (ChunkID:-1 Root:root:/ File:C:/Program Files/UE/UE_4.27/FeaturePacks/TP_ThirdPersonBP.upack)
[2025.04.08-17.36.27:791][  0]LogPakFile: OnPakFileMounted2Time == 0.000051
[2025.04.08-17.36.27:800][  0]LogPakFile: PakFile PrimaryIndexSize=183
[2025.04.08-17.36.27:800][  0]LogPakFile: PakFile PathHashIndexSize=101
[2025.04.08-17.36.27:800][  0]LogPakFile: PakFile FullDirectoryIndexSize=140
[2025.04.08-17.36.27:800][  0]LogShaderLibrary: Display: ShaderCodeLibraryPakFileMountedCallback: PakFile 'C:/Program Files/UE/UE_4.27/FeaturePacks/TP_TopDown.upack' (chunk index -1, root 'root:/') mounted
[2025.04.08-17.36.27:800][  0]LogShaderLibrary: Display: ShaderCodeLibraryPakFileMountedCallback: pending pak file info (ChunkID:-1 Root:root:/ File:C:/Program Files/UE/UE_4.27/FeaturePacks/TP_TopDown.upack)
[2025.04.08-17.36.27:800][  0]LogPakFile: OnPakFileMounted2Time == 0.000049
[2025.04.08-17.36.27:810][  0]LogPakFile: PakFile PrimaryIndexSize=185
[2025.04.08-17.36.27:810][  0]LogPakFile: PakFile PathHashIndexSize=101
[2025.04.08-17.36.27:810][  0]LogPakFile: PakFile FullDirectoryIndexSize=144
[2025.04.08-17.36.27:810][  0]LogShaderLibrary: Display: ShaderCodeLibraryPakFileMountedCallback: PakFile 'C:/Program Files/UE/UE_4.27/FeaturePacks/TP_TopDownBP.upack' (chunk index -1, root 'root:/') mounted
[2025.04.08-17.36.27:810][  0]LogShaderLibrary: Display: ShaderCodeLibraryPakFileMountedCallback: pending pak file info (ChunkID:-1 Root:root:/ File:C:/Program Files/UE/UE_4.27/FeaturePacks/TP_TopDownBP.upack)
[2025.04.08-17.36.27:810][  0]LogPakFile: OnPakFileMounted2Time == 0.000041
[2025.04.08-17.36.27:821][  0]LogPakFile: PakFile PrimaryIndexSize=185
[2025.04.08-17.36.27:821][  0]LogPakFile: PakFile PathHashIndexSize=101
[2025.04.08-17.36.27:821][  0]LogPakFile: PakFile FullDirectoryIndexSize=144
[2025.04.08-17.36.27:821][  0]LogShaderLibrary: Display: ShaderCodeLibraryPakFileMountedCallback: PakFile 'C:/Program Files/UE/UE_4.27/FeaturePacks/TP_TwinStick.upack' (chunk index -1, root 'root:/') mounted
[2025.04.08-17.36.27:821][  0]LogShaderLibrary: Display: ShaderCodeLibraryPakFileMountedCallback: pending pak file info (ChunkID:-1 Root:root:/ File:C:/Program Files/UE/UE_4.27/FeaturePacks/TP_TwinStick.upack)
[2025.04.08-17.36.27:821][  0]LogPakFile: OnPakFileMounted2Time == 0.000050
[2025.04.08-17.36.27:831][  0]LogPakFile: PakFile PrimaryIndexSize=187
[2025.04.08-17.36.27:831][  0]LogPakFile: PakFile PathHashIndexSize=101
[2025.04.08-17.36.27:831][  0]LogPakFile: PakFile FullDirectoryIndexSize=148
[2025.04.08-17.36.27:831][  0]LogShaderLibrary: Display: ShaderCodeLibraryPakFileMountedCallback: PakFile 'C:/Program Files/UE/UE_4.27/FeaturePacks/TP_TwinStickBP.upack' (chunk index -1, root 'root:/') mounted
[2025.04.08-17.36.27:831][  0]LogShaderLibrary: Display: ShaderCodeLibraryPakFileMountedCallback: pending pak file info (ChunkID:-1 Root:root:/ File:C:/Program Files/UE/UE_4.27/FeaturePacks/TP_TwinStickBP.upack)
[2025.04.08-17.36.27:831][  0]LogPakFile: OnPakFileMounted2Time == 0.000042
[2025.04.08-17.36.27:842][  0]LogPakFile: PakFile PrimaryIndexSize=183
[2025.04.08-17.36.27:843][  0]LogPakFile: PakFile PathHashIndexSize=101
[2025.04.08-17.36.27:843][  0]LogPakFile: PakFile FullDirectoryIndexSize=140
[2025.04.08-17.36.27:843][  0]LogShaderLibrary: Display: ShaderCodeLibraryPakFileMountedCallback: PakFile 'C:/Program Files/UE/UE_4.27/FeaturePacks/TP_Vehicle.upack' (chunk index -1, root 'root:/') mounted
[2025.04.08-17.36.27:843][  0]LogShaderLibrary: Display: ShaderCodeLibraryPakFileMountedCallback: pending pak file info (ChunkID:-1 Root:root:/ File:C:/Program Files/UE/UE_4.27/FeaturePacks/TP_Vehicle.upack)
[2025.04.08-17.36.27:843][  0]LogPakFile: OnPakFileMounted2Time == 0.000062
[2025.04.08-17.36.27:855][  0]LogPakFile: PakFile PrimaryIndexSize=186
[2025.04.08-17.36.27:855][  0]LogPakFile: PakFile PathHashIndexSize=101
[2025.04.08-17.36.27:855][  0]LogPakFile: PakFile FullDirectoryIndexSize=146
[2025.04.08-17.36.27:855][  0]LogShaderLibrary: Display: ShaderCodeLibraryPakFileMountedCallback: PakFile 'C:/Program Files/UE/UE_4.27/FeaturePacks/TP_VehicleAdv.upack' (chunk index -1, root 'root:/') mounted
[2025.04.08-17.36.27:855][  0]LogShaderLibrary: Display: ShaderCodeLibraryPakFileMountedCallback: pending pak file info (ChunkID:-1 Root:root:/ File:C:/Program Files/UE/UE_4.27/FeaturePacks/TP_VehicleAdv.upack)
[2025.04.08-17.36.27:855][  0]LogPakFile: OnPakFileMounted2Time == 0.000045
[2025.04.08-17.36.27:864][  0]LogPakFile: PakFile PrimaryIndexSize=188
[2025.04.08-17.36.27:864][  0]LogPakFile: PakFile PathHashIndexSize=101
[2025.04.08-17.36.27:864][  0]LogPakFile: PakFile FullDirectoryIndexSize=150
[2025.04.08-17.36.27:864][  0]LogShaderLibrary: Display: ShaderCodeLibraryPakFileMountedCallback: PakFile 'C:/Program Files/UE/UE_4.27/FeaturePacks/TP_VehicleAdvBP.upack' (chunk index -1, root 'root:/') mounted
[2025.04.08-17.36.27:864][  0]LogShaderLibrary: Display: ShaderCodeLibraryPakFileMountedCallback: pending pak file info (ChunkID:-1 Root:root:/ File:C:/Program Files/UE/UE_4.27/FeaturePacks/TP_VehicleAdvBP.upack)
[2025.04.08-17.36.27:864][  0]LogPakFile: OnPakFileMounted2Time == 0.000054
[2025.04.08-17.36.27:874][  0]LogPakFile: PakFile PrimaryIndexSize=185
[2025.04.08-17.36.27:874][  0]LogPakFile: PakFile PathHashIndexSize=101
[2025.04.08-17.36.27:874][  0]LogPakFile: PakFile FullDirectoryIndexSize=144
[2025.04.08-17.36.27:874][  0]LogShaderLibrary: Display: ShaderCodeLibraryPakFileMountedCallback: PakFile 'C:/Program Files/UE/UE_4.27/FeaturePacks/TP_VehicleBP.upack' (chunk index -1, root 'root:/') mounted
[2025.04.08-17.36.27:874][  0]LogShaderLibrary: Display: ShaderCodeLibraryPakFileMountedCallback: pending pak file info (ChunkID:-1 Root:root:/ File:C:/Program Files/UE/UE_4.27/FeaturePacks/TP_VehicleBP.upack)
[2025.04.08-17.36.27:874][  0]LogPakFile: OnPakFileMounted2Time == 0.000041
[2025.04.08-17.36.27:883][  0]LogPakFile: PakFile PrimaryIndexSize=192
[2025.04.08-17.36.27:883][  0]LogPakFile: PakFile PathHashIndexSize=101
[2025.04.08-17.36.27:883][  0]LogPakFile: PakFile FullDirectoryIndexSize=158
[2025.04.08-17.36.27:883][  0]LogShaderLibrary: Display: ShaderCodeLibraryPakFileMountedCallback: PakFile 'C:/Program Files/UE/UE_4.27/FeaturePacks/TP_VirtualRealityBP.upack' (chunk index -1, root 'root:/') mounted
[2025.04.08-17.36.27:883][  0]LogShaderLibrary: Display: ShaderCodeLibraryPakFileMountedCallback: pending pak file info (ChunkID:-1 Root:root:/ File:C:/Program Files/UE/UE_4.27/FeaturePacks/TP_VirtualRealityBP.upack)
[2025.04.08-17.36.27:883][  0]LogPakFile: OnPakFileMounted2Time == 0.000041
[2025.04.08-17.36.28:185][  0]LogNativeClassHierarchy: Verbose: Native class hierarchy updated for 'AddContentDialog' in 0.0002 seconds. Added 0 classes and 0 folders.
[2025.04.08-17.36.28:191][  0]LogNativeClassHierarchy: Verbose: Native class hierarchy updated for 'SceneOutliner' in 0.0003 seconds. Added 2 classes and 0 folders.
[2025.04.08-17.36.28:245][  0]LogSlate: Took 0.000205 seconds to synchronously load lazily loaded font '../../../Engine/Content/Slate/Fonts/Roboto-Regular.ttf' (155K)
[2025.04.08-17.36.28:255][  0]LogSlate: Took 0.008715 seconds to synchronously load lazily loaded font '../../../Engine/Content/Editor/Slate/Fonts/FontAwesome.ttf' (139K)
[2025.04.08-17.36.28:257][  0]LogSlate: Took 0.000201 seconds to synchronously load lazily loaded font '../../../Engine/Content/Slate/Fonts/Roboto-Bold.ttf' (160K)
[2025.04.08-17.36.28:432][  0]LogRenderer: Reallocating scene render targets to support 892x380 Format 10 NumSamples 1 (Frame:1).
[2025.04.08-17.36.28:481][  0]LogSlate: Took 0.009562 seconds to synchronously load lazily loaded font '../../../Engine/Content/Slate/Fonts/Roboto-Light.ttf' (167K)
[2025.04.08-17.36.28:542][  0]LogNativeClassHierarchy: Verbose: Native class hierarchy updated for 'HierarchicalLODOutliner' in 0.0003 seconds. Added 0 classes and 0 folders.
[2025.04.08-17.36.28:542][  0]LogInput: Warning: Action SetDestination uses invalid key OculusGo_Left_Trigger_Click.
[2025.04.08-17.36.28:542][  0]LogInput: Warning: Action ResetVR uses invalid key OculusGo_Left_Back_Click.
[2025.04.08-17.36.28:542][  0]LogInput: Warning: Use -RemoveInvalidKeys to remove instances of these keys from the action mapping.
[2025.04.08-17.36.28:542][  0]LogLoad: (Engine Initialization) Total time: 9.66 seconds
[2025.04.08-17.36.28:542][  0]LogLoad: (Engine Initialization) Total Blueprint compile time: 0.00 seconds
[2025.04.08-17.36.28:595][  0]LogAssetRegistry: Asset discovery search completed in 5.6508 seconds
[2025.04.08-17.36.28:600][  0]LogCollectionManager: Fixed up redirectors for 0 collections in 0.000003 seconds (updated 0 objects)
[2025.04.08-17.36.28:602][  0]LogContentStreaming: Texture pool size now 1000 MB
[2025.04.08-17.39.43:925][709]LogUObjectHash: Compacting FUObjectHashTables data took   1.07ms
[2025.04.08-17.39.43:933][709]LogSlate: Took 0.000264 seconds to synchronously load lazily loaded font '../../../Engine/Content/Slate/Fonts/Roboto-Light.ttf' (167K)
[2025.04.08-17.39.43:952][709]LogLinker: Warning: [AssetLog] C:\Unreal Projects\Top-Down-Puzzle\TopDownPuzzle\Content\TopDownCPP\Maps\Ui\MainMenuLev.umap: Failed to load '/Game/Blueprints/NewGameModeGM': Can't find file.
[2025.04.08-17.39.43:953][709]LogLinker: Warning: [AssetLog] C:\Unreal Projects\Top-Down-Puzzle\TopDownPuzzle\Content\TopDownCPP\Maps\Ui\MainMenuLev.umap: Failed to load '/Game/Blueprints/NewGameModeGM': Can't find file.
[2025.04.08-17.39.43:954][709]LogLinker: Warning: [AssetLog] C:\Unreal Projects\Top-Down-Puzzle\TopDownPuzzle\Content\TopDownCPP\Maps\Ui\MainMenuLev.umap: Failed to load '/Game/Blueprints/NewGameModeGM': Can't find file.
[2025.04.08-17.39.43:956][709]LogLinker: Warning: [AssetLog] C:\Unreal Projects\Top-Down-Puzzle\TopDownPuzzle\Content\TopDownCPP\Maps\Ui\MainMenuLev.umap: Failed to load '/Game/Blueprints/NewGameModeGM': Can't find file.
[2025.04.08-17.39.43:956][709]LoadErrors: Failed to load /Game/Blueprints/NewGameModeGM.NewGameModeGM_C Referenced by WorldSettings
[2025.04.08-17.39.43:972][709]LogAssetEditorSubsystem: Opening Asset editor for World /Game/TopDownCPP/Maps/Ui/MainMenuLev.MainMenuLev
[2025.04.08-17.39.43:973][709]Cmd: MAP LOAD FILE="../../../../../../Unreal Projects/Top-Down-Puzzle/TopDownPuzzle/Content/TopDownCPP/Maps/Ui/MainMenuLev.umap" TEMPLATE=0 SHOWPROGRESS=1 FEATURELEVEL=3
[2025.04.08-17.39.43:973][709]LightingResults: New page: Lighting Build
[2025.04.08-17.39.43:973][709]LogNativeClassHierarchy: Verbose: Native class hierarchy updated for 'StatsViewer' in 0.0003 seconds. Added 6 classes and 0 folders.
[2025.04.08-17.39.43:973][709]LoadErrors: New page: Loading map: MainMenuLev.umap
[2025.04.08-17.39.43:975][709]LogWorld: UWorld::CleanupWorld for Untitled, bSessionEnded=true, bCleanupResources=true
[2025.04.08-17.39.43:975][709]LogSlate: InvalidateAllWidgets triggered.  All widgets were invalidated
[2025.04.08-17.39.43:975][709]MapCheck: New page: Map Check
[2025.04.08-17.39.43:975][709]LightingResults: New page: Lighting Build
[2025.04.08-17.39.43:980][709]LogAudio: Display: Audio Device unregistered from world 'None'.
[2025.04.08-17.39.43:981][709]LogUObjectHash: Compacting FUObjectHashTables data took   0.63ms
[2025.04.08-17.39.43:981][709]LogAudio: Display: Audio Device (ID: 1) registered with world 'MainMenuLev'.
[2025.04.08-17.39.43:983][709]LogEditorServer: Finished looking for orphan Actors (0.000 secs)
[2025.04.08-17.39.43:983][709]LogAIModule: Creating AISystem for world MainMenuLev
[2025.04.08-17.39.43:989][709]LogUObjectHash: Compacting FUObjectHashTables data took   0.61ms
[2025.04.08-17.39.44:004][709]Cmd: MAP CHECKDEP NOCLEARLOG
[2025.04.08-17.39.44:004][709]MapCheck: Map check complete: 0 Error(s), 0 Warning(s), took 0.161ms to complete.
[2025.04.08-17.39.44:005][709]LogFileHelpers: Loading map 'MainMenuLev' took 0.031
[2025.04.08-17.39.45:964][823]LogTemp: Repeating last play command: Selected Viewport
[2025.04.08-17.39.45:977][823]LogPlayLevel: PlayLevel: No blueprints needed recompiling
[2025.04.08-17.39.45:978][823]PIE: New page: PIE session: MainMenuLev (08-Apr-2025, 9:39:45 am)
[2025.04.08-17.39.45:979][823]LogOnline: OSS: Creating online subsystem instance for: NULL
[2025.04.08-17.39.45:981][823]LogOnline: OSS: TryLoadSubsystemAndSetDefault: Loaded subsystem for module [NULL]
[2025.04.08-17.39.45:981][823]LogPlayLevel: Creating play world package: /Game/TopDownCPP/Maps/Ui/UEDPIE_0_MainMenuLev
[2025.04.08-17.39.45:985][823]LogPlayLevel: PIE: StaticDuplicateObject took: (0.004003s)
[2025.04.08-17.39.45:986][823]LogAIModule: Creating AISystem for world MainMenuLev
[2025.04.08-17.39.45:986][823]LogPlayLevel: PIE: World Init took: (0.001482s)
[2025.04.08-17.39.45:986][823]LogPlayLevel: PIE: Created PIE world by copying editor world from /Game/TopDownCPP/Maps/Ui/MainMenuLev.MainMenuLev to /Game/TopDownCPP/Maps/Ui/UEDPIE_0_MainMenuLev.MainMenuLev (0.005682s)
[2025.04.08-17.39.45:991][823]LogUObjectHash: Compacting FUObjectHashTables data took   0.67ms
[2025.04.08-17.39.45:992][823]LogAudio: Display: Creating Audio Device:                 Id: 2, Scope: Unique, Realtime: True
[2025.04.08-17.39.45:992][823]LogAudioMixer: Display: Audio Mixer Platform Settings:
[2025.04.08-17.39.45:992][823]LogAudioMixer: Display: 	Sample Rate:						  48000
[2025.04.08-17.39.45:992][823]LogAudioMixer: Display: 	Callback Buffer Frame Size Requested: 1024
[2025.04.08-17.39.45:992][823]LogAudioMixer: Display: 	Callback Buffer Frame Size To Use:	  1024
[2025.04.08-17.39.45:992][823]LogAudioMixer: Display: 	Number of buffers to queue:			  2
[2025.04.08-17.39.45:992][823]LogAudioMixer: Display: 	Max Channels (voices):				  32
[2025.04.08-17.39.45:992][823]LogAudioMixer: Display: 	Number of Async Source Workers:		  0
[2025.04.08-17.39.45:992][823]LogAudio: Display: AudioDevice MaxSources: 32
[2025.04.08-17.39.45:993][823]LogAudio: Display: Audio Spatialization Plugin: None (built-in).
[2025.04.08-17.39.45:993][823]LogAudio: Display: Audio Reverb Plugin: None (built-in).
[2025.04.08-17.39.45:993][823]LogAudio: Display: Audio Occlusion Plugin: None (built-in).
[2025.04.08-17.39.45:993][823]LogAudioMixer: Display: Initializing audio mixer.
[2025.04.08-17.39.45:997][823]LogAudioMixer: Display: 0: FrontLeft
[2025.04.08-17.39.45:997][823]LogAudioMixer: Display: 1: FrontRight
[2025.04.08-17.39.46:015][823]LogAudioMixer: Display: Using Audio Device Headphone (Realtek(R) Audio)
[2025.04.08-17.39.46:015][823]LogAudioMixer: Display: Initializing Sound Submixes...
[2025.04.08-17.39.46:015][823]LogAudioMixer: Display: Creating Master Submix 'MasterSubmixDefault'
[2025.04.08-17.39.46:015][823]LogAudioMixer: Display: Creating Master Submix 'MasterReverbSubmixDefault'
[2025.04.08-17.39.46:016][823]LogAudioMixer: Display: Creating Master Submix 'MasterEQSubmixDefault'
[2025.04.08-17.39.46:016][823]LogAudioMixer: FMixerPlatformXAudio2::StartAudioStream() called
[2025.04.08-17.39.46:016][823]LogAudioMixer: Display: Output buffers initialized: Frames=1024, Channels=2, Samples=2048
[2025.04.08-17.39.46:017][823]LogAudioMixer: Display: Starting AudioMixerPlatformInterface::RunInternal()
[2025.04.08-17.39.46:017][823]LogAudioMixer: Display: FMixerPlatformXAudio2::SubmitBuffer() called for the first time
[2025.04.08-17.39.46:017][823]LogInit: FAudioDevice initialized.
[2025.04.08-17.39.46:017][823]LogAudio: Display: Audio Device (ID: 2) registered with world 'MainMenuLev'.
[2025.04.08-17.39.46:031][823]LogLoad: Game class is 'TopDownPuzzleGameMode'
[2025.04.08-17.39.46:032][823]LogWorld: Bringing World /Game/TopDownCPP/Maps/Ui/UEDPIE_0_MainMenuLev.MainMenuLev up for play (max tick rate 60) at 2025.04.08-13.39.46
[2025.04.08-17.39.46:032][823]LogWorld: Bringing up level for play took: 0.000543
[2025.04.08-17.39.46:033][823]LogOnline: OSS: Creating online subsystem instance for: :Context_1
[2025.04.08-17.39.46:047][823]LogNativeClassHierarchy: Verbose: Native class hierarchy updated for 'MovieSceneCapture' in 0.0004 seconds. Added 20 classes and 0 folders.
[2025.04.08-17.39.46:063][823]PIE: Server logged in
[2025.04.08-17.39.46:065][823]PIE: Play in editor total start time 0.092 seconds.
[2025.04.08-17.39.50:551][ 86]LogSlate: Updating window title bar state: overlay mode, drag disabled, window buttons hidden, title bar hidden
[2025.04.08-17.39.50:551][ 86]LogWorld: BeginTearingDown for /Game/TopDownCPP/Maps/Ui/UEDPIE_0_MainMenuLev
[2025.04.08-17.39.50:551][ 86]LogWorld: UWorld::CleanupWorld for MainMenuLev, bSessionEnded=true, bCleanupResources=true
[2025.04.08-17.39.50:551][ 86]LogSlate: InvalidateAllWidgets triggered.  All widgets were invalidated
[2025.04.08-17.39.50:559][ 86]LogPlayLevel: Display: Shutting down PIE online subsystems
[2025.04.08-17.39.50:560][ 86]LogSlate: InvalidateAllWidgets triggered.  All widgets were invalidated
[2025.04.08-17.39.50:566][ 86]LogSlate: Updating window title bar state: overlay mode, drag disabled, window buttons hidden, title bar hidden
[2025.04.08-17.39.50:567][ 86]LogAudioMixer: FMixerPlatformXAudio2::StopAudioStream() called
[2025.04.08-17.39.50:568][ 86]LogAudioMixer: FMixerPlatformXAudio2::StopAudioStream() called
[2025.04.08-17.39.50:573][ 86]LogUObjectHash: Compacting FUObjectHashTables data took   0.66ms
[2025.04.08-17.39.50:616][ 89]LogPlayLevel: Display: Destroying online subsystem :Context_1
[2025.04.08-17.39.56:874][458]LogUObjectHash: Compacting FUObjectHashTables data took   0.66ms
[2025.04.08-17.39.56:898][458]LogAssetEditorSubsystem: Opening Asset editor for World /Game/TopDownCPP/Maps/Ui/MainMenuLev.MainMenuLev
[2025.04.08-17.39.56:899][458]Cmd: MAP LOAD FILE="../../../../../../Unreal Projects/Top-Down-Puzzle/TopDownPuzzle/Content/TopDownCPP/Maps/Ui/MainMenuLev.umap" TEMPLATE=0 SHOWPROGRESS=1 FEATURELEVEL=3
[2025.04.08-17.39.56:899][458]LightingResults: New page: Lighting Build
[2025.04.08-17.39.56:899][458]LoadErrors: New page: Loading map: MainMenuLev.umap
[2025.04.08-17.39.56:900][458]LogWorld: UWorld::CleanupWorld for MainMenuLev, bSessionEnded=true, bCleanupResources=true
[2025.04.08-17.39.56:900][458]LogSlate: InvalidateAllWidgets triggered.  All widgets were invalidated
[2025.04.08-17.39.56:900][458]MapCheck: New page: Map Check
[2025.04.08-17.39.56:900][458]LightingResults: New page: Lighting Build
[2025.04.08-17.39.56:906][458]LogAudio: Display: Audio Device unregistered from world 'None'.
[2025.04.08-17.39.56:907][458]LogUObjectHash: Compacting FUObjectHashTables data took   0.75ms
[2025.04.08-17.39.56:909][458]LogLinker: Warning: [AssetLog] C:\Unreal Projects\Top-Down-Puzzle\TopDownPuzzle\Content\TopDownCPP\Maps\Ui\MainMenuLev.umap: Failed to load '/Game/Blueprints/NewGameModeGM': Can't find file.
[2025.04.08-17.39.56:909][458]LogLinker: Warning: [AssetLog] C:\Unreal Projects\Top-Down-Puzzle\TopDownPuzzle\Content\TopDownCPP\Maps\Ui\MainMenuLev.umap: Failed to load '/Game/Blueprints/NewGameModeGM': Can't find file.
[2025.04.08-17.39.56:910][458]LogLinker: Warning: [AssetLog] C:\Unreal Projects\Top-Down-Puzzle\TopDownPuzzle\Content\TopDownCPP\Maps\Ui\MainMenuLev.umap: Failed to load '/Game/Blueprints/NewGameModeGM': Can't find file.
[2025.04.08-17.39.56:911][458]LogLinker: Warning: [AssetLog] C:\Unreal Projects\Top-Down-Puzzle\TopDownPuzzle\Content\TopDownCPP\Maps\Ui\MainMenuLev.umap: Failed to load '/Game/Blueprints/NewGameModeGM': Can't find file.
[2025.04.08-17.39.56:911][458]LoadErrors: Failed to load /Game/Blueprints/NewGameModeGM.NewGameModeGM_C Referenced by WorldSettings
[2025.04.08-17.39.56:915][458]LogAudio: Display: Audio Device (ID: 1) registered with world 'MainMenuLev'.
[2025.04.08-17.39.56:915][458]LogAIModule: Creating AISystem for world MainMenuLev
[2025.04.08-17.39.56:916][458]LogEditorServer: Finished looking for orphan Actors (0.000 secs)
[2025.04.08-17.39.56:963][458]LogUObjectHash: Compacting FUObjectHashTables data took   0.68ms
[2025.04.08-17.39.56:978][458]Cmd: MAP CHECKDEP NOCLEARLOG
[2025.04.08-17.39.56:979][458]MapCheck: Map check complete: 0 Error(s), 0 Warning(s), took 0.193ms to complete.
[2025.04.08-17.39.56:979][458]LogFileHelpers: Loading map 'MainMenuLev' took 0.080
[2025.04.08-17.39.57:017][458]LogSlate: Took 0.000491 seconds to synchronously load lazily loaded font '../../../Engine/Content/Slate/Fonts/DroidSansMono.ttf' (77K)
[2025.04.08-17.39.59:528][609]LogSlate: Window 'Message Log' being destroyed
[2025.04.08-17.39.59:535][609]LogSlate: Window 'Message Log' being destroyed
[2025.04.08-17.40.11:780][335]LogTemp: Repeating last play command: Selected Viewport
[2025.04.08-17.40.11:790][335]LogPlayLevel: PlayLevel: No blueprints needed recompiling
[2025.04.08-17.40.11:790][335]PIE: New page: PIE session: MainMenuLev (08-Apr-2025, 9:40:11 am)
[2025.04.08-17.40.11:790][335]LogPlayLevel: Creating play world package: /Game/TopDownCPP/Maps/Ui/UEDPIE_0_MainMenuLev
[2025.04.08-17.40.11:793][335]LogPlayLevel: PIE: StaticDuplicateObject took: (0.002833s)
[2025.04.08-17.40.11:795][335]LogAIModule: Creating AISystem for world MainMenuLev
[2025.04.08-17.40.11:795][335]LogPlayLevel: PIE: World Init took: (0.001569s)
[2025.04.08-17.40.11:796][335]LogPlayLevel: PIE: Created PIE world by copying editor world from /Game/TopDownCPP/Maps/Ui/MainMenuLev.MainMenuLev to /Game/TopDownCPP/Maps/Ui/UEDPIE_0_MainMenuLev.MainMenuLev (0.004602s)
[2025.04.08-17.40.11:802][335]LogUObjectHash: Compacting FUObjectHashTables data took   0.87ms
[2025.04.08-17.40.11:802][335]LogAudio: Display: Creating Audio Device:                 Id: 3, Scope: Unique, Realtime: True
[2025.04.08-17.40.11:802][335]LogAudioMixer: Display: Audio Mixer Platform Settings:
[2025.04.08-17.40.11:802][335]LogAudioMixer: Display: 	Sample Rate:						  48000
[2025.04.08-17.40.11:802][335]LogAudioMixer: Display: 	Callback Buffer Frame Size Requested: 1024
[2025.04.08-17.40.11:802][335]LogAudioMixer: Display: 	Callback Buffer Frame Size To Use:	  1024
[2025.04.08-17.40.11:802][335]LogAudioMixer: Display: 	Number of buffers to queue:			  2
[2025.04.08-17.40.11:802][335]LogAudioMixer: Display: 	Max Channels (voices):				  32
[2025.04.08-17.40.11:802][335]LogAudioMixer: Display: 	Number of Async Source Workers:		  0
[2025.04.08-17.40.11:802][335]LogAudio: Display: AudioDevice MaxSources: 32
[2025.04.08-17.40.11:803][335]LogAudio: Display: Audio Spatialization Plugin: None (built-in).
[2025.04.08-17.40.11:803][335]LogAudio: Display: Audio Reverb Plugin: None (built-in).
[2025.04.08-17.40.11:803][335]LogAudio: Display: Audio Occlusion Plugin: None (built-in).
[2025.04.08-17.40.11:803][335]LogAudioMixer: Display: Initializing audio mixer.
[2025.04.08-17.40.11:807][335]LogAudioMixer: Display: 0: FrontLeft
[2025.04.08-17.40.11:807][335]LogAudioMixer: Display: 1: FrontRight
[2025.04.08-17.40.11:824][335]LogAudioMixer: Display: Using Audio Device Headphone (Realtek(R) Audio)
[2025.04.08-17.40.11:824][335]LogAudioMixer: Display: Initializing Sound Submixes...
[2025.04.08-17.40.11:824][335]LogAudioMixer: Display: Creating Master Submix 'MasterSubmixDefault'
[2025.04.08-17.40.11:824][335]LogAudioMixer: Display: Creating Master Submix 'MasterReverbSubmixDefault'
[2025.04.08-17.40.11:825][335]LogAudioMixer: Display: Creating Master Submix 'MasterEQSubmixDefault'
[2025.04.08-17.40.11:825][335]LogAudioMixer: FMixerPlatformXAudio2::StartAudioStream() called
[2025.04.08-17.40.11:825][335]LogAudioMixer: Display: Output buffers initialized: Frames=1024, Channels=2, Samples=2048
[2025.04.08-17.40.11:825][335]LogAudioMixer: Display: Starting AudioMixerPlatformInterface::RunInternal()
[2025.04.08-17.40.11:825][335]LogAudioMixer: Display: FMixerPlatformXAudio2::SubmitBuffer() called for the first time
[2025.04.08-17.40.11:825][335]LogInit: FAudioDevice initialized.
[2025.04.08-17.40.11:825][335]LogAudio: Display: Audio Device (ID: 3) registered with world 'MainMenuLev'.
[2025.04.08-17.40.11:835][335]LogLoad: Game class is 'TopDownPuzzleGameMode'
[2025.04.08-17.40.11:837][335]LogWorld: Bringing World /Game/TopDownCPP/Maps/Ui/UEDPIE_0_MainMenuLev.MainMenuLev up for play (max tick rate 60) at 2025.04.08-13.40.11
[2025.04.08-17.40.11:837][335]LogWorld: Bringing up level for play took: 0.000423
[2025.04.08-17.40.11:837][335]LogOnline: OSS: Creating online subsystem instance for: :Context_2
[2025.04.08-17.40.11:840][335]PIE: Server logged in
[2025.04.08-17.40.11:841][335]PIE: Play in editor total start time 0.053 seconds.
[2025.04.08-17.40.14:569][496]LogSlate: Updating window title bar state: overlay mode, drag disabled, window buttons hidden, title bar hidden
[2025.04.08-17.40.14:569][496]LogWorld: BeginTearingDown for /Game/TopDownCPP/Maps/Ui/UEDPIE_0_MainMenuLev
[2025.04.08-17.40.14:570][496]LogWorld: UWorld::CleanupWorld for MainMenuLev, bSessionEnded=true, bCleanupResources=true
[2025.04.08-17.40.14:570][496]LogSlate: InvalidateAllWidgets triggered.  All widgets were invalidated
[2025.04.08-17.40.14:578][496]LogPlayLevel: Display: Shutting down PIE online subsystems
[2025.04.08-17.40.14:589][496]LogSlate: InvalidateAllWidgets triggered.  All widgets were invalidated
[2025.04.08-17.40.14:593][496]LogSlate: Updating window title bar state: overlay mode, drag disabled, window buttons hidden, title bar hidden
[2025.04.08-17.40.14:593][496]LogAudioMixer: FMixerPlatformXAudio2::StopAudioStream() called
[2025.04.08-17.40.14:595][496]LogAudioMixer: FMixerPlatformXAudio2::StopAudioStream() called
[2025.04.08-17.40.14:599][496]LogUObjectHash: Compacting FUObjectHashTables data took   0.59ms
[2025.04.08-17.40.14:644][498]LogPlayLevel: Display: Destroying online subsystem :Context_2
[2025.04.08-17.40.32:914][591]LogSlate: Took 0.008928 seconds to synchronously load lazily loaded font '../../../Engine/Content/Slate/Fonts/Roboto-Italic.ttf' (157K)
[2025.04.08-17.40.58:913][122]LogEditorClassViewer: Warning: Class /Engine/Tutorial/InWorldBlueprintEditing/TutorialAssets/IWBE_Blutility.IWBE_Blutility_C has parent /Script/Blutility.PlacedEditorUtilityBase, but this parent is not found. The Class will not be shown in ClassViewer.
[2025.04.08-17.41.45:358][879]LogUObjectHash: Compacting FUObjectHashTables data took   0.69ms
[2025.04.08-17.41.45:364][879]LogSavePackage: Moving '../../../../../../Unreal Projects/Top-Down-Puzzle/TopDownPuzzle/Saved/MainMenuLev7F45446F44210D8DE86BD69CFA5DB455.tmp' to '../../../../../../Unreal Projects/Top-Down-Puzzle/TopDownPuzzle/Content/TopDownCPP/Maps/Ui/MainMenuLev.umap'
[2025.04.08-17.41.45:388][879]LogSavePackage: Moving '../../../../../../Unreal Projects/Top-Down-Puzzle/TopDownPuzzle/Saved/MainMenuLev_BuiltDataAA150D8446F35495BE276EA1A6B05EE0.tmp' to '../../../../../../Unreal Projects/Top-Down-Puzzle/TopDownPuzzle/Content/TopDownCPP/Maps/Ui/MainMenuLev_BuiltData.uasset'
[2025.04.08-17.41.45:407][879]AssetCheck: New page: Asset Save: multiple assets
[2025.04.08-17.41.45:407][879]LogContentValidation: Display: Validating World /Game/TopDownCPP/Maps/Ui/MainMenuLev.MainMenuLev
[2025.04.08-17.41.45:407][879]LogContentValidation: Display: Validating MapBuildDataRegistry /Game/TopDownCPP/Maps/Ui/MainMenuLev_BuiltData.MainMenuLev_BuiltData
[2025.04.08-17.41.47:538][  5]LogTemp: Repeating last play command: Selected Viewport
[2025.04.08-17.41.47:548][  5]LogPlayLevel: PlayLevel: No blueprints needed recompiling
[2025.04.08-17.41.47:548][  5]PIE: New page: PIE session: MainMenuLev (08-Apr-2025, 9:41:47 am)
[2025.04.08-17.41.47:549][  5]LogPlayLevel: Creating play world package: /Game/TopDownCPP/Maps/Ui/UEDPIE_0_MainMenuLev
[2025.04.08-17.41.47:552][  5]LogPlayLevel: PIE: StaticDuplicateObject took: (0.002881s)
[2025.04.08-17.41.47:552][  5]LogAIModule: Creating AISystem for world MainMenuLev
[2025.04.08-17.41.47:553][  5]LogPlayLevel: PIE: World Init took: (0.001187s)
[2025.04.08-17.41.47:553][  5]LogPlayLevel: PIE: Created PIE world by copying editor world from /Game/TopDownCPP/Maps/Ui/MainMenuLev.MainMenuLev to /Game/TopDownCPP/Maps/Ui/UEDPIE_0_MainMenuLev.MainMenuLev (0.004236s)
[2025.04.08-17.41.47:558][  5]LogUObjectHash: Compacting FUObjectHashTables data took   0.63ms
[2025.04.08-17.41.47:558][  5]LogAudio: Display: Creating Audio Device:                 Id: 4, Scope: Unique, Realtime: True
[2025.04.08-17.41.47:558][  5]LogAudioMixer: Display: Audio Mixer Platform Settings:
[2025.04.08-17.41.47:558][  5]LogAudioMixer: Display: 	Sample Rate:						  48000
[2025.04.08-17.41.47:558][  5]LogAudioMixer: Display: 	Callback Buffer Frame Size Requested: 1024
[2025.04.08-17.41.47:558][  5]LogAudioMixer: Display: 	Callback Buffer Frame Size To Use:	  1024
[2025.04.08-17.41.47:558][  5]LogAudioMixer: Display: 	Number of buffers to queue:			  2
[2025.04.08-17.41.47:558][  5]LogAudioMixer: Display: 	Max Channels (voices):				  32
[2025.04.08-17.41.47:558][  5]LogAudioMixer: Display: 	Number of Async Source Workers:		  0
[2025.04.08-17.41.47:558][  5]LogAudio: Display: AudioDevice MaxSources: 32
[2025.04.08-17.41.47:559][  5]LogAudio: Display: Audio Spatialization Plugin: None (built-in).
[2025.04.08-17.41.47:559][  5]LogAudio: Display: Audio Reverb Plugin: None (built-in).
[2025.04.08-17.41.47:559][  5]LogAudio: Display: Audio Occlusion Plugin: None (built-in).
[2025.04.08-17.41.47:559][  5]LogAudioMixer: Display: Initializing audio mixer.
[2025.04.08-17.41.47:563][  5]LogAudioMixer: Display: 0: FrontLeft
[2025.04.08-17.41.47:563][  5]LogAudioMixer: Display: 1: FrontRight
[2025.04.08-17.41.47:578][  5]LogAudioMixer: Display: Using Audio Device Headphone (Realtek(R) Audio)
[2025.04.08-17.41.47:578][  5]LogAudioMixer: Display: Initializing Sound Submixes...
[2025.04.08-17.41.47:578][  5]LogAudioMixer: Display: Creating Master Submix 'MasterSubmixDefault'
[2025.04.08-17.41.47:578][  5]LogAudioMixer: Display: Creating Master Submix 'MasterReverbSubmixDefault'
[2025.04.08-17.41.47:579][  5]LogAudioMixer: Display: Creating Master Submix 'MasterEQSubmixDefault'
[2025.04.08-17.41.47:579][  5]LogAudioMixer: FMixerPlatformXAudio2::StartAudioStream() called
[2025.04.08-17.41.47:579][  5]LogAudioMixer: Display: Output buffers initialized: Frames=1024, Channels=2, Samples=2048
[2025.04.08-17.41.47:580][  5]LogAudioMixer: Display: Starting AudioMixerPlatformInterface::RunInternal()
[2025.04.08-17.41.47:580][  5]LogAudioMixer: Display: FMixerPlatformXAudio2::SubmitBuffer() called for the first time
[2025.04.08-17.41.47:580][  5]LogInit: FAudioDevice initialized.
[2025.04.08-17.41.47:580][  5]LogAudio: Display: Audio Device (ID: 4) registered with world 'MainMenuLev'.
[2025.04.08-17.41.47:585][  5]LogLoad: Game class is 'FunctionalTestGameMode'
[2025.04.08-17.41.47:586][  5]LogWorld: Bringing World /Game/TopDownCPP/Maps/Ui/UEDPIE_0_MainMenuLev.MainMenuLev up for play (max tick rate 60) at 2025.04.08-13.41.47
[2025.04.08-17.41.47:586][  5]LogWorld: Bringing up level for play took: 0.000391
[2025.04.08-17.41.47:586][  5]LogOnline: OSS: Creating online subsystem instance for: :Context_3
[2025.04.08-17.41.47:588][  5]PIE: Server logged in
[2025.04.08-17.41.47:589][  5]PIE: Play in editor total start time 0.044 seconds.
[2025.04.08-17.41.52:188][278]LogSlate: Updating window title bar state: overlay mode, drag disabled, window buttons hidden, title bar hidden
[2025.04.08-17.41.52:188][278]LogWorld: BeginTearingDown for /Game/TopDownCPP/Maps/Ui/UEDPIE_0_MainMenuLev
[2025.04.08-17.41.52:188][278]LogWorld: UWorld::CleanupWorld for MainMenuLev, bSessionEnded=true, bCleanupResources=true
[2025.04.08-17.41.52:189][278]LogSlate: InvalidateAllWidgets triggered.  All widgets were invalidated
[2025.04.08-17.41.52:199][278]LogPlayLevel: Display: Shutting down PIE online subsystems
[2025.04.08-17.41.52:211][278]LogSlate: InvalidateAllWidgets triggered.  All widgets were invalidated
[2025.04.08-17.41.52:216][278]LogSlate: Updating window title bar state: overlay mode, drag disabled, window buttons hidden, title bar hidden
[2025.04.08-17.41.52:216][278]LogAudioMixer: FMixerPlatformXAudio2::StopAudioStream() called
[2025.04.08-17.41.52:217][278]LogAudioMixer: FMixerPlatformXAudio2::StopAudioStream() called
[2025.04.08-17.41.52:221][278]LogUObjectHash: Compacting FUObjectHashTables data took   0.64ms
[2025.04.08-17.41.52:259][280]LogPlayLevel: Display: Destroying online subsystem :Context_3
[2025.04.08-17.43.12:459][452]LogSlate: Window 'Create New GameMode' being destroyed
[2025.04.08-17.43.16:108][666]LogSlate: Prevented a slow task dialog from being summoned while a context menu was open
[2025.04.08-17.43.16:128][666]LogEditorClassViewer: Warning: Class /Engine/Tutorial/InWorldBlueprintEditing/TutorialAssets/IWBE_Blutility.IWBE_Blutility_C has parent /Script/Blutility.PlacedEditorUtilityBase, but this parent is not found. The Class will not be shown in ClassViewer.
[2025.04.08-17.43.35:325][811]LogSlate: Prevented a slow task dialog from being summoned while a context menu was open
[2025.04.08-17.43.37:934][965]LogUObjectHash: Compacting FUObjectHashTables data took   1.12ms
[2025.04.08-17.43.37:942][965]LogSavePackage: Moving '../../../../../../Unreal Projects/Top-Down-Puzzle/TopDownPuzzle/Saved/MainMenuLev0FDE9E154BDF12AB9611828DD9C34571.tmp' to '../../../../../../Unreal Projects/Top-Down-Puzzle/TopDownPuzzle/Content/TopDownCPP/Maps/Ui/MainMenuLev.umap'
[2025.04.08-17.43.37:968][965]LogSavePackage: Moving '../../../../../../Unreal Projects/Top-Down-Puzzle/TopDownPuzzle/Saved/MainMenuLev_BuiltData959BEA5D428C8D251342C3A5DDAAD813.tmp' to '../../../../../../Unreal Projects/Top-Down-Puzzle/TopDownPuzzle/Content/TopDownCPP/Maps/Ui/MainMenuLev_BuiltData.uasset'
[2025.04.08-17.43.37:989][965]AssetCheck: New page: Asset Save: multiple assets
[2025.04.08-17.43.37:989][965]LogContentValidation: Display: Validating World /Game/TopDownCPP/Maps/Ui/MainMenuLev.MainMenuLev
[2025.04.08-17.43.37:989][965]LogContentValidation: Display: Validating MapBuildDataRegistry /Game/TopDownCPP/Maps/Ui/MainMenuLev_BuiltData.MainMenuLev_BuiltData
[2025.04.08-17.43.40:230][ 98]LogUObjectHash: Compacting FUObjectHashTables data took   0.29ms
[2025.04.08-17.43.40:255][ 98]Cmd: OBJ SAVEPACKAGE PACKAGE="/Game/Blueprints/NewGameMode" FILE="../../../../../../Unreal Projects/Top-Down-Puzzle/TopDownPuzzle/Content/Blueprints/NewGameMode.uasset" SILENT=true
[2025.04.08-17.43.40:259][ 98]LogSavePackage: Moving '../../../../../../Unreal Projects/Top-Down-Puzzle/TopDownPuzzle/Saved/NewGameMode394D970746117C66839C6C817B6FA61A.tmp' to '../../../../../../Unreal Projects/Top-Down-Puzzle/TopDownPuzzle/Content/Blueprints/NewGameMode.uasset'
[2025.04.08-17.43.40:275][ 98]AssetCheck: New page: Asset Save: NewGameMode
[2025.04.08-17.43.40:275][ 98]LogContentValidation: Display: Validating Blueprint /Game/Blueprints/NewGameMode.NewGameMode
[2025.04.08-17.43.41:487][168]LogUObjectHash: Compacting FUObjectHashTables data took   0.27ms
[2025.04.08-17.43.41:494][168]LogSavePackage: Moving '../../../../../../Unreal Projects/Top-Down-Puzzle/TopDownPuzzle/Saved/MainMenuLev62E1652E47656AD2EF9C8DB6998AF0AE.tmp' to '../../../../../../Unreal Projects/Top-Down-Puzzle/TopDownPuzzle/Content/TopDownCPP/Maps/Ui/MainMenuLev.umap'
[2025.04.08-17.43.41:520][168]LogSavePackage: Moving '../../../../../../Unreal Projects/Top-Down-Puzzle/TopDownPuzzle/Saved/MainMenuLev_BuiltDataA3716EEF492666402DEF0DB15A5F0849.tmp' to '../../../../../../Unreal Projects/Top-Down-Puzzle/TopDownPuzzle/Content/TopDownCPP/Maps/Ui/MainMenuLev_BuiltData.uasset'
[2025.04.08-17.43.41:538][168]AssetCheck: New page: Asset Save: multiple assets
[2025.04.08-17.43.41:538][168]LogContentValidation: Display: Validating World /Game/TopDownCPP/Maps/Ui/MainMenuLev.MainMenuLev
[2025.04.08-17.43.41:538][168]LogContentValidation: Display: Validating MapBuildDataRegistry /Game/TopDownCPP/Maps/Ui/MainMenuLev_BuiltData.MainMenuLev_BuiltData
[2025.04.08-17.43.43:477][280]LogTemp: Repeating last play command: Selected Viewport
[2025.04.08-17.43.43:489][280]LogPlayLevel: PlayLevel: No blueprints needed recompiling
[2025.04.08-17.43.43:489][280]PIE: New page: PIE session: MainMenuLev (08-Apr-2025, 9:43:43 am)
[2025.04.08-17.43.43:489][280]LogPlayLevel: Creating play world package: /Game/TopDownCPP/Maps/Ui/UEDPIE_0_MainMenuLev
[2025.04.08-17.43.43:492][280]LogPlayLevel: PIE: StaticDuplicateObject took: (0.003004s)
[2025.04.08-17.43.43:494][280]LogAIModule: Creating AISystem for world MainMenuLev
[2025.04.08-17.43.43:494][280]LogPlayLevel: PIE: World Init took: (0.001337s)
[2025.04.08-17.43.43:494][280]LogPlayLevel: PIE: Created PIE world by copying editor world from /Game/TopDownCPP/Maps/Ui/MainMenuLev.MainMenuLev to /Game/TopDownCPP/Maps/Ui/UEDPIE_0_MainMenuLev.MainMenuLev (0.004512s)
[2025.04.08-17.43.43:500][280]LogUObjectHash: Compacting FUObjectHashTables data took   0.68ms
[2025.04.08-17.43.43:500][280]LogAudio: Display: Creating Audio Device:                 Id: 5, Scope: Unique, Realtime: True
[2025.04.08-17.43.43:500][280]LogAudioMixer: Display: Audio Mixer Platform Settings:
[2025.04.08-17.43.43:500][280]LogAudioMixer: Display: 	Sample Rate:						  48000
[2025.04.08-17.43.43:500][280]LogAudioMixer: Display: 	Callback Buffer Frame Size Requested: 1024
[2025.04.08-17.43.43:500][280]LogAudioMixer: Display: 	Callback Buffer Frame Size To Use:	  1024
[2025.04.08-17.43.43:500][280]LogAudioMixer: Display: 	Number of buffers to queue:			  2
[2025.04.08-17.43.43:500][280]LogAudioMixer: Display: 	Max Channels (voices):				  32
[2025.04.08-17.43.43:500][280]LogAudioMixer: Display: 	Number of Async Source Workers:		  0
[2025.04.08-17.43.43:500][280]LogAudio: Display: AudioDevice MaxSources: 32
[2025.04.08-17.43.43:501][280]LogAudio: Display: Audio Spatialization Plugin: None (built-in).
[2025.04.08-17.43.43:501][280]LogAudio: Display: Audio Reverb Plugin: None (built-in).
[2025.04.08-17.43.43:501][280]LogAudio: Display: Audio Occlusion Plugin: None (built-in).
[2025.04.08-17.43.43:501][280]LogAudioMixer: Display: Initializing audio mixer.
[2025.04.08-17.43.43:504][280]LogAudioMixer: Display: 0: FrontLeft
[2025.04.08-17.43.43:504][280]LogAudioMixer: Display: 1: FrontRight
[2025.04.08-17.43.43:519][280]LogAudioMixer: Display: Using Audio Device Headphone (Realtek(R) Audio)
[2025.04.08-17.43.43:519][280]LogAudioMixer: Display: Initializing Sound Submixes...
[2025.04.08-17.43.43:519][280]LogAudioMixer: Display: Creating Master Submix 'MasterSubmixDefault'
[2025.04.08-17.43.43:519][280]LogAudioMixer: Display: Creating Master Submix 'MasterReverbSubmixDefault'
[2025.04.08-17.43.43:519][280]LogAudioMixer: Display: Creating Master Submix 'MasterEQSubmixDefault'
[2025.04.08-17.43.43:519][280]LogAudioMixer: FMixerPlatformXAudio2::StartAudioStream() called
[2025.04.08-17.43.43:519][280]LogAudioMixer: Display: Output buffers initialized: Frames=1024, Channels=2, Samples=2048
[2025.04.08-17.43.43:520][280]LogAudioMixer: Display: Starting AudioMixerPlatformInterface::RunInternal()
[2025.04.08-17.43.43:521][280]LogAudioMixer: Display: FMixerPlatformXAudio2::SubmitBuffer() called for the first time
[2025.04.08-17.43.43:521][280]LogInit: FAudioDevice initialized.
[2025.04.08-17.43.43:521][280]LogAudio: Display: Audio Device (ID: 5) registered with world 'MainMenuLev'.
[2025.04.08-17.43.43:531][280]LogLoad: Game class is 'NewGameMode_C'
[2025.04.08-17.43.43:532][280]LogWorld: Bringing World /Game/TopDownCPP/Maps/Ui/UEDPIE_0_MainMenuLev.MainMenuLev up for play (max tick rate 60) at 2025.04.08-13.43.43
[2025.04.08-17.43.43:532][280]LogWorld: Bringing up level for play took: 0.000391
[2025.04.08-17.43.43:532][280]LogOnline: OSS: Creating online subsystem instance for: :Context_4
[2025.04.08-17.43.43:536][280]PIE: Server logged in
[2025.04.08-17.43.43:537][280]PIE: Play in editor total start time 0.052 seconds.
[2025.04.08-17.44.26:788][400]LogSlate: Updating window title bar state: overlay mode, drag disabled, window buttons hidden, title bar hidden
[2025.04.08-17.44.26:788][400]LogWorld: BeginTearingDown for /Game/TopDownCPP/Maps/Ui/UEDPIE_0_MainMenuLev
[2025.04.08-17.44.26:788][400]LogWorld: UWorld::CleanupWorld for MainMenuLev, bSessionEnded=true, bCleanupResources=true
[2025.04.08-17.44.26:789][400]LogSlate: InvalidateAllWidgets triggered.  All widgets were invalidated
[2025.04.08-17.44.26:797][400]LogPlayLevel: Display: Shutting down PIE online subsystems
[2025.04.08-17.44.26:809][400]LogSlate: InvalidateAllWidgets triggered.  All widgets were invalidated
[2025.04.08-17.44.26:813][400]LogAudio: Display: Audio Device unregistered from world 'None'.
[2025.04.08-17.44.26:813][400]LogAudioMixer: FMixerPlatformXAudio2::StopAudioStream() called
[2025.04.08-17.44.26:814][400]LogAudioMixer: FMixerPlatformXAudio2::StopAudioStream() called
[2025.04.08-17.44.26:817][400]LogSlate: Updating window title bar state: overlay mode, drag disabled, window buttons hidden, title bar hidden
[2025.04.08-17.44.26:818][400]LogUObjectHash: Compacting FUObjectHashTables data took   0.63ms
[2025.04.08-17.44.26:867][403]LogPlayLevel: Display: Destroying online subsystem :Context_4
[2025.04.08-17.44.31:621][513]Candidate modules for hot reload:
[2025.04.08-17.44.31:621][513]  TopDownPuzzle
[2025.04.08-17.44.31:621][513]Launching UnrealBuildTool... [C:/Program Files/UE/UE_4.27/Engine/Binaries/DotNET/UnrealBuildTool.exe  -ModuleWithSuffix=TopDownPuzzle,0414 TopDownPuzzleEditor Win64 Development -Project="C:/Unreal Projects/Top-Down-Puzzle/TopDownPuzzle/TopDownPuzzle.uproject" "C:/Unreal Projects/Top-Down-Puzzle/TopDownPuzzle/TopDownPuzzle.uproject"  -IgnoreJunk]
[2025.04.08-17.44.31:625][513]Warning: Starting HotReload took  0.0s.
[2025.04.08-17.44.37:356][849]CompilerResultsLog: New page: Compilation - 08-Apr-2025, 9:44:37 am
[2025.04.08-17.44.37:356][849]CompilerResultsLog: Using 'git status' to determine working set for adaptive non-unity build (C:\Unreal Projects\Top-Down-Puzzle).
[2025.04.08-17.44.37:356][849]CompilerResultsLog: Building TopDownPuzzleEditor...
[2025.04.08-17.44.37:356][849]CompilerResultsLog: Using Visual Studio 2022 14.43.34808 toolchain (C:\Program Files\Microsoft Visual Studio\2022\Community\VC\Tools\MSVC\14.43.34808) and Windows 10.0.22621.0 SDK (C:\Program Files (x86)\Windows Kits\10).
[2025.04.08-17.44.37:356][849]CompilerResultsLog: Building 4 actions with 8 processes...
[2025.04.08-17.44.37:356][849]CompilerResultsLog:   [1/4] MainMenuWidget.cpp
[2025.04.08-17.44.37:356][849]CompilerResultsLog:   [2/4] UE4Editor-TopDownPuzzle-0414.lib
[2025.04.08-17.44.37:356][849]CompilerResultsLog:      Creating library C:\Unreal Projects\Top-Down-Puzzle\TopDownPuzzle\Intermediate\Build\Win64\UE4Editor\Development\TopDownPuzzle\UE4Editor-TopDownPuzzle-0414.lib and object C:\Unreal Projects\Top-Down-Puzzle\TopDownPuzzle\Intermediate\Build\Win64\UE4Editor\Development\TopDownPuzzle\UE4Editor-TopDownPuzzle-0414.exp
[2025.04.08-17.44.37:356][849]CompilerResultsLog:   [3/4] UE4Editor-TopDownPuzzle-0414.dll
[2025.04.08-17.44.37:356][849]CompilerResultsLog:      Creating library C:\Unreal Projects\Top-Down-Puzzle\TopDownPuzzle\Intermediate\Build\Win64\UE4Editor\Development\TopDownPuzzle\UE4Editor-TopDownPuzzle-0414.suppressed.lib and object C:\Unreal Projects\Top-Down-Puzzle\TopDownPuzzle\Intermediate\Build\Win64\UE4Editor\Development\TopDownPuzzle\UE4Editor-TopDownPuzzle-0414.suppressed.exp
[2025.04.08-17.44.37:356][849]CompilerResultsLog:   [4/4] TopDownPuzzleEditor.target
[2025.04.08-17.44.37:356][849]CompilerResultsLog: Total time in Parallel executor: 4.45 seconds
[2025.04.08-17.44.37:356][849]CompilerResultsLog: Total execution time: 5.61 seconds
[2025.04.08-17.44.37:356][849]LogMainFrame: MainFrame: Module compiling took 5.746 seconds
[2025.04.08-17.44.37:406][849]LogNativeClassHierarchy: Verbose: Native class hierarchy updated for 'TopDownPuzzle' in 0.0003 seconds. Added 5 classes and 2 folders.
[2025.04.08-17.44.37:409][849]Display: HotReload successful (5 functions remapped  0 scriptstructs remapped)
[2025.04.08-17.44.37:460][849]LogNativeClassHierarchy: Verbose: Native class hierarchy populated in 0.0088 seconds. Added 3827 classes and 930 folders.
[2025.04.08-17.44.37:463][849]Display: HotReload took  5.9s.
[2025.04.08-17.44.40:912][ 53]LogTemp: Repeating last play command: Selected Viewport
[2025.04.08-17.44.40:926][ 53]LogPlayLevel: PlayLevel: No blueprints needed recompiling
[2025.04.08-17.44.40:927][ 53]PIE: New page: PIE session: MainMenuLev (08-Apr-2025, 9:44:40 am)
[2025.04.08-17.44.40:965][ 53]LogPlayLevel: Creating play world package: /Game/TopDownCPP/Maps/Ui/UEDPIE_0_MainMenuLev
[2025.04.08-17.44.40:967][ 53]LogPlayLevel: PIE: StaticDuplicateObject took: (0.002389s)
[2025.04.08-17.44.40:968][ 53]LogAIModule: Creating AISystem for world MainMenuLev
[2025.04.08-17.44.40:969][ 53]LogPlayLevel: PIE: World Init took: (0.001436s)
[2025.04.08-17.44.40:969][ 53]LogPlayLevel: PIE: Created PIE world by copying editor world from /Game/TopDownCPP/Maps/Ui/MainMenuLev.MainMenuLev to /Game/TopDownCPP/Maps/Ui/UEDPIE_0_MainMenuLev.MainMenuLev (0.004024s)
[2025.04.08-17.44.40:974][ 53]LogUObjectHash: Compacting FUObjectHashTables data took   0.69ms
[2025.04.08-17.44.40:974][ 53]LogAudio: Display: Creating Audio Device:                 Id: 6, Scope: Unique, Realtime: True
[2025.04.08-17.44.40:974][ 53]LogAudioMixer: Display: Audio Mixer Platform Settings:
[2025.04.08-17.44.40:974][ 53]LogAudioMixer: Display: 	Sample Rate:						  48000
[2025.04.08-17.44.40:974][ 53]LogAudioMixer: Display: 	Callback Buffer Frame Size Requested: 1024
[2025.04.08-17.44.40:974][ 53]LogAudioMixer: Display: 	Callback Buffer Frame Size To Use:	  1024
[2025.04.08-17.44.40:974][ 53]LogAudioMixer: Display: 	Number of buffers to queue:			  2
[2025.04.08-17.44.40:974][ 53]LogAudioMixer: Display: 	Max Channels (voices):				  32
[2025.04.08-17.44.40:974][ 53]LogAudioMixer: Display: 	Number of Async Source Workers:		  0
[2025.04.08-17.44.40:974][ 53]LogAudio: Display: AudioDevice MaxSources: 32
[2025.04.08-17.44.40:975][ 53]LogAudio: Display: Audio Spatialization Plugin: None (built-in).
[2025.04.08-17.44.40:975][ 53]LogAudio: Display: Audio Reverb Plugin: None (built-in).
[2025.04.08-17.44.40:975][ 53]LogAudio: Display: Audio Occlusion Plugin: None (built-in).
[2025.04.08-17.44.40:975][ 53]LogAudioMixer: Display: Initializing audio mixer.
[2025.04.08-17.44.40:979][ 53]LogAudioMixer: Display: 0: FrontLeft
[2025.04.08-17.44.40:979][ 53]LogAudioMixer: Display: 1: FrontRight
[2025.04.08-17.44.40:994][ 53]LogAudioMixer: Display: Using Audio Device Headphone (Realtek(R) Audio)
[2025.04.08-17.44.40:994][ 53]LogAudioMixer: Display: Initializing Sound Submixes...
[2025.04.08-17.44.40:994][ 53]LogAudioMixer: Display: Creating Master Submix 'MasterSubmixDefault'
[2025.04.08-17.44.40:994][ 53]LogAudioMixer: Display: Creating Master Submix 'MasterReverbSubmixDefault'
[2025.04.08-17.44.40:994][ 53]LogAudioMixer: Display: Creating Master Submix 'MasterEQSubmixDefault'
[2025.04.08-17.44.40:995][ 53]LogAudioMixer: FMixerPlatformXAudio2::StartAudioStream() called
[2025.04.08-17.44.40:995][ 53]LogAudioMixer: Display: Output buffers initialized: Frames=1024, Channels=2, Samples=2048
[2025.04.08-17.44.40:996][ 53]LogAudioMixer: Display: Starting AudioMixerPlatformInterface::RunInternal()
[2025.04.08-17.44.40:996][ 53]LogAudioMixer: Display: FMixerPlatformXAudio2::SubmitBuffer() called for the first time
[2025.04.08-17.44.40:996][ 53]LogInit: FAudioDevice initialized.
[2025.04.08-17.44.40:996][ 53]LogAudio: Display: Audio Device (ID: 6) registered with world 'MainMenuLev'.
[2025.04.08-17.44.41:005][ 53]LogLoad: Game class is 'NewGameMode_C'
[2025.04.08-17.44.41:007][ 53]LogWorld: Bringing World /Game/TopDownCPP/Maps/Ui/UEDPIE_0_MainMenuLev.MainMenuLev up for play (max tick rate 60) at 2025.04.08-13.44.41
[2025.04.08-17.44.41:007][ 53]LogWorld: Bringing up level for play took: 0.000428
[2025.04.08-17.44.41:007][ 53]LogOnline: OSS: Creating online subsystem instance for: :Context_5
[2025.04.08-17.44.41:010][ 53]PIE: Server logged in
[2025.04.08-17.44.41:010][ 53]PIE: Play in editor total start time 0.088 seconds.
[2025.04.08-17.46.33:244][949]Cmd: SELECT NONE
[2025.04.08-17.46.34:309][ 10]LogSlate: Updating window title bar state: overlay mode, drag disabled, window buttons hidden, title bar hidden
[2025.04.08-17.46.34:309][ 10]LogWorld: BeginTearingDown for /Game/TopDownCPP/Maps/Ui/UEDPIE_0_MainMenuLev
[2025.04.08-17.46.34:309][ 10]LogWorld: UWorld::CleanupWorld for MainMenuLev, bSessionEnded=true, bCleanupResources=true
[2025.04.08-17.46.34:309][ 10]LogSlate: InvalidateAllWidgets triggered.  All widgets were invalidated
[2025.04.08-17.46.34:318][ 10]LogPlayLevel: Display: Shutting down PIE online subsystems
[2025.04.08-17.46.34:335][ 10]LogSlate: InvalidateAllWidgets triggered.  All widgets were invalidated
[2025.04.08-17.46.34:341][ 10]LogAudio: Display: Audio Device unregistered from world 'None'.
[2025.04.08-17.46.34:341][ 10]LogAudioMixer: FMixerPlatformXAudio2::StopAudioStream() called
[2025.04.08-17.46.34:342][ 10]LogAudioMixer: FMixerPlatformXAudio2::StopAudioStream() called
[2025.04.08-17.46.34:345][ 10]LogSlate: Updating window title bar state: overlay mode, drag disabled, window buttons hidden, title bar hidden
[2025.04.08-17.46.34:347][ 10]LogUObjectHash: Compacting FUObjectHashTables data took   0.85ms
[2025.04.08-17.46.34:364][ 11]LogPlayLevel: Display: Destroying online subsystem :Context_5
[2025.04.08-17.46.35:088][ 53]Candidate modules for hot reload:
[2025.04.08-17.46.35:088][ 53]  TopDownPuzzle
[2025.04.08-17.46.35:089][ 53]Launching UnrealBuildTool... [C:/Program Files/UE/UE_4.27/Engine/Binaries/DotNET/UnrealBuildTool.exe  -ModuleWithSuffix=TopDownPuzzle,8446 TopDownPuzzleEditor Win64 Development -Project="C:/Unreal Projects/Top-Down-Puzzle/TopDownPuzzle/TopDownPuzzle.uproject" "C:/Unreal Projects/Top-Down-Puzzle/TopDownPuzzle/TopDownPuzzle.uproject"  -IgnoreJunk]
[2025.04.08-17.46.35:092][ 53]Warning: Starting HotReload took  0.0s.
[2025.04.08-17.46.40:560][372]CompilerResultsLog: New page: Compilation - 08-Apr-2025, 9:46:40 am
[2025.04.08-17.46.40:560][372]CompilerResultsLog: Using 'git status' to determine working set for adaptive non-unity build (C:\Unreal Projects\Top-Down-Puzzle).
[2025.04.08-17.46.40:560][372]CompilerResultsLog: Building TopDownPuzzleEditor...
[2025.04.08-17.46.40:560][372]CompilerResultsLog: Using Visual Studio 2022 14.43.34808 toolchain (C:\Program Files\Microsoft Visual Studio\2022\Community\VC\Tools\MSVC\14.43.34808) and Windows 10.0.22621.0 SDK (C:\Program Files (x86)\Windows Kits\10).
[2025.04.08-17.46.40:560][372]CompilerResultsLog: Building 5 actions with 8 processes...
[2025.04.08-17.46.40:560][372]CompilerResultsLog:   [1/5] DoorTrigger.cpp
[2025.04.08-17.46.40:560][372]CompilerResultsLog:   [2/5] MainMenuWidget.cpp
[2025.04.08-17.46.40:560][372]CompilerResultsLog:   [3/5] UE4Editor-TopDownPuzzle-8446.lib
[2025.04.08-17.46.40:560][372]CompilerResultsLog:      Creating library C:\Unreal Projects\Top-Down-Puzzle\TopDownPuzzle\Intermediate\Build\Win64\UE4Editor\Development\TopDownPuzzle\UE4Editor-TopDownPuzzle-8446.lib and object C:\Unreal Projects\Top-Down-Puzzle\TopDownPuzzle\Intermediate\Build\Win64\UE4Editor\Development\TopDownPuzzle\UE4Editor-TopDownPuzzle-8446.exp
[2025.04.08-17.46.40:560][372]CompilerResultsLog:   [4/5] UE4Editor-TopDownPuzzle-8446.dll
[2025.04.08-17.46.40:560][372]CompilerResultsLog:      Creating library C:\Unreal Projects\Top-Down-Puzzle\TopDownPuzzle\Intermediate\Build\Win64\UE4Editor\Development\TopDownPuzzle\UE4Editor-TopDownPuzzle-8446.suppressed.lib and object C:\Unreal Projects\Top-Down-Puzzle\TopDownPuzzle\Intermediate\Build\Win64\UE4Editor\Development\TopDownPuzzle\UE4Editor-TopDownPuzzle-8446.suppressed.exp
[2025.04.08-17.46.40:560][372]CompilerResultsLog:   [5/5] TopDownPuzzleEditor.target
[2025.04.08-17.46.40:560][372]CompilerResultsLog: Total time in Parallel executor: 4.34 seconds
[2025.04.08-17.46.40:560][372]CompilerResultsLog: Total execution time: 5.37 seconds
[2025.04.08-17.46.40:560][372]LogMainFrame: MainFrame: Module compiling took 5.478 seconds
[2025.04.08-17.46.40:619][372]LogNativeClassHierarchy: Verbose: Native class hierarchy updated for 'TopDownPuzzle' in 0.0004 seconds. Added 5 classes and 2 folders.
[2025.04.08-17.46.40:622][372]Display: HotReload successful (5 functions remapped  0 scriptstructs remapped)
[2025.04.08-17.46.40:667][372]LogNativeClassHierarchy: Verbose: Native class hierarchy populated in 0.0092 seconds. Added 3827 classes and 930 folders.
[2025.04.08-17.46.40:669][372]Display: HotReload took  5.6s.
[2025.04.08-17.46.43:958][562]LogTemp: Repeating last play command: Selected Viewport
[2025.04.08-17.46.43:968][562]LogPlayLevel: PlayLevel: No blueprints needed recompiling
[2025.04.08-17.46.43:968][562]PIE: New page: PIE session: MainMenuLev (08-Apr-2025, 9:46:43 am)
[2025.04.08-17.46.43:968][562]LogPlayLevel: Creating play world package: /Game/TopDownCPP/Maps/Ui/UEDPIE_0_MainMenuLev
[2025.04.08-17.46.43:971][562]LogPlayLevel: PIE: StaticDuplicateObject took: (0.003068s)
[2025.04.08-17.46.43:973][562]LogAIModule: Creating AISystem for world MainMenuLev
[2025.04.08-17.46.43:974][562]LogPlayLevel: PIE: World Init took: (0.001796s)
[2025.04.08-17.46.43:974][562]LogPlayLevel: PIE: Created PIE world by copying editor world from /Game/TopDownCPP/Maps/Ui/MainMenuLev.MainMenuLev to /Game/TopDownCPP/Maps/Ui/UEDPIE_0_MainMenuLev.MainMenuLev (0.005044s)
[2025.04.08-17.46.43:980][562]LogUObjectHash: Compacting FUObjectHashTables data took   0.74ms
[2025.04.08-17.46.43:981][562]LogAudio: Display: Creating Audio Device:                 Id: 7, Scope: Unique, Realtime: True
[2025.04.08-17.46.43:981][562]LogAudioMixer: Display: Audio Mixer Platform Settings:
[2025.04.08-17.46.43:981][562]LogAudioMixer: Display: 	Sample Rate:						  48000
[2025.04.08-17.46.43:981][562]LogAudioMixer: Display: 	Callback Buffer Frame Size Requested: 1024
[2025.04.08-17.46.43:981][562]LogAudioMixer: Display: 	Callback Buffer Frame Size To Use:	  1024
[2025.04.08-17.46.43:981][562]LogAudioMixer: Display: 	Number of buffers to queue:			  2
[2025.04.08-17.46.43:981][562]LogAudioMixer: Display: 	Max Channels (voices):				  32
[2025.04.08-17.46.43:981][562]LogAudioMixer: Display: 	Number of Async Source Workers:		  0
[2025.04.08-17.46.43:981][562]LogAudio: Display: AudioDevice MaxSources: 32
[2025.04.08-17.46.43:982][562]LogAudio: Display: Audio Spatialization Plugin: None (built-in).
[2025.04.08-17.46.43:982][562]LogAudio: Display: Audio Reverb Plugin: None (built-in).
[2025.04.08-17.46.43:982][562]LogAudio: Display: Audio Occlusion Plugin: None (built-in).
[2025.04.08-17.46.43:982][562]LogAudioMixer: Display: Initializing audio mixer.
[2025.04.08-17.46.43:985][562]LogAudioMixer: Display: 0: FrontLeft
[2025.04.08-17.46.43:985][562]LogAudioMixer: Display: 1: FrontRight
[2025.04.08-17.46.44:001][562]LogAudioMixer: Display: Using Audio Device Headphone (Realtek(R) Audio)
[2025.04.08-17.46.44:002][562]LogAudioMixer: Display: Initializing Sound Submixes...
[2025.04.08-17.46.44:002][562]LogAudioMixer: Display: Creating Master Submix 'MasterSubmixDefault'
[2025.04.08-17.46.44:002][562]LogAudioMixer: Display: Creating Master Submix 'MasterReverbSubmixDefault'
[2025.04.08-17.46.44:002][562]LogAudioMixer: Display: Creating Master Submix 'MasterEQSubmixDefault'
[2025.04.08-17.46.44:002][562]LogAudioMixer: FMixerPlatformXAudio2::StartAudioStream() called
[2025.04.08-17.46.44:002][562]LogAudioMixer: Display: Output buffers initialized: Frames=1024, Channels=2, Samples=2048
[2025.04.08-17.46.44:003][562]LogAudioMixer: Display: Starting AudioMixerPlatformInterface::RunInternal()
[2025.04.08-17.46.44:003][562]LogAudioMixer: Display: FMixerPlatformXAudio2::SubmitBuffer() called for the first time
[2025.04.08-17.46.44:003][562]LogInit: FAudioDevice initialized.
[2025.04.08-17.46.44:003][562]LogAudio: Display: Audio Device (ID: 7) registered with world 'MainMenuLev'.
[2025.04.08-17.46.44:018][562]LogLoad: Game class is 'NewGameMode_C'
[2025.04.08-17.46.44:020][562]LogWorld: Bringing World /Game/TopDownCPP/Maps/Ui/UEDPIE_0_MainMenuLev.MainMenuLev up for play (max tick rate 60) at 2025.04.08-13.46.44
[2025.04.08-17.46.44:020][562]LogWorld: Bringing up level for play took: 0.000921
[2025.04.08-17.46.44:020][562]LogOnline: OSS: Creating online subsystem instance for: :Context_6
[2025.04.08-17.46.44:026][562]PIE: Server logged in
[2025.04.08-17.46.44:027][562]PIE: Play in editor total start time 0.063 seconds.
[2025.04.08-17.46.45:791][655]LogPackageName: SearchForPackageOnDisk took   0.179s, but failed to resolve Tutoria1.umap.
[2025.04.08-17.46.45:964][655]LogPackageName: SearchForPackageOnDisk took   0.172s, but failed to resolve Tutoria1.umap.
[2025.04.08-17.46.45:964][655]LogNet: Browse: /Game/TopDownCPP/Maps/Ui/MainMenuLev
[2025.04.08-17.46.45:964][655]LogNet: Warning: Travel Failure: [InvalidURL]: Invalid URL: /Game/TopDownCPP/Maps/Ui/MainMenuLev
[2025.04.08-17.46.45:964][655]LogNet: Warning: TravelFailure: InvalidURL, Reason for Failure: 'Invalid URL: /Game/TopDownCPP/Maps/Ui/MainMenuLev'. Shutting down PIE.
[2025.04.08-17.46.45:966][655]PIE: Warning: TravelFailure: InvalidURL, Reason for Failure: 'Invalid URL: /Game/TopDownCPP/Maps/Ui/MainMenuLev'. Shutting down PIE.
[2025.04.08-17.46.45:966][655]LogNet: Warning: Travel Failure: [ClientTravelFailure]: Invalid URL: /Game/TopDownCPP/Maps/Ui/MainMenuLev
[2025.04.08-17.46.45:966][655]LogNet: Warning: TravelFailure: ClientTravelFailure, Reason for Failure: 'Invalid URL: /Game/TopDownCPP/Maps/Ui/MainMenuLev'. Shutting down PIE.
[2025.04.08-17.46.45:966][655]PIE: Warning: TravelFailure: ClientTravelFailure, Reason for Failure: 'Invalid URL: /Game/TopDownCPP/Maps/Ui/MainMenuLev'. Shutting down PIE.
[2025.04.08-17.46.46:007][655]LogSlate: Updating window title bar state: overlay mode, drag disabled, window buttons hidden, title bar hidden
[2025.04.08-17.46.46:007][655]LogWorld: BeginTearingDown for /Game/TopDownCPP/Maps/Ui/UEDPIE_0_MainMenuLev
[2025.04.08-17.46.46:007][655]LogWorld: UWorld::CleanupWorld for MainMenuLev, bSessionEnded=true, bCleanupResources=true
[2025.04.08-17.46.46:007][655]LogSlate: InvalidateAllWidgets triggered.  All widgets were invalidated
[2025.04.08-17.46.46:015][655]LogPlayLevel: Display: Shutting down PIE online subsystems
[2025.04.08-17.46.46:026][655]LogSlate: InvalidateAllWidgets triggered.  All widgets were invalidated
[2025.04.08-17.46.46:031][655]LogAudio: Display: Audio Device unregistered from world 'None'.
[2025.04.08-17.46.46:031][655]LogAudioMixer: FMixerPlatformXAudio2::StopAudioStream() called
[2025.04.08-17.46.46:032][655]LogAudioMixer: FMixerPlatformXAudio2::StopAudioStream() called
[2025.04.08-17.46.46:035][655]LogSlate: Updating window title bar state: overlay mode, drag disabled, window buttons hidden, title bar hidden
[2025.04.08-17.46.46:036][655]LogUObjectHash: Compacting FUObjectHashTables data took   0.62ms
[2025.04.08-17.46.46:124][656]LogPlayLevel: Display: Destroying online subsystem :Context_6
[2025.04.08-17.47.00:820][537]LogSlate: Window 'Message Log' being destroyed
[2025.04.08-17.47.00:830][537]LogSlate: Window 'Message Log' being destroyed
[2025.04.08-17.48.21:223][962]Candidate modules for hot reload:
[2025.04.08-17.48.21:223][962]  TopDownPuzzle
[2025.04.08-17.48.21:223][962]Launching UnrealBuildTool... [C:/Program Files/UE/UE_4.27/Engine/Binaries/DotNET/UnrealBuildTool.exe  -ModuleWithSuffix=TopDownPuzzle,9144 TopDownPuzzleEditor Win64 Development -Project="C:/Unreal Projects/Top-Down-Puzzle/TopDownPuzzle/TopDownPuzzle.uproject" "C:/Unreal Projects/Top-Down-Puzzle/TopDownPuzzle/TopDownPuzzle.uproject"  -IgnoreJunk]
[2025.04.08-17.48.21:229][962]Warning: Starting HotReload took  0.0s.
[2025.04.08-17.48.28:953][414]CompilerResultsLog: New page: Compilation - 08-Apr-2025, 9:48:28 am
[2025.04.08-17.48.28:953][414]CompilerResultsLog: Using 'git status' to determine working set for adaptive non-unity build (C:\Unreal Projects\Top-Down-Puzzle).
[2025.04.08-17.48.28:953][414]CompilerResultsLog: Building TopDownPuzzleEditor...
[2025.04.08-17.48.28:954][414]CompilerResultsLog: Using Visual Studio 2022 14.43.34808 toolchain (C:\Program Files\Microsoft Visual Studio\2022\Community\VC\Tools\MSVC\14.43.34808) and Windows 10.0.22621.0 SDK (C:\Program Files (x86)\Windows Kits\10).
[2025.04.08-17.48.28:954][414]CompilerResultsLog: Building 4 actions with 8 processes...
[2025.04.08-17.48.28:954][414]CompilerResultsLog:   [1/4] MainMenuWidget.cpp
[2025.04.08-17.48.28:954][414]CompilerResultsLog:   [2/4] UE4Editor-TopDownPuzzle-9144.lib
[2025.04.08-17.48.28:954][414]CompilerResultsLog:      Creating library C:\Unreal Projects\Top-Down-Puzzle\TopDownPuzzle\Intermediate\Build\Win64\UE4Editor\Development\TopDownPuzzle\UE4Editor-TopDownPuzzle-9144.lib and object C:\Unreal Projects\Top-Down-Puzzle\TopDownPuzzle\Intermediate\Build\Win64\UE4Editor\Development\TopDownPuzzle\UE4Editor-TopDownPuzzle-9144.exp
[2025.04.08-17.48.28:954][414]CompilerResultsLog:   [3/4] UE4Editor-TopDownPuzzle-9144.dll
[2025.04.08-17.48.28:954][414]CompilerResultsLog:      Creating library C:\Unreal Projects\Top-Down-Puzzle\TopDownPuzzle\Intermediate\Build\Win64\UE4Editor\Development\TopDownPuzzle\UE4Editor-TopDownPuzzle-9144.suppressed.lib and object C:\Unreal Projects\Top-Down-Puzzle\TopDownPuzzle\Intermediate\Build\Win64\UE4Editor\Development\TopDownPuzzle\UE4Editor-TopDownPuzzle-9144.suppressed.exp
[2025.04.08-17.48.28:954][414]CompilerResultsLog:   [4/4] TopDownPuzzleEditor.target
[2025.04.08-17.48.28:954][414]CompilerResultsLog: Total time in Parallel executor: 6.36 seconds
[2025.04.08-17.48.28:954][414]CompilerResultsLog: Total execution time: 7.60 seconds
[2025.04.08-17.48.28:954][414]LogMainFrame: MainFrame: Module compiling took 7.736 seconds
[2025.04.08-17.48.29:006][414]LogNativeClassHierarchy: Verbose: Native class hierarchy updated for 'TopDownPuzzle' in 0.0003 seconds. Added 5 classes and 2 folders.
[2025.04.08-17.48.29:009][414]Display: HotReload successful (5 functions remapped  0 scriptstructs remapped)
[2025.04.08-17.48.29:053][414]LogNativeClassHierarchy: Verbose: Native class hierarchy populated in 0.0089 seconds. Added 3827 classes and 930 folders.
[2025.04.08-17.48.29:056][414]Display: HotReload took  7.8s.
[2025.04.08-17.48.29:497][440]LogTemp: Repeating last play command: Selected Viewport
[2025.04.08-17.48.29:508][440]LogPlayLevel: PlayLevel: No blueprints needed recompiling
[2025.04.08-17.48.29:508][440]PIE: New page: PIE session: MainMenuLev (08-Apr-2025, 9:48:29 am)
[2025.04.08-17.48.29:543][440]LogPlayLevel: Creating play world package: /Game/TopDownCPP/Maps/Ui/UEDPIE_0_MainMenuLev
[2025.04.08-17.48.29:546][440]LogPlayLevel: PIE: StaticDuplicateObject took: (0.002731s)
[2025.04.08-17.48.29:547][440]LogAIModule: Creating AISystem for world MainMenuLev
[2025.04.08-17.48.29:547][440]LogPlayLevel: PIE: World Init took: (0.001199s)
[2025.04.08-17.48.29:547][440]LogPlayLevel: PIE: Created PIE world by copying editor world from /Game/TopDownCPP/Maps/Ui/MainMenuLev.MainMenuLev to /Game/TopDownCPP/Maps/Ui/UEDPIE_0_MainMenuLev.MainMenuLev (0.004130s)
[2025.04.08-17.48.29:553][440]LogUObjectHash: Compacting FUObjectHashTables data took   0.69ms
[2025.04.08-17.48.29:554][440]LogAudio: Display: Creating Audio Device:                 Id: 8, Scope: Unique, Realtime: True
[2025.04.08-17.48.29:554][440]LogAudioMixer: Display: Audio Mixer Platform Settings:
[2025.04.08-17.48.29:554][440]LogAudioMixer: Display: 	Sample Rate:						  48000
[2025.04.08-17.48.29:554][440]LogAudioMixer: Display: 	Callback Buffer Frame Size Requested: 1024
[2025.04.08-17.48.29:554][440]LogAudioMixer: Display: 	Callback Buffer Frame Size To Use:	  1024
[2025.04.08-17.48.29:554][440]LogAudioMixer: Display: 	Number of buffers to queue:			  2
[2025.04.08-17.48.29:554][440]LogAudioMixer: Display: 	Max Channels (voices):				  32
[2025.04.08-17.48.29:554][440]LogAudioMixer: Display: 	Number of Async Source Workers:		  0
[2025.04.08-17.48.29:554][440]LogAudio: Display: AudioDevice MaxSources: 32
[2025.04.08-17.48.29:554][440]LogAudio: Display: Audio Spatialization Plugin: None (built-in).
[2025.04.08-17.48.29:554][440]LogAudio: Display: Audio Reverb Plugin: None (built-in).
[2025.04.08-17.48.29:554][440]LogAudio: Display: Audio Occlusion Plugin: None (built-in).
[2025.04.08-17.48.29:554][440]LogAudioMixer: Display: Initializing audio mixer.
[2025.04.08-17.48.29:558][440]LogAudioMixer: Display: 0: FrontLeft
[2025.04.08-17.48.29:558][440]LogAudioMixer: Display: 1: FrontRight
[2025.04.08-17.48.29:573][440]LogAudioMixer: Display: Using Audio Device Headphone (Realtek(R) Audio)
[2025.04.08-17.48.29:573][440]LogAudioMixer: Display: Initializing Sound Submixes...
[2025.04.08-17.48.29:573][440]LogAudioMixer: Display: Creating Master Submix 'MasterSubmixDefault'
[2025.04.08-17.48.29:573][440]LogAudioMixer: Display: Creating Master Submix 'MasterReverbSubmixDefault'
[2025.04.08-17.48.29:574][440]LogAudioMixer: Display: Creating Master Submix 'MasterEQSubmixDefault'
[2025.04.08-17.48.29:574][440]LogAudioMixer: FMixerPlatformXAudio2::StartAudioStream() called
[2025.04.08-17.48.29:574][440]LogAudioMixer: Display: Output buffers initialized: Frames=1024, Channels=2, Samples=2048
[2025.04.08-17.48.29:575][440]LogAudioMixer: Display: Starting AudioMixerPlatformInterface::RunInternal()
[2025.04.08-17.48.29:575][440]LogAudioMixer: Display: FMixerPlatformXAudio2::SubmitBuffer() called for the first time
[2025.04.08-17.48.29:575][440]LogInit: FAudioDevice initialized.
[2025.04.08-17.48.29:575][440]LogAudio: Display: Audio Device (ID: 8) registered with world 'MainMenuLev'.
[2025.04.08-17.48.29:586][440]LogLoad: Game class is 'NewGameMode_C'
[2025.04.08-17.48.29:587][440]LogWorld: Bringing World /Game/TopDownCPP/Maps/Ui/UEDPIE_0_MainMenuLev.MainMenuLev up for play (max tick rate 60) at 2025.04.08-13.48.29
[2025.04.08-17.48.29:587][440]LogWorld: Bringing up level for play took: 0.000451
[2025.04.08-17.48.29:587][440]LogOnline: OSS: Creating online subsystem instance for: :Context_7
[2025.04.08-17.48.29:590][440]PIE: Server logged in
[2025.04.08-17.48.29:591][440]PIE: Play in editor total start time 0.086 seconds.
[2025.04.08-17.48.31:327][533]LogPackageName: SearchForPackageOnDisk took   0.180s, but failed to resolve Tutoria1.umap.
[2025.04.08-17.48.31:511][533]LogPackageName: SearchForPackageOnDisk took   0.183s, but failed to resolve Tutoria1.umap.
[2025.04.08-17.48.31:511][533]LogNet: Browse: /Game/TopDownCPP/Maps/Ui/MainMenuLev
[2025.04.08-17.48.31:511][533]LogNet: Warning: Travel Failure: [InvalidURL]: Invalid URL: /Game/TopDownCPP/Maps/Ui/MainMenuLev
[2025.04.08-17.48.31:511][533]LogNet: Warning: TravelFailure: InvalidURL, Reason for Failure: 'Invalid URL: /Game/TopDownCPP/Maps/Ui/MainMenuLev'. Shutting down PIE.
[2025.04.08-17.48.31:511][533]PIE: Warning: TravelFailure: InvalidURL, Reason for Failure: 'Invalid URL: /Game/TopDownCPP/Maps/Ui/MainMenuLev'. Shutting down PIE.
[2025.04.08-17.48.31:513][533]LogNet: Warning: Travel Failure: [ClientTravelFailure]: Invalid URL: /Game/TopDownCPP/Maps/Ui/MainMenuLev
[2025.04.08-17.48.31:513][533]LogNet: Warning: TravelFailure: ClientTravelFailure, Reason for Failure: 'Invalid URL: /Game/TopDownCPP/Maps/Ui/MainMenuLev'. Shutting down PIE.
[2025.04.08-17.48.31:513][533]PIE: Warning: TravelFailure: ClientTravelFailure, Reason for Failure: 'Invalid URL: /Game/TopDownCPP/Maps/Ui/MainMenuLev'. Shutting down PIE.
[2025.04.08-17.48.31:546][533]LogSlate: Updating window title bar state: overlay mode, drag disabled, window buttons hidden, title bar hidden
[2025.04.08-17.48.31:546][533]LogWorld: BeginTearingDown for /Game/TopDownCPP/Maps/Ui/UEDPIE_0_MainMenuLev
[2025.04.08-17.48.31:546][533]LogWorld: UWorld::CleanupWorld for MainMenuLev, bSessionEnded=true, bCleanupResources=true
[2025.04.08-17.48.31:546][533]LogSlate: InvalidateAllWidgets triggered.  All widgets were invalidated
[2025.04.08-17.48.31:551][533]LogPlayLevel: Display: Shutting down PIE online subsystems
[2025.04.08-17.48.31:563][533]LogSlate: InvalidateAllWidgets triggered.  All widgets were invalidated
[2025.04.08-17.48.31:567][533]LogAudio: Display: Audio Device unregistered from world 'None'.
[2025.04.08-17.48.31:567][533]LogAudioMixer: FMixerPlatformXAudio2::StopAudioStream() called
[2025.04.08-17.48.31:568][533]LogAudioMixer: FMixerPlatformXAudio2::StopAudioStream() called
[2025.04.08-17.48.31:571][533]LogSlate: Updating window title bar state: overlay mode, drag disabled, window buttons hidden, title bar hidden
[2025.04.08-17.48.31:573][533]LogUObjectHash: Compacting FUObjectHashTables data took   0.66ms
[2025.04.08-17.48.31:652][534]LogPlayLevel: Display: Destroying online subsystem :Context_7
[2025.04.08-17.50.12:360][124]LogSlate: Window 'Message Log' being destroyed
[2025.04.08-17.50.12:369][124]LogSlate: Window 'Message Log' being destroyed
[2025.04.08-17.51.07:480][150]LogObjectTools: Deleting 1 worlds: /Game/TopDownCPP/Maps/MainMenuLev.MainMenuLev
[2025.04.08-17.51.07:481][150]LogObjectTools: Currently 1 active worlds: /Game/TopDownCPP/Maps/Ui/MainMenuLev.MainMenuLev
[2025.04.08-17.51.07:487][150]LogUObjectHash: Compacting FUObjectHashTables data took   0.69ms
[2025.04.08-17.51.08:595][150]LogSlate: Window 'Delete Assets' being destroyed
[2025.04.08-17.51.08:627][150]LogWorld: UWorld::CleanupWorld for MainMenuLev, bSessionEnded=true, bCleanupResources=true
[2025.04.08-17.51.08:628][150]LogSlate: InvalidateAllWidgets triggered.  All widgets were invalidated
[2025.04.08-17.51.08:682][150]LogUObjectHash: Compacting FUObjectHashTables data took   0.98ms
[2025.04.08-17.51.14:264][484]Cmd: EDIT CUT
[2025.04.08-17.51.14:268][484]LogEditorActor: Deleted Actor: PlayerStart
[2025.04.08-17.51.14:274][484]LogUObjectHash: Compacting FUObjectHashTables data took   0.63ms
[2025.04.08-17.51.14:274][484]LogEditorActor: Deleted 1 Actors (0.008 secs)
[2025.04.08-17.51.38:317][913]LogUObjectHash: Compacting FUObjectHashTables data took   0.71ms
[2025.04.08-17.51.38:322][913]LogSavePackage: Moving '../../../../../../Unreal Projects/Top-Down-Puzzle/TopDownPuzzle/Saved/MainMenuLevF189B599470CF19D3F8BACB2F67BB50A.tmp' to '../../../../../../Unreal Projects/Top-Down-Puzzle/TopDownPuzzle/Content/TopDownCPP/Maps/Ui/MainMenuLev.umap'
[2025.04.08-17.51.38:347][913]LogSavePackage: Moving '../../../../../../Unreal Projects/Top-Down-Puzzle/TopDownPuzzle/Saved/MainMenuLev_BuiltData7EFC6AE84AE7E6F77E978A9689559DA2.tmp' to '../../../../../../Unreal Projects/Top-Down-Puzzle/TopDownPuzzle/Content/TopDownCPP/Maps/Ui/MainMenuLev_BuiltData.uasset'
[2025.04.08-17.51.38:362][913]AssetCheck: New page: Asset Save: multiple assets
[2025.04.08-17.51.38:362][913]LogContentValidation: Display: Validating World /Game/TopDownCPP/Maps/Ui/MainMenuLev.MainMenuLev
[2025.04.08-17.51.38:362][913]LogContentValidation: Display: Validating MapBuildDataRegistry /Game/TopDownCPP/Maps/Ui/MainMenuLev_BuiltData.MainMenuLev_BuiltData
[2025.04.08-17.51.39:108][958]LogUObjectHash: Compacting FUObjectHashTables data took   0.80ms
[2025.04.08-17.51.41:126][958]LogSlate: Window 'Save Content' being destroyed
[2025.04.08-17.51.41:165][958]LogUObjectHash: Compacting FUObjectHashTables data took   0.27ms
[2025.04.08-17.51.41:170][958]LogSavePackage: Moving '../../../../../../Unreal Projects/Top-Down-Puzzle/TopDownPuzzle/Saved/MainMenuLev903B79A24C1F8285BDFF348AC796119F.tmp' to '../../../../../../Unreal Projects/Top-Down-Puzzle/TopDownPuzzle/Content/TopDownCPP/Maps/MainMenuLev.umap'
[2025.04.08-17.51.41:173][958]LogFileHelpers: Saving map 'MainMenuLev' took 0.016
[2025.04.08-17.51.41:196][958]LogAssetEditorSubsystem: Opening Asset editor for World /Game/TopDownCPP/Maps/MainMenuLev.MainMenuLev
[2025.04.08-17.51.41:197][958]Cmd: MAP LOAD FILE="../../../../../../Unreal Projects/Top-Down-Puzzle/TopDownPuzzle/Content/TopDownCPP/Maps/MainMenuLev.umap" TEMPLATE=0 SHOWPROGRESS=1 FEATURELEVEL=3
[2025.04.08-17.51.41:197][958]LightingResults: New page: Lighting Build
[2025.04.08-17.51.41:197][958]LoadErrors: New page: Loading map: MainMenuLev.umap
[2025.04.08-17.51.41:199][958]LogWorld: UWorld::CleanupWorld for MainMenuLev, bSessionEnded=true, bCleanupResources=true
[2025.04.08-17.51.41:199][958]LogSlate: InvalidateAllWidgets triggered.  All widgets were invalidated
[2025.04.08-17.51.41:199][958]MapCheck: New page: Map Check
[2025.04.08-17.51.41:199][958]LightingResults: New page: Lighting Build
[2025.04.08-17.51.41:206][958]LogAudio: Display: Audio Device unregistered from world 'None'.
[2025.04.08-17.51.41:208][958]LogUObjectHash: Compacting FUObjectHashTables data took   0.77ms
[2025.04.08-17.51.41:208][958]LogAudio: Display: Audio Device (ID: 1) registered with world 'MainMenuLev'.
[2025.04.08-17.51.41:237][958]LogEditorServer: Finished looking for orphan Actors (0.000 secs)
[2025.04.08-17.51.41:237][958]LogAIModule: Creating AISystem for world MainMenuLev
[2025.04.08-17.51.41:244][958]LogUObjectHash: Compacting FUObjectHashTables data took   0.65ms
[2025.04.08-17.51.41:260][958]Cmd: MAP CHECKDEP NOCLEARLOG
[2025.04.08-17.51.41:260][958]MapCheck: Map check complete: 0 Error(s), 0 Warning(s), took 0.229ms to complete.
[2025.04.08-17.51.41:260][958]LogFileHelpers: Loading map 'MainMenuLev' took 0.064
[2025.04.08-17.51.41:295][958]AssetCheck: New page: Asset Save: MainMenuLev
[2025.04.08-17.51.41:295][958]LogContentValidation: Display: Validating World /Game/TopDownCPP/Maps/MainMenuLev.MainMenuLev
[2025.04.08-17.51.42:056][  2]LogUObjectHash: Compacting FUObjectHashTables data took   0.29ms
[2025.04.08-17.51.42:063][  2]LogSavePackage: Moving '../../../../../../Unreal Projects/Top-Down-Puzzle/TopDownPuzzle/Saved/MainMenuLevE5FBEFB6436B044EBB53AE974F23DBBC.tmp' to '../../../../../../Unreal Projects/Top-Down-Puzzle/TopDownPuzzle/Content/TopDownCPP/Maps/MainMenuLev.umap'
[2025.04.08-17.51.42:079][  2]LogFileHelpers: Saving map 'MainMenuLev' took 0.029
[2025.04.08-17.51.42:093][  2]AssetCheck: New page: Asset Save: MainMenuLev
[2025.04.08-17.51.42:093][  2]LogContentValidation: Display: Validating World /Game/TopDownCPP/Maps/MainMenuLev.MainMenuLev
[2025.04.08-17.51.47:097][297]LogTemp: Repeating last play command: Selected Viewport
[2025.04.08-17.51.47:107][297]LogPlayLevel: PlayLevel: No blueprints needed recompiling
[2025.04.08-17.51.47:107][297]PIE: New page: PIE session: MainMenuLev (08-Apr-2025, 9:51:47 am)
[2025.04.08-17.51.47:107][297]LogPlayLevel: Creating play world package: /Game/TopDownCPP/Maps/UEDPIE_0_MainMenuLev
[2025.04.08-17.51.47:110][297]LogPlayLevel: PIE: StaticDuplicateObject took: (0.002813s)
[2025.04.08-17.51.47:110][297]LogAIModule: Creating AISystem for world MainMenuLev
[2025.04.08-17.51.47:112][297]LogPlayLevel: PIE: World Init took: (0.001208s)
[2025.04.08-17.51.47:112][297]LogPlayLevel: PIE: Created PIE world by copying editor world from /Game/TopDownCPP/Maps/MainMenuLev.MainMenuLev to /Game/TopDownCPP/Maps/UEDPIE_0_MainMenuLev.MainMenuLev (0.004211s)
[2025.04.08-17.51.47:118][297]LogUObjectHash: Compacting FUObjectHashTables data took   0.66ms
[2025.04.08-17.51.47:118][297]LogAudio: Display: Creating Audio Device:                 Id: 9, Scope: Unique, Realtime: True
[2025.04.08-17.51.47:118][297]LogAudioMixer: Display: Audio Mixer Platform Settings:
[2025.04.08-17.51.47:118][297]LogAudioMixer: Display: 	Sample Rate:						  48000
[2025.04.08-17.51.47:118][297]LogAudioMixer: Display: 	Callback Buffer Frame Size Requested: 1024
[2025.04.08-17.51.47:118][297]LogAudioMixer: Display: 	Callback Buffer Frame Size To Use:	  1024
[2025.04.08-17.51.47:118][297]LogAudioMixer: Display: 	Number of buffers to queue:			  2
[2025.04.08-17.51.47:118][297]LogAudioMixer: Display: 	Max Channels (voices):				  32
[2025.04.08-17.51.47:118][297]LogAudioMixer: Display: 	Number of Async Source Workers:		  0
[2025.04.08-17.51.47:118][297]LogAudio: Display: AudioDevice MaxSources: 32
[2025.04.08-17.51.47:119][297]LogAudio: Display: Audio Spatialization Plugin: None (built-in).
[2025.04.08-17.51.47:119][297]LogAudio: Display: Audio Reverb Plugin: None (built-in).
[2025.04.08-17.51.47:119][297]LogAudio: Display: Audio Occlusion Plugin: None (built-in).
[2025.04.08-17.51.47:119][297]LogAudioMixer: Display: Initializing audio mixer.
[2025.04.08-17.51.47:123][297]LogAudioMixer: Display: 0: FrontLeft
[2025.04.08-17.51.47:123][297]LogAudioMixer: Display: 1: FrontRight
[2025.04.08-17.51.47:138][297]LogAudioMixer: Display: Using Audio Device Headphone (Realtek(R) Audio)
[2025.04.08-17.51.47:138][297]LogAudioMixer: Display: Initializing Sound Submixes...
[2025.04.08-17.51.47:139][297]LogAudioMixer: Display: Creating Master Submix 'MasterSubmixDefault'
[2025.04.08-17.51.47:139][297]LogAudioMixer: Display: Creating Master Submix 'MasterReverbSubmixDefault'
[2025.04.08-17.51.47:139][297]LogAudioMixer: Display: Creating Master Submix 'MasterEQSubmixDefault'
[2025.04.08-17.51.47:139][297]LogAudioMixer: FMixerPlatformXAudio2::StartAudioStream() called
[2025.04.08-17.51.47:139][297]LogAudioMixer: Display: Output buffers initialized: Frames=1024, Channels=2, Samples=2048
[2025.04.08-17.51.47:140][297]LogAudioMixer: Display: Starting AudioMixerPlatformInterface::RunInternal()
[2025.04.08-17.51.47:140][297]LogAudioMixer: Display: FMixerPlatformXAudio2::SubmitBuffer() called for the first time
[2025.04.08-17.51.47:140][297]LogInit: FAudioDevice initialized.
[2025.04.08-17.51.47:140][297]LogAudio: Display: Audio Device (ID: 9) registered with world 'MainMenuLev'.
[2025.04.08-17.51.47:145][297]LogLoad: Game class is 'NewGameMode_C'
[2025.04.08-17.51.47:146][297]LogWorld: Bringing World /Game/TopDownCPP/Maps/UEDPIE_0_MainMenuLev.MainMenuLev up for play (max tick rate 60) at 2025.04.08-13.51.47
[2025.04.08-17.51.47:146][297]LogWorld: Bringing up level for play took: 0.000374
[2025.04.08-17.51.47:147][297]LogOnline: OSS: Creating online subsystem instance for: :Context_8
[2025.04.08-17.51.47:149][297]PIE: Server logged in
[2025.04.08-17.51.47:150][297]PIE: Play in editor total start time 0.046 seconds.
[2025.04.08-17.51.50:315][484]LogSlate: Updating window title bar state: overlay mode, drag disabled, window buttons hidden, title bar hidden
[2025.04.08-17.51.50:315][484]LogWorld: BeginTearingDown for /Game/TopDownCPP/Maps/UEDPIE_0_MainMenuLev
[2025.04.08-17.51.50:316][484]LogWorld: UWorld::CleanupWorld for MainMenuLev, bSessionEnded=true, bCleanupResources=true
[2025.04.08-17.51.50:316][484]LogSlate: InvalidateAllWidgets triggered.  All widgets were invalidated
[2025.04.08-17.51.50:326][484]LogPlayLevel: Display: Shutting down PIE online subsystems
[2025.04.08-17.51.50:327][484]LogSlate: InvalidateAllWidgets triggered.  All widgets were invalidated
[2025.04.08-17.51.50:332][484]LogSlate: Updating window title bar state: overlay mode, drag disabled, window buttons hidden, title bar hidden
[2025.04.08-17.51.50:332][484]LogAudioMixer: FMixerPlatformXAudio2::StopAudioStream() called
[2025.04.08-17.51.50:333][484]LogAudioMixer: FMixerPlatformXAudio2::StopAudioStream() called
[2025.04.08-17.51.50:337][484]LogUObjectHash: Compacting FUObjectHashTables data took   0.67ms
[2025.04.08-17.51.50:374][486]LogPlayLevel: Display: Destroying online subsystem :Context_8
[2025.04.08-17.51.53:450][670]LogUObjectHash: Compacting FUObjectHashTables data took   0.49ms
[2025.04.08-17.51.53:466][670]LogAssetEditorSubsystem: Opening Asset editor for World /Game/TopDownCPP/Maps/MainMenuLev.MainMenuLev
[2025.04.08-17.51.53:467][670]Cmd: MAP LOAD FILE="../../../../../../Unreal Projects/Top-Down-Puzzle/TopDownPuzzle/Content/TopDownCPP/Maps/MainMenuLev.umap" TEMPLATE=0 SHOWPROGRESS=1 FEATURELEVEL=3
[2025.04.08-17.51.53:467][670]LightingResults: New page: Lighting Build
[2025.04.08-17.51.53:467][670]LoadErrors: New page: Loading map: MainMenuLev.umap
[2025.04.08-17.51.53:468][670]LogWorld: UWorld::CleanupWorld for MainMenuLev, bSessionEnded=true, bCleanupResources=true
[2025.04.08-17.51.53:468][670]LogSlate: InvalidateAllWidgets triggered.  All widgets were invalidated
[2025.04.08-17.51.53:468][670]MapCheck: New page: Map Check
[2025.04.08-17.51.53:468][670]LightingResults: New page: Lighting Build
[2025.04.08-17.51.53:474][670]LogAudio: Display: Audio Device unregistered from world 'None'.
[2025.04.08-17.51.53:475][670]LogUObjectHash: Compacting FUObjectHashTables data took   0.75ms
[2025.04.08-17.51.53:479][670]LogAudio: Display: Audio Device (ID: 1) registered with world 'MainMenuLev'.
[2025.04.08-17.51.53:480][670]LogAIModule: Creating AISystem for world MainMenuLev
[2025.04.08-17.51.53:505][670]LogEditorServer: Finished looking for orphan Actors (0.000 secs)
[2025.04.08-17.51.53:512][670]LogUObjectHash: Compacting FUObjectHashTables data took   0.60ms
[2025.04.08-17.51.53:526][670]Cmd: MAP CHECKDEP NOCLEARLOG
[2025.04.08-17.51.53:526][670]MapCheck: Map check complete: 0 Error(s), 0 Warning(s), took 0.158ms to complete.
[2025.04.08-17.51.53:527][670]LogFileHelpers: Loading map 'MainMenuLev' took 0.060
[2025.04.08-17.52.00:099][ 61]LogTemp: Repeating last play command: Selected Viewport
[2025.04.08-17.52.00:109][ 61]LogPlayLevel: PlayLevel: No blueprints needed recompiling
[2025.04.08-17.52.00:109][ 61]PIE: New page: PIE session: MainMenuLev (08-Apr-2025, 9:52:00 am)
[2025.04.08-17.52.00:109][ 61]LogPlayLevel: Creating play world package: /Game/TopDownCPP/Maps/UEDPIE_0_MainMenuLev
[2025.04.08-17.52.00:112][ 61]LogPlayLevel: PIE: StaticDuplicateObject took: (0.002937s)
[2025.04.08-17.52.00:112][ 61]LogAIModule: Creating AISystem for world MainMenuLev
[2025.04.08-17.52.00:113][ 61]LogPlayLevel: PIE: World Init took: (0.001104s)
[2025.04.08-17.52.00:113][ 61]LogPlayLevel: PIE: Created PIE world by copying editor world from /Game/TopDownCPP/Maps/MainMenuLev.MainMenuLev to /Game/TopDownCPP/Maps/UEDPIE_0_MainMenuLev.MainMenuLev (0.004181s)
[2025.04.08-17.52.00:120][ 61]LogUObjectHash: Compacting FUObjectHashTables data took   0.68ms
[2025.04.08-17.52.00:120][ 61]LogAudio: Display: Creating Audio Device:                 Id: 10, Scope: Unique, Realtime: True
[2025.04.08-17.52.00:120][ 61]LogAudioMixer: Display: Audio Mixer Platform Settings:
[2025.04.08-17.52.00:120][ 61]LogAudioMixer: Display: 	Sample Rate:						  48000
[2025.04.08-17.52.00:120][ 61]LogAudioMixer: Display: 	Callback Buffer Frame Size Requested: 1024
[2025.04.08-17.52.00:120][ 61]LogAudioMixer: Display: 	Callback Buffer Frame Size To Use:	  1024
[2025.04.08-17.52.00:120][ 61]LogAudioMixer: Display: 	Number of buffers to queue:			  2
[2025.04.08-17.52.00:120][ 61]LogAudioMixer: Display: 	Max Channels (voices):				  32
[2025.04.08-17.52.00:120][ 61]LogAudioMixer: Display: 	Number of Async Source Workers:		  0
[2025.04.08-17.52.00:120][ 61]LogAudio: Display: AudioDevice MaxSources: 32
[2025.04.08-17.52.00:121][ 61]LogAudio: Display: Audio Spatialization Plugin: None (built-in).
[2025.04.08-17.52.00:121][ 61]LogAudio: Display: Audio Reverb Plugin: None (built-in).
[2025.04.08-17.52.00:121][ 61]LogAudio: Display: Audio Occlusion Plugin: None (built-in).
[2025.04.08-17.52.00:121][ 61]LogAudioMixer: Display: Initializing audio mixer.
[2025.04.08-17.52.00:124][ 61]LogAudioMixer: Display: 0: FrontLeft
[2025.04.08-17.52.00:124][ 61]LogAudioMixer: Display: 1: FrontRight
[2025.04.08-17.52.00:138][ 61]LogAudioMixer: Display: Using Audio Device Headphone (Realtek(R) Audio)
[2025.04.08-17.52.00:139][ 61]LogAudioMixer: Display: Initializing Sound Submixes...
[2025.04.08-17.52.00:139][ 61]LogAudioMixer: Display: Creating Master Submix 'MasterSubmixDefault'
[2025.04.08-17.52.00:139][ 61]LogAudioMixer: Display: Creating Master Submix 'MasterReverbSubmixDefault'
[2025.04.08-17.52.00:139][ 61]LogAudioMixer: Display: Creating Master Submix 'MasterEQSubmixDefault'
[2025.04.08-17.52.00:139][ 61]LogAudioMixer: FMixerPlatformXAudio2::StartAudioStream() called
[2025.04.08-17.52.00:139][ 61]LogAudioMixer: Display: Output buffers initialized: Frames=1024, Channels=2, Samples=2048
[2025.04.08-17.52.00:140][ 61]LogAudioMixer: Display: Starting AudioMixerPlatformInterface::RunInternal()
[2025.04.08-17.52.00:140][ 61]LogAudioMixer: Display: FMixerPlatformXAudio2::SubmitBuffer() called for the first time
[2025.04.08-17.52.00:140][ 61]LogInit: FAudioDevice initialized.
[2025.04.08-17.52.00:140][ 61]LogAudio: Display: Audio Device (ID: 10) registered with world 'MainMenuLev'.
[2025.04.08-17.52.00:149][ 61]LogLoad: Game class is 'NewGameMode_C'
[2025.04.08-17.52.00:150][ 61]LogWorld: Bringing World /Game/TopDownCPP/Maps/UEDPIE_0_MainMenuLev.MainMenuLev up for play (max tick rate 60) at 2025.04.08-13.52.00
[2025.04.08-17.52.00:150][ 61]LogWorld: Bringing up level for play took: 0.000369
[2025.04.08-17.52.00:150][ 61]LogOnline: OSS: Creating online subsystem instance for: :Context_9
[2025.04.08-17.52.00:152][ 61]PIE: Server logged in
[2025.04.08-17.52.00:154][ 61]PIE: Play in editor total start time 0.048 seconds.
[2025.04.08-17.52.14:381][903]LogPackageName: SearchForPackageOnDisk took   0.178s, but failed to resolve Tutoria1.umap.
[2025.04.08-17.52.14:559][903]LogPackageName: SearchForPackageOnDisk took   0.177s, but failed to resolve Tutoria1.umap.
[2025.04.08-17.52.14:559][903]LogNet: Browse: /Game/TopDownCPP/Maps/Ui/MainMenuLev
[2025.04.08-17.52.14:559][903]LogNet: Warning: Travel Failure: [InvalidURL]: Invalid URL: /Game/TopDownCPP/Maps/Ui/MainMenuLev
[2025.04.08-17.52.14:559][903]LogNet: Warning: TravelFailure: InvalidURL, Reason for Failure: 'Invalid URL: /Game/TopDownCPP/Maps/Ui/MainMenuLev'. Shutting down PIE.
[2025.04.08-17.52.14:559][903]PIE: Warning: TravelFailure: InvalidURL, Reason for Failure: 'Invalid URL: /Game/TopDownCPP/Maps/Ui/MainMenuLev'. Shutting down PIE.
[2025.04.08-17.52.14:559][903]LogNet: Warning: Travel Failure: [ClientTravelFailure]: Invalid URL: /Game/TopDownCPP/Maps/Ui/MainMenuLev
[2025.04.08-17.52.14:559][903]LogNet: Warning: TravelFailure: ClientTravelFailure, Reason for Failure: 'Invalid URL: /Game/TopDownCPP/Maps/Ui/MainMenuLev'. Shutting down PIE.
[2025.04.08-17.52.14:559][903]PIE: Warning: TravelFailure: ClientTravelFailure, Reason for Failure: 'Invalid URL: /Game/TopDownCPP/Maps/Ui/MainMenuLev'. Shutting down PIE.
[2025.04.08-17.52.14:588][903]LogSlate: Updating window title bar state: overlay mode, drag disabled, window buttons hidden, title bar hidden
[2025.04.08-17.52.14:588][903]LogWorld: BeginTearingDown for /Game/TopDownCPP/Maps/UEDPIE_0_MainMenuLev
[2025.04.08-17.52.14:588][903]LogWorld: UWorld::CleanupWorld for MainMenuLev, bSessionEnded=true, bCleanupResources=true
[2025.04.08-17.52.14:589][903]LogSlate: InvalidateAllWidgets triggered.  All widgets were invalidated
[2025.04.08-17.52.14:600][903]LogPlayLevel: Display: Shutting down PIE online subsystems
[2025.04.08-17.52.14:603][903]LogSlate: InvalidateAllWidgets triggered.  All widgets were invalidated
[2025.04.08-17.52.14:609][903]LogSlate: Updating window title bar state: overlay mode, drag disabled, window buttons hidden, title bar hidden
[2025.04.08-17.52.14:609][903]LogAudioMixer: FMixerPlatformXAudio2::StopAudioStream() called
[2025.04.08-17.52.14:610][903]LogAudioMixer: FMixerPlatformXAudio2::StopAudioStream() called
[2025.04.08-17.52.14:615][903]LogUObjectHash: Compacting FUObjectHashTables data took   0.63ms
[2025.04.08-17.52.14:693][904]LogPlayLevel: Display: Destroying online subsystem :Context_9
[2025.04.08-17.52.16:425][  7]LogSlate: Window 'Message Log' being destroyed
[2025.04.08-17.52.16:437][  7]LogSlate: Window 'Message Log' being destroyed
[2025.04.08-17.52.18:400][125]LogObjectTools: Deleting 1 worlds: /Game/TopDownCPP/Maps/MainMenuLev.MainMenuLev
[2025.04.08-17.52.18:400][125]LogObjectTools: Currently 1 active worlds: /Game/TopDownCPP/Maps/MainMenuLev.MainMenuLev
[2025.04.08-17.52.19:545][125]LogSlate: Window 'Unable to delete level' being destroyed
[2025.04.08-17.52.19:558][125]Message dialog closed, result: Ok, title: Unable to delete level, text: Unable to delete level while it is open
[2025.04.08-17.52.20:866][203]Cmd: SELECT NONE
[2025.04.08-17.52.24:921][446]LogObjectTools: Deleting 1 worlds: /Game/TopDownCPP/Maps/MainMenuLev.MainMenuLev
[2025.04.08-17.52.24:921][446]LogObjectTools: Currently 1 active worlds: /Game/TopDownCPP/Maps/MainMenuLev.MainMenuLev
[2025.04.08-17.52.28:967][446]LogSlate: Window 'Unable to delete level' being destroyed
[2025.04.08-17.52.28:977][446]Message dialog closed, result: Ok, title: Unable to delete level, text: Unable to delete level while it is open
[2025.04.08-17.52.29:789][495]LogUObjectHash: Compacting FUObjectHashTables data took   0.73ms
[2025.04.08-17.52.30:092][495]LogAssetEditorSubsystem: Opening Asset editor for World /Game/TopDownCPP/Maps/Tutorial1.Tutorial1
[2025.04.08-17.52.30:092][495]Cmd: MAP LOAD FILE="../../../../../../Unreal Projects/Top-Down-Puzzle/TopDownPuzzle/Content/TopDownCPP/Maps/Tutorial1.umap" TEMPLATE=0 SHOWPROGRESS=1 FEATURELEVEL=3
[2025.04.08-17.52.30:092][495]LightingResults: New page: Lighting Build
[2025.04.08-17.52.30:092][495]LoadErrors: New page: Loading map: Tutorial1.umap
[2025.04.08-17.52.30:093][495]LogWorld: UWorld::CleanupWorld for MainMenuLev, bSessionEnded=true, bCleanupResources=true
[2025.04.08-17.52.30:093][495]LogSlate: InvalidateAllWidgets triggered.  All widgets were invalidated
[2025.04.08-17.52.30:093][495]MapCheck: New page: Map Check
[2025.04.08-17.52.30:093][495]LightingResults: New page: Lighting Build
[2025.04.08-17.52.30:099][495]LogAudio: Display: Audio Device unregistered from world 'None'.
[2025.04.08-17.52.30:101][495]LogUObjectHash: Compacting FUObjectHashTables data took   0.85ms
[2025.04.08-17.52.30:101][495]LogAudio: Display: Audio Device (ID: 1) registered with world 'Tutorial1'.
[2025.04.08-17.52.30:158][495]LogEditorServer: Finished looking for orphan Actors (0.000 secs)
[2025.04.08-17.52.30:158][495]LogAIModule: Creating AISystem for world Tutorial1
[2025.04.08-17.52.30:167][495]LogUObjectHash: Compacting FUObjectHashTables data took   0.64ms
[2025.04.08-17.52.30:180][495]Cmd: MAP CHECKDEP NOCLEARLOG
[2025.04.08-17.52.30:180][495]MapCheck: Map check complete: 0 Error(s), 0 Warning(s), took 0.165ms to complete.
[2025.04.08-17.52.30:180][495]LogFileHelpers: Loading map 'Tutorial1' took 0.088
[2025.04.08-17.52.31:620][577]LogObjectTools: Deleting 1 worlds: /Game/TopDownCPP/Maps/MainMenuLev.MainMenuLev
[2025.04.08-17.52.31:620][577]LogObjectTools: Currently 1 active worlds: /Game/TopDownCPP/Maps/Tutorial1.Tutorial1
[2025.04.08-17.52.31:626][577]LogUObjectHash: Compacting FUObjectHashTables data took   0.26ms
[2025.04.08-17.52.32:983][577]LogSlate: Window 'Delete Assets' being destroyed
[2025.04.08-17.52.33:016][577]LogWorld: UWorld::CleanupWorld for MainMenuLev, bSessionEnded=true, bCleanupResources=true
[2025.04.08-17.52.33:016][577]LogSlate: InvalidateAllWidgets triggered.  All widgets were invalidated
[2025.04.08-17.52.33:079][577]LogUObjectHash: Compacting FUObjectHashTables data took   1.01ms
[2025.04.08-17.52.33:095][577]LogUObjectHash: Compacting FUObjectHashTables data took   0.34ms
[2025.04.08-17.52.33:102][577]LogUObjectHash: Compacting FUObjectHashTables data took   0.36ms
[2025.04.08-17.52.35:419][706]LogUObjectHash: Compacting FUObjectHashTables data took   0.29ms
[2025.04.08-17.52.35:446][706]LogAssetEditorSubsystem: Opening Asset editor for World /Game/TopDownCPP/Maps/Ui/MainMenuLev.MainMenuLev
[2025.04.08-17.52.35:446][706]Cmd: MAP LOAD FILE="../../../../../../Unreal Projects/Top-Down-Puzzle/TopDownPuzzle/Content/TopDownCPP/Maps/Ui/MainMenuLev.umap" TEMPLATE=0 SHOWPROGRESS=1 FEATURELEVEL=3
[2025.04.08-17.52.35:446][706]LightingResults: New page: Lighting Build
[2025.04.08-17.52.35:446][706]LoadErrors: New page: Loading map: MainMenuLev.umap
[2025.04.08-17.52.35:448][706]LogWorld: UWorld::CleanupWorld for Tutorial1, bSessionEnded=true, bCleanupResources=true
[2025.04.08-17.52.35:448][706]LogSlate: InvalidateAllWidgets triggered.  All widgets were invalidated
[2025.04.08-17.52.35:448][706]MapCheck: New page: Map Check
[2025.04.08-17.52.35:448][706]LightingResults: New page: Lighting Build
[2025.04.08-17.52.35:456][706]LogAudio: Display: Audio Device unregistered from world 'None'.
[2025.04.08-17.52.35:458][706]LogUObjectHash: Compacting FUObjectHashTables data took   0.81ms
[2025.04.08-17.52.35:458][706]LogAudio: Display: Audio Device (ID: 1) registered with world 'MainMenuLev'.
[2025.04.08-17.52.35:512][706]LogEditorServer: Finished looking for orphan Actors (0.000 secs)
[2025.04.08-17.52.35:512][706]LogAIModule: Creating AISystem for world MainMenuLev
[2025.04.08-17.52.35:518][706]LogUObjectHash: Compacting FUObjectHashTables data took   0.60ms
[2025.04.08-17.52.35:531][706]Cmd: MAP CHECKDEP NOCLEARLOG
[2025.04.08-17.52.35:532][706]MapCheck: Map check complete: 0 Error(s), 0 Warning(s), took 0.156ms to complete.
[2025.04.08-17.52.35:532][706]LogFileHelpers: Loading map 'MainMenuLev' took 0.085
[2025.04.08-17.52.39:162][918]LogTemp: Repeating last play command: Selected Viewport
[2025.04.08-17.52.39:174][918]LogPlayLevel: PlayLevel: No blueprints needed recompiling
[2025.04.08-17.52.39:174][918]PIE: New page: PIE session: MainMenuLev (08-Apr-2025, 9:52:39 am)
[2025.04.08-17.52.39:213][918]LogPlayLevel: Creating play world package: /Game/TopDownCPP/Maps/Ui/UEDPIE_0_MainMenuLev
[2025.04.08-17.52.39:215][918]LogPlayLevel: PIE: StaticDuplicateObject took: (0.002438s)
[2025.04.08-17.52.39:216][918]LogAIModule: Creating AISystem for world MainMenuLev
[2025.04.08-17.52.39:216][918]LogPlayLevel: PIE: World Init took: (0.000957s)
[2025.04.08-17.52.39:216][918]LogPlayLevel: PIE: Created PIE world by copying editor world from /Game/TopDownCPP/Maps/Ui/MainMenuLev.MainMenuLev to /Game/TopDownCPP/Maps/Ui/UEDPIE_0_MainMenuLev.MainMenuLev (0.003556s)
[2025.04.08-17.52.39:222][918]LogUObjectHash: Compacting FUObjectHashTables data took   0.66ms
[2025.04.08-17.52.39:222][918]LogAudio: Display: Creating Audio Device:                 Id: 11, Scope: Unique, Realtime: True
[2025.04.08-17.52.39:222][918]LogAudioMixer: Display: Audio Mixer Platform Settings:
[2025.04.08-17.52.39:222][918]LogAudioMixer: Display: 	Sample Rate:						  48000
[2025.04.08-17.52.39:222][918]LogAudioMixer: Display: 	Callback Buffer Frame Size Requested: 1024
[2025.04.08-17.52.39:222][918]LogAudioMixer: Display: 	Callback Buffer Frame Size To Use:	  1024
[2025.04.08-17.52.39:222][918]LogAudioMixer: Display: 	Number of buffers to queue:			  2
[2025.04.08-17.52.39:222][918]LogAudioMixer: Display: 	Max Channels (voices):				  32
[2025.04.08-17.52.39:222][918]LogAudioMixer: Display: 	Number of Async Source Workers:		  0
[2025.04.08-17.52.39:222][918]LogAudio: Display: AudioDevice MaxSources: 32
[2025.04.08-17.52.39:222][918]LogAudio: Display: Audio Spatialization Plugin: None (built-in).
[2025.04.08-17.52.39:222][918]LogAudio: Display: Audio Reverb Plugin: None (built-in).
[2025.04.08-17.52.39:222][918]LogAudio: Display: Audio Occlusion Plugin: None (built-in).
[2025.04.08-17.52.39:222][918]LogAudioMixer: Display: Initializing audio mixer.
[2025.04.08-17.52.39:227][918]LogAudioMixer: Display: 0: FrontLeft
[2025.04.08-17.52.39:227][918]LogAudioMixer: Display: 1: FrontRight
[2025.04.08-17.52.39:241][918]LogAudioMixer: Display: Using Audio Device Headphone (Realtek(R) Audio)
[2025.04.08-17.52.39:241][918]LogAudioMixer: Display: Initializing Sound Submixes...
[2025.04.08-17.52.39:241][918]LogAudioMixer: Display: Creating Master Submix 'MasterSubmixDefault'
[2025.04.08-17.52.39:241][918]LogAudioMixer: Display: Creating Master Submix 'MasterReverbSubmixDefault'
[2025.04.08-17.52.39:241][918]LogAudioMixer: Display: Creating Master Submix 'MasterEQSubmixDefault'
[2025.04.08-17.52.39:241][918]LogAudioMixer: FMixerPlatformXAudio2::StartAudioStream() called
[2025.04.08-17.52.39:241][918]LogAudioMixer: Display: Output buffers initialized: Frames=1024, Channels=2, Samples=2048
[2025.04.08-17.52.39:243][918]LogAudioMixer: Display: Starting AudioMixerPlatformInterface::RunInternal()
[2025.04.08-17.52.39:243][918]LogAudioMixer: Display: FMixerPlatformXAudio2::SubmitBuffer() called for the first time
[2025.04.08-17.52.39:243][918]LogInit: FAudioDevice initialized.
[2025.04.08-17.52.39:243][918]LogAudio: Display: Audio Device (ID: 11) registered with world 'MainMenuLev'.
[2025.04.08-17.52.39:252][918]LogLoad: Game class is 'NewGameMode_C'
[2025.04.08-17.52.39:253][918]LogWorld: Bringing World /Game/TopDownCPP/Maps/Ui/UEDPIE_0_MainMenuLev.MainMenuLev up for play (max tick rate 60) at 2025.04.08-13.52.39
[2025.04.08-17.52.39:253][918]LogWorld: Bringing up level for play took: 0.000445
[2025.04.08-17.52.39:253][918]LogOnline: OSS: Creating online subsystem instance for: :Context_10
[2025.04.08-17.52.39:256][918]PIE: Server logged in
[2025.04.08-17.52.39:257][918]PIE: Play in editor total start time 0.086 seconds.
[2025.04.08-17.52.40:854][  3]LogPackageName: SearchForPackageOnDisk took   0.173s, but failed to resolve Tutoria1.umap.
[2025.04.08-17.52.41:027][  3]LogPackageName: SearchForPackageOnDisk took   0.172s, but failed to resolve Tutoria1.umap.
[2025.04.08-17.52.41:027][  3]LogNet: Browse: /Game/TopDownCPP/Maps/Ui/MainMenuLev
[2025.04.08-17.52.41:027][  3]LogNet: Warning: Travel Failure: [InvalidURL]: Invalid URL: /Game/TopDownCPP/Maps/Ui/MainMenuLev
[2025.04.08-17.52.41:027][  3]LogNet: Warning: TravelFailure: InvalidURL, Reason for Failure: 'Invalid URL: /Game/TopDownCPP/Maps/Ui/MainMenuLev'. Shutting down PIE.
[2025.04.08-17.52.41:028][  3]PIE: Warning: TravelFailure: InvalidURL, Reason for Failure: 'Invalid URL: /Game/TopDownCPP/Maps/Ui/MainMenuLev'. Shutting down PIE.
[2025.04.08-17.52.41:028][  3]LogNet: Warning: Travel Failure: [ClientTravelFailure]: Invalid URL: /Game/TopDownCPP/Maps/Ui/MainMenuLev
[2025.04.08-17.52.41:028][  3]LogNet: Warning: TravelFailure: ClientTravelFailure, Reason for Failure: 'Invalid URL: /Game/TopDownCPP/Maps/Ui/MainMenuLev'. Shutting down PIE.
[2025.04.08-17.52.41:028][  3]PIE: Warning: TravelFailure: ClientTravelFailure, Reason for Failure: 'Invalid URL: /Game/TopDownCPP/Maps/Ui/MainMenuLev'. Shutting down PIE.
[2025.04.08-17.52.41:066][  3]LogSlate: Updating window title bar state: overlay mode, drag disabled, window buttons hidden, title bar hidden
[2025.04.08-17.52.41:066][  3]LogWorld: BeginTearingDown for /Game/TopDownCPP/Maps/Ui/UEDPIE_0_MainMenuLev
[2025.04.08-17.52.41:066][  3]LogWorld: UWorld::CleanupWorld for MainMenuLev, bSessionEnded=true, bCleanupResources=true
[2025.04.08-17.52.41:066][  3]LogSlate: InvalidateAllWidgets triggered.  All widgets were invalidated
[2025.04.08-17.52.41:077][  3]LogPlayLevel: Display: Shutting down PIE online subsystems
[2025.04.08-17.52.41:078][  3]LogSlate: InvalidateAllWidgets triggered.  All widgets were invalidated
[2025.04.08-17.52.41:082][  3]LogSlate: Updating window title bar state: overlay mode, drag disabled, window buttons hidden, title bar hidden
[2025.04.08-17.52.41:083][  3]LogAudioMixer: FMixerPlatformXAudio2::StopAudioStream() called
[2025.04.08-17.52.41:084][  3]LogAudioMixer: FMixerPlatformXAudio2::StopAudioStream() called
[2025.04.08-17.52.41:088][  3]LogUObjectHash: Compacting FUObjectHashTables data took   0.69ms
[2025.04.08-17.52.41:164][  4]LogPlayLevel: Display: Destroying online subsystem :Context_10
[2025.04.08-17.52.42:919][108]LogSlate: Window 'Message Log' being destroyed
[2025.04.08-17.52.42:932][108]LogSlate: Window 'Message Log' being destroyed
[2025.04.08-17.53.10:492][309]LogSavePackage: Moving '../../../../../../Unreal Projects/Top-Down-Puzzle/TopDownPuzzle/Saved/MainMenuLev_BuiltData9AB07FB94E92CEC54B9213A24524BF39.tmp' to '../../../../../../Unreal Projects/Top-Down-Puzzle/TopDownPuzzle/Content/TopDownCPP/Maps/MainMenuLev_BuiltData.uasset'
[2025.04.08-17.53.10:502][309]LogUObjectHash: Compacting FUObjectHashTables data took   0.81ms
[2025.04.08-17.53.10:508][309]LogSavePackage: Moving '../../../../../../Unreal Projects/Top-Down-Puzzle/TopDownPuzzle/Saved/MainMenuLev94504C8A4EB546F09931A6A7920953EA.tmp' to '../../../../../../Unreal Projects/Top-Down-Puzzle/TopDownPuzzle/Content/TopDownCPP/Maps/MainMenuLev.umap'
[2025.04.08-17.53.10:525][309]LogFileHelpers: Saving map 'MainMenuLev' took 0.031
[2025.04.08-17.53.10:589][309]LogUObjectHash: Compacting FUObjectHashTables data took   0.29ms
[2025.04.08-17.53.10:595][309]LogUObjectHash: Compacting FUObjectHashTables data took   0.28ms
[2025.04.08-17.53.10:608][309]LogUObjectHash: Compacting FUObjectHashTables data took   1.06ms
[2025.04.08-17.53.10:614][309]LogUObjectHash: Compacting FUObjectHashTables data took   0.27ms
[2025.04.08-17.53.10:647][309]AssetCheck: New page: Asset Save: multiple assets
[2025.04.08-17.53.10:647][309]LogContentValidation: Display: Validating MapBuildDataRegistry /Game/TopDownCPP/Maps/MainMenuLev_BuiltData.MainMenuLev_BuiltData
[2025.04.08-17.53.10:647][309]LogContentValidation: Display: Validating World /Game/TopDownCPP/Maps/MainMenuLev.MainMenuLev
[2025.04.08-17.53.14:969][568]LogUObjectHash: Compacting FUObjectHashTables data took   0.60ms
[2025.04.08-17.53.14:990][568]LogAssetEditorSubsystem: Opening Asset editor for World /Game/TopDownCPP/Maps/MainMenuLev.MainMenuLev
[2025.04.08-17.53.14:990][568]Cmd: MAP LOAD FILE="../../../../../../Unreal Projects/Top-Down-Puzzle/TopDownPuzzle/Content/TopDownCPP/Maps/MainMenuLev.umap" TEMPLATE=0 SHOWPROGRESS=1 FEATURELEVEL=3
[2025.04.08-17.53.14:990][568]LightingResults: New page: Lighting Build
[2025.04.08-17.53.14:990][568]LoadErrors: New page: Loading map: MainMenuLev.umap
[2025.04.08-17.53.14:992][568]LogWorld: UWorld::CleanupWorld for MainMenuLev, bSessionEnded=true, bCleanupResources=true
[2025.04.08-17.53.14:992][568]LogSlate: InvalidateAllWidgets triggered.  All widgets were invalidated
[2025.04.08-17.53.14:992][568]MapCheck: New page: Map Check
[2025.04.08-17.53.14:992][568]LightingResults: New page: Lighting Build
[2025.04.08-17.53.14:999][568]LogAudio: Display: Audio Device unregistered from world 'None'.
[2025.04.08-17.53.15:000][568]LogUObjectHash: Compacting FUObjectHashTables data took   0.73ms
[2025.04.08-17.53.15:006][568]LogAudio: Display: Audio Device (ID: 1) registered with world 'MainMenuLev'.
[2025.04.08-17.53.15:007][568]LogAIModule: Creating AISystem for world MainMenuLev
[2025.04.08-17.53.15:062][568]LogEditorServer: Finished looking for orphan Actors (0.000 secs)
[2025.04.08-17.53.15:068][568]LogUObjectHash: Compacting FUObjectHashTables data took   0.64ms
[2025.04.08-17.53.15:082][568]Cmd: MAP CHECKDEP NOCLEARLOG
[2025.04.08-17.53.15:082][568]MapCheck: Map check complete: 0 Error(s), 0 Warning(s), took 0.196ms to complete.
[2025.04.08-17.53.15:082][568]LogFileHelpers: Loading map 'MainMenuLev' took 0.093
[2025.04.08-17.53.16:934][675]LogTemp: Repeating last play command: Selected Viewport
[2025.04.08-17.53.16:947][675]LogPlayLevel: PlayLevel: No blueprints needed recompiling
[2025.04.08-17.53.16:948][675]PIE: New page: PIE session: MainMenuLev (08-Apr-2025, 9:53:16 am)
[2025.04.08-17.53.16:948][675]LogPlayLevel: Creating play world package: /Game/TopDownCPP/Maps/UEDPIE_0_MainMenuLev
[2025.04.08-17.53.16:953][675]LogPlayLevel: PIE: StaticDuplicateObject took: (0.004692s)
[2025.04.08-17.53.16:954][675]LogAIModule: Creating AISystem for world MainMenuLev
[2025.04.08-17.53.16:955][675]LogPlayLevel: PIE: World Init took: (0.001603s)
[2025.04.08-17.53.16:955][675]LogPlayLevel: PIE: Created PIE world by copying editor world from /Game/TopDownCPP/Maps/MainMenuLev.MainMenuLev to /Game/TopDownCPP/Maps/UEDPIE_0_MainMenuLev.MainMenuLev (0.006536s)
[2025.04.08-17.53.16:961][675]LogUObjectHash: Compacting FUObjectHashTables data took   0.68ms
[2025.04.08-17.53.16:961][675]LogAudio: Display: Creating Audio Device:                 Id: 12, Scope: Unique, Realtime: True
[2025.04.08-17.53.16:961][675]LogAudioMixer: Display: Audio Mixer Platform Settings:
[2025.04.08-17.53.16:961][675]LogAudioMixer: Display: 	Sample Rate:						  48000
[2025.04.08-17.53.16:961][675]LogAudioMixer: Display: 	Callback Buffer Frame Size Requested: 1024
[2025.04.08-17.53.16:961][675]LogAudioMixer: Display: 	Callback Buffer Frame Size To Use:	  1024
[2025.04.08-17.53.16:961][675]LogAudioMixer: Display: 	Number of buffers to queue:			  2
[2025.04.08-17.53.16:961][675]LogAudioMixer: Display: 	Max Channels (voices):				  32
[2025.04.08-17.53.16:961][675]LogAudioMixer: Display: 	Number of Async Source Workers:		  0
[2025.04.08-17.53.16:961][675]LogAudio: Display: AudioDevice MaxSources: 32
[2025.04.08-17.53.16:962][675]LogAudio: Display: Audio Spatialization Plugin: None (built-in).
[2025.04.08-17.53.16:962][675]LogAudio: Display: Audio Reverb Plugin: None (built-in).
[2025.04.08-17.53.16:962][675]LogAudio: Display: Audio Occlusion Plugin: None (built-in).
[2025.04.08-17.53.16:962][675]LogAudioMixer: Display: Initializing audio mixer.
[2025.04.08-17.53.16:965][675]LogAudioMixer: Display: 0: FrontLeft
[2025.04.08-17.53.16:965][675]LogAudioMixer: Display: 1: FrontRight
[2025.04.08-17.53.16:982][675]LogAudioMixer: Display: Using Audio Device Headphone (Realtek(R) Audio)
[2025.04.08-17.53.16:985][675]LogAudioMixer: Display: Initializing Sound Submixes...
[2025.04.08-17.53.16:985][675]LogAudioMixer: Display: Creating Master Submix 'MasterSubmixDefault'
[2025.04.08-17.53.16:985][675]LogAudioMixer: Display: Creating Master Submix 'MasterReverbSubmixDefault'
[2025.04.08-17.53.16:985][675]LogAudioMixer: Display: Creating Master Submix 'MasterEQSubmixDefault'
[2025.04.08-17.53.16:985][675]LogAudioMixer: FMixerPlatformXAudio2::StartAudioStream() called
[2025.04.08-17.53.16:985][675]LogAudioMixer: Display: Output buffers initialized: Frames=1024, Channels=2, Samples=2048
[2025.04.08-17.53.16:987][675]LogAudioMixer: Display: Starting AudioMixerPlatformInterface::RunInternal()
[2025.04.08-17.53.16:987][675]LogAudioMixer: Display: FMixerPlatformXAudio2::SubmitBuffer() called for the first time
[2025.04.08-17.53.16:987][675]LogInit: FAudioDevice initialized.
[2025.04.08-17.53.16:987][675]LogAudio: Display: Audio Device (ID: 12) registered with world 'MainMenuLev'.
[2025.04.08-17.53.16:993][675]LogLoad: Game class is 'NewGameMode_C'
[2025.04.08-17.53.16:994][675]LogWorld: Bringing World /Game/TopDownCPP/Maps/UEDPIE_0_MainMenuLev.MainMenuLev up for play (max tick rate 60) at 2025.04.08-13.53.16
[2025.04.08-17.53.16:994][675]LogWorld: Bringing up level for play took: 0.000502
[2025.04.08-17.53.16:994][675]LogOnline: OSS: Creating online subsystem instance for: :Context_11
[2025.04.08-17.53.16:997][675]PIE: Server logged in
[2025.04.08-17.53.16:997][675]PIE: Play in editor total start time 0.054 seconds.
[2025.04.08-17.53.18:495][754]LogPackageName: SearchForPackageOnDisk took   0.172s, but failed to resolve Tutoria1.umap.
[2025.04.08-17.53.18:495][754]LogLevel: Warning: WARNING: The map '/Game/TopDownCPP/Maps/Ui/MainMenuLev' does not exist.
[2025.04.08-17.53.18:668][754]LogPackageName: SearchForPackageOnDisk took   0.172s, but failed to resolve Tutoria1.umap.
[2025.04.08-17.53.18:668][754]LogNet: Browse: /Game/TopDownCPP/Maps/Ui/MainMenuLev
[2025.04.08-17.53.18:668][754]LogNet: Warning: Travel Failure: [InvalidURL]: Invalid URL: /Game/TopDownCPP/Maps/Ui/MainMenuLev
[2025.04.08-17.53.18:668][754]LogNet: Warning: TravelFailure: InvalidURL, Reason for Failure: 'Invalid URL: /Game/TopDownCPP/Maps/Ui/MainMenuLev'. Shutting down PIE.
[2025.04.08-17.53.18:668][754]PIE: Warning: TravelFailure: InvalidURL, Reason for Failure: 'Invalid URL: /Game/TopDownCPP/Maps/Ui/MainMenuLev'. Shutting down PIE.
[2025.04.08-17.53.18:668][754]LogNet: Warning: Travel Failure: [ClientTravelFailure]: Invalid URL: /Game/TopDownCPP/Maps/Ui/MainMenuLev
[2025.04.08-17.53.18:668][754]LogNet: Warning: TravelFailure: ClientTravelFailure, Reason for Failure: 'Invalid URL: /Game/TopDownCPP/Maps/Ui/MainMenuLev'. Shutting down PIE.
[2025.04.08-17.53.18:668][754]PIE: Warning: TravelFailure: ClientTravelFailure, Reason for Failure: 'Invalid URL: /Game/TopDownCPP/Maps/Ui/MainMenuLev'. Shutting down PIE.
[2025.04.08-17.53.18:696][754]LogSlate: Updating window title bar state: overlay mode, drag disabled, window buttons hidden, title bar hidden
[2025.04.08-17.53.18:696][754]LogWorld: BeginTearingDown for /Game/TopDownCPP/Maps/UEDPIE_0_MainMenuLev
[2025.04.08-17.53.18:696][754]LogWorld: UWorld::CleanupWorld for MainMenuLev, bSessionEnded=true, bCleanupResources=true
[2025.04.08-17.53.18:696][754]LogSlate: InvalidateAllWidgets triggered.  All widgets were invalidated
[2025.04.08-17.53.18:707][754]LogPlayLevel: Display: Shutting down PIE online subsystems
[2025.04.08-17.53.18:708][754]LogSlate: InvalidateAllWidgets triggered.  All widgets were invalidated
[2025.04.08-17.53.18:713][754]LogSlate: Updating window title bar state: overlay mode, drag disabled, window buttons hidden, title bar hidden
[2025.04.08-17.53.18:713][754]LogAudioMixer: FMixerPlatformXAudio2::StopAudioStream() called
[2025.04.08-17.53.18:714][754]LogAudioMixer: FMixerPlatformXAudio2::StopAudioStream() called
[2025.04.08-17.53.18:717][754]LogUObjectHash: Compacting FUObjectHashTables data took   0.62ms
[2025.04.08-17.53.18:803][755]LogPlayLevel: Display: Destroying online subsystem :Context_11
[2025.04.08-17.53.25:049][129]LogSlate: Window 'Message Log' being destroyed
[2025.04.08-17.53.25:060][129]LogSlate: Window 'Message Log' being destroyed
[2025.04.08-17.54.19:830][436]Candidate modules for hot reload:
[2025.04.08-17.54.19:830][436]  TopDownPuzzle
[2025.04.08-17.54.19:830][436]Launching UnrealBuildTool... [C:/Program Files/UE/UE_4.27/Engine/Binaries/DotNET/UnrealBuildTool.exe  -ModuleWithSuffix=TopDownPuzzle,3732 TopDownPuzzleEditor Win64 Development -Project="C:/Unreal Projects/Top-Down-Puzzle/TopDownPuzzle/TopDownPuzzle.uproject" "C:/Unreal Projects/Top-Down-Puzzle/TopDownPuzzle/TopDownPuzzle.uproject"  -IgnoreJunk]
[2025.04.08-17.54.19:835][436]Warning: Starting HotReload took  0.0s.
[2025.04.08-17.54.25:928][790]CompilerResultsLog: New page: Compilation - 08-Apr-2025, 9:54:25 am
[2025.04.08-17.54.25:928][790]CompilerResultsLog: Using 'git status' to determine working set for adaptive non-unity build (C:\Unreal Projects\Top-Down-Puzzle).
[2025.04.08-17.54.25:928][790]CompilerResultsLog: Building TopDownPuzzleEditor...
[2025.04.08-17.54.25:928][790]CompilerResultsLog: Using Visual Studio 2022 14.43.34808 toolchain (C:\Program Files\Microsoft Visual Studio\2022\Community\VC\Tools\MSVC\14.43.34808) and Windows 10.0.22621.0 SDK (C:\Program Files (x86)\Windows Kits\10).
[2025.04.08-17.54.25:928][790]CompilerResultsLog: Building 4 actions with 8 processes...
[2025.04.08-17.54.25:928][790]CompilerResultsLog:   [1/4] MainMenuWidget.cpp
[2025.04.08-17.54.25:928][790]CompilerResultsLog:   [2/4] UE4Editor-TopDownPuzzle-3732.lib
[2025.04.08-17.54.25:928][790]CompilerResultsLog:      Creating library C:\Unreal Projects\Top-Down-Puzzle\TopDownPuzzle\Intermediate\Build\Win64\UE4Editor\Development\TopDownPuzzle\UE4Editor-TopDownPuzzle-3732.lib and object C:\Unreal Projects\Top-Down-Puzzle\TopDownPuzzle\Intermediate\Build\Win64\UE4Editor\Development\TopDownPuzzle\UE4Editor-TopDownPuzzle-3732.exp
[2025.04.08-17.54.25:928][790]CompilerResultsLog:   [3/4] UE4Editor-TopDownPuzzle-3732.dll
[2025.04.08-17.54.25:928][790]CompilerResultsLog:      Creating library C:\Unreal Projects\Top-Down-Puzzle\TopDownPuzzle\Intermediate\Build\Win64\UE4Editor\Development\TopDownPuzzle\UE4Editor-TopDownPuzzle-3732.suppressed.lib and object C:\Unreal Projects\Top-Down-Puzzle\TopDownPuzzle\Intermediate\Build\Win64\UE4Editor\Development\TopDownPuzzle\UE4Editor-TopDownPuzzle-3732.suppressed.exp
[2025.04.08-17.54.25:928][790]CompilerResultsLog:   [4/4] TopDownPuzzleEditor.target
[2025.04.08-17.54.25:928][790]CompilerResultsLog: Total time in Parallel executor: 4.74 seconds
[2025.04.08-17.54.25:928][790]CompilerResultsLog: Total execution time: 5.98 seconds
[2025.04.08-17.54.25:928][790]LogMainFrame: MainFrame: Module compiling took 6.103 seconds
[2025.04.08-17.54.25:971][790]LogHotReload: Re-instancing DoorTrigger after hot-reload.
[2025.04.08-17.54.25:978][790]LogNativeClassHierarchy: Verbose: Native class hierarchy updated for 'TopDownPuzzle' in 0.0003 seconds. Added 5 classes and 2 folders.
[2025.04.08-17.54.25:980][790]Display: HotReload successful (5 functions remapped  0 scriptstructs remapped)
[2025.04.08-17.54.26:019][790]LogNativeClassHierarchy: Verbose: Native class hierarchy populated in 0.0085 seconds. Added 3827 classes and 930 folders.
[2025.04.08-17.54.26:023][790]Display: HotReload took  6.2s.
[2025.04.08-17.54.27:754][888]LogTemp: Repeating last play command: Selected Viewport
[2025.04.08-17.54.27:764][888]LogPlayLevel: PlayLevel: No blueprints needed recompiling
[2025.04.08-17.54.27:765][888]PIE: New page: PIE session: MainMenuLev (08-Apr-2025, 9:54:27 am)
[2025.04.08-17.54.27:765][888]LogPlayLevel: Creating play world package: /Game/TopDownCPP/Maps/UEDPIE_0_MainMenuLev
[2025.04.08-17.54.27:768][888]LogPlayLevel: PIE: StaticDuplicateObject took: (0.003002s)
[2025.04.08-17.54.27:769][888]LogAIModule: Creating AISystem for world MainMenuLev
[2025.04.08-17.54.27:769][888]LogPlayLevel: PIE: World Init took: (0.001596s)
[2025.04.08-17.54.27:770][888]LogPlayLevel: PIE: Created PIE world by copying editor world from /Game/TopDownCPP/Maps/MainMenuLev.MainMenuLev to /Game/TopDownCPP/Maps/UEDPIE_0_MainMenuLev.MainMenuLev (0.004855s)
[2025.04.08-17.54.27:776][888]LogUObjectHash: Compacting FUObjectHashTables data took   0.72ms
[2025.04.08-17.54.27:777][888]LogAudio: Display: Creating Audio Device:                 Id: 13, Scope: Unique, Realtime: True
[2025.04.08-17.54.27:777][888]LogAudioMixer: Display: Audio Mixer Platform Settings:
[2025.04.08-17.54.27:777][888]LogAudioMixer: Display: 	Sample Rate:						  48000
[2025.04.08-17.54.27:777][888]LogAudioMixer: Display: 	Callback Buffer Frame Size Requested: 1024
[2025.04.08-17.54.27:777][888]LogAudioMixer: Display: 	Callback Buffer Frame Size To Use:	  1024
[2025.04.08-17.54.27:777][888]LogAudioMixer: Display: 	Number of buffers to queue:			  2
[2025.04.08-17.54.27:777][888]LogAudioMixer: Display: 	Max Channels (voices):				  32
[2025.04.08-17.54.27:777][888]LogAudioMixer: Display: 	Number of Async Source Workers:		  0
[2025.04.08-17.54.27:777][888]LogAudio: Display: AudioDevice MaxSources: 32
[2025.04.08-17.54.27:777][888]LogAudio: Display: Audio Spatialization Plugin: None (built-in).
[2025.04.08-17.54.27:777][888]LogAudio: Display: Audio Reverb Plugin: None (built-in).
[2025.04.08-17.54.27:777][888]LogAudio: Display: Audio Occlusion Plugin: None (built-in).
[2025.04.08-17.54.27:777][888]LogAudioMixer: Display: Initializing audio mixer.
[2025.04.08-17.54.27:781][888]LogAudioMixer: Display: 0: FrontLeft
[2025.04.08-17.54.27:781][888]LogAudioMixer: Display: 1: FrontRight
[2025.04.08-17.54.27:798][888]LogAudioMixer: Display: Using Audio Device Headphone (Realtek(R) Audio)
[2025.04.08-17.54.27:798][888]LogAudioMixer: Display: Initializing Sound Submixes...
[2025.04.08-17.54.27:798][888]LogAudioMixer: Display: Creating Master Submix 'MasterSubmixDefault'
[2025.04.08-17.54.27:798][888]LogAudioMixer: Display: Creating Master Submix 'MasterReverbSubmixDefault'
[2025.04.08-17.54.27:798][888]LogAudioMixer: Display: Creating Master Submix 'MasterEQSubmixDefault'
[2025.04.08-17.54.27:798][888]LogAudioMixer: FMixerPlatformXAudio2::StartAudioStream() called
[2025.04.08-17.54.27:799][888]LogAudioMixer: Display: Output buffers initialized: Frames=1024, Channels=2, Samples=2048
[2025.04.08-17.54.27:800][888]LogAudioMixer: Display: Starting AudioMixerPlatformInterface::RunInternal()
[2025.04.08-17.54.27:800][888]LogAudioMixer: Display: FMixerPlatformXAudio2::SubmitBuffer() called for the first time
[2025.04.08-17.54.27:800][888]LogInit: FAudioDevice initialized.
[2025.04.08-17.54.27:800][888]LogAudio: Display: Audio Device (ID: 13) registered with world 'MainMenuLev'.
[2025.04.08-17.54.27:812][888]LogLoad: Game class is 'NewGameMode_C'
[2025.04.08-17.54.27:814][888]LogWorld: Bringing World /Game/TopDownCPP/Maps/UEDPIE_0_MainMenuLev.MainMenuLev up for play (max tick rate 60) at 2025.04.08-13.54.27
[2025.04.08-17.54.27:814][888]LogWorld: Bringing up level for play took: 0.000465
[2025.04.08-17.54.27:814][888]LogOnline: OSS: Creating online subsystem instance for: :Context_12
[2025.04.08-17.54.27:816][888]PIE: Server logged in
[2025.04.08-17.54.27:817][888]PIE: Play in editor total start time 0.055 seconds.
[2025.04.08-17.54.28:857][950]LogNet: Browse: /Game/TopDownCPP/Maps/Tutorial1
[2025.04.08-17.54.28:857][950]LogLoad: LoadMap: /Game/TopDownCPP/Maps/Tutorial1
[2025.04.08-17.54.28:857][950]LogWorld: BeginTearingDown for /Game/TopDownCPP/Maps/UEDPIE_0_MainMenuLev
[2025.04.08-17.54.28:858][950]LogWorld: UWorld::CleanupWorld for MainMenuLev, bSessionEnded=true, bCleanupResources=true
[2025.04.08-17.54.28:858][950]LogSlate: InvalidateAllWidgets triggered.  All widgets were invalidated
[2025.04.08-17.54.28:887][950]LogAudio: Display: Audio Device unregistered from world 'None'.
[2025.04.08-17.54.28:888][950]LogUObjectHash: Compacting FUObjectHashTables data took   0.69ms
[2025.04.08-17.54.28:904][950]LogAudio: Display: Audio Device (ID: 13) registered with world 'Tutorial1'.
[2025.04.08-17.54.28:905][950]LogAIModule: Creating AISystem for world Tutorial1
[2025.04.08-17.54.28:905][950]LogLoad: Game class is 'TopDownPuzzleGameMode'
[2025.04.08-17.54.28:912][950]LogWorld: Bringing World /Game/TopDownCPP/Maps/UEDPIE_0_Tutorial1.Tutorial1 up for play (max tick rate 60) at 2025.04.08-13.54.28
[2025.04.08-17.54.28:912][950]LogWorld: Bringing up level for play took: 0.006433
[2025.04.08-17.54.28:916][950]LogLoad: Took 0.058951 seconds to LoadMap(/Game/TopDownCPP/Maps/Tutorial1)
[2025.04.08-17.54.33:064][196]LogTemp: Warning: Player entered the door!
[2025.04.08-17.54.33:079][197]LogNet: Browse: /Game/TopDownCPP/Maps/Level1
[2025.04.08-17.54.33:079][197]LogLoad: LoadMap: /Game/TopDownCPP/Maps/Level1
[2025.04.08-17.54.33:079][197]LogWorld: BeginTearingDown for /Game/TopDownCPP/Maps/UEDPIE_0_Tutorial1
[2025.04.08-17.54.33:079][197]LogWorld: UWorld::CleanupWorld for Tutorial1, bSessionEnded=true, bCleanupResources=true
[2025.04.08-17.54.33:080][197]LogSlate: InvalidateAllWidgets triggered.  All widgets were invalidated
[2025.04.08-17.54.33:118][197]LogAudio: Display: Audio Device unregistered from world 'None'.
[2025.04.08-17.54.33:120][197]LogUObjectHash: Compacting FUObjectHashTables data took   0.68ms
[2025.04.08-17.54.33:156][197]LogAudio: Display: Audio Device (ID: 13) registered with world 'Level1'.
[2025.04.08-17.54.33:157][197]LogAIModule: Creating AISystem for world Level1
[2025.04.08-17.54.33:157][197]LogLoad: Game class is 'TopDownPuzzleGameMode'
[2025.04.08-17.54.33:160][197]LogWorld: Bringing World /Game/TopDownCPP/Maps/UEDPIE_0_Level1.Level1 up for play (max tick rate 60) at 2025.04.08-13.54.33
[2025.04.08-17.54.33:160][197]LogWorld: Bringing up level for play took: 0.002064
[2025.04.08-17.54.33:161][197]LogLoad: Took 0.082782 seconds to LoadMap(/Game/TopDownCPP/Maps/Level1)
[2025.04.08-17.54.38:185][494]LogSlate: Updating window title bar state: overlay mode, drag disabled, window buttons hidden, title bar hidden
[2025.04.08-17.54.38:185][494]LogWorld: BeginTearingDown for /Game/TopDownCPP/Maps/UEDPIE_0_Level1
[2025.04.08-17.54.38:185][494]LogWorld: UWorld::CleanupWorld for Level1, bSessionEnded=true, bCleanupResources=true
[2025.04.08-17.54.38:185][494]LogSlate: InvalidateAllWidgets triggered.  All widgets were invalidated
[2025.04.08-17.54.38:197][494]LogPlayLevel: Display: Shutting down PIE online subsystems
[2025.04.08-17.54.38:198][494]LogSlate: InvalidateAllWidgets triggered.  All widgets were invalidated
[2025.04.08-17.54.38:203][494]LogAudio: Display: Audio Device unregistered from world 'None'.
[2025.04.08-17.54.38:203][494]LogAudioMixer: FMixerPlatformXAudio2::StopAudioStream() called
[2025.04.08-17.54.38:204][494]LogAudioMixer: FMixerPlatformXAudio2::StopAudioStream() called
[2025.04.08-17.54.38:207][494]LogSlate: Updating window title bar state: overlay mode, drag disabled, window buttons hidden, title bar hidden
[2025.04.08-17.54.38:209][494]LogUObjectHash: Compacting FUObjectHashTables data took   0.71ms
[2025.04.08-17.54.38:244][496]LogPlayLevel: Display: Destroying online subsystem :Context_12
[2025.04.08-17.54.44:122][847]LogUObjectHash: Compacting FUObjectHashTables data took   0.68ms
[2025.04.08-17.54.44:128][847]LogSavePackage: Moving '../../../../../../Unreal Projects/Top-Down-Puzzle/TopDownPuzzle/Saved/MainMenuLev2EFA744744EF9C2F1EA66CA508AD1365.tmp' to '../../../../../../Unreal Projects/Top-Down-Puzzle/TopDownPuzzle/Content/TopDownCPP/Maps/MainMenuLev.umap'
[2025.04.08-17.54.44:151][847]LogSavePackage: Moving '../../../../../../Unreal Projects/Top-Down-Puzzle/TopDownPuzzle/Saved/MainMenuLev_BuiltDataCCAB6D3941AE2F33E51B3AB784429EEE.tmp' to '../../../../../../Unreal Projects/Top-Down-Puzzle/TopDownPuzzle/Content/TopDownCPP/Maps/MainMenuLev_BuiltData.uasset'
[2025.04.08-17.54.44:166][847]AssetCheck: New page: Asset Save: multiple assets
[2025.04.08-17.54.44:166][847]LogContentValidation: Display: Validating World /Game/TopDownCPP/Maps/MainMenuLev.MainMenuLev
[2025.04.08-17.54.44:166][847]LogContentValidation: Display: Validating MapBuildDataRegistry /Game/TopDownCPP/Maps/MainMenuLev_BuiltData.MainMenuLev_BuiltData
[2025.04.08-18.05.19:021][520]LogContentBrowser: Deferred new asset folder creation: NewFolder
[2025.04.08-18.05.19:031][520]LogContentBrowser: Creating deferred item: NewFolder
[2025.04.08-18.05.23:019][760]LogContentBrowser: Attempting asset rename: NewFolder -> Audio
[2025.04.08-18.05.23:019][760]LogContentBrowser: End creating deferred item NewFolder
[2025.04.08-18.05.33:526][121]LogFactory: FactoryCreateFile: SoundWave with ReimportSoundFactory (0 0 F:\C++ Centennial\Sounds\Sounds_WAV\Button_Click.wav)
[2025.04.08-18.05.33:620][121]LogFactory: FactoryCreateFile: SoundWave with ReimportSoundFactory (0 0 F:\C++ Centennial\Sounds\Sounds_WAV\Level1_BGM.wav)
[2025.04.08-18.06.03:376][627]LogContentBrowser: Deferred new asset file creation: Level1_BGM_Cue
[2025.04.08-18.06.03:390][627]LogContentBrowser: Creating deferred item: Level1_BGM_Cue
[2025.04.08-18.06.05:478][750]LogSlate: Warning: Ignoring SetUserFocus because it's not an active modal Window (user 0 not set to SAssetTileView [SAssetView.cpp(1563)].
[2025.04.08-18.06.05:478][750]LogContentBrowser: Attempting asset rename: Level1_BGM_Cue -> Lev
[2025.04.08-18.06.05:480][750]LogContentBrowser: End creating deferred item Level1_BGM_Cue
[2025.04.08-18.06.05:506][750]LogUObjectHash: Compacting FUObjectHashTables data took   0.83ms
[2025.04.08-18.06.05:507][750]LogFileHelpers: Editor autosave (incl. external actors) for '/Game/TopDownCPP/Maps/MainMenuLev' took 0.009
[2025.04.08-18.06.05:508][750]OBJ SavePackage: Generating thumbnails for [1] asset(s) in package [/Game/TopDownCPP/Audio/Button_Click] ([1] browsable assets)...
[2025.04.08-18.06.05:512][750]OBJ SavePackage:     Rendered thumbnail for [SoundWave /Game/TopDownCPP/Audio/Button_Click.Button_Click]
[2025.04.08-18.06.05:512][750]OBJ SavePackage: Finished generating thumbnails for package [/Game/TopDownCPP/Audio/Button_Click]
[2025.04.08-18.06.05:516][750]LogSavePackage: Moving '../../../../../../Unreal Projects/Top-Down-Puzzle/TopDownPuzzle/Saved/Button_Click_Auto1E0260B4E4E8CFABFDCA096B3D9BAD78E.tmp' to '../../../../../../Unreal Projects/Top-Down-Puzzle/TopDownPuzzle/Saved/Autosaves/Game/TopDownCPP/Audio/Button_Click_Auto1.uasset'
[2025.04.08-18.06.05:517][750]OBJ SavePackage: Generating thumbnails for [1] asset(s) in package [/Game/TopDownCPP/Audio/Level1_BGM] ([1] browsable assets)...
[2025.04.08-18.06.05:549][750]OBJ SavePackage:     Rendered thumbnail for [SoundWave /Game/TopDownCPP/Audio/Level1_BGM.Level1_BGM]
[2025.04.08-18.06.05:549][750]OBJ SavePackage: Finished generating thumbnails for package [/Game/TopDownCPP/Audio/Level1_BGM]
[2025.04.08-18.06.05:587][750]LogSavePackage: Moving '../../../../../../Unreal Projects/Top-Down-Puzzle/TopDownPuzzle/Saved/Level1_BGM_Auto15BC84AA54CE3DD849BC84DA0C4913175.tmp' to '../../../../../../Unreal Projects/Top-Down-Puzzle/TopDownPuzzle/Saved/Autosaves/Game/TopDownCPP/Audio/Level1_BGM_Auto1.uasset'
[2025.04.08-18.06.05:588][750]OBJ SavePackage: Generating thumbnails for [0] asset(s) in package [/Game/TopDownCPP/Audio/Lev] ([1] browsable assets)...
[2025.04.08-18.06.05:588][750]OBJ SavePackage: Finished generating thumbnails for package [/Game/TopDownCPP/Audio/Lev]
[2025.04.08-18.06.05:589][750]LogSavePackage: Moving '../../../../../../Unreal Projects/Top-Down-Puzzle/TopDownPuzzle/Saved/Lev_Auto1905129644A19EB9941E547B03DB098D6.tmp' to '../../../../../../Unreal Projects/Top-Down-Puzzle/TopDownPuzzle/Saved/Autosaves/Game/TopDownCPP/Audio/Lev_Auto1.uasset'
[2025.04.08-18.06.05:591][750]LogFileHelpers: Auto-saving content packages took 0.083
[2025.04.08-18.06.28:378][106]LogContentBrowser: Attempting asset rename: Lev -> Level1_AudioCue
[2025.04.08-18.06.28:403][106]LogMetaData: Removing '/Game/TopDownCPP/Audio/Level1_AudioCue.Level1_AudioCue:SoundCueGraph_0.SoundCueGraphNode_Root_0' ref from Metadata '/Game/TopDownCPP/Audio/Lev.PackageMetaData'
[2025.04.08-18.06.28:429][106]Cmd: OBJ SAVEPACKAGE PACKAGE="/Game/TopDownCPP/Audio/Level1_AudioCue" FILE="../../../../../../Unreal Projects/Top-Down-Puzzle/TopDownPuzzle/Content/TopDownCPP/Audio/Level1_AudioCue.uasset" SILENT=true
[2025.04.08-18.06.28:431][106]LogSavePackage: Moving '../../../../../../Unreal Projects/Top-Down-Puzzle/TopDownPuzzle/Saved/Level1_AudioCue230288264FC77A6913EC91B2B176E080.tmp' to '../../../../../../Unreal Projects/Top-Down-Puzzle/TopDownPuzzle/Content/TopDownCPP/Audio/Level1_AudioCue.uasset'
[2025.04.08-18.06.28:493][106]LogUObjectHash: Compacting FUObjectHashTables data took   0.70ms
[2025.04.08-18.06.28:510][106]LogUObjectHash: Compacting FUObjectHashTables data took   1.02ms
[2025.04.08-18.06.28:516][106]LogUObjectHash: Compacting FUObjectHashTables data took   0.30ms
[2025.04.08-18.06.28:535][106]AssetCheck: New page: Asset Save: Level1_AudioCue
[2025.04.08-18.06.28:535][106]LogContentValidation: Display: Validating SoundCue /Game/TopDownCPP/Audio/Level1_AudioCue.Level1_AudioCue
[2025.04.08-18.06.29:178][144]LogAssetEditorSubsystem: Opening Asset editor for SoundCue /Game/TopDownCPP/Audio/Level1_AudioCue.Level1_AudioCue
[2025.04.08-18.06.29:303][144]LogSlate: Took 0.000502 seconds to synchronously load lazily loaded font '../../../Engine/Content/Slate/Fonts/Roboto-BoldCondensed.ttf' (158K)
[2025.04.08-18.06.50:161][603]Cmd: OBJ SAVEPACKAGE PACKAGE="/Game/TopDownCPP/Audio/Level1_AudioCue" FILE="../../../../../../Unreal Projects/Top-Down-Puzzle/TopDownPuzzle/Content/TopDownCPP/Audio/Level1_AudioCue.uasset" SILENT=true
[2025.04.08-18.06.50:163][603]LogSavePackage: Moving '../../../../../../Unreal Projects/Top-Down-Puzzle/TopDownPuzzle/Saved/Level1_AudioCue69C54D7A402B9722D692CD8EC1DD42C0.tmp' to '../../../../../../Unreal Projects/Top-Down-Puzzle/TopDownPuzzle/Content/TopDownCPP/Audio/Level1_AudioCue.uasset'
[2025.04.08-18.06.50:188][603]AssetCheck: New page: Asset Save: Level1_AudioCue
[2025.04.08-18.06.50:188][603]LogContentValidation: Display: Validating SoundCue /Game/TopDownCPP/Audio/Level1_AudioCue.Level1_AudioCue
[2025.04.08-18.06.50:821][640]Cmd: OBJ SAVEPACKAGE PACKAGE="/Game/TopDownCPP/Audio/Level1_AudioCue" FILE="../../../../../../Unreal Projects/Top-Down-Puzzle/TopDownPuzzle/Content/TopDownCPP/Audio/Level1_AudioCue.uasset" SILENT=true
[2025.04.08-18.06.50:823][640]LogSavePackage: Moving '../../../../../../Unreal Projects/Top-Down-Puzzle/TopDownPuzzle/Saved/Level1_AudioCueD69B842449AC7EF2AA758FAE56A7DAF2.tmp' to '../../../../../../Unreal Projects/Top-Down-Puzzle/TopDownPuzzle/Content/TopDownCPP/Audio/Level1_AudioCue.uasset'
[2025.04.08-18.06.50:841][640]AssetCheck: New page: Asset Save: Level1_AudioCue
[2025.04.08-18.06.50:841][640]LogContentValidation: Display: Validating SoundCue /Game/TopDownCPP/Audio/Level1_AudioCue.Level1_AudioCue
[2025.04.08-18.07.12:822][324]LogUObjectHash: Compacting FUObjectHashTables data took   0.78ms
[2025.04.08-18.07.15:169][324]LogSlate: Window 'Save Content' being destroyed
[2025.04.08-18.07.15:202][324]Cmd: OBJ SAVEPACKAGE PACKAGE="/Game/TopDownCPP/Audio/Button_Click" FILE="../../../../../../Unreal Projects/Top-Down-Puzzle/TopDownPuzzle/Content/TopDownCPP/Audio/Button_Click.uasset" SILENT=true
[2025.04.08-18.07.15:204][324]LogSavePackage: Moving '../../../../../../Unreal Projects/Top-Down-Puzzle/TopDownPuzzle/Saved/Button_Click5DC919E64941ADDF80D8B886B685486F.tmp' to '../../../../../../Unreal Projects/Top-Down-Puzzle/TopDownPuzzle/Content/TopDownCPP/Audio/Button_Click.uasset'
[2025.04.08-18.07.15:205][324]Cmd: OBJ SAVEPACKAGE PACKAGE="/Game/TopDownCPP/Audio/Level1_BGM" FILE="../../../../../../Unreal Projects/Top-Down-Puzzle/TopDownPuzzle/Content/TopDownCPP/Audio/Level1_BGM.uasset" SILENT=true
[2025.04.08-18.07.15:243][324]LogSavePackage: Moving '../../../../../../Unreal Projects/Top-Down-Puzzle/TopDownPuzzle/Saved/Level1_BGMDEC73FDA4780D43AA5BB03B7C1951423.tmp' to '../../../../../../Unreal Projects/Top-Down-Puzzle/TopDownPuzzle/Content/TopDownCPP/Audio/Level1_BGM.uasset'
[2025.04.08-18.07.15:301][324]LogAssetEditorSubsystem: Opening Asset editor for World /Game/TopDownCPP/Maps/Level1.Level1
[2025.04.08-18.07.15:301][324]Cmd: MAP LOAD FILE="../../../../../../Unreal Projects/Top-Down-Puzzle/TopDownPuzzle/Content/TopDownCPP/Maps/Level1.umap" TEMPLATE=0 SHOWPROGRESS=1 FEATURELEVEL=3
[2025.04.08-18.07.15:301][324]LightingResults: New page: Lighting Build
[2025.04.08-18.07.15:301][324]LoadErrors: New page: Loading map: Level1.umap
[2025.04.08-18.07.15:303][324]LogWorld: UWorld::CleanupWorld for MainMenuLev, bSessionEnded=true, bCleanupResources=true
[2025.04.08-18.07.15:303][324]LogSlate: InvalidateAllWidgets triggered.  All widgets were invalidated
[2025.04.08-18.07.15:303][324]MapCheck: New page: Map Check
[2025.04.08-18.07.15:303][324]LightingResults: New page: Lighting Build
[2025.04.08-18.07.15:310][324]LogAudio: Display: Audio Device unregistered from world 'None'.
[2025.04.08-18.07.15:315][324]LogUObjectHash: Compacting FUObjectHashTables data took   1.12ms
[2025.04.08-18.07.15:315][324]LogAudio: Display: Audio Device (ID: 1) registered with world 'Level1'.
[2025.04.08-18.07.15:391][324]LogEditorServer: Finished looking for orphan Actors (0.000 secs)
[2025.04.08-18.07.15:391][324]LogAIModule: Creating AISystem for world Level1
[2025.04.08-18.07.15:399][324]LogUObjectHash: Compacting FUObjectHashTables data took   0.71ms
[2025.04.08-18.07.15:415][324]Cmd: MAP CHECKDEP NOCLEARLOG
[2025.04.08-18.07.15:415][324]MapCheck: Map check complete: 0 Error(s), 0 Warning(s), took 0.173ms to complete.
[2025.04.08-18.07.15:415][324]LogFileHelpers: Loading map 'Level1' took 0.114
[2025.04.08-18.07.15:452][324]AssetCheck: New page: Asset Save: multiple assets
[2025.04.08-18.07.15:452][324]LogContentValidation: Display: Validating SoundWave /Game/TopDownCPP/Audio/Level1_BGM.Level1_BGM
[2025.04.08-18.07.15:452][324]LogContentValidation: Display: Validating SoundWave /Game/TopDownCPP/Audio/Button_Click.Button_Click
[2025.04.08-18.07.34:828][824]LogAssetEditorSubsystem: Opening Asset editor for LevelScriptBlueprint /Game/TopDownCPP/Maps/Level1.Level1:PersistentLevel.Level1
[2025.04.08-18.07.35:183][824]LogNativeClassHierarchy: Verbose: Native class hierarchy updated for 'BlueprintGraph' in 0.0005 seconds. Added 126 classes and 0 folders.
[2025.04.08-18.08.23:397][387]BlueprintLog: New page: Compile Level1
[2025.04.08-18.08.23:434][387]LogUObjectHash: Compacting FUObjectHashTables data took   2.64ms
[2025.04.08-18.08.24:939][473]LogUObjectHash: Compacting FUObjectHashTables data took   0.57ms
[2025.04.08-18.08.24:972][473]LogSavePackage: Moving '../../../../../../Unreal Projects/Top-Down-Puzzle/TopDownPuzzle/Saved/Level11B67CE0C47FD24058F6DFC8FACE220B2.tmp' to '../../../../../../Unreal Projects/Top-Down-Puzzle/TopDownPuzzle/Content/TopDownCPP/Maps/Level1.umap'
[2025.04.08-18.08.24:996][473]LogFileHelpers: Saving map 'Level1' took 0.077
[2025.04.08-18.08.25:016][473]AssetCheck: New page: Asset Save: Level1
[2025.04.08-18.08.25:016][473]LogContentValidation: Display: Validating World /Game/TopDownCPP/Maps/Level1.Level1
[2025.04.08-18.08.26:294][547]LogSlate: Window 'Level1' being destroyed
[2025.04.08-18.08.26:300][547]LogSlate: Window 'Level1' being destroyed
[2025.04.08-18.08.26:323][547]LogWorld: UWorld::CleanupWorld for World_1, bSessionEnded=true, bCleanupResources=true
[2025.04.08-18.08.26:323][547]LogSlate: InvalidateAllWidgets triggered.  All widgets were invalidated
[2025.04.08-18.08.32:334][804]LogTemp: Repeating last play command: Selected Viewport
[2025.04.08-18.08.32:345][804]LogPlayLevel: PlayLevel: No blueprints needed recompiling
[2025.04.08-18.08.32:345][804]PIE: New page: PIE session: Level1 (08-Apr-2025, 10:08:32 am)
[2025.04.08-18.08.32:345][804]LogPlayLevel: Creating play world package: /Game/TopDownCPP/Maps/UEDPIE_0_Level1
[2025.04.08-18.08.32:358][804]LogPlayLevel: PIE: StaticDuplicateObject took: (0.012323s)
[2025.04.08-18.08.32:359][804]LogAIModule: Creating AISystem for world Level1
[2025.04.08-18.08.32:359][804]LogPlayLevel: PIE: World Init took: (0.001167s)
[2025.04.08-18.08.32:359][804]LogPlayLevel: PIE: Created PIE world by copying editor world from /Game/TopDownCPP/Maps/Level1.Level1 to /Game/TopDownCPP/Maps/UEDPIE_0_Level1.Level1 (0.013646s)
[2025.04.08-18.08.32:379][804]LogUObjectHash: Compacting FUObjectHashTables data took   1.92ms
[2025.04.08-18.08.32:380][804]LogAudio: Display: Creating Audio Device:                 Id: 14, Scope: Unique, Realtime: True
[2025.04.08-18.08.32:381][804]LogAudioMixer: Display: Audio Mixer Platform Settings:
[2025.04.08-18.08.32:381][804]LogAudioMixer: Display: 	Sample Rate:						  48000
[2025.04.08-18.08.32:381][804]LogAudioMixer: Display: 	Callback Buffer Frame Size Requested: 1024
[2025.04.08-18.08.32:381][804]LogAudioMixer: Display: 	Callback Buffer Frame Size To Use:	  1024
[2025.04.08-18.08.32:381][804]LogAudioMixer: Display: 	Number of buffers to queue:			  2
[2025.04.08-18.08.32:381][804]LogAudioMixer: Display: 	Max Channels (voices):				  32
[2025.04.08-18.08.32:381][804]LogAudioMixer: Display: 	Number of Async Source Workers:		  0
[2025.04.08-18.08.32:381][804]LogAudio: Display: AudioDevice MaxSources: 32
[2025.04.08-18.08.32:381][804]LogAudio: Display: Audio Spatialization Plugin: None (built-in).
[2025.04.08-18.08.32:381][804]LogAudio: Display: Audio Reverb Plugin: None (built-in).
[2025.04.08-18.08.32:381][804]LogAudio: Display: Audio Occlusion Plugin: None (built-in).
[2025.04.08-18.08.32:381][804]LogAudioMixer: Display: Initializing audio mixer.
[2025.04.08-18.08.32:386][804]LogAudioMixer: Display: 0: FrontLeft
[2025.04.08-18.08.32:386][804]LogAudioMixer: Display: 1: FrontRight
[2025.04.08-18.08.32:403][804]LogAudioMixer: Display: Using Audio Device Headphone (Realtek(R) Audio)
[2025.04.08-18.08.32:403][804]LogAudioMixer: Display: Initializing Sound Submixes...
[2025.04.08-18.08.32:403][804]LogAudioMixer: Display: Creating Master Submix 'MasterSubmixDefault'
[2025.04.08-18.08.32:403][804]LogAudioMixer: Display: Creating Master Submix 'MasterReverbSubmixDefault'
[2025.04.08-18.08.32:404][804]LogAudioMixer: Display: Creating Master Submix 'MasterEQSubmixDefault'
[2025.04.08-18.08.32:404][804]LogAudioMixer: FMixerPlatformXAudio2::StartAudioStream() called
[2025.04.08-18.08.32:404][804]LogAudioMixer: Display: Output buffers initialized: Frames=1024, Channels=2, Samples=2048
[2025.04.08-18.08.32:405][804]LogAudioMixer: Display: Starting AudioMixerPlatformInterface::RunInternal()
[2025.04.08-18.08.32:405][804]LogAudioMixer: Display: FMixerPlatformXAudio2::SubmitBuffer() called for the first time
[2025.04.08-18.08.32:405][804]LogInit: FAudioDevice initialized.
[2025.04.08-18.08.32:405][804]LogAudio: Display: Audio Device (ID: 14) registered with world 'Level1'.
[2025.04.08-18.08.32:416][804]LogLoad: Game class is 'TopDownPuzzleGameMode'
[2025.04.08-18.08.32:418][804]LogWorld: Bringing World /Game/TopDownCPP/Maps/UEDPIE_0_Level1.Level1 up for play (max tick rate 60) at 2025.04.08-14.08.32
[2025.04.08-18.08.32:418][804]LogWorld: Bringing up level for play took: 0.002046
[2025.04.08-18.08.32:418][804]LogOnline: OSS: Creating online subsystem instance for: :Context_15
[2025.04.08-18.08.32:422][804]PIE: Server logged in
[2025.04.08-18.08.32:423][804]PIE: Play in editor total start time 0.081 seconds.
[2025.04.08-18.08.32:448][804]LogAudio: Warning: Detected orphaned looping sound 'Level1_AudioCue'.
[2025.04.08-18.08.32:451][804]LogAudioDerivedData: Display: Building compressed audio format OGG hash OGG10000-1-1-1-1-1 wave Level1_BGM...
[2025.04.08-18.08.32:462][804]LogAudioDerivedData: Display: Compression Quality for SoundWave /Game/TopDownCPP/Audio/Level1_BGM.Level1_BGM will be modified from 40 to 40.
[2025.04.08-18.08.35:596][804]LogAudioDerivedData: Display: Updated SoundWave->RawPCMDataSize from 0 to 39513600 while cooking SoundWave /Game/TopDownCPP/Audio/Level1_BGM.Level1_BGM.
[2025.04.08-18.09.10:743][906]LogSlate: Updating window title bar state: overlay mode, drag disabled, window buttons hidden, title bar hidden
[2025.04.08-18.09.10:743][906]LogWorld: BeginTearingDown for /Game/TopDownCPP/Maps/UEDPIE_0_Level1
[2025.04.08-18.09.10:743][906]LogWorld: UWorld::CleanupWorld for Level1, bSessionEnded=true, bCleanupResources=true
[2025.04.08-18.09.10:743][906]LogSlate: InvalidateAllWidgets triggered.  All widgets were invalidated
[2025.04.08-18.09.10:751][906]LogPlayLevel: Display: Shutting down PIE online subsystems
[2025.04.08-18.09.10:755][906]LogSlate: InvalidateAllWidgets triggered.  All widgets were invalidated
[2025.04.08-18.09.10:772][906]LogAudio: Display: Audio Device unregistered from world 'None'.
[2025.04.08-18.09.10:772][906]LogAudioMixer: FMixerPlatformXAudio2::StopAudioStream() called
[2025.04.08-18.09.10:773][906]LogAudioMixer: FMixerPlatformXAudio2::StopAudioStream() called
[2025.04.08-18.09.10:777][906]LogSlate: Updating window title bar state: overlay mode, drag disabled, window buttons hidden, title bar hidden
[2025.04.08-18.09.10:779][906]LogUObjectHash: Compacting FUObjectHashTables data took   1.81ms
[2025.04.08-18.09.10:812][908]LogPlayLevel: Display: Destroying online subsystem :Context_15
[2025.04.08-18.09.15:266][172]LogUObjectHash: Compacting FUObjectHashTables data took   2.22ms
[2025.04.08-18.09.15:291][172]LogSavePackage: Moving '../../../../../../Unreal Projects/Top-Down-Puzzle/TopDownPuzzle/Saved/Level11FFEE5FC4A109D153452469D0C93BA27.tmp' to '../../../../../../Unreal Projects/Top-Down-Puzzle/TopDownPuzzle/Content/TopDownCPP/Maps/Level1.umap'
[2025.04.08-18.09.15:315][172]Cmd: OBJ SAVEPACKAGE PACKAGE="/Game/TopDownCPP/Maps/Level1_BuiltData" FILE="../../../../../../Unreal Projects/Top-Down-Puzzle/TopDownPuzzle/Content/TopDownCPP/Maps/Level1_BuiltData.uasset" SILENT=true
[2025.04.08-18.09.15:463][172]LogSavePackage: Moving '../../../../../../Unreal Projects/Top-Down-Puzzle/TopDownPuzzle/Saved/Level1_BuiltData56A713D24A6F1E1BB080B0BF79F77F65.tmp' to '../../../../../../Unreal Projects/Top-Down-Puzzle/TopDownPuzzle/Content/TopDownCPP/Maps/Level1_BuiltData.uasset'
[2025.04.08-18.09.15:486][172]AssetCheck: New page: Asset Save: multiple assets
[2025.04.08-18.09.15:486][172]LogContentValidation: Display: Validating MapBuildDataRegistry /Game/TopDownCPP/Maps/Level1_BuiltData.Level1_BuiltData
[2025.04.08-18.09.15:486][172]LogContentValidation: Display: Validating World /Game/TopDownCPP/Maps/Level1.Level1
[2025.04.08-18.09.38:100][468]LogUObjectHash: Compacting FUObjectHashTables data took   0.57ms
[2025.04.08-18.09.38:133][468]LogSavePackage: Moving '../../../../../../Unreal Projects/Top-Down-Puzzle/TopDownPuzzle/Saved/Level13B24F59A4D9D7707012A0B85D8917526.tmp' to '../../../../../../Unreal Projects/Top-Down-Puzzle/TopDownPuzzle/Content/TopDownCPP/Maps/Level1.umap'
[2025.04.08-18.09.38:155][468]Cmd: OBJ SAVEPACKAGE PACKAGE="/Game/TopDownCPP/Maps/Level1_BuiltData" FILE="../../../../../../Unreal Projects/Top-Down-Puzzle/TopDownPuzzle/Content/TopDownCPP/Maps/Level1_BuiltData.uasset" SILENT=true
[2025.04.08-18.09.38:253][468]LogSavePackage: Moving '../../../../../../Unreal Projects/Top-Down-Puzzle/TopDownPuzzle/Saved/Level1_BuiltData2ED6121A412F4EB3F523D3A1004CBD4B.tmp' to '../../../../../../Unreal Projects/Top-Down-Puzzle/TopDownPuzzle/Content/TopDownCPP/Maps/Level1_BuiltData.uasset'
[2025.04.08-18.09.38:268][468]AssetCheck: New page: Asset Save: multiple assets
[2025.04.08-18.09.38:268][468]LogContentValidation: Display: Validating MapBuildDataRegistry /Game/TopDownCPP/Maps/Level1_BuiltData.Level1_BuiltData
[2025.04.08-18.09.38:268][468]LogContentValidation: Display: Validating World /Game/TopDownCPP/Maps/Level1.Level1
[2025.04.08-18.09.40:311][581]LogUObjectHash: Compacting FUObjectHashTables data took   0.55ms
[2025.04.08-18.09.40:971][618]LogUObjectHash: Compacting FUObjectHashTables data took   0.51ms
[2025.04.08-18.09.41:001][618]LogSavePackage: Moving '../../../../../../Unreal Projects/Top-Down-Puzzle/TopDownPuzzle/Saved/Level1288162C84FC415415F0C9582F1CB18B9.tmp' to '../../../../../../Unreal Projects/Top-Down-Puzzle/TopDownPuzzle/Content/TopDownCPP/Maps/Level1.umap'
[2025.04.08-18.09.41:022][618]Cmd: OBJ SAVEPACKAGE PACKAGE="/Game/TopDownCPP/Maps/Level1_BuiltData" FILE="../../../../../../Unreal Projects/Top-Down-Puzzle/TopDownPuzzle/Content/TopDownCPP/Maps/Level1_BuiltData.uasset" SILENT=true
[2025.04.08-18.09.41:128][618]LogSavePackage: Moving '../../../../../../Unreal Projects/Top-Down-Puzzle/TopDownPuzzle/Saved/Level1_BuiltDataB0BDDAD84CDA77CF265D09B5D4462628.tmp' to '../../../../../../Unreal Projects/Top-Down-Puzzle/TopDownPuzzle/Content/TopDownCPP/Maps/Level1_BuiltData.uasset'
[2025.04.08-18.09.41:143][618]AssetCheck: New page: Asset Save: multiple assets
[2025.04.08-18.09.41:143][618]LogContentValidation: Display: Validating MapBuildDataRegistry /Game/TopDownCPP/Maps/Level1_BuiltData.Level1_BuiltData
[2025.04.08-18.09.41:143][618]LogContentValidation: Display: Validating World /Game/TopDownCPP/Maps/Level1.Level1
[2025.04.08-18.09.41:652][648]LogUObjectHash: Compacting FUObjectHashTables data took   0.49ms
[2025.04.08-18.09.41:697][648]LogSlate: Window 'TopDownPuzzle - Unreal Editor' being destroyed
[2025.04.08-18.09.41:889][649]Cmd: QUIT_EDITOR
[2025.04.08-18.09.41:889][649]LogCore: Engine exit requested (reason: UUnrealEdEngine::CloseEditor())
[2025.04.08-18.09.41:895][649]LogCore: Engine exit requested (reason: EngineExit() was called; note: exit was already requested)
[2025.04.08-18.09.42:011][649]LogAudio: Display: Beginning Audio Device Manager Shutdown (Module: AudioMixerXAudio2)...
[2025.04.08-18.09.42:011][649]LogAudio: Display: Destroying 1 Remaining Audio Device(s)...
[2025.04.08-18.09.42:011][649]LogAudio: Display: Audio Device unregistered from world 'Level1'.
[2025.04.08-18.09.42:011][649]LogAudioMixer: FMixerPlatformXAudio2::StopAudioStream() called
[2025.04.08-18.09.42:014][649]LogAudioMixer: FMixerPlatformXAudio2::StopAudioStream() called
[2025.04.08-18.09.42:043][649]LogAudio: Display: Audio Device Manager Shutdown
[2025.04.08-18.09.42:044][649]LogWindowsTextInputMethodSystem: Display: IME system deactivated.
[2025.04.08-18.09.42:054][649]LogExit: Preparing to exit.
[2025.04.08-18.09.43:006][649]LogUObjectHash: Compacting FUObjectHashTables data took   2.12ms
[2025.04.08-18.09.43:396][649]LogWorld: UWorld::CleanupWorld for World_0, bSessionEnded=true, bCleanupResources=true
[2025.04.08-18.09.43:471][649]LogWorld: UWorld::CleanupWorld for None, bSessionEnded=true, bCleanupResources=true
[2025.04.08-18.09.43:471][649]LogExit: Editor shut down
[2025.04.08-18.09.43:473][649]LogExit: Transaction tracking system shut down
[2025.04.08-18.09.43:477][649]LogDemo: Cleaned up 0 splitscreen connections with owner deletion
[2025.04.08-18.09.43:798][649]LogExit: Object subsystem successfully closed.
[2025.04.08-18.09.43:818][649]LogShaderCompilers: Display: === FShaderJobCache stats ===
[2025.04.08-18.09.43:818][649]LogShaderCompilers: Display: Total job queries 0, among them cache hits 0 (0.00%)
[2025.04.08-18.09.43:818][649]LogShaderCompilers: Display: Tracking 0 distinct input hashes that result in 0 distinct outputs (0.00%)
[2025.04.08-18.09.43:818][649]LogShaderCompilers: Display: RAM used: 0.00 MB (0.00 GB) of 819.20 MB (0.80 GB) budget. Usage: 0.00%
[2025.04.08-18.09.43:818][649]LogShaderCompilers: Display: ================================================
[2025.04.08-18.09.43:828][649]LogShaderCompilers: Display: Shaders left to compile 0
[2025.04.08-18.09.43:883][649]LogModuleManager: Shutting down and abandoning module BlueprintGraph (884)
[2025.04.08-18.09.43:883][649]LogModuleManager: Shutting down and abandoning module TopDownPuzzle (882)
[2025.04.08-18.09.43:883][649]LogModuleManager: Shutting down and abandoning module HierarchicalLODUtilities (881)
[2025.04.08-18.09.43:883][649]LogModuleManager: Shutting down and abandoning module MovieSceneCapture (876)
[2025.04.08-18.09.43:883][649]LogModuleManager: Shutting down and abandoning module Voice (874)
[2025.04.08-18.09.43:883][649]LogModuleManager: Shutting down and abandoning module StatsViewer (872)
[2025.04.08-18.09.43:883][649]LogModuleManager: Shutting down and abandoning module HierarchicalLODOutliner (870)
[2025.04.08-18.09.43:883][649]LogModuleManager: Shutting down and abandoning module SceneOutliner (868)
[2025.04.08-18.09.43:883][649]LogModuleManager: Shutting down and abandoning module AddContentDialog (866)
[2025.04.08-18.09.43:886][649]LogModuleManager: Shutting down and abandoning module WidgetCarousel (865)
[2025.04.08-18.09.43:886][649]LogModuleManager: Shutting down and abandoning module EditorWidgets (862)
[2025.04.08-18.09.43:886][649]LogModuleManager: Shutting down and abandoning module PIEPreviewDeviceProfileSelector (860)
[2025.04.08-18.09.43:886][649]LogModuleManager: Shutting down and abandoning module SequenceRecorderSections (858)
[2025.04.08-18.09.43:886][649]LogModuleManager: Shutting down and abandoning module AutomationWorker (856)
[2025.04.08-18.09.43:886][649]LogModuleManager: Shutting down and abandoning module SteamVREditor (854)
[2025.04.08-18.09.43:886][649]LogModuleManager: Shutting down and abandoning module OculusMR (852)
[2025.04.08-18.09.43:886][649]LogModuleManager: Shutting down and abandoning module TakeRecorderSources (850)
[2025.04.08-18.09.43:886][649]LogModuleManager: Shutting down and abandoning module TakeRecorder (849)
[2025.04.08-18.09.43:886][649]LogModuleManager: Shutting down and abandoning module TakeTrackRecorders (846)
[2025.04.08-18.09.43:886][649]LogModuleManager: Shutting down and abandoning module TakesCore (844)
[2025.04.08-18.09.43:886][649]LogModuleManager: Shutting down and abandoning module OpenXRInput (842)
[2025.04.08-18.09.43:886][649]LogModuleManager: Shutting down and abandoning module GooglePADEditor (840)
[2025.04.08-18.09.43:886][649]LogModuleManager: Shutting down and abandoning module AudioCaptureEditor (838)
[2025.04.08-18.09.43:886][649]LogModuleManager: Shutting down and abandoning module WmfMediaFactory (836)
[2025.04.08-18.09.43:886][649]LogModuleManager: Shutting down and abandoning module WmfMediaEditor (834)
[2025.04.08-18.09.43:886][649]LogModuleManager: Shutting down and abandoning module WebMMediaFactory (832)
[2025.04.08-18.09.43:886][649]LogModuleManager: Shutting down and abandoning module WebMMediaEditor (830)
[2025.04.08-18.09.43:886][649]LogModuleManager: Shutting down and abandoning module WebMMedia (828)
[2025.04.08-18.09.43:886][649]LogModuleManager: Shutting down and abandoning module MediaPlayerEditor (826)
[2025.04.08-18.09.43:886][649]LogModuleManager: Shutting down and abandoning module MediaCompositingEditor (824)
[2025.04.08-18.09.43:886][649]LogModuleManager: Shutting down and abandoning module SequenceRecorder (823)
[2025.04.08-18.09.43:887][649]LogModuleManager: Shutting down and abandoning module OpenExrWrapper (820)
[2025.04.08-18.09.43:887][649]LogModuleManager: Shutting down and abandoning module ImgMediaFactory (818)
[2025.04.08-18.09.43:887][649]LogModuleManager: Shutting down and abandoning module ImgMediaEditor (816)
[2025.04.08-18.09.43:887][649]LogModuleManager: Shutting down and abandoning module AvfMediaFactory (814)
[2025.04.08-18.09.43:887][649]LogModuleManager: Shutting down and abandoning module AvfMediaEditor (812)
[2025.04.08-18.09.43:887][649]LogModuleManager: Shutting down and abandoning module AndroidMediaFactory (810)
[2025.04.08-18.09.43:887][649]LogModuleManager: Shutting down and abandoning module AndroidMediaEditor (808)
[2025.04.08-18.09.43:887][649]LogModuleManager: Shutting down and abandoning module TemplateSequenceEditor (806)
[2025.04.08-18.09.43:887][649]LogModuleManager: Shutting down and abandoning module MatineeToLevelSequence (804)
[2025.04.08-18.09.43:887][649]LogModuleManager: Shutting down and abandoning module LevelSequenceEditor (802)
[2025.04.08-18.09.43:887][649]LogModuleManager: Shutting down and abandoning module ActorSequenceEditor (800)
[2025.04.08-18.09.43:887][649]LogModuleManager: Shutting down and abandoning module PlanarCut (798)
[2025.04.08-18.09.43:887][649]LogModuleManager: Shutting down and abandoning module MagicLeapMediaCodecFactory (796)
[2025.04.08-18.09.43:887][649]LogModuleManager: Shutting down and abandoning module MagicLeapMediaFactory (794)
[2025.04.08-18.09.43:887][649]LogModuleManager: Shutting down and abandoning module MagicLeapMediaEditor (792)
[2025.04.08-18.09.43:887][649]LogModuleManager: Shutting down and abandoning module CharacterAI (790)
[2025.04.08-18.09.43:887][649]LogModuleManager: Shutting down and abandoning module TextureAlignMode (788)
[2025.04.08-18.09.43:887][649]LogModuleManager: Shutting down and abandoning module BspMode (786)
[2025.04.08-18.09.43:887][649]LogModuleManager: Shutting down and abandoning module GeometryMode (784)
[2025.04.08-18.09.43:887][649]LogModuleManager: Shutting down and abandoning module CameraShakePreviewer (782)
[2025.04.08-18.09.43:887][649]LogModuleManager: Shutting down and abandoning module SmartSnapping (780)
[2025.04.08-18.09.43:887][649]LogModuleManager: Shutting down and abandoning module SessionServices (778)
[2025.04.08-18.09.43:887][649]LogModuleManager: Shutting down and abandoning module MeshPaint (776)
[2025.04.08-18.09.43:887][649]LogModuleManager: Shutting down and abandoning module VirtualTexturingEditor (774)
[2025.04.08-18.09.43:887][649]LogModuleManager: Shutting down and abandoning module FoliageEdit (772)
[2025.04.08-18.09.43:887][649]LogModuleManager: Shutting down and abandoning module LandscapeEditor (770)
[2025.04.08-18.09.43:887][649]LogModuleManager: Shutting down and abandoning module MeshPaintMode (768)
[2025.04.08-18.09.43:887][649]LogModuleManager: Shutting down and abandoning module SceneDepthPickerMode (766)
[2025.04.08-18.09.43:887][649]LogModuleManager: Shutting down and abandoning module ActorPickerMode (764)
[2025.04.08-18.09.43:887][649]LogModuleManager: Shutting down and abandoning module PlacementMode (762)
[2025.04.08-18.09.43:887][649]LogModuleManager: Shutting down and abandoning module ViewportSnapping (760)
[2025.04.08-18.09.43:887][649]LogModuleManager: Shutting down and abandoning module ViewportInteraction (758)
[2025.04.08-18.09.43:887][649]LogModuleManager: Shutting down and abandoning module ClothPainter (756)
[2025.04.08-18.09.43:887][649]LogModuleManager: Shutting down and abandoning module SkeletalMeshEditor (755)
[2025.04.08-18.09.43:888][649]LogModuleManager: Shutting down and abandoning module LogVisualizer (752)
[2025.04.08-18.09.43:888][649]LogModuleManager: Shutting down and abandoning module IntroTutorials (750)
[2025.04.08-18.09.43:888][649]LogModuleManager: Shutting down and abandoning module GameProjectGeneration (749)
[2025.04.08-18.09.43:888][649]LogModuleManager: Shutting down and abandoning module LuminPlatformEditor (746)
[2025.04.08-18.09.43:888][649]LogModuleManager: Shutting down and abandoning module IOSPlatformEditor (744)
[2025.04.08-18.09.43:888][649]LogModuleManager: Shutting down and abandoning module AndroidPlatformEditor (742)
[2025.04.08-18.09.43:888][649]LogModuleManager: Shutting down and abandoning module AndroidDeviceDetection (741)
[2025.04.08-18.09.44:930][649]LogModuleManager: Shutting down and abandoning module WindowsPlatformEditor (738)
[2025.04.08-18.09.44:931][649]LogModuleManager: Shutting down and abandoning module LuminRuntimeSettings (736)
[2025.04.08-18.09.44:931][649]LogModuleManager: Shutting down and abandoning module IOSRuntimeSettings (734)
[2025.04.08-18.09.44:931][649]LogModuleManager: Shutting down and abandoning module AndroidRuntimeSettings (732)
[2025.04.08-18.09.44:931][649]LogModuleManager: Shutting down and abandoning module TraceInsights (730)
[2025.04.08-18.09.44:931][649]MemoryProfiler: Shutdown
[2025.04.08-18.09.44:931][649]NetworkingProfiler: Shutdown
[2025.04.08-18.09.44:931][649]LoadingProfiler: Shutdown
[2025.04.08-18.09.44:931][649]TimingProfiler: Shutdown
[2025.04.08-18.09.44:932][649]LogModuleManager: Shutting down and abandoning module TraceServices (729)
[2025.04.08-18.09.44:932][649]LogModuleManager: Shutting down and abandoning module EditorInteractiveToolsFramework (726)
[2025.04.08-18.09.44:932][649]LogModuleManager: Shutting down and abandoning module TimeManagementEditor (724)
[2025.04.08-18.09.44:932][649]LogModuleManager: Shutting down and abandoning module InputBindingEditor (722)
[2025.04.08-18.09.44:932][649]LogModuleManager: Shutting down and abandoning module MergeActors (720)
[2025.04.08-18.09.44:932][649]LogModuleManager: Shutting down and abandoning module LocalizationDashboard (718)
[2025.04.08-18.09.44:933][649]LogModuleManager: Shutting down and abandoning module LocalizationService (717)
[2025.04.08-18.09.44:933][649]LogModuleManager: Shutting down and abandoning module HardwareTargeting (714)
[2025.04.08-18.09.44:933][649]LogModuleManager: Shutting down and abandoning module DeviceProfileEditor (712)
[2025.04.08-18.09.44:933][649]LogModuleManager: Shutting down and abandoning module UndoHistory (710)
[2025.04.08-18.09.44:933][649]LogModuleManager: Shutting down and abandoning module XmlParser (708)
[2025.04.08-18.09.44:933][649]LogModuleManager: Shutting down and abandoning module Blutility (706)
[2025.04.08-18.09.44:933][649]LogModuleManager: Shutting down and abandoning module ProjectSettingsViewer (704)
[2025.04.08-18.09.44:934][649]LogModuleManager: Shutting down and abandoning module ProjectTargetPlatformEditor (703)
[2025.04.08-18.09.44:934][649]LogModuleManager: Shutting down and abandoning module EditorSettingsViewer (700)
[2025.04.08-18.09.44:935][649]LogModuleManager: Shutting down and abandoning module InternationalizationSettings (699)
[2025.04.08-18.09.44:935][649]LogModuleManager: Shutting down and abandoning module SettingsEditor (696)
[2025.04.08-18.09.44:935][649]LogModuleManager: Shutting down and abandoning module ProjectLauncher (694)
[2025.04.08-18.09.44:935][649]LogModuleManager: Shutting down and abandoning module SessionFrontend (692)
[2025.04.08-18.09.44:935][649]LogModuleManager: Shutting down and abandoning module ProfilerClient (690)
[2025.04.08-18.09.44:935][649]LogModuleManager: Shutting down and abandoning module DeviceManager (688)
[2025.04.08-18.09.44:935][649]LogModuleManager: Shutting down and abandoning module TargetDeviceServices (687)
[2025.04.08-18.09.44:968][649]LogModuleManager: Shutting down and abandoning module AutomationController (684)
[2025.04.08-18.09.44:968][649]LogModuleManager: Shutting down and abandoning module AutomationWindow (682)
[2025.04.08-18.09.44:968][649]LogModuleManager: Shutting down and abandoning module Layers (680)
[2025.04.08-18.09.44:968][649]LogModuleManager: Shutting down and abandoning module ComponentVisualizers (678)
[2025.04.08-18.09.44:969][649]LogModuleManager: Shutting down and abandoning module DetailCustomizations (676)
[2025.04.08-18.09.44:969][649]LogModuleManager: Shutting down and abandoning module PackagesDialog (674)
[2025.04.08-18.09.44:970][649]LogModuleManager: Shutting down and abandoning module AnimationBlueprintEditor (672)
[2025.04.08-18.09.44:970][649]LogModuleManager: Shutting down and abandoning module Persona (670)
[2025.04.08-18.09.44:970][649]LogModuleManager: Shutting down and abandoning module AdvancedPreviewScene (669)
[2025.04.08-18.09.44:970][649]LogModuleManager: Shutting down and abandoning module Kismet (666)
[2025.04.08-18.09.44:986][649]LogModuleManager: Shutting down and abandoning module KismetWidgets (665)
[2025.04.08-18.09.44:986][649]LogModuleManager: Shutting down and abandoning module GraphEditor (662)
[2025.04.08-18.09.44:986][649]LogModuleManager: Shutting down and abandoning module StructViewer (660)
[2025.04.08-18.09.44:987][649]LogModuleManager: Shutting down and abandoning module ClassViewer (658)
[2025.04.08-18.09.44:992][649]LogModuleManager: Shutting down and abandoning module Toolbox (656)
[2025.04.08-18.09.44:992][649]LogModuleManager: Shutting down and abandoning module ModuleUI (654)
[2025.04.08-18.09.44:992][649]LogModuleManager: Shutting down and abandoning module OutputLog (652)
[2025.04.08-18.09.44:993][649]LogModuleManager: Shutting down and abandoning module GammaUI (650)
[2025.04.08-18.09.44:993][649]LogModuleManager: Shutting down and abandoning module Documentation (648)
[2025.04.08-18.09.44:993][649]LogModuleManager: Shutting down and abandoning module LiveCoding (646)
[2025.04.08-18.09.44:994][649]LogModuleManager: Shutting down and abandoning module LevelSequence (644)
[2025.04.08-18.09.44:994][649]LogModuleManager: Shutting down and abandoning module MovieSceneTracks (642)
[2025.04.08-18.09.44:994][649]LogModuleManager: Shutting down and abandoning module MovieScene (640)
[2025.04.08-18.09.44:994][649]LogModuleManager: Shutting down and abandoning module StreamingPauseRendering (638)
[2025.04.08-18.09.44:994][649]LogModuleManager: Shutting down and abandoning module LauncherPlatform (636)
[2025.04.08-18.09.44:994][649]LogModuleManager: Shutting down and abandoning module AnalyticsET (634)
[2025.04.08-18.09.44:994][649]LogModuleManager: Shutting down and abandoning module PortalServices (632)
[2025.04.08-18.09.44:994][649]LogModuleManager: Shutting down and abandoning module PortalRpc (630)
[2025.04.08-18.09.44:994][649]LogModuleManager: Shutting down and abandoning module MessagingRpc (628)
[2025.04.08-18.09.44:994][649]LogModuleManager: Shutting down and abandoning module AudioMixerXAudio2 (626)
[2025.04.08-18.09.44:994][649]LogModuleManager: Shutting down and abandoning module AudioMixerCore (625)
[2025.04.08-18.09.44:994][649]LogModuleManager: Shutting down and abandoning module AIModule (622)
[2025.04.08-18.09.44:994][649]LogModuleManager: Shutting down and abandoning module GameplayDebugger (621)
[2025.04.08-18.09.44:994][649]LogModuleManager: Shutting down and abandoning module AITestSuite (619)
[2025.04.08-18.09.44:994][649]LogModuleManager: Shutting down and abandoning module NavigationSystem (617)
[2025.04.08-18.09.44:994][649]LogModuleManager: Shutting down and abandoning module ImageWriteQueue (614)
[2025.04.08-18.09.44:994][649]LogModuleManager: Shutting down and abandoning module ProfilerService (612)
[2025.04.08-18.09.45:130][649]LogModuleManager: Shutting down and abandoning module TaskGraph (610)
[2025.04.08-18.09.45:130][649]LogModuleManager: Shutting down and abandoning module AudioSynesthesiaEditor (608)
[2025.04.08-18.09.45:130][649]LogModuleManager: Shutting down and abandoning module OculusEditor (606)
[2025.04.08-18.09.45:131][649]LogModuleManager: Shutting down and abandoning module OculusInput (604)
[2025.04.08-18.09.45:131][649]LogModuleManager: Shutting down and abandoning module ContentBrowserFileDataSource (602)
[2025.04.08-18.09.45:131][649]LogModuleManager: Shutting down and abandoning module ContentBrowserClassDataSource (600)
[2025.04.08-18.09.45:131][649]LogModuleManager: Shutting down and abandoning module ContentBrowserAssetDataSource (598)
[2025.04.08-18.09.45:131][649]LogModuleManager: Shutting down and abandoning module CollectionManager (597)
[2025.04.08-18.09.45:132][649]LogModuleManager: Shutting down and abandoning module TakeSequencer (594)
[2025.04.08-18.09.45:133][649]LogModuleManager: Shutting down and abandoning module TakeMovieScene (592)
[2025.04.08-18.09.45:133][649]LogModuleManager: Shutting down and abandoning module ScreenshotTools (590)
[2025.04.08-18.09.45:133][649]LogModuleManager: Shutting down and abandoning module SynthesisEditor (588)
[2025.04.08-18.09.45:133][649]LogModuleManager: Shutting down and abandoning module Synthesis (586)
[2025.04.08-18.09.45:133][649]LogModuleManager: Shutting down and abandoning module ProceduralMeshComponentEditor (584)
[2025.04.08-18.09.45:133][649]LogModuleManager: Shutting down and abandoning module ProceduralMeshComponent (582)
[2025.04.08-18.09.45:133][649]LogModuleManager: Shutting down and abandoning module OpenXREditor (580)
[2025.04.08-18.09.45:133][649]LogModuleManager: Shutting down and abandoning module MobilePatchingUtils (578)
[2025.04.08-18.09.45:133][649]LogModuleManager: Shutting down and abandoning module GooglePAD (576)
[2025.04.08-18.09.45:133][649]LogModuleManager: Shutting down and abandoning module EditableMesh (574)
[2025.04.08-18.09.45:133][649]LogModuleManager: Shutting down and abandoning module CableComponent (572)
[2025.04.08-18.09.45:133][649]LogModuleManager: Shutting down and abandoning module CustomMeshComponent (570)
[2025.04.08-18.09.45:133][649]LogModuleManager: Shutting down and abandoning module AudioCapture (568)
[2025.04.08-18.09.45:133][649]LogModuleManager: Shutting down and abandoning module AudioCaptureRtAudio (567)
[2025.04.08-18.09.45:134][649]LogModuleManager: Shutting down and abandoning module AssetTags (564)
[2025.04.08-18.09.45:134][649]LogModuleManager: Shutting down and abandoning module ArchVisCharacter (562)
[2025.04.08-18.09.45:134][649]LogModuleManager: Shutting down and abandoning module AppleImageUtilsBlueprintSupport (560)
[2025.04.08-18.09.45:134][649]LogModuleManager: Shutting down and abandoning module AppleImageUtils (558)
[2025.04.08-18.09.45:134][649]LogModuleManager: Shutting down and abandoning module AndroidPermission (556)
[2025.04.08-18.09.45:134][649]LogModuleManager: Shutting down and abandoning module ActorLayerUtilitiesEditor (554)
[2025.04.08-18.09.45:134][649]LogModuleManager: Shutting down and abandoning module ActorLayerUtilities (552)
[2025.04.08-18.09.45:134][649]LogModuleManager: Shutting down and abandoning module MediaCompositing (550)
[2025.04.08-18.09.45:134][649]LogModuleManager: Shutting down and abandoning module ImgMedia (548)
[2025.04.08-18.09.45:134][649]LogModuleManager: Shutting down and abandoning module TemplateSequence (546)
[2025.04.08-18.09.45:134][649]LogModuleManager: Shutting down and abandoning module OpenImageDenoise (544)
[2025.04.08-18.09.45:134][649]LogOpenImageDenoise: OIDN shutting down
[2025.04.08-18.09.45:134][649]LogModuleManager: Shutting down and abandoning module MotoSynthEditor (542)
[2025.04.08-18.09.45:134][649]LogModuleManager: Shutting down and abandoning module MotoSynth (540)
[2025.04.08-18.09.45:134][649]LogModuleManager: Shutting down and abandoning module GeometryCollectionTracks (538)
[2025.04.08-18.09.45:135][649]LogModuleManager: Shutting down and abandoning module GeometryCollectionSequencer (537)
[2025.04.08-18.09.45:135][649]LogModuleManager: Shutting down and abandoning module GeometryCollectionEditor (534)
[2025.04.08-18.09.45:135][649]LogModuleManager: Shutting down and abandoning module MeshConversion (532)
[2025.04.08-18.09.45:135][649]LogModuleManager: Shutting down and abandoning module DynamicMesh (530)
[2025.04.08-18.09.45:135][649]LogModuleManager: Shutting down and abandoning module GeometryAlgorithms (528)
[2025.04.08-18.09.45:135][649]LogModuleManager: Shutting down and abandoning module GeometricObjects (526)
[2025.04.08-18.09.45:135][649]LogModuleManager: Shutting down and abandoning module GeometryCacheTracks (524)
[2025.04.08-18.09.45:135][649]LogModuleManager: Shutting down and abandoning module GeometryCacheStreamer (522)
[2025.04.08-18.09.45:135][649]LogModuleManager: Shutting down and abandoning module GeometryCacheSequencer (520)
[2025.04.08-18.09.45:135][649]LogModuleManager: Shutting down and abandoning module MagicLeapSharedWorld (518)
[2025.04.08-18.09.45:135][649]LogModuleManager: Shutting down and abandoning module MagicLeapLightEstimation (516)
[2025.04.08-18.09.45:135][649]LogModuleManager: Shutting down and abandoning module MagicLeapHelperVulkan (514)
[2025.04.08-18.09.45:135][649]LogModuleManager: Shutting down and abandoning module MagicLeapHelperOpenGL (512)
[2025.04.08-18.09.45:135][649]LogModuleManager: Shutting down and abandoning module MagicLeapAudio (510)
[2025.04.08-18.09.45:135][649]LogModuleManager: Shutting down and abandoning module ChaosSolverEditor (508)
[2025.04.08-18.09.45:135][649]LogModuleManager: Shutting down and abandoning module ChaosNiagara (506)
[2025.04.08-18.09.45:135][649]LogModuleManager: Shutting down and abandoning module FractureEditor (504)
[2025.04.08-18.09.45:135][649]LogModuleManager: Shutting down and abandoning module FieldSystemEngine (503)
[2025.04.08-18.09.45:136][649]LogModuleManager: Shutting down and abandoning module ChaosClothEditor (500)
[2025.04.08-18.09.45:136][649]LogModuleManager: Shutting down and abandoning module BackChannel (498)
[2025.04.08-18.09.45:136][649]LogModuleManager: Shutting down and abandoning module AutomationUtilsEditor (496)
[2025.04.08-18.09.45:136][649]LogModuleManager: Shutting down and abandoning module AutomationUtils (494)
[2025.04.08-18.09.45:136][649]LogModuleManager: Shutting down and abandoning module AlembicImporter (492)
[2025.04.08-18.09.45:136][649]LogModuleManager: Shutting down and abandoning module AlembicLibrary (491)
[2025.04.08-18.09.45:136][649]LogModuleManager: Shutting down and abandoning module GeometryCache (490)
[2025.04.08-18.09.45:136][649]LogModuleManager: Shutting down and abandoning module GeometryCacheEd (489)
[2025.04.08-18.09.45:136][649]LogModuleManager: Shutting down and abandoning module VariantManagerContentEditor (484)
[2025.04.08-18.09.45:136][649]LogModuleManager: Shutting down and abandoning module NiagaraEditorWidgets (482)
[2025.04.08-18.09.45:136][649]LogModuleManager: Shutting down and abandoning module DatasmithContentEditor (480)
[2025.04.08-18.09.45:136][649]LogModuleManager: Shutting down and abandoning module SpeedTreeImporter (478)
[2025.04.08-18.09.45:136][649]LogModuleManager: Shutting down and abandoning module PluginBrowser (476)
[2025.04.08-18.09.45:136][649]LogModuleManager: Shutting down and abandoning module MobileLauncherProfileWizard (474)
[2025.04.08-18.09.45:136][649]LogModuleManager: Shutting down and abandoning module MaterialAnalyzer (472)
[2025.04.08-18.09.45:136][649]LogModuleManager: Shutting down and abandoning module CurveEditorTools (470)
[2025.04.08-18.09.45:136][649]LogModuleManager: Shutting down and abandoning module CryptoKeysOpenSSL (468)
[2025.04.08-18.09.45:136][649]LogModuleManager: Shutting down and abandoning module CryptoKeys (466)
[2025.04.08-18.09.45:136][649]LogModuleManager: Shutting down and abandoning module OodleNetworkHandlerComponent (464)
[2025.04.08-18.09.45:136][649]LogModuleManager: Shutting down and abandoning module VisualStudioSourceCodeAccess (462)
[2025.04.08-18.09.45:136][649]LogModuleManager: Shutting down and abandoning module VisualStudioCodeSourceCodeAccess (460)
[2025.04.08-18.09.45:136][649]LogModuleManager: Shutting down and abandoning module UObjectPlugin (458)
[2025.04.08-18.09.45:136][649]LogModuleManager: Shutting down and abandoning module SubversionSourceControl (456)
[2025.04.08-18.09.45:136][649]LogModuleManager: Shutting down and abandoning module RiderSourceCodeAccess (454)
[2025.04.08-18.09.45:136][649]LogModuleManager: Shutting down and abandoning module PluginUtils (452)
[2025.04.08-18.09.45:136][649]LogModuleManager: Shutting down and abandoning module PlasticSourceControl (450)
[2025.04.08-18.09.45:136][649]LogModuleManager: Shutting down and abandoning module PerforceSourceControl (448)
[2025.04.08-18.09.45:136][649]LogModuleManager: Shutting down and abandoning module GitSourceControl (446)
[2025.04.08-18.09.45:136][649]LogModuleManager: Shutting down and abandoning module SourceControl (445)
[2025.04.08-18.09.45:136][649]LogModuleManager: Shutting down and abandoning module CLionSourceCodeAccess (442)
[2025.04.08-18.09.45:136][649]LogModuleManager: Shutting down and abandoning module AnimationSharingEd (440)
[2025.04.08-18.09.45:136][649]LogModuleManager: Shutting down and abandoning module LightPropagationVolumeEditor (438)
[2025.04.08-18.09.45:136][649]LogModuleManager: Shutting down and abandoning module LiveLinkSequencer (436)
[2025.04.08-18.09.45:137][649]LogModuleManager: Shutting down and abandoning module LiveLinkMovieScene (434)
[2025.04.08-18.09.45:137][649]LogModuleManager: Shutting down and abandoning module LiveLinkGraphNode (432)
[2025.04.08-18.09.45:137][649]LogModuleManager: Shutting down and abandoning module LiveLinkEditor (430)
[2025.04.08-18.09.45:137][649]LogModuleManager: Shutting down and abandoning module LiveLinkComponents (428)
[2025.04.08-18.09.45:137][649]LogModuleManager: Shutting down and abandoning module LiveLink (426)
[2025.04.08-18.09.45:418][649]LogModuleManager: Shutting down and abandoning module PaperTiledImporter (424)
[2025.04.08-18.09.45:418][649]LogModuleManager: Shutting down and abandoning module PaperSpriteSheetImporter (422)
[2025.04.08-18.09.45:418][649]LogModuleManager: Shutting down and abandoning module Paper2DEditor (420)
[2025.04.08-18.09.45:418][649]LogModuleManager: Shutting down and abandoning module MeshPaintingToolset (418)
[2025.04.08-18.09.45:418][649]LogModuleManager: Shutting down and abandoning module MeshPaintEditorMode (416)
[2025.04.08-18.09.45:418][649]LogModuleManager: Shutting down and abandoning module AnimGraph (413)
[2025.04.08-18.09.45:418][649]LogModuleManager: Shutting down and abandoning module SoundFields (410)
[2025.04.08-18.09.45:418][649]LogModuleManager: Shutting down and abandoning module SignificanceManager (408)
[2025.04.08-18.09.45:418][649]LogModuleManager: Shutting down and abandoning module RuntimePhysXCooking (406)
[2025.04.08-18.09.45:418][649]LogModuleManager: Shutting down and abandoning module PropertyAccessEditor (404)
[2025.04.08-18.09.45:418][649]LogModuleManager: Shutting down and abandoning module PhysXVehiclesEditor (402)
[2025.04.08-18.09.45:418][649]LogModuleManager: Shutting down and abandoning module LocationServicesBPLibrary (398)
[2025.04.08-18.09.45:418][649]LogModuleManager: Shutting down and abandoning module AudioSynesthesia (396)
[2025.04.08-18.09.45:418][649]LogModuleManager: Shutting down and abandoning module AudioSynesthesiaCore (394)
[2025.04.08-18.09.45:418][649]LogModuleManager: Shutting down and abandoning module ImgMediaEngine (392)
[2025.04.08-18.09.45:418][649]LogModuleManager: Shutting down and abandoning module TcpMessaging (390)
[2025.04.08-18.09.45:519][649]LogModuleManager: Shutting down and abandoning module UdpMessaging (388)
[2025.04.08-18.09.45:619][649]LogModuleManager: Shutting down and abandoning module ActorSequence (386)
[2025.04.08-18.09.45:619][649]LogModuleManager: Shutting down and abandoning module PythonScriptPlugin (384)
[2025.04.08-18.09.45:619][649]LogModuleManager: Shutting down and abandoning module MagicLeapARPin (382)
[2025.04.08-18.09.45:619][649]LogModuleManager: Shutting down and abandoning module MagicLeapHandMeshing (380)
[2025.04.08-18.09.45:619][649]LogModuleManager: Shutting down and abandoning module MagicLeapSecureStorage (378)
[2025.04.08-18.09.45:619][649]LogModuleManager: Shutting down and abandoning module MagicLeapPrivileges (376)
[2025.04.08-18.09.45:619][649]LogModuleManager: Shutting down and abandoning module MagicLeapPlanes (374)
[2025.04.08-18.09.45:619][649]LogMagicLeapPlanes: Planes tracker already destroyed.
[2025.04.08-18.09.45:619][649]LogModuleManager: Shutting down and abandoning module MagicLeapImageTracker (372)
[2025.04.08-18.09.45:619][649]LogModuleManager: Shutting down and abandoning module MagicLeapIdentity (370)
[2025.04.08-18.09.45:619][649]LogModuleManager: Shutting down and abandoning module MagicLeapHandTracking (368)
[2025.04.08-18.09.45:619][649]LogModuleManager: Shutting down and abandoning module MagicLeapEyeTracker (366)
[2025.04.08-18.09.45:619][649]LogModuleManager: Shutting down and abandoning module MagicLeapController (364)
[2025.04.08-18.09.45:619][649]LogModuleManager: Shutting down and abandoning module MagicLeapARPinImpl (362)
[2025.04.08-18.09.45:619][649]LogModuleManager: Shutting down and abandoning module MagicLeapAR (360)
[2025.04.08-18.09.45:619][649]LogModuleManager: Shutting down and abandoning module NiagaraAnimNotifies (358)
[2025.04.08-18.09.45:619][649]LogModuleManager: Shutting down and abandoning module Niagara (356)
[2025.04.08-18.09.45:619][649]LogModuleManager: Shutting down and abandoning module SignalProcessing (355)
[2025.04.08-18.09.45:619][649]LogModuleManager: Shutting down and abandoning module NiagaraEditor (353)
[2025.04.08-18.09.45:620][649]LogModuleManager: Shutting down and abandoning module NiagaraCore (350)
[2025.04.08-18.09.45:620][649]LogModuleManager: Shutting down and abandoning module GameplayTagsEditor (348)
[2025.04.08-18.09.45:620][649]LogModuleManager: Shutting down and abandoning module FacialAnimationEditor (346)
[2025.04.08-18.09.45:620][649]LogModuleManager: Shutting down and abandoning module FacialAnimation (344)
[2025.04.08-18.09.45:620][649]LogModuleManager: Shutting down and abandoning module DataValidation (342)
[2025.04.08-18.09.45:620][649]LogModuleManager: Shutting down and abandoning module AssetManagerEditor (340)
[2025.04.08-18.09.45:620][649]LogModuleManager: Shutting down and abandoning module LevelEditor (339)
[2025.04.08-18.09.45:623][649]LogModuleManager: Shutting down and abandoning module PixelInspectorModule (338)
[2025.04.08-18.09.45:623][649]LogModuleManager: Shutting down and abandoning module CommonMenuExtensions (336)
[2025.04.08-18.09.45:624][649]LogModuleManager: Shutting down and abandoning module MainFrame (334)
[2025.04.08-18.09.45:624][649]LogModuleManager: Shutting down and abandoning module HotReload (333)
[2025.04.08-18.09.45:625][649]LogModuleManager: Shutting down and abandoning module ToolMenus (329)
[2025.04.08-18.09.45:625][649]LogModuleManager: Shutting down and abandoning module ContentBrowser (327)
[2025.04.08-18.09.45:625][649]LogModuleManager: Shutting down and abandoning module ContentBrowserData (326)
[2025.04.08-18.09.45:625][649]LogModuleManager: Shutting down and abandoning module TreeMap (323)
[2025.04.08-18.09.45:625][649]LogModuleManager: Shutting down and abandoning module PropertyAccessNode (320)
[2025.04.08-18.09.45:625][649]LogModuleManager: Shutting down and abandoning module AnimationSharing (318)
[2025.04.08-18.09.45:625][649]LogModuleManager: Shutting down and abandoning module GameplayCameras (316)
[2025.04.08-18.09.45:625][649]LogModuleManager: Shutting down and abandoning module LightPropagationVolumeRuntime (314)
[2025.04.08-18.09.45:625][649]LogModuleManager: Shutting down and abandoning module EnvironmentQueryEditor (312)
[2025.04.08-18.09.45:625][649]LogModuleManager: Shutting down and abandoning module Paper2D (310)
[2025.04.08-18.09.45:625][649]LogModuleManager: Shutting down and abandoning module WindowsMoviePlayer (308)
[2025.04.08-18.09.45:642][649]LogModuleManager: Shutting down and abandoning module WebMMoviePlayer (306)
[2025.04.08-18.09.45:642][649]LogModuleManager: Shutting down and abandoning module NetworkReplayStreaming (304)
[2025.04.08-18.09.45:642][649]LogModuleManager: Shutting down and abandoning module PacketHandler (302)
[2025.04.08-18.09.45:642][649]LogModuleManager: Shutting down and abandoning module ClothingSystemEditor (300)
[2025.04.08-18.09.45:642][649]LogModuleManager: Shutting down and abandoning module ClothingSystemRuntimeNv (298)
[2025.04.08-18.09.45:642][649]LogModuleManager: Shutting down and abandoning module MediaAssets (296)
[2025.04.08-18.09.45:642][649]LogModuleManager: Shutting down and abandoning module Overlay (294)
[2025.04.08-18.09.45:642][649]LogModuleManager: Shutting down and abandoning module OverlayEditor (293)
[2025.04.08-18.09.45:642][649]LogModuleManager: Shutting down and abandoning module VREditor (290)
[2025.04.08-18.09.45:642][649]LogModuleManager: Shutting down and abandoning module StringTableEditor (288)
[2025.04.08-18.09.45:642][649]LogModuleManager: Shutting down and abandoning module GameplayTasksEditor (286)
[2025.04.08-18.09.45:642][649]LogModuleManager: Shutting down and abandoning module BehaviorTreeEditor (284)
[2025.04.08-18.09.45:642][649]LogModuleManager: Shutting down and abandoning module FunctionalTesting (282)
[2025.04.08-18.09.45:642][649]LogModuleManager: Shutting down and abandoning module CollisionAnalyzer (280)
[2025.04.08-18.09.45:642][649]LogModuleManager: Shutting down and abandoning module WorkspaceMenuStructure (279)
[2025.04.08-18.09.45:642][649]LogModuleManager: Shutting down and abandoning module UMG (276)
[2025.04.08-18.09.45:642][649]LogModuleManager: Shutting down and abandoning module UMGEditor (275)
[2025.04.08-18.09.45:642][649]LogModuleManager: Shutting down and abandoning module MessageLog (273)
[2025.04.08-18.09.45:642][649]LogModuleManager: Shutting down and abandoning module SlateReflector (268)
[2025.04.08-18.09.45:642][649]LogModuleManager: Shutting down and abandoning module Slate (266)
[2025.04.08-18.09.45:642][649]LogModuleManager: Shutting down and abandoning module SlateCore (264)
[2025.04.08-18.09.45:643][649]LogModuleManager: Shutting down and abandoning module LandscapeEditorUtilities (262)
[2025.04.08-18.09.45:643][649]LogModuleManager: Shutting down and abandoning module UnrealEd (260)
[2025.04.08-18.09.45:643][649]LogModuleManager: Shutting down and abandoning module MRMesh (258)
[2025.04.08-18.09.45:643][649]LogModuleManager: Shutting down and abandoning module SourceCodeAccess (256)
[2025.04.08-18.09.45:643][649]LogModuleManager: Shutting down and abandoning module HeadMountedDisplay (254)
[2025.04.08-18.09.45:643][649]LogModuleManager: Shutting down and abandoning module XAudio2 (252)
[2025.04.08-18.09.45:644][649]LogModuleManager: Shutting down and abandoning module Networking (250)
[2025.04.08-18.09.45:644][649]LogModuleManager: Shutting down and abandoning module Core (248)
[2025.04.08-18.09.45:644][649]LogModuleManager: Shutting down and abandoning module MaterialEditor (246)
[2025.04.08-18.09.45:644][649]LogModuleManager: Shutting down and abandoning module MovieSceneTools (244)
[2025.04.08-18.09.45:644][649]LogModuleManager: Shutting down and abandoning module CurveEditor (243)
[2025.04.08-18.09.45:644][649]LogModuleManager: Shutting down and abandoning module Sequencer (241)
[2025.04.08-18.09.45:644][649]LogModuleManager: Shutting down and abandoning module EditorStyle (240)
[2025.04.08-18.09.45:647][649]LogModuleManager: Shutting down and abandoning module KismetCompiler (236)
[2025.04.08-18.09.45:647][649]LogModuleManager: Shutting down and abandoning module MeshBuilder (234)
[2025.04.08-18.09.45:647][649]LogModuleManager: Shutting down and abandoning module MeshUtilities (232)
[2025.04.08-18.09.45:647][649]LogModuleManager: Shutting down and abandoning module MeshMergeUtilities (231)
[2025.04.08-18.09.45:647][649]LogModuleManager: Shutting down and abandoning module MeshReductionInterface (230)
[2025.04.08-18.09.45:647][649]LogModuleManager: Shutting down and abandoning module MeshBoneReduction (229)
[2025.04.08-18.09.45:647][649]LogModuleManager: Shutting down and abandoning module SkeletalMeshReduction (227)
[2025.04.08-18.09.45:647][649]LogModuleManager: Shutting down and abandoning module ProxyLODMeshReduction (225)
[2025.04.08-18.09.45:647][649]LogModuleManager: Shutting down and abandoning module QuadricMeshReduction (223)
[2025.04.08-18.09.45:647][649]LogModuleManager: Shutting down and abandoning module MaterialBaking (219)
[2025.04.08-18.09.45:647][649]LogModuleManager: Shutting down and abandoning module NullInstallBundleManager (214)
[2025.04.08-18.09.45:647][649]LogModuleManager: Shutting down and abandoning module DerivedDataCache (212)
[2025.04.08-18.09.45:647][649]LogModuleManager: Shutting down and abandoning module TargetPlatform (210)
[2025.04.08-18.09.45:648][649]LogModuleManager: Shutting down and abandoning module VulkanShaderFormat (209)
[2025.04.08-18.09.45:648][649]LogModuleManager: Shutting down and abandoning module ShaderFormatVectorVM (207)
[2025.04.08-18.09.45:648][649]LogModuleManager: Shutting down and abandoning module ShaderFormatOpenGL (205)
[2025.04.08-18.09.45:648][649]LogModuleManager: Shutting down and abandoning module ShaderFormatD3D (203)
[2025.04.08-18.09.45:648][649]LogModuleManager: Shutting down and abandoning module MetalShaderFormat (201)
[2025.04.08-18.09.45:648][649]LogModuleManager: Shutting down and abandoning module TextureFormatOodle (199)
[2025.04.08-18.09.45:648][649]LogModuleManager: Shutting down and abandoning module TextureFormatUncompressed (197)
[2025.04.08-18.09.45:648][649]LogModuleManager: Shutting down and abandoning module TextureFormatPVR (195)
[2025.04.08-18.09.45:648][649]LogModuleManager: Shutting down and abandoning module TextureFormatETC2 (193)
[2025.04.08-18.09.45:648][649]LogModuleManager: Shutting down and abandoning module TextureFormatDXT (191)
[2025.04.08-18.09.45:648][649]LogModuleManager: Shutting down and abandoning module TextureFormatIntelISPCTexComp (189)
[2025.04.08-18.09.45:648][649]LogModuleManager: Shutting down and abandoning module TextureFormatASTC (187)
[2025.04.08-18.09.45:648][649]LogModuleManager: Shutting down and abandoning module ImageWrapper (186)
[2025.04.08-18.09.45:648][649]LogModuleManager: Shutting down and abandoning module AudioFormatOpus (183)
[2025.04.08-18.09.45:648][649]LogModuleManager: Shutting down and abandoning module AudioFormatOgg (181)
[2025.04.08-18.09.45:648][649]LogModuleManager: Shutting down and abandoning module AudioFormatADPCM (179)
[2025.04.08-18.09.45:649][649]LogModuleManager: Shutting down and abandoning module WindowsServerTargetPlatform (177)
[2025.04.08-18.09.45:649][649]LogModuleManager: Shutting down and abandoning module WindowsClientTargetPlatform (175)
[2025.04.08-18.09.45:649][649]LogModuleManager: Shutting down and abandoning module WindowsTargetPlatform (173)
[2025.04.08-18.09.45:649][649]LogModuleManager: Shutting down and abandoning module WindowsNoEditorTargetPlatform (171)
[2025.04.08-18.09.45:649][649]LogModuleManager: Shutting down and abandoning module TVOSTargetPlatform (169)
[2025.04.08-18.09.45:656][649]LogModuleManager: Shutting down and abandoning module MacServerTargetPlatform (167)
[2025.04.08-18.09.45:656][649]LogModuleManager: Shutting down and abandoning module MacClientTargetPlatform (165)
[2025.04.08-18.09.45:656][649]LogModuleManager: Shutting down and abandoning module MacTargetPlatform (163)
[2025.04.08-18.09.45:656][649]LogModuleManager: Shutting down and abandoning module MacNoEditorTargetPlatform (161)
[2025.04.08-18.09.45:656][649]LogModuleManager: Shutting down and abandoning module LuminTargetPlatform (159)
[2025.04.08-18.09.45:665][649]LogModuleManager: Shutting down and abandoning module LinuxAArch64ServerTargetPlatform (157)
[2025.04.08-18.09.45:665][649]LogModuleManager: Shutting down and abandoning module LinuxAArch64ClientTargetPlatform (155)
[2025.04.08-18.09.45:665][649]LogModuleManager: Shutting down and abandoning module LinuxAArch64NoEditorTargetPlatform (153)
[2025.04.08-18.09.45:665][649]LogModuleManager: Shutting down and abandoning module LinuxServerTargetPlatform (151)
[2025.04.08-18.09.45:665][649]LogModuleManager: Shutting down and abandoning module LinuxClientTargetPlatform (149)
[2025.04.08-18.09.45:665][649]LogModuleManager: Shutting down and abandoning module LinuxNoEditorTargetPlatform (147)
[2025.04.08-18.09.45:665][649]LogModuleManager: Shutting down and abandoning module LinuxTargetPlatform (145)
[2025.04.08-18.09.45:665][649]LogModuleManager: Shutting down and abandoning module Messaging (143)
[2025.04.08-18.09.45:665][649]LogModuleManager: Shutting down and abandoning module IOSTargetPlatform (141)
[2025.04.08-18.09.45:670][649]LogModuleManager: Shutting down and abandoning module AndroidTargetPlatform (139)
[2025.04.08-18.09.45:686][649]LogModuleManager: Shutting down and abandoning module AllDesktopTargetPlatform (137)
[2025.04.08-18.09.45:686][649]LogModuleManager: Shutting down and abandoning module D3D11RHI (134)
[2025.04.08-18.09.45:686][649]LogModuleManager: Shutting down and abandoning module InputCore (132)
[2025.04.08-18.09.45:686][649]LogModuleManager: Shutting down and abandoning module Settings (130)
[2025.04.08-18.09.45:686][649]LogModuleManager: Shutting down and abandoning module DirectoryWatcher (128)
[2025.04.08-18.09.45:688][649]LogModuleManager: Shutting down and abandoning module PhysXCooking (126)
[2025.04.08-18.09.45:688][649]LogModuleManager: Shutting down and abandoning module Chaos (124)
[2025.04.08-18.09.45:688][649]LogModuleManager: Shutting down and abandoning module WindowsPlatformFeatures (122)
[2025.04.08-18.09.45:688][649]LogModuleManager: Shutting down and abandoning module GameplayMediaEncoder (121)
[2025.04.08-18.09.45:688][649]LogModuleManager: Shutting down and abandoning module AVEncoder (120)
[2025.04.08-18.09.45:688][649]LogModuleManager: Shutting down and abandoning module SteamVRInputDevice (116)
[2025.04.08-18.09.45:688][649]LogModuleManager: Shutting down and abandoning module SteamVRInput (114)
[2025.04.08-18.09.45:688][649]LogModuleManager: Shutting down and abandoning module SteamVR (112)
[2025.04.08-18.09.45:688][649]LogHMD: Freeing OpenVRDLLHandle.
[2025.04.08-18.09.45:688][649]LogModuleManager: Shutting down and abandoning module OculusHMD (110)
[2025.04.08-18.09.45:688][649]LogModuleManager: Shutting down and abandoning module OpenXRHandTracking (108)
[2025.04.08-18.09.45:688][649]LogSlate: Slate User Destroyed.  User Index 0, Is Virtual User: 0
[2025.04.08-18.09.45:688][649]LogModuleManager: Shutting down and abandoning module OpenXREyeTracker (106)
[2025.04.08-18.09.45:688][649]LogModuleManager: Shutting down and abandoning module OpenXRAR (104)
[2025.04.08-18.09.45:688][649]LogModuleManager: Shutting down and abandoning module AugmentedReality (103)
[2025.04.08-18.09.45:688][649]LogModuleManager: Shutting down and abandoning module OpenXRHMD (100)
[2025.04.08-18.09.45:689][649]LogModuleManager: Shutting down and abandoning module ExampleDeviceProfileSelector (98)
[2025.04.08-18.09.45:689][649]LogModuleManager: Shutting down and abandoning module ChunkDownloader (96)
[2025.04.08-18.09.45:689][649]LogModuleManager: Shutting down and abandoning module LauncherChunkInstaller (94)
[2025.04.08-18.09.45:689][649]LogModuleManager: Shutting down and abandoning module OnlineBlueprintSupport (92)
[2025.04.08-18.09.45:689][649]LogModuleManager: Shutting down and abandoning module OnlineSubsystem (88)
[2025.04.08-18.09.45:690][649]LogModuleManager: Shutting down and abandoning module XMPP (83)
[2025.04.08-18.09.45:690][649]LogModuleManager: Shutting down and abandoning module WebSockets (82)
[2025.04.08-18.09.45:695][649]LogModuleManager: Shutting down and abandoning module HTTP (79)
[2025.04.08-18.09.45:695][649]LogHttp: Display: Http module shutting down, but needs to wait on 1 outstanding Http requests:
[2025.04.08-18.09.45:695][649]LogHttp: Display: 	verb=[POST] url=[https://datarouter.ol.epicgames.com/datarouter/api/v1/public/data?SessionID=%7B5CDD847F-4B29-FD8E-9239-068394A88601%7D&AppID=UEEditor.Rocket.Release&AppVersion=4.27.2-18319896%2B%2B%2BUE4%2BRelease-4.27&UserID=1630856f436c572332dc42bd5716ab61%7C7103b13d50da47bcb910eeb6fc950929%7C1a3351ea-d91d-494f-9b74-3a188d739225&AppEnvironment=datacollector-binary&UploadType=eteventstream] refs=[1] status=Processing
[2025.04.08-18.09.45:695][649]LogHttp: Display: cleaning up 1 outstanding Http requests.
[2025.04.08-18.09.45:717][649]LogModuleManager: Shutting down and abandoning module SSL (78)
[2025.04.08-18.09.45:718][649]LogModuleManager: Shutting down and abandoning module WmfMedia (74)
[2025.04.08-18.09.45:721][649]LogModuleManager: Shutting down and abandoning module Media (73)
[2025.04.08-18.09.45:722][649]LogModuleManager: Shutting down and abandoning module MediaInfo (72)
[2025.04.08-18.09.45:722][649]LogModuleManager: Shutting down and abandoning module ExrReaderGpu (68)
[2025.04.08-18.09.45:722][649]LogModuleManager: Shutting down and abandoning module MLSDK (66)
[2025.04.08-18.09.45:722][649]LogModuleManager: Shutting down and abandoning module MagicLeap (64)
[2025.04.08-18.09.45:722][649]LogModuleManager: Shutting down and abandoning module ChaosCloth (62)
[2025.04.08-18.09.45:722][649]LogModuleManager: Shutting down and abandoning module VariantManagerContent (60)
[2025.04.08-18.09.45:722][649]LogModuleManager: Shutting down and abandoning module NiagaraVertexFactories (58)
[2025.04.08-18.09.45:722][649]LogModuleManager: Shutting down and abandoning module NiagaraShader (56)
[2025.04.08-18.09.45:722][649]LogModuleManager: Shutting down and abandoning module DatasmithContent (54)
[2025.04.08-18.09.45:722][649]LogModuleManager: Shutting down and abandoning module PixWinPlugin (52)
[2025.04.08-18.09.45:722][649]LogModuleManager: Shutting down and abandoning module AISupportModule (50)
[2025.04.08-18.09.45:722][649]LogModuleManager: Shutting down and abandoning module DesktopPlatform (48)
[2025.04.08-18.09.45:722][649]LogModuleManager: Shutting down and abandoning module PythonScriptPluginPreload (46)
[2025.04.08-18.09.45:722][649]LogModuleManager: Shutting down and abandoning module PlatformCryptoOpenSSL (44)
[2025.04.08-18.09.45:722][649]LogModuleManager: Shutting down and abandoning module PlatformCryptoTypes (42)
[2025.04.08-18.09.45:722][649]LogModuleManager: Shutting down and abandoning module PlatformCrypto (40)
[2025.04.08-18.09.45:722][649]LogModuleManager: Shutting down and abandoning module OodleDataCompressionFormat (38)
[2025.04.08-18.09.45:723][649]LogModuleManager: Shutting down and abandoning module XGEController (36)
[2025.04.08-18.09.45:723][649]LogModuleManager: Shutting down and abandoning module AnimationModifiers (34)
[2025.04.08-18.09.45:723][649]LogModuleManager: Shutting down and abandoning module AudioEditor (32)
[2025.04.08-18.09.45:723][649]LogModuleManager: Shutting down and abandoning module PropertyEditor (31)
[2025.04.08-18.09.45:723][649]LogModuleManager: Shutting down and abandoning module TextureCompressor (28)
[2025.04.08-18.09.45:724][649]LogModuleManager: Shutting down and abandoning module RenderCore (26)
[2025.04.08-18.09.45:724][649]LogModuleManager: Shutting down and abandoning module Landscape (24)
[2025.04.08-18.09.45:724][649]LogModuleManager: Shutting down and abandoning module SlateRHIRenderer (22)
[2025.04.08-18.09.45:724][649]LogModuleManager: Shutting down and abandoning module AnimGraphRuntime (20)
[2025.04.08-18.09.45:724][649]LogModuleManager: Shutting down and abandoning module Renderer (18)
[2025.04.08-18.09.45:725][649]LogModuleManager: Shutting down and abandoning module Engine (16)
[2025.04.08-18.09.45:725][649]LogModuleManager: Shutting down and abandoning module CoreUObject (14)
[2025.04.08-18.09.45:725][649]LogModuleManager: Shutting down and abandoning module NetworkFile (12)
[2025.04.08-18.09.45:725][649]LogModuleManager: Shutting down and abandoning module CookedIterativeFile (10)
[2025.04.08-18.09.45:725][649]LogModuleManager: Shutting down and abandoning module StreamingFile (8)
[2025.04.08-18.09.45:725][649]LogModuleManager: Shutting down and abandoning module SandboxFile (6)
[2025.04.08-18.09.45:725][649]LogModuleManager: Shutting down and abandoning module PakFile (4)
[2025.04.08-18.09.45:725][649]LogModuleManager: Shutting down and abandoning module RSA (3)
[2025.04.08-18.09.45:725][649]LogContentStreaming: Display: There are 1 unreleased StreamingManagers
[2025.04.08-18.09.45:755][649]LogD3D11RHI: Shutdown
[2025.04.08-18.09.45:755][649]LogD3D11RHI: CleanupD3DDevice
[2025.04.08-18.09.45:759][649]LogExit: Exiting.
[2025.04.08-18.09.45:776][649]Log file closed, 04/08/25 14:09:45
