Log file open, 04/09/25 21:44:17
LogWindows: Failed to load 'aqProf.dll' (GetLastError=126)
LogWindows: File 'aqProf.dll' does not exist
LogWindows: Failed to load 'VtuneApi.dll' (GetLastError=126)
LogWindows: File 'VtuneApi.dll' does not exist
LogWindows: Failed to load 'VtuneApi32e.dll' (GetLastError=126)
LogWindows: File 'VtuneApi32e.dll' does not exist
LogConsoleResponse: Display: Failed to find resolution value strings in scalability ini. Falling back to default.
LogConsoleResponse: Display: Failed to find resolution value strings in scalability ini. Falling back to default.
LogInit: Display: Running engine for game: TopDownPuzzle
LogPlatformFile: Not using cached read wrapper
LogTaskGraph: Started task graph with 5 named threads and 23 total threads with 3 sets of task threads.
LogStats: Stats thread started at 0.281068
LogICUInternationalization: ICU TimeZone Detection - Raw Offset: -5:00, Platform Override: ''
LogInit: Display: Loading text-based GConfig....
LogPluginManager: Mounting plugin MeshPainting
LogPluginManager: Mounting plugin XGEController
LogPluginManager: Mounting plugin Paper2D
LogPluginManager: Mounting plugin EnvironmentQueryEditor
LogPluginManager: Mounting plugin AISupport
LogPluginManager: Mounting plugin LiveLink
LogPluginManager: Mounting plugin LightPropagationVolume
LogPluginManager: Mounting plugin GameplayCameras
LogPluginManager: Mounting plugin CameraShakePreviewer
LogPluginManager: Mounting plugin OodleData
LogPluginManager: Mounting plugin OodleNetwork
LogPluginManager: Mounting plugin AnimationSharing
LogPluginManager: Mounting plugin CodeLiteSourceCodeAccess
LogPluginManager: Mounting plugin CLionSourceCodeAccess
LogPluginManager: Mounting plugin GitSourceControl
LogPluginManager: Mounting plugin NullSourceCodeAccess
LogPluginManager: Mounting plugin KDevelopSourceCodeAccess
LogPluginManager: Mounting plugin PerforceSourceControl
LogPluginManager: Mounting plugin PixWinPlugin
LogPluginManager: Mounting plugin PlasticSourceControl
LogPluginManager: Mounting plugin PluginUtils
LogPluginManager: Mounting plugin PropertyAccessNode
LogPluginManager: Mounting plugin TextureFormatOodle
LogPluginManager: Mounting plugin RiderSourceCodeAccess
LogPluginManager: Mounting plugin SubversionSourceControl
LogPluginManager: Mounting plugin VisualStudioCodeSourceCodeAccess
LogPluginManager: Mounting plugin VisualStudioSourceCodeAccess
LogPluginManager: Mounting plugin XCodeSourceCodeAccess
LogPluginManager: Mounting plugin UObjectPlugin
LogPluginManager: Mounting plugin AssetManagerEditor
LogPluginManager: Mounting plugin CurveEditorTools
LogPluginManager: Mounting plugin DataValidation
LogPluginManager: Mounting plugin CryptoKeys
LogPluginManager: Mounting plugin GameplayTagsEditor
LogPluginManager: Mounting plugin FacialAnimation
LogPluginManager: Mounting plugin GeometryMode
LogPluginManager: Mounting plugin MacGraphicsSwitching
LogPluginManager: Mounting plugin MaterialAnalyzer
LogPluginManager: Mounting plugin PluginBrowser
LogPluginManager: Mounting plugin SpeedTreeImporter
LogPluginManager: Mounting plugin MobileLauncherProfileWizard
LogPluginManager: Mounting plugin Niagara
LogPluginManager: Mounting plugin DatasmithContent
LogPluginManager: Mounting plugin VariantManagerContent
LogPluginManager: Mounting plugin AlembicImporter
LogPluginManager: Mounting plugin AutomationUtils
LogPluginManager: Mounting plugin BackChannel
LogPluginManager: Mounting plugin ChaosCloth
LogPluginManager: Mounting plugin ChaosEditor
LogPluginManager: Mounting plugin ChaosClothEditor
LogPluginManager: Mounting plugin ChaosNiagara
LogPluginManager: Mounting plugin ChaosSolverPlugin
LogPluginManager: Mounting plugin CharacterAI
LogPluginManager: Mounting plugin LuminPlatformFeatures
LogPluginManager: Mounting plugin MagicLeap
LogPluginManager: Mounting plugin MagicLeapLightEstimation
LogPluginManager: Mounting plugin MagicLeapMedia
LogPluginManager: Mounting plugin MagicLeapPassableWorld
LogPluginManager: Mounting plugin GeometryCache
LogPluginManager: Mounting plugin GeometryCollectionPlugin
LogPluginManager: Mounting plugin GeometryProcessing
LogPluginManager: Mounting plugin OpenImageDenoise
LogPluginManager: Mounting plugin MotoSynth
LogPluginManager: Mounting plugin PlanarCut
LogPluginManager: Mounting plugin PlatformCrypto
LogPluginManager: Mounting plugin ProxyLODPlugin
LogPluginManager: Mounting plugin MLSDK
LogPluginManager: Mounting plugin PythonScriptPlugin
LogPluginManager: Mounting plugin SkeletalReduction
LogPluginManager: Mounting plugin AndroidMedia
LogPluginManager: Mounting plugin AvfMedia
LogPluginManager: Mounting plugin ImgMedia
LogPluginManager: Mounting plugin MediaCompositing
LogPluginManager: Mounting plugin MediaPlayerEditor
LogPluginManager: Mounting plugin WebMMedia
LogPluginManager: Mounting plugin UdpMessaging
LogPluginManager: Mounting plugin TcpMessaging
LogPluginManager: Mounting plugin WmfMedia
LogPluginManager: Mounting plugin LevelSequenceEditor
LogPluginManager: Mounting plugin ActorSequence
LogPluginManager: Mounting plugin MatineeToLevelSequence
LogPluginManager: Mounting plugin TemplateSequence
LogPluginManager: Mounting plugin OnlineSubsystem
LogPluginManager: Mounting plugin OnlineSubsystemUtils
LogPluginManager: Mounting plugin OnlineSubsystemNull
LogPluginManager: Mounting plugin LauncherChunkInstaller
LogPluginManager: Mounting plugin ActorLayerUtilities
LogPluginManager: Mounting plugin AndroidDeviceProfileSelector
LogPluginManager: Mounting plugin AndroidMoviePlayer
LogPluginManager: Mounting plugin AndroidPermission
LogPluginManager: Mounting plugin AppleMoviePlayer
LogPluginManager: Mounting plugin AppleImageUtils
LogPluginManager: Mounting plugin ArchVisCharacter
LogPluginManager: Mounting plugin AudioCapture
LogPluginManager: Mounting plugin AssetTags
LogPluginManager: Mounting plugin CableComponent
LogPluginManager: Mounting plugin AudioSynesthesia
LogPluginManager: Mounting plugin ChunkDownloader
LogPluginManager: Mounting plugin CustomMeshComponent
LogPluginManager: Mounting plugin EditableMesh
LogPluginManager: Mounting plugin ExampleDeviceProfileSelector
LogPluginManager: Mounting plugin GoogleCloudMessaging
LogPluginManager: Mounting plugin GooglePAD
LogPluginManager: Mounting plugin LinuxDeviceProfileSelector
LogPluginManager: Mounting plugin IOSDeviceProfileSelector
LogPluginManager: Mounting plugin MobilePatchingUtils
LogPluginManager: Mounting plugin LocationServicesBPLibrary
LogPluginManager: Mounting plugin OpenXR
LogPluginManager: Mounting plugin OpenXREyeTracker
LogPluginManager: Mounting plugin ScreenshotTools
LogPluginManager: Mounting plugin OpenXRHandTracking
LogPluginManager: Mounting plugin PostSplashScreen
LogPluginManager: Mounting plugin PhysXVehicles
LogPluginManager: Mounting plugin ProceduralMeshComponent
LogPluginManager: Mounting plugin PropertyAccessEditor
LogPluginManager: Mounting plugin SignificanceManager
LogPluginManager: Mounting plugin RuntimePhysXCooking
LogPluginManager: Mounting plugin SoundFields
LogPluginManager: Mounting plugin Synthesis
LogPluginManager: Mounting plugin WebMMoviePlayer
LogPluginManager: Mounting plugin WindowsMoviePlayer
LogPluginManager: Mounting plugin Takes
LogPluginManager: Mounting plugin ContentBrowserAssetDataSource
LogPluginManager: Mounting plugin ContentBrowserFileDataSource
LogPluginManager: Mounting plugin ContentBrowserClassDataSource
LogPluginManager: Mounting plugin OnlineSubsystemGooglePlay
LogPluginManager: Mounting plugin OnlineSubsystemIOS
LogPluginManager: Mounting plugin OculusVR
LogPluginManager: Mounting plugin SteamVR
PixWinPlugin: PIX capture plugin failed to initialize! Check that the process is launched from PIX.
LogInit: Using libcurl 7.55.1-DEV
LogInit:  - built for x86_64-pc-win32
LogInit:  - supports SSL with OpenSSL/1.1.1
LogInit:  - supports HTTP deflate (compression) using libz 1.2.8
LogInit:  - other features:
LogInit:      CURL_VERSION_SSL
LogInit:      CURL_VERSION_LIBZ
LogInit:      CURL_VERSION_IPV6
LogInit:      CURL_VERSION_ASYNCHDNS
LogInit:      CURL_VERSION_LARGEFILE
LogInit:      CURL_VERSION_IDN
LogInit:  CurlRequestOptions (configurable via config and command line):
LogInit:  - bVerifyPeer = true  - Libcurl will verify peer certificate
LogInit:  - bUseHttpProxy = false  - Libcurl will NOT use HTTP proxy
LogInit:  - bDontReuseConnections = false  - Libcurl will reuse connections
LogInit:  - MaxHostConnections = 16  - Libcurl will limit the number of connections to a host
LogInit:  - LocalHostAddr = Default
LogInit:  - BufferSize = 65536
LogOnline: OSS: Creating online subsystem instance for: NULL
LogInit: WinSock: version 1.1 (2.2), MaxSocks=32767, MaxUdp=65467
LogOnline: OSS: TryLoadSubsystemAndSetDefault: Loaded subsystem for module [NULL]
LogOculusPluginWrapper: OculusPlugin initialized successfully
LogHMD: Failed initializing OVRPlugin 1.59.0
LogInit: Build: ++UE4+Release-4.27-CL-18319896
LogInit: Engine Version: 4.27.2-18319896+++UE4+Release-4.27
LogInit: Compatible Engine Version: 4.27.0-17155196+++UE4+Release-4.27
LogInit: Net CL: 17155196
LogInit: OS: Windows 10 (Release 2009) (), CPU: Intel(R) Core(TM) i5-9300H CPU @ 2.40GHz, GPU: Intel(R) UHD Graphics 630
LogInit: Compiled (64-bit): Nov 30 2021 07:12:08
LogInit: Compiled with Visual C++: 19.24.28315.00
LogInit: Build Configuration: Development
LogInit: Branch Name: ++UE4+Release-4.27
LogInit: Command Line: 
LogInit: Base Directory: C:/Program Files/UE/UE_4.27/Engine/Binaries/Win64/
LogInit: Allocator: TBB
LogInit: Installed Engine Build: 1
LogDevObjectVersion: Number of dev versions registered: 29
LogDevObjectVersion:   Dev-Blueprints (B0D832E4-1F89-4F0D-ACCF-7EB736FD4AA2): 10
LogDevObjectVersion:   Dev-Build (E1C64328-A22C-4D53-A36C-8E866417BD8C): 0
LogDevObjectVersion:   Dev-Core (375EC13C-06E4-48FB-B500-84F0262A717E): 4
LogDevObjectVersion:   Dev-Editor (E4B068ED-F494-42E9-A231-DA0B2E46BB41): 40
LogDevObjectVersion:   Dev-Framework (CFFC743F-43B0-4480-9391-14DF171D2073): 37
LogDevObjectVersion:   Dev-Mobile (B02B49B5-BB20-44E9-A304-32B752E40360): 3
LogDevObjectVersion:   Dev-Networking (A4E4105C-59A1-49B5-A7C5-40C4547EDFEE): 0
LogDevObjectVersion:   Dev-Online (39C831C9-5AE6-47DC-9A44-9C173E1C8E7C): 0
LogDevObjectVersion:   Dev-Physics (78F01B33-EBEA-4F98-B9B4-84EACCB95AA2): 14
LogDevObjectVersion:   Dev-Platform (6631380F-2D4D-43E0-8009-CF276956A95A): 0
LogDevObjectVersion:   Dev-Rendering (12F88B9F-8875-4AFC-A67C-D90C383ABD29): 45
LogDevObjectVersion:   Dev-Sequencer (7B5AE74C-D270-4C10-A958-57980B212A5A): 13
LogDevObjectVersion:   Dev-VR (D7296918-1DD6-4BDD-9DE2-64A83CC13884): 3
LogDevObjectVersion:   Dev-LoadTimes (C2A15278-BFE7-4AFE-6C17-90FF531DF755): 1
LogDevObjectVersion:   Private-Geometry (6EACA3D4-40EC-4CC1-B786-8BED09428FC5): 3
LogDevObjectVersion:   Dev-AnimPhys (29E575DD-E0A3-4627-9D10-D276232CDCEA): 17
LogDevObjectVersion:   Dev-Anim (AF43A65D-7FD3-4947-9873-3E8ED9C1BB05): 15
LogDevObjectVersion:   Dev-ReflectionCapture (6B266CEC-1EC7-4B8F-A30B-E4D90942FC07): 1
LogDevObjectVersion:   Dev-Automation (0DF73D61-A23F-47EA-B727-89E90C41499A): 1
LogDevObjectVersion:   FortniteMain (601D1886-AC64-4F84-AA16-D3DE0DEAC7D6): 47
LogDevObjectVersion:   FortniteRelease (E7086368-6B23-4C58-8439-1B7016265E91): 1
LogDevObjectVersion:   Dev-Enterprise (9DFFBCD6-494F-0158-E221-12823C92A888): 10
LogDevObjectVersion:   Dev-Niagara (F2AED0AC-9AFE-416F-8664-AA7FFA26D6FC): 1
LogDevObjectVersion:   Dev-Destruction (174F1F0B-B4C6-45A5-B13F-2EE8D0FB917D): 10
LogDevObjectVersion:   Dev-Physics-Ext (35F94A83-E258-406C-A318-09F59610247C): 41
LogDevObjectVersion:   Dev-PhysicsMaterial-Chaos (B68FC16E-8B1B-42E2-B453-215C058844FE): 1
LogDevObjectVersion:   Dev-CineCamera (B2E18506-4273-CFC2-A54E-F4BB758BBA07): 1
LogDevObjectVersion:   Dev-VirtualProduction (64F58936-FD1B-42BA-BA96-7289D5D0FA4E): 1
LogDevObjectVersion:   Dev-MediaFramework (6F0ED827-A609-4895-9C91-998D90180EA4): 2
LogInit: Presizing for max 25165824 objects, including 0 objects not considered by GC, pre-allocating 0 bytes for permanent pool.
LogConfig: Applying CVar settings from Section [/Script/Engine.StreamingSettings] File [C:/Unreal Projects/Top-Down-Puzzle/TopDownPuzzle/Saved/Config/Windows/Engine.ini]
LogConfig: Setting CVar [[s.MinBulkDataSizeForAsyncLoading:131072]]
LogConfig: Setting CVar [[s.AsyncLoadingThreadEnabled:0]]
LogConfig: Setting CVar [[s.EventDrivenLoaderEnabled:1]]
LogConfig: Setting CVar [[s.WarnIfTimeLimitExceeded:0]]
LogConfig: Setting CVar [[s.TimeLimitExceededMultiplier:1.5]]
LogConfig: Setting CVar [[s.TimeLimitExceededMinTime:0.005]]
LogConfig: Setting CVar [[s.UseBackgroundLevelStreaming:1]]
LogConfig: Setting CVar [[s.PriorityAsyncLoadingExtraTime:15.0]]
LogConfig: Setting CVar [[s.LevelStreamingActorsUpdateTimeLimit:5.0]]
LogConfig: Setting CVar [[s.PriorityLevelStreamingActorsUpdateExtraTime:5.0]]
LogConfig: Setting CVar [[s.LevelStreamingComponentsRegistrationGranularity:10]]
LogConfig: Setting CVar [[s.UnregisterComponentsTimeLimit:1.0]]
LogConfig: Setting CVar [[s.LevelStreamingComponentsUnregistrationGranularity:5]]
LogConfig: Setting CVar [[s.FlushStreamingOnExit:1]]
LogInit: Object subsystem initialized
LogConfig: Setting CVar [[con.DebugEarlyDefault:1]]
LogConfig: Setting CVar [[r.setres:1280x720]]
[2025.04.10-01.44.18:502][  0]LogConfig: Setting CVar [[r.VSync:0]]
[2025.04.10-01.44.18:502][  0]LogConfig: Setting CVar [[r.RHICmdBypass:0]]
[2025.04.10-01.44.18:502][  0]LogConfig: Applying CVar settings from Section [/Script/Engine.RendererSettings] File [C:/Unreal Projects/Top-Down-Puzzle/TopDownPuzzle/Saved/Config/Windows/Engine.ini]
[2025.04.10-01.44.18:502][  0]LogConfig: Setting CVar [[r.GPUCrashDebugging:0]]
[2025.04.10-01.44.18:502][  0]LogConfig: Setting CVar [[r.Mobile.DisableVertexFog:1]]
[2025.04.10-01.44.18:502][  0]LogConfig: Setting CVar [[r.Shadow.CSM.MaxMobileCascades:2]]
[2025.04.10-01.44.18:502][  0]LogConfig: Setting CVar [[r.MobileMSAA:1]]
[2025.04.10-01.44.18:502][  0]LogConfig: Setting CVar [[r.Mobile.AllowDitheredLODTransition:0]]
[2025.04.10-01.44.18:502][  0]LogConfig: Setting CVar [[r.Mobile.AllowSoftwareOcclusion:0]]
[2025.04.10-01.44.18:502][  0]LogConfig: Setting CVar [[r.Mobile.VirtualTextures:0]]
[2025.04.10-01.44.18:502][  0]LogConfig: Setting CVar [[r.DiscardUnusedQuality:0]]
[2025.04.10-01.44.18:502][  0]LogConfig: Setting CVar [[r.AllowOcclusionQueries:1]]
[2025.04.10-01.44.18:502][  0]LogConfig: Setting CVar [[r.MinScreenRadiusForLights:0.030000]]
[2025.04.10-01.44.18:502][  0]LogConfig: Setting CVar [[r.MinScreenRadiusForDepthPrepass:0.030000]]
[2025.04.10-01.44.18:502][  0]LogConfig: Setting CVar [[r.MinScreenRadiusForCSMDepth:0.010000]]
[2025.04.10-01.44.18:502][  0]LogConfig: Setting CVar [[r.PrecomputedVisibilityWarning:0]]
[2025.04.10-01.44.18:502][  0]LogConfig: Setting CVar [[r.TextureStreaming:1]]
[2025.04.10-01.44.18:502][  0]LogConfig: Setting CVar [[Compat.UseDXT5NormalMaps:0]]
[2025.04.10-01.44.18:502][  0]LogConfig: Setting CVar [[r.VirtualTextures:0]]
[2025.04.10-01.44.18:502][  0]LogConfig: Setting CVar [[r.VT.EnableAutoImport:1]]
[2025.04.10-01.44.18:502][  0]LogConfig: Setting CVar [[r.VirtualTexturedLightmaps:0]]
[2025.04.10-01.44.18:502][  0]LogConfig: Setting CVar [[r.VT.TileSize:128]]
[2025.04.10-01.44.18:502][  0]LogConfig: Setting CVar [[r.VT.TileBorderSize:4]]
[2025.04.10-01.44.18:502][  0]LogConfig: Setting CVar [[r.vt.FeedbackFactor:16]]
[2025.04.10-01.44.18:502][  0]LogConfig: Setting CVar [[r.VT.EnableCompressZlib:1]]
[2025.04.10-01.44.18:502][  0]LogConfig: Setting CVar [[r.VT.EnableCompressCrunch:0]]
[2025.04.10-01.44.18:502][  0]LogConfig: Setting CVar [[r.ClearCoatNormal:0]]
[2025.04.10-01.44.18:502][  0]LogConfig: Setting CVar [[r.ReflectionCaptureResolution:128]]
[2025.04.10-01.44.18:502][  0]LogConfig: Setting CVar [[r.Mobile.ReflectionCaptureCompression:0]]
[2025.04.10-01.44.18:502][  0]LogConfig: Setting CVar [[r.ReflectionEnvironmentLightmapMixBasedOnRoughness:1]]
[2025.04.10-01.44.18:502][  0]LogConfig: Setting CVar [[r.ForwardShading:0]]
[2025.04.10-01.44.18:502][  0]LogConfig: Setting CVar [[r.VertexFoggingForOpaque:1]]
[2025.04.10-01.44.18:502][  0]LogConfig: Setting CVar [[r.AllowStaticLighting:1]]
[2025.04.10-01.44.18:502][  0]LogConfig: Setting CVar [[r.NormalMapsForStaticLighting:0]]
[2025.04.10-01.44.18:502][  0]LogConfig: Setting CVar [[r.GenerateMeshDistanceFields:0]]
[2025.04.10-01.44.18:502][  0]LogConfig: Setting CVar [[r.DistanceFieldBuild.EightBit:0]]
[2025.04.10-01.44.18:502][  0]LogConfig: Setting CVar [[r.GenerateLandscapeGIData:0]]
[2025.04.10-01.44.18:502][  0]LogConfig: Setting CVar [[r.DistanceFieldBuild.Compress:0]]
[2025.04.10-01.44.18:502][  0]LogConfig: Setting CVar [[r.TessellationAdaptivePixelsPerTriangle:48.000000]]
[2025.04.10-01.44.18:502][  0]LogConfig: Setting CVar [[r.SeparateTranslucency:1]]
[2025.04.10-01.44.18:502][  0]LogConfig: Setting CVar [[r.TranslucentSortPolicy:0]]
[2025.04.10-01.44.18:503][  0]LogConfig: Setting CVar [[vr.VRS.HMDFixedFoveationLevel:0]]
[2025.04.10-01.44.18:503][  0]LogConfig: Setting CVar [[r.CustomDepth:1]]
[2025.04.10-01.44.18:503][  0]LogConfig: Setting CVar [[r.CustomDepthTemporalAAJitter:1]]
[2025.04.10-01.44.18:503][  0]LogConfig: Setting CVar [[r.PostProcessing.PropagateAlpha:0]]
[2025.04.10-01.44.18:503][  0]LogConfig: Setting CVar [[r.DefaultFeature.Bloom:1]]
[2025.04.10-01.44.18:503][  0]LogConfig: Setting CVar [[r.DefaultFeature.AmbientOcclusion:1]]
[2025.04.10-01.44.18:503][  0]LogConfig: Setting CVar [[r.DefaultFeature.AmbientOcclusionStaticFraction:1]]
[2025.04.10-01.44.18:503][  0]LogConfig: Setting CVar [[r.DefaultFeature.AutoExposure:0]]
[2025.04.10-01.44.18:503][  0]LogConfig: Setting CVar [[r.DefaultFeature.AutoExposure.Method:0]]
[2025.04.10-01.44.18:503][  0]LogConfig: Setting CVar [[r.DefaultFeature.AutoExposure.Bias:1.000000]]
[2025.04.10-01.44.18:503][  0]LogConfig: Setting CVar [[r.DefaultFeature.AutoExposure.ExtendDefaultLuminanceRange:0]]
[2025.04.10-01.44.18:503][  0]LogConfig: Setting CVar [[r.UsePreExposure:1]]
[2025.04.10-01.44.18:503][  0]LogConfig: Setting CVar [[r.EyeAdaptation.EditorOnly:0]]
[2025.04.10-01.44.18:503][  0]LogConfig: Setting CVar [[r.DefaultFeature.MotionBlur:0]]
[2025.04.10-01.44.18:503][  0]LogConfig: Setting CVar [[r.DefaultFeature.LensFlare:0]]
[2025.04.10-01.44.18:503][  0]LogConfig: Setting CVar [[r.TemporalAA.Upsampling:0]]
[2025.04.10-01.44.18:503][  0]LogConfig: Setting CVar [[r.SSGI.Enable:0]]
[2025.04.10-01.44.18:503][  0]LogConfig: Setting CVar [[r.DefaultFeature.AntiAliasing:0]]
[2025.04.10-01.44.18:503][  0]LogConfig: Setting CVar [[r.DefaultFeature.LightUnits:1]]
[2025.04.10-01.44.18:503][  0]LogConfig: Setting CVar [[r.DefaultBackBufferPixelFormat:4]]
[2025.04.10-01.44.18:503][  0]LogConfig: Setting CVar [[r.Shadow.UnbuiltPreviewInGame:1]]
[2025.04.10-01.44.18:503][  0]LogConfig: Setting CVar [[r.StencilForLODDither:0]]
[2025.04.10-01.44.18:503][  0]LogConfig: Setting CVar [[r.EarlyZPass:3]]
[2025.04.10-01.44.18:503][  0]LogConfig: Setting CVar [[r.EarlyZPassOnlyMaterialMasking:0]]
[2025.04.10-01.44.18:503][  0]LogConfig: Setting CVar [[r.DBuffer:1]]
[2025.04.10-01.44.18:503][  0]LogConfig: Setting CVar [[r.ClearSceneMethod:1]]
[2025.04.10-01.44.18:503][  0]LogConfig: Setting CVar [[r.BasePassOutputsVelocity:0]]
[2025.04.10-01.44.18:503][  0]LogConfig: Setting CVar [[r.VertexDeformationOutputsVelocity:0]]
[2025.04.10-01.44.18:503][  0]LogConfig: Setting CVar [[r.SelectiveBasePassOutputs:0]]
[2025.04.10-01.44.18:503][  0]LogConfig: Setting CVar [[fx.GPUSimulationTextureSizeX:1024]]
[2025.04.10-01.44.18:503][  0]LogConfig: Setting CVar [[fx.GPUSimulationTextureSizeY:1024]]
[2025.04.10-01.44.18:503][  0]LogConfig: Setting CVar [[r.AllowGlobalClipPlane:0]]
[2025.04.10-01.44.18:503][  0]LogConfig: Setting CVar [[r.GBufferFormat:1]]
[2025.04.10-01.44.18:503][  0]LogConfig: Setting CVar [[r.MorphTarget.Mode:1]]
[2025.04.10-01.44.18:503][  0]LogConfig: Setting CVar [[vr.InstancedStereo:0]]
[2025.04.10-01.44.18:503][  0]LogConfig: Setting CVar [[r.MobileHDR:1]]
[2025.04.10-01.44.18:503][  0]LogConfig: Setting CVar [[vr.MobileMultiView:0]]
[2025.04.10-01.44.18:503][  0]LogConfig: Setting CVar [[r.Mobile.UseHWsRGBEncoding:0]]
[2025.04.10-01.44.18:503][  0]LogConfig: Setting CVar [[vr.RoundRobinOcclusion:0]]
[2025.04.10-01.44.18:503][  0]LogConfig: Setting CVar [[vr.ODSCapture:0]]
[2025.04.10-01.44.18:503][  0]LogConfig: Setting CVar [[r.MeshStreaming:0]]
[2025.04.10-01.44.18:503][  0]LogConfig: Setting CVar [[r.WireframeCullThreshold:5.000000]]
[2025.04.10-01.44.18:503][  0]LogConfig: Setting CVar [[r.RayTracing:0]]
[2025.04.10-01.44.18:503][  0]LogConfig: Setting CVar [[r.RayTracing.UseTextureLod:0]]
[2025.04.10-01.44.18:503][  0]LogConfig: Setting CVar [[r.SupportStationarySkylight:1]]
[2025.04.10-01.44.18:503][  0]LogConfig: Setting CVar [[r.SupportLowQualityLightmaps:1]]
[2025.04.10-01.44.18:503][  0]LogConfig: Setting CVar [[r.SupportPointLightWholeSceneShadows:1]]
[2025.04.10-01.44.18:503][  0]LogConfig: Setting CVar [[r.SupportAtmosphericFog:1]]
[2025.04.10-01.44.18:503][  0]LogConfig: Setting CVar [[r.SupportSkyAtmosphere:1]]
[2025.04.10-01.44.18:503][  0]LogConfig: Setting CVar [[r.SupportSkyAtmosphereAffectsHeightFog:0]]
[2025.04.10-01.44.18:503][  0]LogConfig: Setting CVar [[r.SkinCache.CompileShaders:0]]
[2025.04.10-01.44.18:503][  0]LogConfig: Setting CVar [[r.SkinCache.DefaultBehavior:1]]
[2025.04.10-01.44.18:503][  0]LogConfig: Setting CVar [[r.SkinCache.SceneMemoryLimitInMB:128.000000]]
[2025.04.10-01.44.18:503][  0]LogConfig: Setting CVar [[r.Mobile.EnableStaticAndCSMShadowReceivers:1]]
[2025.04.10-01.44.18:503][  0]LogConfig: Setting CVar [[r.Mobile.EnableMovableLightCSMShaderCulling:1]]
[2025.04.10-01.44.18:503][  0]LogConfig: Setting CVar [[r.Mobile.AllowDistanceFieldShadows:1]]
[2025.04.10-01.44.18:503][  0]LogConfig: Setting CVar [[r.Mobile.AllowMovableDirectionalLights:1]]
[2025.04.10-01.44.18:503][  0]LogConfig: Setting CVar [[r.MobileNumDynamicPointLights:4]]
[2025.04.10-01.44.18:503][  0]LogConfig: Setting CVar [[r.MobileDynamicPointLightsUseStaticBranch:1]]
[2025.04.10-01.44.18:503][  0]LogConfig: Setting CVar [[r.Mobile.EnableMovableSpotlights:0]]
[2025.04.10-01.44.18:503][  0]LogConfig: Setting CVar [[r.Mobile.EnableMovableSpotlightsShadow:0]]
[2025.04.10-01.44.18:503][  0]LogConfig: Setting CVar [[r.GPUSkin.Support16BitBoneIndex:0]]
[2025.04.10-01.44.18:503][  0]LogConfig: Setting CVar [[r.GPUSkin.Limit2BoneInfluences:0]]
[2025.04.10-01.44.18:503][  0]LogConfig: Setting CVar [[r.SupportDepthOnlyIndexBuffers:1]]
[2025.04.10-01.44.18:503][  0]LogConfig: Setting CVar [[r.SupportReversedIndexBuffers:1]]
[2025.04.10-01.44.18:503][  0]LogConfig: Setting CVar [[r.LightPropagationVolume:0]]
[2025.04.10-01.44.18:503][  0]LogConfig: Setting CVar [[r.Mobile.AmbientOcclusion:0]]
[2025.04.10-01.44.18:503][  0]LogConfig: Setting CVar [[r.GPUSkin.UnlimitedBoneInfluences:0]]
[2025.04.10-01.44.18:503][  0]LogConfig: Setting CVar [[r.GPUSkin.UnlimitedBoneInfluencesThreshold:8]]
[2025.04.10-01.44.18:503][  0]LogConfig: Setting CVar [[r.Mobile.PlanarReflectionMode:0]]
[2025.04.10-01.44.18:503][  0]LogConfig: Setting CVar [[r.Mobile.SupportsGen4TAA:0]]
[2025.04.10-01.44.18:503][  0]LogConfig: Applying CVar settings from Section [/Script/Engine.RendererOverrideSettings] File [C:/Unreal Projects/Top-Down-Puzzle/TopDownPuzzle/Saved/Config/Windows/Engine.ini]
[2025.04.10-01.44.18:503][  0]LogConfig: Applying CVar settings from Section [/Script/Engine.StreamingSettings] File [C:/Unreal Projects/Top-Down-Puzzle/TopDownPuzzle/Saved/Config/Windows/Engine.ini]
[2025.04.10-01.44.18:503][  0]LogConfig: Setting CVar [[s.MinBulkDataSizeForAsyncLoading:131072]]
[2025.04.10-01.44.18:503][  0]LogConfig: Setting CVar [[s.AsyncLoadingThreadEnabled:0]]
[2025.04.10-01.44.18:503][  0]LogConfig: Setting CVar [[s.EventDrivenLoaderEnabled:1]]
[2025.04.10-01.44.18:503][  0]LogConfig: Setting CVar [[s.WarnIfTimeLimitExceeded:0]]
[2025.04.10-01.44.18:503][  0]LogConfig: Setting CVar [[s.TimeLimitExceededMultiplier:1.5]]
[2025.04.10-01.44.18:503][  0]LogConfig: Setting CVar [[s.TimeLimitExceededMinTime:0.005]]
[2025.04.10-01.44.18:503][  0]LogConfig: Setting CVar [[s.UseBackgroundLevelStreaming:1]]
[2025.04.10-01.44.18:504][  0]LogConfig: Setting CVar [[s.PriorityAsyncLoadingExtraTime:15.0]]
[2025.04.10-01.44.18:504][  0]LogConfig: Setting CVar [[s.LevelStreamingActorsUpdateTimeLimit:5.0]]
[2025.04.10-01.44.18:504][  0]LogConfig: Setting CVar [[s.PriorityLevelStreamingActorsUpdateExtraTime:5.0]]
[2025.04.10-01.44.18:504][  0]LogConfig: Setting CVar [[s.LevelStreamingComponentsRegistrationGranularity:10]]
[2025.04.10-01.44.18:504][  0]LogConfig: Setting CVar [[s.UnregisterComponentsTimeLimit:1.0]]
[2025.04.10-01.44.18:504][  0]LogConfig: Setting CVar [[s.LevelStreamingComponentsUnregistrationGranularity:5]]
[2025.04.10-01.44.18:504][  0]LogConfig: Setting CVar [[s.FlushStreamingOnExit:1]]
[2025.04.10-01.44.18:504][  0]LogConfig: Applying CVar settings from Section [/Script/Engine.GarbageCollectionSettings] File [C:/Unreal Projects/Top-Down-Puzzle/TopDownPuzzle/Saved/Config/Windows/Engine.ini]
[2025.04.10-01.44.18:504][  0]LogConfig: Setting CVar [[gc.MaxObjectsNotConsideredByGC:1]]
[2025.04.10-01.44.18:504][  0]LogConfig: Setting CVar [[gc.SizeOfPermanentObjectPool:0]]
[2025.04.10-01.44.18:504][  0]LogConfig: Setting CVar [[gc.FlushStreamingOnGC:0]]
[2025.04.10-01.44.18:504][  0]LogConfig: Setting CVar [[gc.NumRetriesBeforeForcingGC:10]]
[2025.04.10-01.44.18:504][  0]LogConfig: Setting CVar [[gc.AllowParallelGC:1]]
[2025.04.10-01.44.18:504][  0]LogConfig: Setting CVar [[gc.TimeBetweenPurgingPendingKillObjects:61.1]]
[2025.04.10-01.44.18:504][  0]LogConfig: Setting CVar [[gc.MaxObjectsInEditor:25165824]]
[2025.04.10-01.44.18:504][  0]LogConfig: Setting CVar [[gc.IncrementalBeginDestroyEnabled:1]]
[2025.04.10-01.44.18:504][  0]LogConfig: Setting CVar [[gc.CreateGCClusters:1]]
[2025.04.10-01.44.18:504][  0]LogConfig: Setting CVar [[gc.MinGCClusterSize:5]]
[2025.04.10-01.44.18:504][  0]LogConfig: Setting CVar [[gc.ActorClusteringEnabled:0]]
[2025.04.10-01.44.18:504][  0]LogConfig: Setting CVar [[gc.BlueprintClusteringEnabled:0]]
[2025.04.10-01.44.18:504][  0]LogConfig: Setting CVar [[gc.UseDisregardForGCOnDedicatedServers:0]]
[2025.04.10-01.44.18:504][  0]LogConfig: Setting CVar [[gc.MultithreadedDestructionEnabled:1]]
[2025.04.10-01.44.18:504][  0]LogConfig: Applying CVar settings from Section [/Script/Engine.NetworkSettings] File [C:/Unreal Projects/Top-Down-Puzzle/TopDownPuzzle/Saved/Config/Windows/Engine.ini]
[2025.04.10-01.44.18:504][  0]LogConfig: Applying CVar settings from Section [/Script/UnrealEd.CookerSettings] File [C:/Unreal Projects/Top-Down-Puzzle/TopDownPuzzle/Saved/Config/Windows/Engine.ini]
[2025.04.10-01.44.18:513][  0]LogConfig: Applying CVar settings from Section [ViewDistanceQuality@3] File [C:/Unreal Projects/Top-Down-Puzzle/TopDownPuzzle/Saved/Config/Windows/Scalability.ini]
[2025.04.10-01.44.18:513][  0]LogConfig: Setting CVar [[r.SkeletalMeshLODBias:0]]
[2025.04.10-01.44.18:513][  0]LogConfig: Setting CVar [[r.ViewDistanceScale:1.0]]
[2025.04.10-01.44.18:513][  0]LogConfig: Applying CVar settings from Section [AntiAliasingQuality@3] File [C:/Unreal Projects/Top-Down-Puzzle/TopDownPuzzle/Saved/Config/Windows/Scalability.ini]
[2025.04.10-01.44.18:513][  0]LogConfig: Setting CVar [[r.PostProcessAAQuality:4]]
[2025.04.10-01.44.18:513][  0]LogConfig: Applying CVar settings from Section [ShadowQuality@3] File [C:/Unreal Projects/Top-Down-Puzzle/TopDownPuzzle/Saved/Config/Windows/Scalability.ini]
[2025.04.10-01.44.18:513][  0]LogConfig: Setting CVar [[r.LightFunctionQuality:1]]
[2025.04.10-01.44.18:513][  0]LogConfig: Setting CVar [[r.ShadowQuality:5]]
[2025.04.10-01.44.18:513][  0]LogConfig: Setting CVar [[r.Shadow.CSM.MaxCascades:10]]
[2025.04.10-01.44.18:513][  0]LogConfig: Setting CVar [[r.Shadow.MaxResolution:2048]]
[2025.04.10-01.44.18:513][  0]LogConfig: Setting CVar [[r.Shadow.MaxCSMResolution:2048]]
[2025.04.10-01.44.18:513][  0]LogConfig: Setting CVar [[r.Shadow.RadiusThreshold:0.01]]
[2025.04.10-01.44.18:513][  0]LogConfig: Setting CVar [[r.Shadow.DistanceScale:1.0]]
[2025.04.10-01.44.18:513][  0]LogConfig: Setting CVar [[r.Shadow.CSM.TransitionScale:1.0]]
[2025.04.10-01.44.18:513][  0]LogConfig: Setting CVar [[r.Shadow.PreShadowResolutionFactor:1.0]]
[2025.04.10-01.44.18:513][  0]LogConfig: Setting CVar [[r.DistanceFieldShadowing:1]]
[2025.04.10-01.44.18:513][  0]LogConfig: Setting CVar [[r.DistanceFieldAO:1]]
[2025.04.10-01.44.18:513][  0]LogConfig: Setting CVar [[r.AOQuality:2]]
[2025.04.10-01.44.18:513][  0]LogConfig: Setting CVar [[r.VolumetricFog:1]]
[2025.04.10-01.44.18:513][  0]LogConfig: Setting CVar [[r.VolumetricFog.GridPixelSize:8]]
[2025.04.10-01.44.18:513][  0]LogConfig: Setting CVar [[r.VolumetricFog.GridSizeZ:128]]
[2025.04.10-01.44.18:513][  0]LogConfig: Setting CVar [[r.VolumetricFog.HistoryMissSupersampleCount:4]]
[2025.04.10-01.44.18:513][  0]LogConfig: Setting CVar [[r.LightMaxDrawDistanceScale:1]]
[2025.04.10-01.44.18:513][  0]LogConfig: Setting CVar [[r.CapsuleShadows:1]]
[2025.04.10-01.44.18:513][  0]LogConfig: Applying CVar settings from Section [PostProcessQuality@3] File [C:/Unreal Projects/Top-Down-Puzzle/TopDownPuzzle/Saved/Config/Windows/Scalability.ini]
[2025.04.10-01.44.18:513][  0]LogConfig: Setting CVar [[r.MotionBlurQuality:4]]
[2025.04.10-01.44.18:513][  0]LogConfig: Setting CVar [[r.AmbientOcclusionMipLevelFactor:0.4]]
[2025.04.10-01.44.18:513][  0]LogConfig: Setting CVar [[r.AmbientOcclusionMaxQuality:100]]
[2025.04.10-01.44.18:513][  0]LogConfig: Setting CVar [[r.AmbientOcclusionLevels:-1]]
[2025.04.10-01.44.18:513][  0]LogConfig: Setting CVar [[r.AmbientOcclusionRadiusScale:1.0]]
[2025.04.10-01.44.18:513][  0]LogConfig: Setting CVar [[r.DepthOfFieldQuality:2]]
[2025.04.10-01.44.18:513][  0]LogConfig: Setting CVar [[r.RenderTargetPoolMin:400]]
[2025.04.10-01.44.18:513][  0]LogConfig: Setting CVar [[r.LensFlareQuality:2]]
[2025.04.10-01.44.18:513][  0]LogConfig: Setting CVar [[r.SceneColorFringeQuality:1]]
[2025.04.10-01.44.18:513][  0]LogConfig: Setting CVar [[r.EyeAdaptationQuality:2]]
[2025.04.10-01.44.18:513][  0]LogConfig: Setting CVar [[r.BloomQuality:5]]
[2025.04.10-01.44.18:513][  0]LogConfig: Setting CVar [[r.FastBlurThreshold:100]]
[2025.04.10-01.44.18:513][  0]LogConfig: Setting CVar [[r.Upscale.Quality:3]]
[2025.04.10-01.44.18:513][  0]LogConfig: Setting CVar [[r.Tonemapper.GrainQuantization:1]]
[2025.04.10-01.44.18:513][  0]LogConfig: Setting CVar [[r.LightShaftQuality:1]]
[2025.04.10-01.44.18:514][  0]LogConfig: Setting CVar [[r.Filter.SizeScale:1]]
[2025.04.10-01.44.18:514][  0]LogConfig: Setting CVar [[r.Tonemapper.Quality:5]]
[2025.04.10-01.44.18:514][  0]LogConfig: Setting CVar [[r.DOF.Gather.AccumulatorQuality:1        ; higher gathering accumulator quality]]
[2025.04.10-01.44.18:514][  0]LogConfig: Setting CVar [[r.DOF.Gather.PostfilterMethod:1          ; Median3x3 postfilering method]]
[2025.04.10-01.44.18:514][  0]LogConfig: Setting CVar [[r.DOF.Gather.EnableBokehSettings:0       ; no bokeh simulation when gathering]]
[2025.04.10-01.44.18:514][  0]LogConfig: Setting CVar [[r.DOF.Gather.RingCount:4                 ; medium number of samples when gathering]]
[2025.04.10-01.44.18:514][  0]LogConfig: Setting CVar [[r.DOF.Scatter.ForegroundCompositing:1    ; additive foreground scattering]]
[2025.04.10-01.44.18:514][  0]LogConfig: Setting CVar [[r.DOF.Scatter.BackgroundCompositing:2    ; additive background scattering]]
[2025.04.10-01.44.18:514][  0]LogConfig: Setting CVar [[r.DOF.Scatter.EnableBokehSettings:1      ; bokeh simulation when scattering]]
[2025.04.10-01.44.18:514][  0]LogConfig: Setting CVar [[r.DOF.Scatter.MaxSpriteRatio:0.1         ; only a maximum of 10% of scattered bokeh]]
[2025.04.10-01.44.18:514][  0]LogConfig: Setting CVar [[r.DOF.Recombine.Quality:1                ; cheap slight out of focus]]
[2025.04.10-01.44.18:514][  0]LogConfig: Setting CVar [[r.DOF.Recombine.EnableBokehSettings:0    ; no bokeh simulation on slight out of focus]]
[2025.04.10-01.44.18:514][  0]LogConfig: Setting CVar [[r.DOF.TemporalAAQuality:1                ; more stable temporal accumulation]]
[2025.04.10-01.44.18:514][  0]LogConfig: Setting CVar [[r.DOF.Kernel.MaxForegroundRadius:0.025]]
[2025.04.10-01.44.18:514][  0]LogConfig: Setting CVar [[r.DOF.Kernel.MaxBackgroundRadius:0.025]]
[2025.04.10-01.44.18:514][  0]LogConfig: Applying CVar settings from Section [TextureQuality@3] File [C:/Unreal Projects/Top-Down-Puzzle/TopDownPuzzle/Saved/Config/Windows/Scalability.ini]
[2025.04.10-01.44.18:514][  0]LogConfig: Setting CVar [[r.Streaming.MipBias:0]]
[2025.04.10-01.44.18:514][  0]LogConfig: Setting CVar [[r.Streaming.AmortizeCPUToGPUCopy:0]]
[2025.04.10-01.44.18:514][  0]LogConfig: Setting CVar [[r.Streaming.MaxNumTexturesToStreamPerFrame:0]]
[2025.04.10-01.44.18:514][  0]LogConfig: Setting CVar [[r.Streaming.Boost:1]]
[2025.04.10-01.44.18:514][  0]LogConfig: Setting CVar [[r.MaxAnisotropy:8]]
[2025.04.10-01.44.18:514][  0]LogConfig: Setting CVar [[r.VT.MaxAnisotropy:8]]
[2025.04.10-01.44.18:514][  0]LogConfig: Setting CVar [[r.Streaming.LimitPoolSizeToVRAM:0]]
[2025.04.10-01.44.18:514][  0]LogConfig: Setting CVar [[r.Streaming.PoolSize:1000]]
[2025.04.10-01.44.18:514][  0]LogConfig: Setting CVar [[r.Streaming.MaxEffectiveScreenSize:0]]
[2025.04.10-01.44.18:514][  0]LogConfig: Applying CVar settings from Section [EffectsQuality@3] File [C:/Unreal Projects/Top-Down-Puzzle/TopDownPuzzle/Saved/Config/Windows/Scalability.ini]
[2025.04.10-01.44.18:514][  0]LogConfig: Setting CVar [[r.TranslucencyLightingVolumeDim:64]]
[2025.04.10-01.44.18:514][  0]LogConfig: Setting CVar [[r.RefractionQuality:2]]
[2025.04.10-01.44.18:514][  0]LogConfig: Setting CVar [[r.SSR.Quality:3]]
[2025.04.10-01.44.18:514][  0]LogConfig: Setting CVar [[r.SSR.HalfResSceneColor:0]]
[2025.04.10-01.44.18:514][  0]LogConfig: Setting CVar [[r.SceneColorFormat:4]]
[2025.04.10-01.44.18:514][  0]LogConfig: Setting CVar [[r.DetailMode:2]]
[2025.04.10-01.44.18:514][  0]LogConfig: Setting CVar [[r.TranslucencyVolumeBlur:1]]
[2025.04.10-01.44.18:514][  0]LogConfig: Setting CVar [[r.MaterialQualityLevel:1 ; High quality]]
[2025.04.10-01.44.18:514][  0]LogConfig: Setting CVar [[r.AnisotropicMaterials:1]]
[2025.04.10-01.44.18:514][  0]LogConfig: Setting CVar [[r.SSS.Scale:1]]
[2025.04.10-01.44.18:514][  0]LogConfig: Setting CVar [[r.SSS.SampleSet:2]]
[2025.04.10-01.44.18:514][  0]LogConfig: Setting CVar [[r.SSS.Quality:1]]
[2025.04.10-01.44.18:514][  0]LogConfig: Setting CVar [[r.SSS.HalfRes:0]]
[2025.04.10-01.44.18:514][  0]LogConfig: Setting CVar [[r.SSGI.Quality:3]]
[2025.04.10-01.44.18:514][  0]LogConfig: Setting CVar [[r.EmitterSpawnRateScale:1.0]]
[2025.04.10-01.44.18:514][  0]LogConfig: Setting CVar [[r.ParticleLightQuality:2]]
[2025.04.10-01.44.18:514][  0]LogConfig: Setting CVar [[r.SkyAtmosphere.AerialPerspectiveLUT.FastApplyOnOpaque:1 ; Always have FastSkyLUT 1 in this case to avoid wrong sky]]
[2025.04.10-01.44.18:514][  0]LogConfig: Setting CVar [[r.SkyAtmosphere.AerialPerspectiveLUT.SampleCountMaxPerSlice:4]]
[2025.04.10-01.44.18:514][  0]LogConfig: Setting CVar [[r.SkyAtmosphere.AerialPerspectiveLUT.DepthResolution:16.0]]
[2025.04.10-01.44.18:514][  0]LogConfig: Setting CVar [[r.SkyAtmosphere.FastSkyLUT:1]]
[2025.04.10-01.44.18:514][  0]LogConfig: Setting CVar [[r.SkyAtmosphere.FastSkyLUT.SampleCountMin:4.0]]
[2025.04.10-01.44.18:514][  0]LogConfig: Setting CVar [[r.SkyAtmosphere.FastSkyLUT.SampleCountMax:128.0]]
[2025.04.10-01.44.18:514][  0]LogConfig: Setting CVar [[r.SkyAtmosphere.SampleCountMin:4.0]]
[2025.04.10-01.44.18:514][  0]LogConfig: Setting CVar [[r.SkyAtmosphere.SampleCountMax:128.0]]
[2025.04.10-01.44.18:514][  0]LogConfig: Setting CVar [[r.SkyAtmosphere.TransmittanceLUT.UseSmallFormat:0]]
[2025.04.10-01.44.18:514][  0]LogConfig: Setting CVar [[r.SkyAtmosphere.TransmittanceLUT.SampleCount:10.0]]
[2025.04.10-01.44.18:514][  0]LogConfig: Setting CVar [[r.SkyAtmosphere.MultiScatteringLUT.SampleCount:15.0]]
[2025.04.10-01.44.18:514][  0]LogConfig: Setting CVar [[r.SkyLight.RealTimeReflectionCapture:1]]
[2025.04.10-01.44.18:514][  0]LogConfig: Applying CVar settings from Section [FoliageQuality@3] File [C:/Unreal Projects/Top-Down-Puzzle/TopDownPuzzle/Saved/Config/Windows/Scalability.ini]
[2025.04.10-01.44.18:514][  0]LogConfig: Setting CVar [[foliage.DensityScale:1.0]]
[2025.04.10-01.44.18:514][  0]LogConfig: Setting CVar [[grass.DensityScale:1.0]]
[2025.04.10-01.44.18:514][  0]LogConfig: Applying CVar settings from Section [ShadingQuality@3] File [C:/Unreal Projects/Top-Down-Puzzle/TopDownPuzzle/Saved/Config/Windows/Scalability.ini]
[2025.04.10-01.44.18:514][  0]LogConfig: Setting CVar [[r.HairStrands.SkyLighting.IntegrationType:2]]
[2025.04.10-01.44.18:514][  0]LogConfig: Setting CVar [[r.HairStrands.SkyAO.SampleCount:4]]
[2025.04.10-01.44.18:514][  0]LogConfig: Setting CVar [[r.HairStrands.Visibility.MSAA.SamplePerPixel:4]]
[2025.04.10-01.44.18:514][  0]LogInit: Selected Device Profile: [Windows]
[2025.04.10-01.44.18:514][  0]LogInit: Applying CVar settings loaded from the selected device profile: [Windows]
[2025.04.10-01.44.18:514][  0]LogHAL: Display: Platform has ~ 16 GB [17013329920 / 17179869184 / 16], which maps to Larger [LargestMinGB=32, LargerMinGB=12, DefaultMinGB=8, SmallerMinGB=6, SmallestMinGB=0)
[2025.04.10-01.44.18:514][  0]LogInit: Going up to parent DeviceProfile []
[2025.04.10-01.44.18:514][  0]LogConfig: Applying CVar settings from Section [ViewDistanceQuality@3] File [C:/Unreal Projects/Top-Down-Puzzle/TopDownPuzzle/Saved/Config/Windows/Scalability.ini]
[2025.04.10-01.44.18:514][  0]LogConfig: Setting CVar [[r.SkeletalMeshLODBias:0]]
[2025.04.10-01.44.18:514][  0]LogConfig: Setting CVar [[r.ViewDistanceScale:1.0]]
[2025.04.10-01.44.18:514][  0]LogConfig: Applying CVar settings from Section [AntiAliasingQuality@3] File [C:/Unreal Projects/Top-Down-Puzzle/TopDownPuzzle/Saved/Config/Windows/Scalability.ini]
[2025.04.10-01.44.18:514][  0]LogConfig: Setting CVar [[r.PostProcessAAQuality:4]]
[2025.04.10-01.44.18:514][  0]LogConfig: Applying CVar settings from Section [ShadowQuality@3] File [C:/Unreal Projects/Top-Down-Puzzle/TopDownPuzzle/Saved/Config/Windows/Scalability.ini]
[2025.04.10-01.44.18:514][  0]LogConfig: Setting CVar [[r.LightFunctionQuality:1]]
[2025.04.10-01.44.18:514][  0]LogConfig: Setting CVar [[r.ShadowQuality:5]]
[2025.04.10-01.44.18:514][  0]LogConfig: Setting CVar [[r.Shadow.CSM.MaxCascades:10]]
[2025.04.10-01.44.18:514][  0]LogConfig: Setting CVar [[r.Shadow.MaxResolution:2048]]
[2025.04.10-01.44.18:514][  0]LogConfig: Setting CVar [[r.Shadow.MaxCSMResolution:2048]]
[2025.04.10-01.44.18:514][  0]LogConfig: Setting CVar [[r.Shadow.RadiusThreshold:0.01]]
[2025.04.10-01.44.18:514][  0]LogConfig: Setting CVar [[r.Shadow.DistanceScale:1.0]]
[2025.04.10-01.44.18:514][  0]LogConfig: Setting CVar [[r.Shadow.CSM.TransitionScale:1.0]]
[2025.04.10-01.44.18:514][  0]LogConfig: Setting CVar [[r.Shadow.PreShadowResolutionFactor:1.0]]
[2025.04.10-01.44.18:514][  0]LogConfig: Setting CVar [[r.DistanceFieldShadowing:1]]
[2025.04.10-01.44.18:514][  0]LogConfig: Setting CVar [[r.DistanceFieldAO:1]]
[2025.04.10-01.44.18:514][  0]LogConfig: Setting CVar [[r.AOQuality:2]]
[2025.04.10-01.44.18:514][  0]LogConfig: Setting CVar [[r.VolumetricFog:1]]
[2025.04.10-01.44.18:514][  0]LogConfig: Setting CVar [[r.VolumetricFog.GridPixelSize:8]]
[2025.04.10-01.44.18:515][  0]LogConfig: Setting CVar [[r.VolumetricFog.GridSizeZ:128]]
[2025.04.10-01.44.18:515][  0]LogConfig: Setting CVar [[r.VolumetricFog.HistoryMissSupersampleCount:4]]
[2025.04.10-01.44.18:515][  0]LogConfig: Setting CVar [[r.LightMaxDrawDistanceScale:1]]
[2025.04.10-01.44.18:515][  0]LogConfig: Setting CVar [[r.CapsuleShadows:1]]
[2025.04.10-01.44.18:515][  0]LogConfig: Applying CVar settings from Section [PostProcessQuality@3] File [C:/Unreal Projects/Top-Down-Puzzle/TopDownPuzzle/Saved/Config/Windows/Scalability.ini]
[2025.04.10-01.44.18:515][  0]LogConfig: Setting CVar [[r.MotionBlurQuality:4]]
[2025.04.10-01.44.18:515][  0]LogConfig: Setting CVar [[r.AmbientOcclusionMipLevelFactor:0.4]]
[2025.04.10-01.44.18:515][  0]LogConfig: Setting CVar [[r.AmbientOcclusionMaxQuality:100]]
[2025.04.10-01.44.18:515][  0]LogConfig: Setting CVar [[r.AmbientOcclusionLevels:-1]]
[2025.04.10-01.44.18:515][  0]LogConfig: Setting CVar [[r.AmbientOcclusionRadiusScale:1.0]]
[2025.04.10-01.44.18:515][  0]LogConfig: Setting CVar [[r.DepthOfFieldQuality:2]]
[2025.04.10-01.44.18:515][  0]LogConfig: Setting CVar [[r.RenderTargetPoolMin:400]]
[2025.04.10-01.44.18:515][  0]LogConfig: Setting CVar [[r.LensFlareQuality:2]]
[2025.04.10-01.44.18:515][  0]LogConfig: Setting CVar [[r.SceneColorFringeQuality:1]]
[2025.04.10-01.44.18:515][  0]LogConfig: Setting CVar [[r.EyeAdaptationQuality:2]]
[2025.04.10-01.44.18:515][  0]LogConfig: Setting CVar [[r.BloomQuality:5]]
[2025.04.10-01.44.18:515][  0]LogConfig: Setting CVar [[r.FastBlurThreshold:100]]
[2025.04.10-01.44.18:515][  0]LogConfig: Setting CVar [[r.Upscale.Quality:3]]
[2025.04.10-01.44.18:515][  0]LogConfig: Setting CVar [[r.Tonemapper.GrainQuantization:1]]
[2025.04.10-01.44.18:515][  0]LogConfig: Setting CVar [[r.LightShaftQuality:1]]
[2025.04.10-01.44.18:515][  0]LogConfig: Setting CVar [[r.Filter.SizeScale:1]]
[2025.04.10-01.44.18:515][  0]LogConfig: Setting CVar [[r.Tonemapper.Quality:5]]
[2025.04.10-01.44.18:515][  0]LogConfig: Setting CVar [[r.DOF.Gather.AccumulatorQuality:1        ; higher gathering accumulator quality]]
[2025.04.10-01.44.18:515][  0]LogConfig: Setting CVar [[r.DOF.Gather.PostfilterMethod:1          ; Median3x3 postfilering method]]
[2025.04.10-01.44.18:515][  0]LogConfig: Setting CVar [[r.DOF.Gather.EnableBokehSettings:0       ; no bokeh simulation when gathering]]
[2025.04.10-01.44.18:515][  0]LogConfig: Setting CVar [[r.DOF.Gather.RingCount:4                 ; medium number of samples when gathering]]
[2025.04.10-01.44.18:515][  0]LogConfig: Setting CVar [[r.DOF.Scatter.ForegroundCompositing:1    ; additive foreground scattering]]
[2025.04.10-01.44.18:515][  0]LogConfig: Setting CVar [[r.DOF.Scatter.BackgroundCompositing:2    ; additive background scattering]]
[2025.04.10-01.44.18:515][  0]LogConfig: Setting CVar [[r.DOF.Scatter.EnableBokehSettings:1      ; bokeh simulation when scattering]]
[2025.04.10-01.44.18:515][  0]LogConfig: Setting CVar [[r.DOF.Scatter.MaxSpriteRatio:0.1         ; only a maximum of 10% of scattered bokeh]]
[2025.04.10-01.44.18:515][  0]LogConfig: Setting CVar [[r.DOF.Recombine.Quality:1                ; cheap slight out of focus]]
[2025.04.10-01.44.18:515][  0]LogConfig: Setting CVar [[r.DOF.Recombine.EnableBokehSettings:0    ; no bokeh simulation on slight out of focus]]
[2025.04.10-01.44.18:515][  0]LogConfig: Setting CVar [[r.DOF.TemporalAAQuality:1                ; more stable temporal accumulation]]
[2025.04.10-01.44.18:515][  0]LogConfig: Setting CVar [[r.DOF.Kernel.MaxForegroundRadius:0.025]]
[2025.04.10-01.44.18:515][  0]LogConfig: Setting CVar [[r.DOF.Kernel.MaxBackgroundRadius:0.025]]
[2025.04.10-01.44.18:515][  0]LogConfig: Applying CVar settings from Section [TextureQuality@3] File [C:/Unreal Projects/Top-Down-Puzzle/TopDownPuzzle/Saved/Config/Windows/Scalability.ini]
[2025.04.10-01.44.18:515][  0]LogConfig: Setting CVar [[r.Streaming.MipBias:0]]
[2025.04.10-01.44.18:515][  0]LogConfig: Setting CVar [[r.Streaming.AmortizeCPUToGPUCopy:0]]
[2025.04.10-01.44.18:515][  0]LogConfig: Setting CVar [[r.Streaming.MaxNumTexturesToStreamPerFrame:0]]
[2025.04.10-01.44.18:515][  0]LogConfig: Setting CVar [[r.Streaming.Boost:1]]
[2025.04.10-01.44.18:515][  0]LogConfig: Setting CVar [[r.MaxAnisotropy:8]]
[2025.04.10-01.44.18:515][  0]LogConfig: Setting CVar [[r.VT.MaxAnisotropy:8]]
[2025.04.10-01.44.18:515][  0]LogConfig: Setting CVar [[r.Streaming.LimitPoolSizeToVRAM:0]]
[2025.04.10-01.44.18:515][  0]LogConfig: Setting CVar [[r.Streaming.PoolSize:1000]]
[2025.04.10-01.44.18:515][  0]LogConfig: Setting CVar [[r.Streaming.MaxEffectiveScreenSize:0]]
[2025.04.10-01.44.18:515][  0]LogConfig: Applying CVar settings from Section [EffectsQuality@3] File [C:/Unreal Projects/Top-Down-Puzzle/TopDownPuzzle/Saved/Config/Windows/Scalability.ini]
[2025.04.10-01.44.18:515][  0]LogConfig: Setting CVar [[r.TranslucencyLightingVolumeDim:64]]
[2025.04.10-01.44.18:515][  0]LogConfig: Setting CVar [[r.RefractionQuality:2]]
[2025.04.10-01.44.18:515][  0]LogConfig: Setting CVar [[r.SSR.Quality:3]]
[2025.04.10-01.44.18:515][  0]LogConfig: Setting CVar [[r.SSR.HalfResSceneColor:0]]
[2025.04.10-01.44.18:515][  0]LogConfig: Setting CVar [[r.SceneColorFormat:4]]
[2025.04.10-01.44.18:515][  0]LogConfig: Setting CVar [[r.DetailMode:2]]
[2025.04.10-01.44.18:515][  0]LogConfig: Setting CVar [[r.TranslucencyVolumeBlur:1]]
[2025.04.10-01.44.18:515][  0]LogConfig: Setting CVar [[r.MaterialQualityLevel:1 ; High quality]]
[2025.04.10-01.44.18:515][  0]LogConfig: Setting CVar [[r.AnisotropicMaterials:1]]
[2025.04.10-01.44.18:515][  0]LogConfig: Setting CVar [[r.SSS.Scale:1]]
[2025.04.10-01.44.18:515][  0]LogConfig: Setting CVar [[r.SSS.SampleSet:2]]
[2025.04.10-01.44.18:515][  0]LogConfig: Setting CVar [[r.SSS.Quality:1]]
[2025.04.10-01.44.18:515][  0]LogConfig: Setting CVar [[r.SSS.HalfRes:0]]
[2025.04.10-01.44.18:515][  0]LogConfig: Setting CVar [[r.SSGI.Quality:3]]
[2025.04.10-01.44.18:515][  0]LogConfig: Setting CVar [[r.EmitterSpawnRateScale:1.0]]
[2025.04.10-01.44.18:515][  0]LogConfig: Setting CVar [[r.ParticleLightQuality:2]]
[2025.04.10-01.44.18:515][  0]LogConfig: Setting CVar [[r.SkyAtmosphere.AerialPerspectiveLUT.FastApplyOnOpaque:1 ; Always have FastSkyLUT 1 in this case to avoid wrong sky]]
[2025.04.10-01.44.18:515][  0]LogConfig: Setting CVar [[r.SkyAtmosphere.AerialPerspectiveLUT.SampleCountMaxPerSlice:4]]
[2025.04.10-01.44.18:515][  0]LogConfig: Setting CVar [[r.SkyAtmosphere.AerialPerspectiveLUT.DepthResolution:16.0]]
[2025.04.10-01.44.18:515][  0]LogConfig: Setting CVar [[r.SkyAtmosphere.FastSkyLUT:1]]
[2025.04.10-01.44.18:515][  0]LogConfig: Setting CVar [[r.SkyAtmosphere.FastSkyLUT.SampleCountMin:4.0]]
[2025.04.10-01.44.18:515][  0]LogConfig: Setting CVar [[r.SkyAtmosphere.FastSkyLUT.SampleCountMax:128.0]]
[2025.04.10-01.44.18:515][  0]LogConfig: Setting CVar [[r.SkyAtmosphere.SampleCountMin:4.0]]
[2025.04.10-01.44.18:515][  0]LogConfig: Setting CVar [[r.SkyAtmosphere.SampleCountMax:128.0]]
[2025.04.10-01.44.18:515][  0]LogConfig: Setting CVar [[r.SkyAtmosphere.TransmittanceLUT.UseSmallFormat:0]]
[2025.04.10-01.44.18:515][  0]LogConfig: Setting CVar [[r.SkyAtmosphere.TransmittanceLUT.SampleCount:10.0]]
[2025.04.10-01.44.18:515][  0]LogConfig: Setting CVar [[r.SkyAtmosphere.MultiScatteringLUT.SampleCount:15.0]]
[2025.04.10-01.44.18:515][  0]LogConfig: Setting CVar [[r.SkyLight.RealTimeReflectionCapture:1]]
[2025.04.10-01.44.18:515][  0]LogConfig: Applying CVar settings from Section [FoliageQuality@3] File [C:/Unreal Projects/Top-Down-Puzzle/TopDownPuzzle/Saved/Config/Windows/Scalability.ini]
[2025.04.10-01.44.18:515][  0]LogConfig: Setting CVar [[foliage.DensityScale:1.0]]
[2025.04.10-01.44.18:515][  0]LogConfig: Setting CVar [[grass.DensityScale:1.0]]
[2025.04.10-01.44.18:515][  0]LogConfig: Applying CVar settings from Section [ShadingQuality@3] File [C:/Unreal Projects/Top-Down-Puzzle/TopDownPuzzle/Saved/Config/Windows/Scalability.ini]
[2025.04.10-01.44.18:515][  0]LogConfig: Setting CVar [[r.HairStrands.SkyLighting.IntegrationType:2]]
[2025.04.10-01.44.18:515][  0]LogConfig: Setting CVar [[r.HairStrands.SkyAO.SampleCount:4]]
[2025.04.10-01.44.18:515][  0]LogConfig: Setting CVar [[r.HairStrands.Visibility.MSAA.SamplePerPixel:4]]
[2025.04.10-01.44.18:515][  0]LogConfig: Applying CVar settings from Section [Startup] File [../../../Engine/Config/ConsoleVariables.ini]
[2025.04.10-01.44.18:516][  0]LogConfig: Setting CVar [[net.UseAdaptiveNetUpdateFrequency:0]]
[2025.04.10-01.44.18:516][  0]LogConfig: Setting CVar [[p.chaos.AllowCreatePhysxBodies:1]]
[2025.04.10-01.44.18:516][  0]LogConfig: Setting CVar [[fx.SkipVectorVMBackendOptimizations:1]]
[2025.04.10-01.44.18:516][  0]LogConfig: Applying CVar settings from Section [ConsoleVariables] File [C:/Unreal Projects/Top-Down-Puzzle/TopDownPuzzle/Saved/Config/Windows/Engine.ini]
[2025.04.10-01.44.18:516][  0]LogConfig: Applying CVar settings from Section [ConsoleVariables] File [C:/Unreal Projects/Top-Down-Puzzle/TopDownPuzzle/Saved/Config/Windows/Editor.ini]
[2025.04.10-01.44.18:516][  0]LogInit: Computer: LAPTOP-EJ2DB2HV
[2025.04.10-01.44.18:516][  0]LogInit: User: patel
[2025.04.10-01.44.18:516][  0]LogInit: CPU Page size=4096, Cores=4
[2025.04.10-01.44.18:516][  0]LogInit: High frequency timer resolution =10.000000 MHz
[2025.04.10-01.44.18:516][  0]LogMemory: Memory total: Physical=15.8GB (16GB approx)
[2025.04.10-01.44.18:516][  0]LogMemory: Platform Memory Stats for Windows
[2025.04.10-01.44.18:516][  0]LogMemory: Process Physical Memory: 144.45 MB used, 144.45 MB peak
[2025.04.10-01.44.18:516][  0]LogMemory: Process Virtual Memory: 114.59 MB used, 114.59 MB peak
[2025.04.10-01.44.18:516][  0]LogMemory: Physical Memory: 7140.06 MB used,  9085.12 MB free, 16225.18 MB total
[2025.04.10-01.44.18:516][  0]LogMemory: Virtual Memory: 134195448.00 MB used,  22282.22 MB free, 134217728.00 MB total
[2025.04.10-01.44.18:522][  0]LogWindows: WindowsPlatformFeatures enabled
[2025.04.10-01.44.18:576][  0]LogInit: Physics initialised using underlying interface: PhysX
[2025.04.10-01.44.18:577][  0]LogInit: Using OS detected language (en-US).
[2025.04.10-01.44.18:577][  0]LogInit: Using OS detected locale (en-IN).
[2025.04.10-01.44.18:582][  0]LogTextLocalizationManager: No specific localization for 'en-US' exists, so the 'en' localization will be used.
[2025.04.10-01.44.18:778][  0]LogInit: Setting process to per monitor DPI aware
[2025.04.10-01.44.18:797][  0]LogWindowsTextInputMethodSystem: Display: IME system deactivated.
[2025.04.10-01.44.18:814][  0]LogSlate: New Slate User Created.  User Index 0, Is Virtual User: 0
[2025.04.10-01.44.18:814][  0]LogSlate: Slate User Registered.  User Index 0, Is Virtual User: 0
[2025.04.10-01.44.18:985][  0]LogD3D11RHI: Loaded GFSDK_Aftermath_Lib.x64.dll
[2025.04.10-01.44.19:059][  0]LogHMD: Failed to initialize OpenVR with code 110
[2025.04.10-01.44.19:059][  0]LogD3D11RHI: D3D11 min allowed feature level: 11_0
[2025.04.10-01.44.19:059][  0]LogD3D11RHI: D3D11 max allowed feature level: 11_0
[2025.04.10-01.44.19:059][  0]LogD3D11RHI: D3D11 adapters:
[2025.04.10-01.44.19:202][  0]LogD3D11RHI:    0. 'NVIDIA GeForce GTX 1650' (Feature Level 11_0)
[2025.04.10-01.44.19:202][  0]LogD3D11RHI:       3935/0/8112 MB DedicatedVideo/DedicatedSystem/SharedSystem, Outputs:1, VendorId:0x10de
[2025.04.10-01.44.19:265][  0]LogD3D11RHI:    1. 'Intel(R) UHD Graphics 630' (Feature Level 11_0)
[2025.04.10-01.44.19:265][  0]LogD3D11RHI:       128/0/8112 MB DedicatedVideo/DedicatedSystem/SharedSystem, Outputs:0, VendorId:0x8086
[2025.04.10-01.44.19:268][  0]LogD3D11RHI:    2. 'Microsoft Basic Render Driver' (Feature Level 11_0)
[2025.04.10-01.44.19:268][  0]LogD3D11RHI:       0/0/8112 MB DedicatedVideo/DedicatedSystem/SharedSystem, Outputs:0, VendorId:0x1414
[2025.04.10-01.44.19:268][  0]LogD3D11RHI: Chosen D3D11 Adapter:
[2025.04.10-01.44.19:268][  0]LogD3D11RHI:     Description : NVIDIA GeForce GTX 1650
[2025.04.10-01.44.19:268][  0]LogD3D11RHI:     VendorId    : 10de
[2025.04.10-01.44.19:268][  0]LogD3D11RHI:     DeviceId    : 1f91
[2025.04.10-01.44.19:268][  0]LogD3D11RHI:     SubSysId    : 85fc103c
[2025.04.10-01.44.19:268][  0]LogD3D11RHI:     Revision    : 00a1
[2025.04.10-01.44.19:268][  0]LogD3D11RHI:     DedicatedVideoMemory : 4126146560 bytes
[2025.04.10-01.44.19:268][  0]LogD3D11RHI:     DedicatedSystemMemory : 0 bytes
[2025.04.10-01.44.19:268][  0]LogD3D11RHI:     SharedSystemMemory : 8506664960 bytes
[2025.04.10-01.44.19:268][  0]LogD3D11RHI:     AdapterLuid : 0 79104
[2025.04.10-01.44.19:274][  0]LogD3D11RHI: Creating new Direct3DDevice
[2025.04.10-01.44.19:274][  0]LogD3D11RHI:     GPU DeviceId: 0x1f91 (for the marketing name, search the web for "GPU Device Id")
[2025.04.10-01.44.19:274][  0]LogWindows: EnumDisplayDevices:
[2025.04.10-01.44.19:274][  0]LogWindows:    0. 'Intel(R) UHD Graphics 630' (P:1 D:1)
[2025.04.10-01.44.19:274][  0]LogWindows:    1. 'Intel(R) UHD Graphics 630' (P:0 D:0)
[2025.04.10-01.44.19:274][  0]LogWindows:    2. 'Intel(R) UHD Graphics 630' (P:0 D:0)
[2025.04.10-01.44.19:275][  0]LogWindows:    3. 'NVIDIA GeForce GTX 1650' (P:0 D:0)
[2025.04.10-01.44.19:275][  0]LogWindows:    4. 'NVIDIA GeForce GTX 1650' (P:0 D:0)
[2025.04.10-01.44.19:275][  0]LogWindows:    5. 'NVIDIA GeForce GTX 1650' (P:0 D:0)
[2025.04.10-01.44.19:275][  0]LogWindows:    6. 'NVIDIA GeForce GTX 1650' (P:0 D:0)
[2025.04.10-01.44.19:275][  0]LogWindows: DebugString: PrimaryIsNotTheChoosenAdapter PrimaryIsNotTheChoosenAdapter PrimaryIsNotTheChoosenAdapter FoundDriverCount:4 
[2025.04.10-01.44.19:275][  0]LogD3D11RHI:     Adapter Name: NVIDIA GeForce GTX 1650
[2025.04.10-01.44.19:275][  0]LogD3D11RHI:   Driver Version: 561.19 (internal:32.0.15.6119, unified:561.19)
[2025.04.10-01.44.19:276][  0]LogD3D11RHI:      Driver Date: 11-11-2024
[2025.04.10-01.44.19:276][  0]LogRHI: Texture pool is 2754 MB (70% of 3935 MB)
[2025.04.10-01.44.19:276][  0]LogD3D11RHI: Creating D3DDevice using adapter:
[2025.04.10-01.44.19:276][  0]LogD3D11RHI:     Description : NVIDIA GeForce GTX 1650
[2025.04.10-01.44.19:276][  0]LogD3D11RHI:     VendorId    : 10de
[2025.04.10-01.44.19:276][  0]LogD3D11RHI:     DeviceId    : 1f91
[2025.04.10-01.44.19:276][  0]LogD3D11RHI:     SubSysId    : 85fc103c
[2025.04.10-01.44.19:276][  0]LogD3D11RHI:     Revision    : 00a1
[2025.04.10-01.44.19:276][  0]LogD3D11RHI:     DedicatedVideoMemory : 4126146560 bytes
[2025.04.10-01.44.19:276][  0]LogD3D11RHI:     DedicatedSystemMemory : 0 bytes
[2025.04.10-01.44.19:276][  0]LogD3D11RHI:     SharedSystemMemory : 8506664960 bytes
[2025.04.10-01.44.19:276][  0]LogD3D11RHI:     AdapterLuid : 0 79104
[2025.04.10-01.44.19:353][  0]LogD3D11RHI: RHI has support for 64 bit atomics
[2025.04.10-01.44.19:353][  0]LogD3D11RHI: Async texture creation enabled
[2025.04.10-01.44.19:353][  0]LogD3D11RHI: Array index from any shader is supported
[2025.04.10-01.44.19:393][  0]LogD3D11RHI: GPU Timing Frequency: 1000.000000 (Debug: 2 1)
[2025.04.10-01.44.19:452][  0]LogRHI: GeForceNow SDK initialized: 1
[2025.04.10-01.44.19:812][  0]LogTargetPlatformManager: Display: Loaded TargetPlatform 'AllDesktop'
[2025.04.10-01.44.19:835][  0]LogTargetPlatformManager: Display: Loaded TargetPlatform 'Android'
[2025.04.10-01.44.19:835][  0]LogTargetPlatformManager: Display: Loaded TargetPlatform 'Android_ASTC'
[2025.04.10-01.44.19:835][  0]LogTargetPlatformManager: Display: Loaded TargetPlatform 'Android_DXT'
[2025.04.10-01.44.19:835][  0]LogTargetPlatformManager: Display: Loaded TargetPlatform 'Android_ETC2'
[2025.04.10-01.44.19:835][  0]LogTargetPlatformManager: Display: Loaded TargetPlatform 'AndroidClient'
[2025.04.10-01.44.19:835][  0]LogTargetPlatformManager: Display: Loaded TargetPlatform 'Android_ASTCClient'
[2025.04.10-01.44.19:835][  0]LogTargetPlatformManager: Display: Loaded TargetPlatform 'Android_DXTClient'
[2025.04.10-01.44.19:835][  0]LogTargetPlatformManager: Display: Loaded TargetPlatform 'Android_ETC2Client'
[2025.04.10-01.44.19:835][  0]LogTargetPlatformManager: Display: Loaded TargetPlatform 'Android_Multi'
[2025.04.10-01.44.19:835][  0]LogTargetPlatformManager: Display: Loaded TargetPlatform 'Android_MultiClient'
[2025.04.10-01.44.19:857][  0]LogTargetPlatformManager: Display: Loaded TargetPlatform 'IOSClient'
[2025.04.10-01.44.19:857][  0]LogTargetPlatformManager: Display: Loaded TargetPlatform 'IOS'
[2025.04.10-01.44.19:869][  0]LogTargetPlatformManager: Display: Loaded TargetPlatform 'Linux'
[2025.04.10-01.44.19:874][  0]LogTargetPlatformManager: Display: Loaded TargetPlatform 'LinuxNoEditor'
[2025.04.10-01.44.19:880][  0]LogTargetPlatformManager: Display: Loaded TargetPlatform 'LinuxClient'
[2025.04.10-01.44.19:885][  0]LogTargetPlatformManager: Display: Loaded TargetPlatform 'LinuxServer'
[2025.04.10-01.44.19:896][  0]LogTargetPlatformManager: Display: Loaded TargetPlatform 'LinuxAArch64NoEditor'
[2025.04.10-01.44.19:902][  0]LogTargetPlatformManager: Display: Loaded TargetPlatform 'LinuxAArch64Client'
[2025.04.10-01.44.19:907][  0]LogTargetPlatformManager: Display: Loaded TargetPlatform 'LinuxAArch64Server'
[2025.04.10-01.44.19:934][  0]LogTargetPlatformManager: Display: Loaded TargetPlatform 'Lumin'
[2025.04.10-01.44.19:934][  0]LogTargetPlatformManager: Display: Loaded TargetPlatform 'LuminClient'
[2025.04.10-01.44.19:944][  0]LogTargetPlatformManager: Display: Loaded TargetPlatform 'MacNoEditor'
[2025.04.10-01.44.19:949][  0]LogTargetPlatformManager: Display: Loaded TargetPlatform 'Mac'
[2025.04.10-01.44.19:955][  0]LogTargetPlatformManager: Display: Loaded TargetPlatform 'MacClient'
[2025.04.10-01.44.19:961][  0]LogTargetPlatformManager: Display: Loaded TargetPlatform 'MacServer'
[2025.04.10-01.44.19:972][  0]LogTargetPlatformManager: Display: Loaded TargetPlatform 'TVOSClient'
[2025.04.10-01.44.19:972][  0]LogTargetPlatformManager: Display: Loaded TargetPlatform 'TVOS'
[2025.04.10-01.44.19:984][  0]LogTargetPlatformManager: Display: Loaded TargetPlatform 'WindowsNoEditor'
[2025.04.10-01.44.19:990][  0]LogTargetPlatformManager: Display: Loaded TargetPlatform 'Windows'
[2025.04.10-01.44.19:996][  0]LogTargetPlatformManager: Display: Loaded TargetPlatform 'WindowsClient'
[2025.04.10-01.44.20:002][  0]LogTargetPlatformManager: Display: Loaded TargetPlatform 'WindowsServer'
[2025.04.10-01.44.20:002][  0]LogTargetPlatformManager: Display: Building Assets For Windows
[2025.04.10-01.44.20:013][  0]LogAudioDebug: Display: Lib vorbis DLL was dynamically loaded.
[2025.04.10-01.44.20:060][  0]LogTextureFormatOodle: Display: Oodle Texture 2.9.0 init RDO Off
[2025.04.10-01.44.20:104][  0]LogRendererCore: Ray tracing is disabled. Reason: r.RayTracing=0.
[2025.04.10-01.44.20:104][  0]LogShaderCompilers: Guid format shader working directory is -18 characters bigger than the processId version (../../../../../../Unreal Projects/Top-Down-Puzzle/TopDownPuzzle/Intermediate/Shaders/WorkingDirectory/17000/).
[2025.04.10-01.44.20:104][  0]LogShaderCompilers: Cleaned the shader compiler working directory 'C:/Users/patel/AppData/Local/Temp/UnrealShaderWorkingDir/654DF3374CFEA12B3286ECA4107532C7/'.
[2025.04.10-01.44.20:104][  0]LogXGEController: Cannot use XGE Controller as Incredibuild is not installed on this machine.
[2025.04.10-01.44.20:105][  0]LogShaderCompilers: Cannot use XGE Shader Compiler as Incredibuild is not installed on this machine.
[2025.04.10-01.44.20:105][  0]LogShaderCompilers: Display: Using Local Shader Compiler.
[2025.04.10-01.44.20:848][  0]LogDerivedDataCache: Display: Max Cache Size: 512 MB
[2025.04.10-01.44.20:904][  0]LogDerivedDataCache: Loaded boot cache 0.06s 103MB C:/Users/patel/AppData/Local/UnrealEngine/4.27/DerivedDataCache/Boot.ddc.
[2025.04.10-01.44.20:904][  0]LogDerivedDataCache: Display: Loaded Boot cache: C:/Users/patel/AppData/Local/UnrealEngine/4.27/DerivedDataCache/Boot.ddc
[2025.04.10-01.44.20:904][  0]LogDerivedDataCache: FDerivedDataBackendGraph:  Pak pak cache file ../../../../../../Unreal Projects/Top-Down-Puzzle/TopDownPuzzle/DerivedDataCache/DDC.ddp not found, will not use a pak cache.
[2025.04.10-01.44.20:904][  0]LogDerivedDataCache: Unable to find inner node Pak for hierarchical cache Hierarchy.
[2025.04.10-01.44.20:904][  0]LogDerivedDataCache: FDerivedDataBackendGraph:  CompressedPak pak cache file ../../../../../../Unreal Projects/Top-Down-Puzzle/TopDownPuzzle/DerivedDataCache/Compressed.ddp not found, will not use a pak cache.
[2025.04.10-01.44.20:904][  0]LogDerivedDataCache: Unable to find inner node CompressedPak for hierarchical cache Hierarchy.
[2025.04.10-01.44.20:920][  0]LogDerivedDataCache: Display: Pak cache opened for reading ../../../Engine/DerivedDataCache/Compressed.ddp.
[2025.04.10-01.44.20:920][  0]LogDerivedDataCache: FDerivedDataBackendGraph:  EnterprisePak pak cache file ../../../Enterprise/DerivedDataCache/Compressed.ddp not found, will not use a pak cache.
[2025.04.10-01.44.20:920][  0]LogDerivedDataCache: Unable to find inner node EnterprisePak for hierarchical cache Hierarchy.
[2025.04.10-01.44.20:928][  0]LogDerivedDataCache: Speed tests for C:/Users/patel/AppData/Local/UnrealEngine/Common/DerivedDataCache took 0.01 seconds
[2025.04.10-01.44.20:928][  0]LogDerivedDataCache: Display: Performance to C:/Users/patel/AppData/Local/UnrealEngine/Common/DerivedDataCache: Latency=0.04ms. RandomReadSpeed=848.87MBs, RandomWriteSpeed=134.41MBs. Assigned SpeedClass 'Local'
[2025.04.10-01.44.20:934][  0]LogDerivedDataCache: Using Local data cache path C:/Users/patel/AppData/Local/UnrealEngine/Common/DerivedDataCache: Writable
[2025.04.10-01.44.20:934][  0]LogDerivedDataCache: Shared data cache path not found in *engine.ini, will not use an Shared cache.
[2025.04.10-01.44.20:934][  0]LogDerivedDataCache: Unable to find inner node Shared for hierarchical cache Hierarchy.
[2025.04.10-01.44.20:981][  0]LogSlate: Using FreeType 2.10.0
[2025.04.10-01.44.20:982][  0]LogSlate: SlateFontServices - WITH_FREETYPE: 1, WITH_HARFBUZZ: 1
[2025.04.10-01.44.21:008][  0]LogAssetRegistry: FAssetRegistry took 0.0029 seconds to start up
[2025.04.10-01.44.21:243][  0]LogInit: Selected Device Profile: [Windows]
[2025.04.10-01.44.21:243][  0]LogInit: Active device profile: [0000024244C75400][000002423DA0ED40 49] Windows
[2025.04.10-01.44.21:243][  0]LogInit: Profiles: [0000024244C75400][000002423DA0ED40 49] Windows, [0000024244C03F00][000002423DA16EC0 49] WindowsNoEditor, [0000024244C13E00][000002423DA1B040 49] WindowsServer, [0000024244C01500][000002423DA1F1C0 49] WindowsClient, [0000024244C11800][000002423DA23340 49] IOS, [0000024244C01000][00000242458A34C0 49] iPadAir, [0000024244C10C00][00000242458A7640 49] iPadAir2, [0000024244BBC100][00000242458AF900 49] IPadPro, [0000024244BBC200][00000242458AB940 49] iPadAir3, [0000024244C01600][00000242458B3AC0 49] iPadAir4, [0000024244BBEC00][00000242458B60C0 49] iPadMini2, [0000024244C01300][00000242458BA240 49] iPadMini3, [0000024244C10100][00000242458BE3C0 49] iPadMini4, [0000024244C01700][00000242458C2540 49] iPadMini5, [0000024244BBB900][00000242458CA800 49] iPhone6, [0000024244BBBA00][00000242458C6840 49] iPodTouch6, [0000024244C11200][00000242458D2B00 49] iPhone7, [0000024244C11100][00000242458CEB40 49] iPodTouch7, [0000024244BB8400][000002423DA12C80 49] iPhone5S, [0000024244BBFD00][00000242458D6DC0 49] iPhone6Plus, [0000024244BB9F00][00000242458DAF00 49] iPhone6S, [0000024244C11600][00000242458E3080 49] iPhone6SPlus, [0000024244BB9300][00000242458E7200 49] iPhone7Plus, [0000024244C10200][00000242458EB380 49] iPhoneSE, [0000024244BB8D00][00000242458EF500 49] iPhone8, [0000024244C10A00][00000242458F3680 49] iPhone8Plus, [0000024244BBBC00][00000242458F7800 49] iPhoneX, [0000024244C13500][00000242458FB980 49] iPhoneXS, [0000024244BBA800][00000242458FFB00 49] iPhoneXSMax, [0000024244C12700][0000024245902100 49] iPhoneXR, [0000024244BBAA00][0000024245906280 49] iPhone11, [0000024244C12E00][000002424590A400 49] iPhone11Pro, [0000024244BBB300][0000024243620580 49] iPhone11ProMax, [0000024244C12100][0000024243624700 49] iPhoneSE2, [0000024244BBAF00][0000024243628880 49] iPhone12Mini, [0000024244C12B00][000002424362CA00 49] iPhone12, [0000024244BBBF00][0000024243630B80 49] iPhone12Pro, [0000024244C12C00][0000024243634D00 49] iPhone12ProMax, [0000024244BB9E00][00000242458DEE40 49] iPadPro105, [0000024244C13000][0000024243638F80 49] iPadPro129, [0000024244BBA400][000002424363D0C0 49] iPadPro97, [0000024244C10D00][0000024243645240 49] iPadPro2_129, [0000024244BB8F00][00000242436493C0 49] iPad5, [0000024244C10800][000002424364D540 49] iPad6, [0000024244BB8300][00000242436516C0 49] iPad7, [0000024244C12500][0000024243655840 49] iPad8, [0000024244BB8800][00000242436599C0 49] iPadPro11, [0000024244C11000][000002424365DB40 49] iPadPro2_11, [0000024244BB8700][0000024243660140 49] iPadPro3_129, [0000024244C11700][00000242436642C0 49] iPadPro4_129, [0000024244BBB000][0000024243668440 49] AppleTV, [0000024244C13300][000002424366C5C0 49] AppleTV4K, [0000024244BB9200][0000024243670740 49] TVOS, [0000024244C11A00][00000242436748C0 49] Mac, [0000024244BB9000][0000024243678A40 49] MacClient, [0000024244C13A00][000002424367CBC0 49] MacNoEditor, [0000024244BB9100][0000024243680D40 49] MacServer, [0000024244C10400][0000024243684EC0 49] Linux, [0000024244BB8500][0000024243641000 49] LinuxAArch64, [0000024244C12300][0000024243689140 49] LinuxNoEditor, [0000024244BB8C00][0000024245A77280 49] LinuxAArch64NoEditor, [0000024244C12D00][0000024245A7B3C0 49] LinuxClient, [0000024244BBB100][0000024245A83540 49] LinuxAArch64Client, [0000024244C13C00][0000024245A876C0 49] LinuxServer, [0000024244BBB600][0000024245A8B840 49] LinuxAArch64Server, [0000024244C13800][0000024245A8F9C0 49] Android, [0000024244C77000][0000024245A93B40 49] Android_Low, [0000024244BBE700][0000024245A96140 49] Android_Mid, [0000024244C76D00][0000024245A9A2C0 49] Android_High, [0000024244BBCA00][0000024245A9E440 49] Android_Default, [0000024244C74200][0000024245AA25C0 49] Android_Adreno4xx, [0000024244BBD200][0000024245AA6740 49] Android_Adreno5xx_Low, [0000024244C75000][0000024245AAA8C0 49] Android_Adreno5xx, [0000024244BBC300][0000024245AAEA40 49] Android_Adreno6xx, [0000024244C77700][0000024245AB2BC0 49] Android_Adreno6xx_Vulkan, [0000024244BBE300][0000024245AB6D40 49] Android_Mali_T6xx, [0000024244C77400][0000024245ABAEC0 49] Android_Mali_T7xx, [0000024244BBEE00][0000024245ABF040 49] Android_Mali_T8xx, [0000024244C77500][0000024245A7F180 49] Android_Mali_G71, [0000024244BBC500][0000024245AC32C0 49] Android_Mali_G72, [0000024244C74500][0000024245AC7400 49] Android_Mali_G72_Vulkan, [0000024244BBD500][0000024245ACB540 49] Android_Mali_G76, [0000024244C77300][0000024245AD36C0 49] Android_Mali_G76_Vulkan, [0000024244BBFB00][0000024245AD7840 49] Android_Mali_G77, [0000024244C75900][0000024245ADB9C0 49] Android_Mali_G77_Vulkan, [0000024244BBED00][0000024245ADFB40 49] Android_Mali_G78, [0000024244C76300][0000024245AE2140 49] Android_Mali_G78_Vulkan, [0000024244BBF000][0000024245AE62C0 49] Android_Mali_G710, [0000024244C76F00][0000024245AEA440 49] Android_Mali_G710_Vulkan, [0000024244BBCF00][0000024245AEE5C0 49] Android_Vulkan_SM5, [0000024244C74900][0000024245AF2740 49] Android_PowerVR_G6xxx, [0000024244C11300][0000024245AF68C0 49] Android_PowerVR_GT7xxx, [0000024244C74C00][0000024245AFAA40 49] Android_PowerVR_GE8xxx, [0000024244C10B00][000002423A944BC0 49] Android_PowerVR_GM9xxx, [0000024244C74700][000002423A948D40 49] Android_PowerVR_GM9xxx_Vulkan, [0000024244C10E00][000002423A94CEC0 49] Android_TegraK1, [0000024244C76C00][000002423A951040 49] Android_Unknown_Vulkan, [0000024244C12600][000002423A9551C0 49] Lumin, [0000024244C76A00][000002423A959340 49] Lumin_Desktop, [0000024244C12900][0000024245ACF480 49] HoloLens, 
[2025.04.10-01.44.21:380][  0]LogMeshReduction: Using QuadricMeshReduction for automatic static mesh reduction
[2025.04.10-01.44.21:380][  0]LogMeshReduction: Using SimplygonMeshReduction for automatic skeletal mesh reduction
[2025.04.10-01.44.21:380][  0]LogMeshReduction: Using ProxyLODMeshReduction for automatic mesh merging
[2025.04.10-01.44.21:380][  0]LogMeshReduction: No distributed automatic mesh merging module available
[2025.04.10-01.44.21:380][  0]LogMeshMerging: No distributed automatic mesh merging module available
[2025.04.10-01.44.21:397][  0]LogNetVersion: TopDownPuzzle 1.0.0, NetCL: 17155196, EngineNetVer: 17, GameNetVer: 0 (Checksum: 565499533)
[2025.04.10-01.44.21:799][  0]LogTexture: Default maximum texture size for cubemaps generated from long-lat sources has been changed from 512 to unlimited. In order to preserve old behaiour for '/Engine/MapTemplates/Sky/DaylightAmbientCubemap.DaylightAmbientCubemap', its maximum texture size has been explicitly set to 512.
[2025.04.10-01.44.21:865][  0]LogHMD: PokeAHoleMaterial loaded successfully
[2025.04.10-01.44.21:871][  0]LogUObjectArray: 17178 objects as part of root set at end of initial load.
[2025.04.10-01.44.21:871][  0]LogUObjectAllocator: 4302048 out of 0 bytes used by permanent object pool.
[2025.04.10-01.44.21:871][  0]LogUObjectArray: CloseDisregardForGC: 0/0 objects in disregard for GC pool
[2025.04.10-01.44.22:223][  0]LogNiagaraDebuggerClient: Niagara Debugger Client Initialized | Session: CC3D5EA34949ACE73F7B34BDB89F1AD0 | Instance: 6AC1132D4E096F6AE14608852314F9CE (LAPTOP-EJ2DB2HV-17000).
[2025.04.10-01.44.22:363][  0]LogPython: Using Python 3.7.7
[2025.04.10-01.44.22:897][  0]LogUdpMessaging: Initializing bridge on interface 0.0.0.0:0 to multicast group 230.0.0.1:6666.
[2025.04.10-01.44.22:906][  0]LogTcpMessaging: Initializing TcpMessaging bridge
[2025.04.10-01.44.23:651][  0]SourceControl: Source control is disabled
[2025.04.10-01.44.23:651][  0]SourceControl: Source control is disabled
[2025.04.10-01.44.23:655][  0]SourceControl: Source control is disabled
[2025.04.10-01.44.23:660][  0]SourceControl: Source control is disabled
[2025.04.10-01.44.23:673][  0]SourceControl: Source control is disabled
[2025.04.10-01.44.23:676][  0]LogUProjectInfo: Found projects:
[2025.04.10-01.44.23:952][  0]LogOpenImageDenoise: OIDN starting up
[2025.04.10-01.44.24:009][  0]LogAndroidPermission: UAndroidPermissionCallbackProxy::GetInstance
[2025.04.10-01.44.24:032][  0]LogAudioCaptureCore: Display: No Audio Capture implementations found. Audio input will be silent.
[2025.04.10-01.44.24:032][  0]LogAudioCaptureCore: Display: No Audio Capture implementations found. Audio input will be silent.
[2025.04.10-01.44.24:174][  0]LogCollectionManager: Loaded 0 collections in 0.001535 seconds
[2025.04.10-01.44.24:203][  0]LogFileCache: Scanning file cache for directory 'C:/Unreal Projects/Top-Down-Puzzle/TopDownPuzzle/Saved/Collections/' took 0.00s
[2025.04.10-01.44.24:203][  0]LogFileCache: Scanning file cache for directory 'C:/Unreal Projects/Top-Down-Puzzle/TopDownPuzzle/Content/Developers/patel/Collections/' took 0.00s
[2025.04.10-01.44.24:203][  0]LogFileCache: Scanning file cache for directory 'C:/Unreal Projects/Top-Down-Puzzle/TopDownPuzzle/Content/Collections/' took 0.00s
[2025.04.10-01.44.24:203][  0]LogOcInput: OculusInput pre-init called
[2025.04.10-01.44.24:454][  0]LogEngine: Initializing Engine...
[2025.04.10-01.44.24:665][  0]LogHMD: Failed to enumerate extensions. Please check that you have a valid OpenXR runtime installed.
[2025.04.10-01.44.24:666][  0]LogHMD: Failed to initialize OpenVR with code 110
[2025.04.10-01.44.24:667][  0]LogMagicLeap: Warning: VR disabled because ZI is not enabled.  To enable, in the editor, Edit -> Project Settings -> Plugins -> Magic Leap Plugin -> Enable Zero Iteration
[2025.04.10-01.44.24:668][  0]LogStats: UGameplayTagsManager::InitializeManager -  0.000 s
[2025.04.10-01.44.24:786][  0]LogInit: Initializing FReadOnlyCVARCache
[2025.04.10-01.44.24:795][  0]LogAIModule: Creating AISystem for world Untitled
[2025.04.10-01.44.24:803][  0]LogAudio: Display: Initializing Audio Device Manager...
[2025.04.10-01.44.24:807][  0]LogAudio: Display: Loading Default Audio Settings Objects...
[2025.04.10-01.44.24:808][  0]LogAudio: Display: No default SoundConcurrencyObject specified (or failed to load).
[2025.04.10-01.44.24:808][  0]LogAudio: Display: Audio Device Manager Initialized
[2025.04.10-01.44.24:808][  0]LogAudio: Display: Creating Audio Device:                 Id: 1, Scope: Shared, Realtime: True
[2025.04.10-01.44.24:808][  0]LogAudioMixer: Display: Audio Mixer Platform Settings:
[2025.04.10-01.44.24:808][  0]LogAudioMixer: Display: 	Sample Rate:						  48000
[2025.04.10-01.44.24:808][  0]LogAudioMixer: Display: 	Callback Buffer Frame Size Requested: 1024
[2025.04.10-01.44.24:808][  0]LogAudioMixer: Display: 	Callback Buffer Frame Size To Use:	  1024
[2025.04.10-01.44.24:808][  0]LogAudioMixer: Display: 	Number of buffers to queue:			  2
[2025.04.10-01.44.24:808][  0]LogAudioMixer: Display: 	Max Channels (voices):				  32
[2025.04.10-01.44.24:808][  0]LogAudioMixer: Display: 	Number of Async Source Workers:		  0
[2025.04.10-01.44.24:808][  0]LogAudio: Display: AudioDevice MaxSources: 32
[2025.04.10-01.44.24:809][  0]LogAudio: Display: Audio Spatialization Plugin: None (built-in).
[2025.04.10-01.44.24:809][  0]LogAudio: Display: Audio Reverb Plugin: None (built-in).
[2025.04.10-01.44.24:809][  0]LogAudio: Display: Audio Occlusion Plugin: None (built-in).
[2025.04.10-01.44.24:809][  0]LogAudioMixer: Display: Initializing audio mixer.
[2025.04.10-01.44.24:828][  0]LogAudioMixer: Display: 0: FrontLeft
[2025.04.10-01.44.24:828][  0]LogAudioMixer: Display: 1: FrontRight
[2025.04.10-01.44.24:889][  0]LogAudioMixer: Display: Using Audio Device Headphone (Realtek(R) Audio)
[2025.04.10-01.44.24:892][  0]LogAudioMixer: Display: Initializing Sound Submixes...
[2025.04.10-01.44.24:894][  0]LogAudioMixer: Display: Creating Master Submix 'MasterSubmixDefault'
[2025.04.10-01.44.24:894][  0]LogAudioMixer: Display: Creating Master Submix 'MasterReverbSubmixDefault'
[2025.04.10-01.44.24:895][  0]LogAudioMixer: Display: Creating Master Submix 'MasterEQSubmixDefault'
[2025.04.10-01.44.24:895][  0]LogAudioMixer: FMixerPlatformXAudio2::StartAudioStream() called
[2025.04.10-01.44.24:895][  0]LogAudioMixer: Display: Output buffers initialized: Frames=1024, Channels=2, Samples=2048
[2025.04.10-01.44.24:896][  0]LogAudioMixer: Display: Starting AudioMixerPlatformInterface::RunInternal()
[2025.04.10-01.44.24:896][  0]LogAudioMixer: Display: FMixerPlatformXAudio2::SubmitBuffer() called for the first time
[2025.04.10-01.44.24:896][  0]LogInit: FAudioDevice initialized.
[2025.04.10-01.44.24:896][  0]LogAudio: Display: Audio Device (ID: 1) registered with world 'Untitled'.
[2025.04.10-01.44.24:897][  0]LogNetVersion: Set ProjectVersion to 1.0.0.0. Version Checksum will be recalculated on next use.
[2025.04.10-01.44.25:004][  0]LogDerivedDataCache: Saved boot cache 0.11s 103MB C:/Users/patel/AppData/Local/UnrealEngine/4.27/DerivedDataCache/Boot.ddc.
[2025.04.10-01.44.25:005][  0]LogInit: Texture streaming: Enabled
[2025.04.10-01.44.25:022][  0]LogAnalytics: Display: [UEEditor.Rocket.Release] APIServer = https://datarouter.ol.epicgames.com/. AppVersion = 4.27.2-18319896+++UE4+Release-4.27
[2025.04.10-01.44.25:028][  0]LogEngineSessionManager: EngineSessionManager initialized
[2025.04.10-01.44.25:028][  0]LogEditorSessionSummary: Verbose: Initializing EditorSessionSummaryWriter for editor session tracking
[2025.04.10-01.44.25:033][  0]LogEditorSessionSummary: EditorSessionSummaryWriter initialized
[2025.04.10-01.44.25:066][  0]LogInit: Transaction tracking system initialized
[2025.04.10-01.44.25:093][  0]BlueprintLog: New page: Editor Load
[2025.04.10-01.44.25:169][  0]LocalizationService: Localization service is disabled
[2025.04.10-01.44.25:200][  0]TimingProfiler: Initialize
[2025.04.10-01.44.25:200][  0]TimingProfiler: OnSessionChanged
[2025.04.10-01.44.25:200][  0]LoadingProfiler: Initialize
[2025.04.10-01.44.25:200][  0]LoadingProfiler: OnSessionChanged
[2025.04.10-01.44.25:200][  0]NetworkingProfiler: Initialize
[2025.04.10-01.44.25:200][  0]NetworkingProfiler: OnSessionChanged
[2025.04.10-01.44.25:200][  0]MemoryProfiler: Initialize
[2025.04.10-01.44.25:200][  0]MemoryProfiler: OnSessionChanged
[2025.04.10-01.44.25:374][  0]LogCook: Display: CookSettings for Memory: MemoryMaxUsedVirtual 0MiB, MemoryMaxUsedPhysical 16384MiB, MemoryMinFreeVirtual 0MiB, MemoryMinFreePhysical 1024MiB
[2025.04.10-01.44.25:374][  0]LogCook: Display: Mobile HDR setting 1
[2025.04.10-01.44.25:595][  0]LogFileCache: Scanning file cache for directory 'C:/Unreal Projects/Top-Down-Puzzle/TopDownPuzzle/Content/' took 0.01s
[2025.04.10-01.44.25:796][  0]LogInit: Display: Engine is initialized. Leaving FEngineLoop::Init()
[2025.04.10-01.44.25:802][  0]SourceControl: Source control is disabled
[2025.04.10-01.44.25:802][  0]LogUnrealEdMisc: Loading editor; pre map load, took 8.841
[2025.04.10-01.44.25:802][  0]Cmd: MAP LOAD FILE="../../../../../../Unreal Projects/Top-Down-Puzzle/TopDownPuzzle/Content/TopDownCPP/Maps/TopDownExampleMap.umap" TEMPLATE=0 SHOWPROGRESS=1 FEATURELEVEL=3
[2025.04.10-01.44.25:802][  0]LogEditorServer: Warning: Can't find file '../../../../../../Unreal Projects/Top-Down-Puzzle/TopDownPuzzle/Content/TopDownCPP/Maps/TopDownExampleMap.umap'
[2025.04.10-01.44.25:802][  0]Cmd: MAP CHECKDEP NOCLEARLOG
[2025.04.10-01.44.25:802][  0]MapCheck: Map check complete: 0 Error(s), 0 Warning(s), took 0.18ms to complete.
[2025.04.10-01.44.25:802][  0]LogFileHelpers: Loading map 'TopDownExampleMap' took 0.001
[2025.04.10-01.44.25:805][  0]LogUnrealEdMisc: Total Editor Startup Time, took 8.845
[2025.04.10-01.44.26:066][  0]LogSlate: Updating window title bar state: overlay mode, drag disabled, window buttons hidden, title bar hidden
[2025.04.10-01.44.26:073][  0]LogSlate: Updating window title bar state: overlay mode, drag disabled, window buttons hidden, title bar hidden
[2025.04.10-01.44.26:080][  0]LogSlate: Updating window title bar state: overlay mode, drag disabled, window buttons hidden, title bar hidden
[2025.04.10-01.44.26:086][  0]LogSlate: Updating window title bar state: overlay mode, drag disabled, window buttons hidden, title bar hidden
[2025.04.10-01.44.26:135][  0]LogNativeClassHierarchy: Verbose: Native class hierarchy populated in 0.0100 seconds. Added 3827 classes and 930 folders.
[2025.04.10-01.44.26:141][  0]LogNativeClassHierarchy: Verbose: Native class hierarchy updated for 'WidgetCarousel' in 0.0003 seconds. Added 0 classes and 0 folders.
[2025.04.10-01.44.26:163][  0]LogPakFile: PakFile PrimaryIndexSize=187
[2025.04.10-01.44.26:163][  0]LogPakFile: PakFile PathHashIndexSize=101
[2025.04.10-01.44.26:163][  0]LogPakFile: PakFile FullDirectoryIndexSize=148
[2025.04.10-01.44.26:163][  0]LogShaderLibrary: Display: ShaderCodeLibraryPakFileMountedCallback: PakFile 'C:/Program Files/UE/UE_4.27/FeaturePacks/FP_FirstPerson.upack' (chunk index -1, root 'root:/') mounted
[2025.04.10-01.44.26:163][  0]LogShaderLibrary: Display: ShaderCodeLibraryPakFileMountedCallback: pending pak file info (ChunkID:-1 Root:root:/ File:C:/Program Files/UE/UE_4.27/FeaturePacks/FP_FirstPerson.upack)
[2025.04.10-01.44.26:163][  0]LogPakFile: OnPakFileMounted2Time == 0.000629
[2025.04.10-01.44.26:178][  0]LogPakFile: PakFile PrimaryIndexSize=189
[2025.04.10-01.44.26:178][  0]LogPakFile: PakFile PathHashIndexSize=101
[2025.04.10-01.44.26:178][  0]LogPakFile: PakFile FullDirectoryIndexSize=152
[2025.04.10-01.44.26:178][  0]LogShaderLibrary: Display: ShaderCodeLibraryPakFileMountedCallback: PakFile 'C:/Program Files/UE/UE_4.27/FeaturePacks/FP_FirstPersonBP.upack' (chunk index -1, root 'root:/') mounted
[2025.04.10-01.44.26:178][  0]LogShaderLibrary: Display: ShaderCodeLibraryPakFileMountedCallback: pending pak file info (ChunkID:-1 Root:root:/ File:C:/Program Files/UE/UE_4.27/FeaturePacks/FP_FirstPersonBP.upack)
[2025.04.10-01.44.26:178][  0]LogPakFile: OnPakFileMounted2Time == 0.000055
[2025.04.10-01.44.26:189][  0]LogPakFile: PakFile PrimaryIndexSize=191
[2025.04.10-01.44.26:189][  0]LogPakFile: PakFile PathHashIndexSize=101
[2025.04.10-01.44.26:189][  0]LogPakFile: PakFile FullDirectoryIndexSize=160
[2025.04.10-01.44.26:189][  0]LogShaderLibrary: Display: ShaderCodeLibraryPakFileMountedCallback: PakFile 'C:/Program Files/UE/UE_4.27/FeaturePacks/MobileStarterContent.upack' (chunk index -1, root 'root:/') mounted
[2025.04.10-01.44.26:189][  0]LogShaderLibrary: Display: ShaderCodeLibraryPakFileMountedCallback: pending pak file info (ChunkID:-1 Root:root:/ File:C:/Program Files/UE/UE_4.27/FeaturePacks/MobileStarterContent.upack)
[2025.04.10-01.44.26:189][  0]LogPakFile: OnPakFileMounted2Time == 0.000040
[2025.04.10-01.44.26:294][  0]LogPakFile: PakFile PrimaryIndexSize=185
[2025.04.10-01.44.26:294][  0]LogPakFile: PakFile PathHashIndexSize=101
[2025.04.10-01.44.26:294][  0]LogPakFile: PakFile FullDirectoryIndexSize=148
[2025.04.10-01.44.26:294][  0]LogShaderLibrary: Display: ShaderCodeLibraryPakFileMountedCallback: PakFile 'C:/Program Files/UE/UE_4.27/FeaturePacks/StarterContent.upack' (chunk index -1, root 'root:/') mounted
[2025.04.10-01.44.26:294][  0]LogShaderLibrary: Display: ShaderCodeLibraryPakFileMountedCallback: pending pak file info (ChunkID:-1 Root:root:/ File:C:/Program Files/UE/UE_4.27/FeaturePacks/StarterContent.upack)
[2025.04.10-01.44.26:294][  0]LogPakFile: OnPakFileMounted2Time == 0.000042
[2025.04.10-01.44.26:304][  0]LogPakFile: PakFile PrimaryIndexSize=190
[2025.04.10-01.44.26:304][  0]LogPakFile: PakFile PathHashIndexSize=101
[2025.04.10-01.44.26:305][  0]LogPakFile: PakFile FullDirectoryIndexSize=154
[2025.04.10-01.44.26:305][  0]LogShaderLibrary: Display: ShaderCodeLibraryPakFileMountedCallback: PakFile 'C:/Program Files/UE/UE_4.27/FeaturePacks/TP_2DSideScroller.upack' (chunk index -1, root 'root:/') mounted
[2025.04.10-01.44.26:305][  0]LogShaderLibrary: Display: ShaderCodeLibraryPakFileMountedCallback: pending pak file info (ChunkID:-1 Root:root:/ File:C:/Program Files/UE/UE_4.27/FeaturePacks/TP_2DSideScroller.upack)
[2025.04.10-01.44.26:305][  0]LogPakFile: OnPakFileMounted2Time == 0.000044
[2025.04.10-01.44.26:314][  0]LogPakFile: PakFile PrimaryIndexSize=192
[2025.04.10-01.44.26:314][  0]LogPakFile: PakFile PathHashIndexSize=101
[2025.04.10-01.44.26:314][  0]LogPakFile: PakFile FullDirectoryIndexSize=158
[2025.04.10-01.44.26:314][  0]LogShaderLibrary: Display: ShaderCodeLibraryPakFileMountedCallback: PakFile 'C:/Program Files/UE/UE_4.27/FeaturePacks/TP_2DSideScrollerBP.upack' (chunk index -1, root 'root:/') mounted
[2025.04.10-01.44.26:314][  0]LogShaderLibrary: Display: ShaderCodeLibraryPakFileMountedCallback: pending pak file info (ChunkID:-1 Root:root:/ File:C:/Program Files/UE/UE_4.27/FeaturePacks/TP_2DSideScrollerBP.upack)
[2025.04.10-01.44.26:314][  0]LogPakFile: OnPakFileMounted2Time == 0.000040
[2025.04.10-01.44.26:323][  0]LogPakFile: PakFile PrimaryIndexSize=182
[2025.04.10-01.44.26:323][  0]LogPakFile: PakFile PathHashIndexSize=101
[2025.04.10-01.44.26:323][  0]LogPakFile: PakFile FullDirectoryIndexSize=138
[2025.04.10-01.44.26:323][  0]LogShaderLibrary: Display: ShaderCodeLibraryPakFileMountedCallback: PakFile 'C:/Program Files/UE/UE_4.27/FeaturePacks/TP_Flying.upack' (chunk index -1, root 'root:/') mounted
[2025.04.10-01.44.26:323][  0]LogShaderLibrary: Display: ShaderCodeLibraryPakFileMountedCallback: pending pak file info (ChunkID:-1 Root:root:/ File:C:/Program Files/UE/UE_4.27/FeaturePacks/TP_Flying.upack)
[2025.04.10-01.44.26:323][  0]LogPakFile: OnPakFileMounted2Time == 0.000040
[2025.04.10-01.44.26:335][  0]LogPakFile: PakFile PrimaryIndexSize=184
[2025.04.10-01.44.26:335][  0]LogPakFile: PakFile PathHashIndexSize=101
[2025.04.10-01.44.26:335][  0]LogPakFile: PakFile FullDirectoryIndexSize=142
[2025.04.10-01.44.26:335][  0]LogShaderLibrary: Display: ShaderCodeLibraryPakFileMountedCallback: PakFile 'C:/Program Files/UE/UE_4.27/FeaturePacks/TP_FlyingBP.upack' (chunk index -1, root 'root:/') mounted
[2025.04.10-01.44.26:335][  0]LogShaderLibrary: Display: ShaderCodeLibraryPakFileMountedCallback: pending pak file info (ChunkID:-1 Root:root:/ File:C:/Program Files/UE/UE_4.27/FeaturePacks/TP_FlyingBP.upack)
[2025.04.10-01.44.26:335][  0]LogPakFile: OnPakFileMounted2Time == 0.000040
[2025.04.10-01.44.26:346][  0]LogPakFile: PakFile PrimaryIndexSize=188
[2025.04.10-01.44.26:346][  0]LogPakFile: PakFile PathHashIndexSize=101
[2025.04.10-01.44.26:346][  0]LogPakFile: PakFile FullDirectoryIndexSize=150
[2025.04.10-01.44.26:346][  0]LogShaderLibrary: Display: ShaderCodeLibraryPakFileMountedCallback: PakFile 'C:/Program Files/UE/UE_4.27/FeaturePacks/TP_HandheldARBP.upack' (chunk index -1, root 'root:/') mounted
[2025.04.10-01.44.26:346][  0]LogShaderLibrary: Display: ShaderCodeLibraryPakFileMountedCallback: pending pak file info (ChunkID:-1 Root:root:/ File:C:/Program Files/UE/UE_4.27/FeaturePacks/TP_HandheldARBP.upack)
[2025.04.10-01.44.26:346][  0]LogPakFile: OnPakFileMounted2Time == 0.000040
[2025.04.10-01.44.26:388][  0]LogPakFile: PakFile PrimaryIndexSize=182
[2025.04.10-01.44.26:388][  0]LogPakFile: PakFile PathHashIndexSize=101
[2025.04.10-01.44.26:388][  0]LogPakFile: PakFile FullDirectoryIndexSize=138
[2025.04.10-01.44.26:388][  0]LogShaderLibrary: Display: ShaderCodeLibraryPakFileMountedCallback: PakFile 'C:/Program Files/UE/UE_4.27/FeaturePacks/TP_Puzzle.upack' (chunk index -1, root 'root:/') mounted
[2025.04.10-01.44.26:388][  0]LogShaderLibrary: Display: ShaderCodeLibraryPakFileMountedCallback: pending pak file info (ChunkID:-1 Root:root:/ File:C:/Program Files/UE/UE_4.27/FeaturePacks/TP_Puzzle.upack)
[2025.04.10-01.44.26:388][  0]LogPakFile: OnPakFileMounted2Time == 0.000041
[2025.04.10-01.44.26:396][  0]LogPakFile: PakFile PrimaryIndexSize=184
[2025.04.10-01.44.26:397][  0]LogPakFile: PakFile PathHashIndexSize=101
[2025.04.10-01.44.26:397][  0]LogPakFile: PakFile FullDirectoryIndexSize=142
[2025.04.10-01.44.26:397][  0]LogShaderLibrary: Display: ShaderCodeLibraryPakFileMountedCallback: PakFile 'C:/Program Files/UE/UE_4.27/FeaturePacks/TP_PuzzleBP.upack' (chunk index -1, root 'root:/') mounted
[2025.04.10-01.44.26:397][  0]LogShaderLibrary: Display: ShaderCodeLibraryPakFileMountedCallback: pending pak file info (ChunkID:-1 Root:root:/ File:C:/Program Files/UE/UE_4.27/FeaturePacks/TP_PuzzleBP.upack)
[2025.04.10-01.44.26:397][  0]LogPakFile: OnPakFileMounted2Time == 0.000046
[2025.04.10-01.44.26:406][  0]LogPakFile: PakFile PrimaryIndexSize=183
[2025.04.10-01.44.26:406][  0]LogPakFile: PakFile PathHashIndexSize=101
[2025.04.10-01.44.26:406][  0]LogPakFile: PakFile FullDirectoryIndexSize=140
[2025.04.10-01.44.26:406][  0]LogShaderLibrary: Display: ShaderCodeLibraryPakFileMountedCallback: PakFile 'C:/Program Files/UE/UE_4.27/FeaturePacks/TP_Rolling.upack' (chunk index -1, root 'root:/') mounted
[2025.04.10-01.44.26:406][  0]LogShaderLibrary: Display: ShaderCodeLibraryPakFileMountedCallback: pending pak file info (ChunkID:-1 Root:root:/ File:C:/Program Files/UE/UE_4.27/FeaturePacks/TP_Rolling.upack)
[2025.04.10-01.44.26:406][  0]LogPakFile: OnPakFileMounted2Time == 0.000040
[2025.04.10-01.44.26:416][  0]LogPakFile: PakFile PrimaryIndexSize=185
[2025.04.10-01.44.26:416][  0]LogPakFile: PakFile PathHashIndexSize=101
[2025.04.10-01.44.26:416][  0]LogPakFile: PakFile FullDirectoryIndexSize=144
[2025.04.10-01.44.26:416][  0]LogShaderLibrary: Display: ShaderCodeLibraryPakFileMountedCallback: PakFile 'C:/Program Files/UE/UE_4.27/FeaturePacks/TP_RollingBP.upack' (chunk index -1, root 'root:/') mounted
[2025.04.10-01.44.26:416][  0]LogShaderLibrary: Display: ShaderCodeLibraryPakFileMountedCallback: pending pak file info (ChunkID:-1 Root:root:/ File:C:/Program Files/UE/UE_4.27/FeaturePacks/TP_RollingBP.upack)
[2025.04.10-01.44.26:416][  0]LogPakFile: OnPakFileMounted2Time == 0.000040
[2025.04.10-01.44.26:426][  0]LogPakFile: PakFile PrimaryIndexSize=188
[2025.04.10-01.44.26:426][  0]LogPakFile: PakFile PathHashIndexSize=101
[2025.04.10-01.44.26:426][  0]LogPakFile: PakFile FullDirectoryIndexSize=150
[2025.04.10-01.44.26:426][  0]LogShaderLibrary: Display: ShaderCodeLibraryPakFileMountedCallback: PakFile 'C:/Program Files/UE/UE_4.27/FeaturePacks/TP_SideScroller.upack' (chunk index -1, root 'root:/') mounted
[2025.04.10-01.44.26:426][  0]LogShaderLibrary: Display: ShaderCodeLibraryPakFileMountedCallback: pending pak file info (ChunkID:-1 Root:root:/ File:C:/Program Files/UE/UE_4.27/FeaturePacks/TP_SideScroller.upack)
[2025.04.10-01.44.26:426][  0]LogPakFile: OnPakFileMounted2Time == 0.000040
[2025.04.10-01.44.26:437][  0]LogPakFile: PakFile PrimaryIndexSize=190
[2025.04.10-01.44.26:437][  0]LogPakFile: PakFile PathHashIndexSize=101
[2025.04.10-01.44.26:437][  0]LogPakFile: PakFile FullDirectoryIndexSize=154
[2025.04.10-01.44.26:437][  0]LogShaderLibrary: Display: ShaderCodeLibraryPakFileMountedCallback: PakFile 'C:/Program Files/UE/UE_4.27/FeaturePacks/TP_SideScrollerBP.upack' (chunk index -1, root 'root:/') mounted
[2025.04.10-01.44.26:437][  0]LogShaderLibrary: Display: ShaderCodeLibraryPakFileMountedCallback: pending pak file info (ChunkID:-1 Root:root:/ File:C:/Program Files/UE/UE_4.27/FeaturePacks/TP_SideScrollerBP.upack)
[2025.04.10-01.44.26:437][  0]LogPakFile: OnPakFileMounted2Time == 0.000043
[2025.04.10-01.44.26:447][  0]LogPakFile: PakFile PrimaryIndexSize=187
[2025.04.10-01.44.26:447][  0]LogPakFile: PakFile PathHashIndexSize=101
[2025.04.10-01.44.26:447][  0]LogPakFile: PakFile FullDirectoryIndexSize=148
[2025.04.10-01.44.26:447][  0]LogShaderLibrary: Display: ShaderCodeLibraryPakFileMountedCallback: PakFile 'C:/Program Files/UE/UE_4.27/FeaturePacks/TP_ThirdPerson.upack' (chunk index -1, root 'root:/') mounted
[2025.04.10-01.44.26:447][  0]LogShaderLibrary: Display: ShaderCodeLibraryPakFileMountedCallback: pending pak file info (ChunkID:-1 Root:root:/ File:C:/Program Files/UE/UE_4.27/FeaturePacks/TP_ThirdPerson.upack)
[2025.04.10-01.44.26:447][  0]LogPakFile: OnPakFileMounted2Time == 0.000062
[2025.04.10-01.44.26:456][  0]LogPakFile: PakFile PrimaryIndexSize=189
[2025.04.10-01.44.26:456][  0]LogPakFile: PakFile PathHashIndexSize=101
[2025.04.10-01.44.26:456][  0]LogPakFile: PakFile FullDirectoryIndexSize=152
[2025.04.10-01.44.26:456][  0]LogShaderLibrary: Display: ShaderCodeLibraryPakFileMountedCallback: PakFile 'C:/Program Files/UE/UE_4.27/FeaturePacks/TP_ThirdPersonBP.upack' (chunk index -1, root 'root:/') mounted
[2025.04.10-01.44.26:456][  0]LogShaderLibrary: Display: ShaderCodeLibraryPakFileMountedCallback: pending pak file info (ChunkID:-1 Root:root:/ File:C:/Program Files/UE/UE_4.27/FeaturePacks/TP_ThirdPersonBP.upack)
[2025.04.10-01.44.26:456][  0]LogPakFile: OnPakFileMounted2Time == 0.000041
[2025.04.10-01.44.26:467][  0]LogPakFile: PakFile PrimaryIndexSize=183
[2025.04.10-01.44.26:467][  0]LogPakFile: PakFile PathHashIndexSize=101
[2025.04.10-01.44.26:467][  0]LogPakFile: PakFile FullDirectoryIndexSize=140
[2025.04.10-01.44.26:467][  0]LogShaderLibrary: Display: ShaderCodeLibraryPakFileMountedCallback: PakFile 'C:/Program Files/UE/UE_4.27/FeaturePacks/TP_TopDown.upack' (chunk index -1, root 'root:/') mounted
[2025.04.10-01.44.26:467][  0]LogShaderLibrary: Display: ShaderCodeLibraryPakFileMountedCallback: pending pak file info (ChunkID:-1 Root:root:/ File:C:/Program Files/UE/UE_4.27/FeaturePacks/TP_TopDown.upack)
[2025.04.10-01.44.26:467][  0]LogPakFile: OnPakFileMounted2Time == 0.000051
[2025.04.10-01.44.26:476][  0]LogPakFile: PakFile PrimaryIndexSize=185
[2025.04.10-01.44.26:476][  0]LogPakFile: PakFile PathHashIndexSize=101
[2025.04.10-01.44.26:476][  0]LogPakFile: PakFile FullDirectoryIndexSize=144
[2025.04.10-01.44.26:476][  0]LogShaderLibrary: Display: ShaderCodeLibraryPakFileMountedCallback: PakFile 'C:/Program Files/UE/UE_4.27/FeaturePacks/TP_TopDownBP.upack' (chunk index -1, root 'root:/') mounted
[2025.04.10-01.44.26:476][  0]LogShaderLibrary: Display: ShaderCodeLibraryPakFileMountedCallback: pending pak file info (ChunkID:-1 Root:root:/ File:C:/Program Files/UE/UE_4.27/FeaturePacks/TP_TopDownBP.upack)
[2025.04.10-01.44.26:476][  0]LogPakFile: OnPakFileMounted2Time == 0.000040
[2025.04.10-01.44.26:489][  0]LogPakFile: PakFile PrimaryIndexSize=185
[2025.04.10-01.44.26:489][  0]LogPakFile: PakFile PathHashIndexSize=101
[2025.04.10-01.44.26:489][  0]LogPakFile: PakFile FullDirectoryIndexSize=144
[2025.04.10-01.44.26:489][  0]LogShaderLibrary: Display: ShaderCodeLibraryPakFileMountedCallback: PakFile 'C:/Program Files/UE/UE_4.27/FeaturePacks/TP_TwinStick.upack' (chunk index -1, root 'root:/') mounted
[2025.04.10-01.44.26:489][  0]LogShaderLibrary: Display: ShaderCodeLibraryPakFileMountedCallback: pending pak file info (ChunkID:-1 Root:root:/ File:C:/Program Files/UE/UE_4.27/FeaturePacks/TP_TwinStick.upack)
[2025.04.10-01.44.26:489][  0]LogPakFile: OnPakFileMounted2Time == 0.000049
[2025.04.10-01.44.26:498][  0]LogPakFile: PakFile PrimaryIndexSize=187
[2025.04.10-01.44.26:498][  0]LogPakFile: PakFile PathHashIndexSize=101
[2025.04.10-01.44.26:498][  0]LogPakFile: PakFile FullDirectoryIndexSize=148
[2025.04.10-01.44.26:498][  0]LogShaderLibrary: Display: ShaderCodeLibraryPakFileMountedCallback: PakFile 'C:/Program Files/UE/UE_4.27/FeaturePacks/TP_TwinStickBP.upack' (chunk index -1, root 'root:/') mounted
[2025.04.10-01.44.26:498][  0]LogShaderLibrary: Display: ShaderCodeLibraryPakFileMountedCallback: pending pak file info (ChunkID:-1 Root:root:/ File:C:/Program Files/UE/UE_4.27/FeaturePacks/TP_TwinStickBP.upack)
[2025.04.10-01.44.26:498][  0]LogPakFile: OnPakFileMounted2Time == 0.000043
[2025.04.10-01.44.26:507][  0]LogPakFile: PakFile PrimaryIndexSize=183
[2025.04.10-01.44.26:507][  0]LogPakFile: PakFile PathHashIndexSize=101
[2025.04.10-01.44.26:507][  0]LogPakFile: PakFile FullDirectoryIndexSize=140
[2025.04.10-01.44.26:507][  0]LogShaderLibrary: Display: ShaderCodeLibraryPakFileMountedCallback: PakFile 'C:/Program Files/UE/UE_4.27/FeaturePacks/TP_Vehicle.upack' (chunk index -1, root 'root:/') mounted
[2025.04.10-01.44.26:507][  0]LogShaderLibrary: Display: ShaderCodeLibraryPakFileMountedCallback: pending pak file info (ChunkID:-1 Root:root:/ File:C:/Program Files/UE/UE_4.27/FeaturePacks/TP_Vehicle.upack)
[2025.04.10-01.44.26:507][  0]LogPakFile: OnPakFileMounted2Time == 0.000043
[2025.04.10-01.44.26:516][  0]LogPakFile: PakFile PrimaryIndexSize=186
[2025.04.10-01.44.26:517][  0]LogPakFile: PakFile PathHashIndexSize=101
[2025.04.10-01.44.26:517][  0]LogPakFile: PakFile FullDirectoryIndexSize=146
[2025.04.10-01.44.26:517][  0]LogShaderLibrary: Display: ShaderCodeLibraryPakFileMountedCallback: PakFile 'C:/Program Files/UE/UE_4.27/FeaturePacks/TP_VehicleAdv.upack' (chunk index -1, root 'root:/') mounted
[2025.04.10-01.44.26:517][  0]LogShaderLibrary: Display: ShaderCodeLibraryPakFileMountedCallback: pending pak file info (ChunkID:-1 Root:root:/ File:C:/Program Files/UE/UE_4.27/FeaturePacks/TP_VehicleAdv.upack)
[2025.04.10-01.44.26:517][  0]LogPakFile: OnPakFileMounted2Time == 0.000049
[2025.04.10-01.44.26:526][  0]LogPakFile: PakFile PrimaryIndexSize=188
[2025.04.10-01.44.26:526][  0]LogPakFile: PakFile PathHashIndexSize=101
[2025.04.10-01.44.26:526][  0]LogPakFile: PakFile FullDirectoryIndexSize=150
[2025.04.10-01.44.26:526][  0]LogShaderLibrary: Display: ShaderCodeLibraryPakFileMountedCallback: PakFile 'C:/Program Files/UE/UE_4.27/FeaturePacks/TP_VehicleAdvBP.upack' (chunk index -1, root 'root:/') mounted
[2025.04.10-01.44.26:526][  0]LogShaderLibrary: Display: ShaderCodeLibraryPakFileMountedCallback: pending pak file info (ChunkID:-1 Root:root:/ File:C:/Program Files/UE/UE_4.27/FeaturePacks/TP_VehicleAdvBP.upack)
[2025.04.10-01.44.26:526][  0]LogPakFile: OnPakFileMounted2Time == 0.000044
[2025.04.10-01.44.26:534][  0]LogPakFile: PakFile PrimaryIndexSize=185
[2025.04.10-01.44.26:534][  0]LogPakFile: PakFile PathHashIndexSize=101
[2025.04.10-01.44.26:534][  0]LogPakFile: PakFile FullDirectoryIndexSize=144
[2025.04.10-01.44.26:534][  0]LogShaderLibrary: Display: ShaderCodeLibraryPakFileMountedCallback: PakFile 'C:/Program Files/UE/UE_4.27/FeaturePacks/TP_VehicleBP.upack' (chunk index -1, root 'root:/') mounted
[2025.04.10-01.44.26:534][  0]LogShaderLibrary: Display: ShaderCodeLibraryPakFileMountedCallback: pending pak file info (ChunkID:-1 Root:root:/ File:C:/Program Files/UE/UE_4.27/FeaturePacks/TP_VehicleBP.upack)
[2025.04.10-01.44.26:534][  0]LogPakFile: OnPakFileMounted2Time == 0.000040
[2025.04.10-01.44.26:544][  0]LogPakFile: PakFile PrimaryIndexSize=192
[2025.04.10-01.44.26:544][  0]LogPakFile: PakFile PathHashIndexSize=101
[2025.04.10-01.44.26:544][  0]LogPakFile: PakFile FullDirectoryIndexSize=158
[2025.04.10-01.44.26:544][  0]LogShaderLibrary: Display: ShaderCodeLibraryPakFileMountedCallback: PakFile 'C:/Program Files/UE/UE_4.27/FeaturePacks/TP_VirtualRealityBP.upack' (chunk index -1, root 'root:/') mounted
[2025.04.10-01.44.26:544][  0]LogShaderLibrary: Display: ShaderCodeLibraryPakFileMountedCallback: pending pak file info (ChunkID:-1 Root:root:/ File:C:/Program Files/UE/UE_4.27/FeaturePacks/TP_VirtualRealityBP.upack)
[2025.04.10-01.44.26:544][  0]LogPakFile: OnPakFileMounted2Time == 0.000040
[2025.04.10-01.44.26:840][  0]LogNativeClassHierarchy: Verbose: Native class hierarchy updated for 'AddContentDialog' in 0.0003 seconds. Added 0 classes and 0 folders.
[2025.04.10-01.44.26:850][  0]LogNativeClassHierarchy: Verbose: Native class hierarchy updated for 'SceneOutliner' in 0.0003 seconds. Added 2 classes and 0 folders.
[2025.04.10-01.44.27:030][  0]LogSlate: Took 0.000237 seconds to synchronously load lazily loaded font '../../../Engine/Content/Slate/Fonts/Roboto-Regular.ttf' (155K)
[2025.04.10-01.44.27:042][  0]LogSlate: Took 0.009421 seconds to synchronously load lazily loaded font '../../../Engine/Content/Editor/Slate/Fonts/FontAwesome.ttf' (139K)
[2025.04.10-01.44.27:043][  0]LogSlate: Took 0.000207 seconds to synchronously load lazily loaded font '../../../Engine/Content/Slate/Fonts/Roboto-Bold.ttf' (160K)
[2025.04.10-01.44.27:230][  0]LogRenderer: Reallocating scene render targets to support 892x380 Format 10 NumSamples 1 (Frame:1).
[2025.04.10-01.44.27:297][  0]LogSlate: Took 0.009394 seconds to synchronously load lazily loaded font '../../../Engine/Content/Slate/Fonts/Roboto-Light.ttf' (167K)
[2025.04.10-01.44.27:348][  0]LogNativeClassHierarchy: Verbose: Native class hierarchy updated for 'HierarchicalLODOutliner' in 0.0003 seconds. Added 0 classes and 0 folders.
[2025.04.10-01.44.27:348][  0]LogInput: Warning: Action SetDestination uses invalid key OculusGo_Left_Trigger_Click.
[2025.04.10-01.44.27:348][  0]LogInput: Warning: Action ResetVR uses invalid key OculusGo_Left_Back_Click.
[2025.04.10-01.44.27:348][  0]LogInput: Warning: Use -RemoveInvalidKeys to remove instances of these keys from the action mapping.
[2025.04.10-01.44.27:348][  0]LogLoad: (Engine Initialization) Total time: 10.39 seconds
[2025.04.10-01.44.27:348][  0]LogLoad: (Engine Initialization) Total Blueprint compile time: 0.00 seconds
[2025.04.10-01.44.27:392][  0]LogAssetRegistry: Asset discovery search completed in 6.3854 seconds
[2025.04.10-01.44.27:398][  0]LogCollectionManager: Fixed up redirectors for 0 collections in 0.000003 seconds (updated 0 objects)
[2025.04.10-01.44.27:399][  0]LogContentStreaming: Texture pool size now 1000 MB
[2025.04.10-01.44.28:368][100]LogSlate: Took 0.000275 seconds to synchronously load lazily loaded font '../../../Engine/Content/Slate/Fonts/Roboto-Light.ttf' (167K)
[2025.04.10-01.44.30:687][339]LogAssetEditorSubsystem: Opening Asset editor for WidgetBlueprint /Game/TopDownCPP/Maps/Ui/MainMenu.MainMenu
[2025.04.10-01.44.31:697][339]LogNativeClassHierarchy: Verbose: Native class hierarchy updated for 'BlueprintGraph' in 0.0005 seconds. Added 126 classes and 0 folders.
[2025.04.10-01.44.32:868][339]LogSlate: Took 0.000262 seconds to synchronously load lazily loaded font '../../../Engine/Content/Slate/Fonts/Roboto-BoldCondensed.ttf' (158K)
[2025.04.10-01.44.39:126][ 20]LogUObjectHash: Compacting FUObjectHashTables data took   3.68ms
[2025.04.10-01.44.39:483][ 20]LogAssetEditorSubsystem: Opening Asset editor for World /Game/TopDownCPP/Maps/Level1.Level1
[2025.04.10-01.44.39:483][ 20]Cmd: MAP LOAD FILE="../../../../../../Unreal Projects/Top-Down-Puzzle/TopDownPuzzle/Content/TopDownCPP/Maps/Level1.umap" TEMPLATE=0 SHOWPROGRESS=1 FEATURELEVEL=3
[2025.04.10-01.44.39:484][ 20]LightingResults: New page: Lighting Build
[2025.04.10-01.44.39:484][ 20]LogNativeClassHierarchy: Verbose: Native class hierarchy updated for 'StatsViewer' in 0.0003 seconds. Added 6 classes and 0 folders.
[2025.04.10-01.44.39:485][ 20]LoadErrors: New page: Loading map: Level1.umap
[2025.04.10-01.44.39:508][ 20]LogWorld: UWorld::CleanupWorld for Untitled, bSessionEnded=true, bCleanupResources=true
[2025.04.10-01.44.39:508][ 20]LogSlate: InvalidateAllWidgets triggered.  All widgets were invalidated
[2025.04.10-01.44.39:508][ 20]MapCheck: New page: Map Check
[2025.04.10-01.44.39:508][ 20]LightingResults: New page: Lighting Build
[2025.04.10-01.44.39:528][ 20]LogAudio: Display: Audio Device unregistered from world 'None'.
[2025.04.10-01.44.39:534][ 20]LogUObjectHash: Compacting FUObjectHashTables data took   2.92ms
[2025.04.10-01.44.39:534][ 20]LogAudio: Display: Audio Device (ID: 1) registered with world 'Level1'.
[2025.04.10-01.44.39:614][ 20]LogEditorServer: Finished looking for orphan Actors (0.000 secs)
[2025.04.10-01.44.39:615][ 20]LogAIModule: Creating AISystem for world Level1
[2025.04.10-01.44.39:642][ 20]LogUObjectHash: Compacting FUObjectHashTables data took   2.38ms
[2025.04.10-01.44.39:654][ 20]Cmd: MAP CHECKDEP NOCLEARLOG
[2025.04.10-01.44.39:655][ 20]MapCheck: Map check complete: 0 Error(s), 0 Warning(s), took 0.169ms to complete.
[2025.04.10-01.44.39:655][ 20]LogFileHelpers: Loading map 'Level1' took 0.171
[2025.04.10-01.44.40:738][ 97]LogUObjectHash: Compacting FUObjectHashTables data took   3.31ms
[2025.04.10-01.44.40:919][ 97]LogAssetEditorSubsystem: Opening Asset editor for World /Game/TopDownCPP/Maps/Tutorial1.Tutorial1
[2025.04.10-01.44.40:920][ 97]Cmd: MAP LOAD FILE="../../../../../../Unreal Projects/Top-Down-Puzzle/TopDownPuzzle/Content/TopDownCPP/Maps/Tutorial1.umap" TEMPLATE=0 SHOWPROGRESS=1 FEATURELEVEL=3
[2025.04.10-01.44.40:920][ 97]LightingResults: New page: Lighting Build
[2025.04.10-01.44.40:920][ 97]LoadErrors: New page: Loading map: Tutorial1.umap
[2025.04.10-01.44.40:961][ 97]LogWorld: UWorld::CleanupWorld for Level1, bSessionEnded=true, bCleanupResources=true
[2025.04.10-01.44.40:961][ 97]LogSlate: InvalidateAllWidgets triggered.  All widgets were invalidated
[2025.04.10-01.44.40:961][ 97]MapCheck: New page: Map Check
[2025.04.10-01.44.40:961][ 97]LightingResults: New page: Lighting Build
[2025.04.10-01.44.40:980][ 97]LogAudio: Display: Audio Device unregistered from world 'None'.
[2025.04.10-01.44.41:001][ 97]LogUObjectHash: Compacting FUObjectHashTables data took   2.78ms
[2025.04.10-01.44.41:002][ 97]LogAudio: Display: Audio Device (ID: 1) registered with world 'Tutorial1'.
[2025.04.10-01.44.41:085][ 97]LogEditorServer: Finished looking for orphan Actors (0.000 secs)
[2025.04.10-01.44.41:085][ 97]LogAIModule: Creating AISystem for world Tutorial1
[2025.04.10-01.44.41:106][ 97]LogUObjectHash: Compacting FUObjectHashTables data took   2.10ms
[2025.04.10-01.44.41:119][ 97]Cmd: MAP CHECKDEP NOCLEARLOG
[2025.04.10-01.44.41:119][ 97]MapCheck: Map check complete: 0 Error(s), 0 Warning(s), took 0.156ms to complete.
[2025.04.10-01.44.41:119][ 97]LogFileHelpers: Loading map 'Tutorial1' took 0.200
[2025.04.10-01.44.43:831][397]LogEditorViewport: Clicking on Actor (LMB): SkeletalMeshActor (AmongUs)
[2025.04.10-01.44.45:836][617]Cmd: DELETE
[2025.04.10-01.44.45:836][617]Cmd: ACTOR DELETE
[2025.04.10-01.44.45:840][617]LogEditorActor: Deleted Actor: SkeletalMeshActor
[2025.04.10-01.44.45:864][617]LogUObjectHash: Compacting FUObjectHashTables data took   2.12ms
[2025.04.10-01.44.45:864][617]LogEditorActor: Deleted 1 Actors (0.027 secs)
[2025.04.10-01.44.57:720][ 16]LogUObjectHash: Compacting FUObjectHashTables data took   0.68ms
[2025.04.10-01.44.59:780][ 16]LogSlate: Window 'Save Content' being destroyed
[2025.04.10-01.44.59:846][ 16]LogUObjectHash: Compacting FUObjectHashTables data took   0.70ms
[2025.04.10-01.44.59:877][ 16]LogSavePackage: Moving '../../../../../../Unreal Projects/Top-Down-Puzzle/TopDownPuzzle/Saved/Tutorial1B5AA7A334726AA0163ACFBADF704F47C.tmp' to '../../../../../../Unreal Projects/Top-Down-Puzzle/TopDownPuzzle/Content/TopDownCPP/Maps/Tutorial1.umap'
[2025.04.10-01.44.59:897][ 16]LogFileHelpers: Saving map 'Tutorial1' took 0.081
[2025.04.10-01.44.59:964][ 16]LogAssetEditorSubsystem: Opening Asset editor for World /Game/TopDownCPP/Maps/Level1.Level1
[2025.04.10-01.44.59:965][ 16]Cmd: MAP LOAD FILE="../../../../../../Unreal Projects/Top-Down-Puzzle/TopDownPuzzle/Content/TopDownCPP/Maps/Level1.umap" TEMPLATE=0 SHOWPROGRESS=1 FEATURELEVEL=3
[2025.04.10-01.44.59:965][ 16]LightingResults: New page: Lighting Build
[2025.04.10-01.44.59:965][ 16]LoadErrors: New page: Loading map: Level1.umap
[2025.04.10-01.44.59:992][ 16]LogWorld: UWorld::CleanupWorld for Tutorial1, bSessionEnded=true, bCleanupResources=true
[2025.04.10-01.44.59:992][ 16]LogSlate: InvalidateAllWidgets triggered.  All widgets were invalidated
[2025.04.10-01.44.59:992][ 16]MapCheck: New page: Map Check
[2025.04.10-01.44.59:992][ 16]LightingResults: New page: Lighting Build
[2025.04.10-01.45.00:025][ 16]LogAudio: Display: Audio Device unregistered from world 'None'.
[2025.04.10-01.45.00:030][ 16]LogUObjectHash: Compacting FUObjectHashTables data took   3.15ms
[2025.04.10-01.45.00:031][ 16]LogAudio: Display: Audio Device (ID: 1) registered with world 'Level1'.
[2025.04.10-01.45.00:108][ 16]LogEditorServer: Finished looking for orphan Actors (0.000 secs)
[2025.04.10-01.45.00:108][ 16]LogAIModule: Creating AISystem for world Level1
[2025.04.10-01.45.00:136][ 16]LogUObjectHash: Compacting FUObjectHashTables data took   2.48ms
[2025.04.10-01.45.00:151][ 16]Cmd: MAP CHECKDEP NOCLEARLOG
[2025.04.10-01.45.00:151][ 16]MapCheck: Map check complete: 0 Error(s), 0 Warning(s), took 0.168ms to complete.
[2025.04.10-01.45.00:151][ 16]LogFileHelpers: Loading map 'Level1' took 0.186
[2025.04.10-01.45.00:191][ 16]AssetCheck: New page: Asset Save: Tutorial1
[2025.04.10-01.45.00:191][ 16]LogContentValidation: Display: Validating World /Game/TopDownCPP/Maps/Tutorial1.Tutorial1
[2025.04.10-01.45.01:922][212]LogEditorViewport: Clicking on Actor (LMB): StaticMeshActor (Floor)
[2025.04.10-01.45.02:419][265]LogEditorViewport: Clicking on Actor (LMB): TextRenderActor (TemplateLabel2)
[2025.04.10-01.45.27:292][111]LogEditorViewport: Clicking on Actor (LMB): StaticMeshActor (Floor)
[2025.04.10-01.45.27:859][175]LogEditorViewport: Clicking on Actor (LMB): TextRenderActor (TemplateLabel3)
[2025.04.10-01.45.29:048][314]Cmd: DELETE
[2025.04.10-01.45.29:048][314]Cmd: ACTOR DELETE
[2025.04.10-01.45.29:051][314]LogEditorActor: Deleted Actor: TextRenderActor
[2025.04.10-01.45.29:075][314]LogUObjectHash: Compacting FUObjectHashTables data took   2.03ms
[2025.04.10-01.45.29:076][314]LogEditorActor: Deleted 1 Actors (0.027 secs)
[2025.04.10-01.45.33:802][874]LogUObjectHash: Compacting FUObjectHashTables data took   0.65ms
[2025.04.10-01.45.33:827][874]LogSavePackage: Moving '../../../../../../Unreal Projects/Top-Down-Puzzle/TopDownPuzzle/Saved/Level179906EEE458707EF6F3D6FB08B8E5039.tmp' to '../../../../../../Unreal Projects/Top-Down-Puzzle/TopDownPuzzle/Content/TopDownCPP/Maps/Level1.umap'
[2025.04.10-01.45.33:848][874]Cmd: OBJ SAVEPACKAGE PACKAGE="/Game/TopDownCPP/Maps/Level1_BuiltData" FILE="../../../../../../Unreal Projects/Top-Down-Puzzle/TopDownPuzzle/Content/TopDownCPP/Maps/Level1_BuiltData.uasset" SILENT=true
[2025.04.10-01.45.33:993][874]LogSavePackage: Moving '../../../../../../Unreal Projects/Top-Down-Puzzle/TopDownPuzzle/Saved/Level1_BuiltDataFB09F61E4709FA289DCDE6AEC4CB2F55.tmp' to '../../../../../../Unreal Projects/Top-Down-Puzzle/TopDownPuzzle/Content/TopDownCPP/Maps/Level1_BuiltData.uasset'
[2025.04.10-01.45.34:008][874]AssetCheck: New page: Asset Save: multiple assets
[2025.04.10-01.45.34:008][874]LogContentValidation: Display: Validating World /Game/TopDownCPP/Maps/Level1.Level1
[2025.04.10-01.45.34:008][874]LogContentValidation: Display: Validating MapBuildDataRegistry /Game/TopDownCPP/Maps/Level1_BuiltData.Level1_BuiltData
[2025.04.10-01.45.36:125][119]LogUObjectHash: Compacting FUObjectHashTables data took   1.30ms
[2025.04.10-01.45.36:196][119]LogAssetEditorSubsystem: Opening Asset editor for World /Game/TopDownCPP/Maps/MainMenuLev.MainMenuLev
[2025.04.10-01.45.36:197][119]Cmd: MAP LOAD FILE="../../../../../../Unreal Projects/Top-Down-Puzzle/TopDownPuzzle/Content/TopDownCPP/Maps/MainMenuLev.umap" TEMPLATE=0 SHOWPROGRESS=1 FEATURELEVEL=3
[2025.04.10-01.45.36:197][119]LightingResults: New page: Lighting Build
[2025.04.10-01.45.36:197][119]LoadErrors: New page: Loading map: MainMenuLev.umap
[2025.04.10-01.45.36:230][119]LogWorld: UWorld::CleanupWorld for Level1, bSessionEnded=true, bCleanupResources=true
[2025.04.10-01.45.36:230][119]LogSlate: InvalidateAllWidgets triggered.  All widgets were invalidated
[2025.04.10-01.45.36:231][119]MapCheck: New page: Map Check
[2025.04.10-01.45.36:231][119]LightingResults: New page: Lighting Build
[2025.04.10-01.45.36:257][119]LogAudio: Display: Audio Device unregistered from world 'None'.
[2025.04.10-01.45.36:263][119]LogUObjectHash: Compacting FUObjectHashTables data took   3.12ms
[2025.04.10-01.45.36:291][119]LogUObjectHash: Compacting FUObjectHashTables data took   2.41ms
[2025.04.10-01.45.36:314][119]LogUObjectHash: Compacting FUObjectHashTables data took   2.39ms
[2025.04.10-01.45.36:315][119]LogAudio: Display: Audio Device (ID: 1) registered with world 'MainMenuLev'.
[2025.04.10-01.45.36:381][119]LogEditorServer: Finished looking for orphan Actors (0.000 secs)
[2025.04.10-01.45.36:381][119]LogAIModule: Creating AISystem for world MainMenuLev
[2025.04.10-01.45.36:406][119]LogUObjectHash: Compacting FUObjectHashTables data took   2.42ms
[2025.04.10-01.45.36:420][119]Cmd: MAP CHECKDEP NOCLEARLOG
[2025.04.10-01.45.36:421][119]MapCheck: Map check complete: 0 Error(s), 0 Warning(s), took 0.169ms to complete.
[2025.04.10-01.45.36:421][119]LogFileHelpers: Loading map 'MainMenuLev' took 0.224
[2025.04.10-01.45.39:022][416]LogTemp: Repeating last play command: Selected Viewport
[2025.04.10-01.45.39:035][416]LogPlayLevel: PlayLevel: No blueprints needed recompiling
[2025.04.10-01.45.39:035][416]PIE: New page: PIE session: MainMenuLev (09-Apr-2025, 5:45:39 pm)
[2025.04.10-01.45.39:037][416]LogOnline: OSS: Creating online subsystem instance for: NULL
[2025.04.10-01.45.39:038][416]LogOnline: OSS: TryLoadSubsystemAndSetDefault: Loaded subsystem for module [NULL]
[2025.04.10-01.45.39:039][416]LogPlayLevel: Creating play world package: /Game/TopDownCPP/Maps/UEDPIE_0_MainMenuLev
[2025.04.10-01.45.39:042][416]LogPlayLevel: PIE: StaticDuplicateObject took: (0.003030s)
[2025.04.10-01.45.39:043][416]LogAIModule: Creating AISystem for world MainMenuLev
[2025.04.10-01.45.39:043][416]LogPlayLevel: PIE: World Init took: (0.001022s)
[2025.04.10-01.45.39:043][416]LogPlayLevel: PIE: Created PIE world by copying editor world from /Game/TopDownCPP/Maps/MainMenuLev.MainMenuLev to /Game/TopDownCPP/Maps/UEDPIE_0_MainMenuLev.MainMenuLev (0.004205s)
[2025.04.10-01.45.39:066][416]LogUObjectHash: Compacting FUObjectHashTables data took   2.36ms
[2025.04.10-01.45.39:066][416]LogAudio: Display: Creating Audio Device:                 Id: 2, Scope: Unique, Realtime: True
[2025.04.10-01.45.39:067][416]LogAudioMixer: Display: Audio Mixer Platform Settings:
[2025.04.10-01.45.39:067][416]LogAudioMixer: Display: 	Sample Rate:						  48000
[2025.04.10-01.45.39:067][416]LogAudioMixer: Display: 	Callback Buffer Frame Size Requested: 1024
[2025.04.10-01.45.39:067][416]LogAudioMixer: Display: 	Callback Buffer Frame Size To Use:	  1024
[2025.04.10-01.45.39:067][416]LogAudioMixer: Display: 	Number of buffers to queue:			  2
[2025.04.10-01.45.39:067][416]LogAudioMixer: Display: 	Max Channels (voices):				  32
[2025.04.10-01.45.39:067][416]LogAudioMixer: Display: 	Number of Async Source Workers:		  0
[2025.04.10-01.45.39:067][416]LogAudio: Display: AudioDevice MaxSources: 32
[2025.04.10-01.45.39:067][416]LogAudio: Display: Audio Spatialization Plugin: None (built-in).
[2025.04.10-01.45.39:067][416]LogAudio: Display: Audio Reverb Plugin: None (built-in).
[2025.04.10-01.45.39:067][416]LogAudio: Display: Audio Occlusion Plugin: None (built-in).
[2025.04.10-01.45.39:067][416]LogAudioMixer: Display: Initializing audio mixer.
[2025.04.10-01.45.39:071][416]LogAudioMixer: Display: 0: FrontLeft
[2025.04.10-01.45.39:071][416]LogAudioMixer: Display: 1: FrontRight
[2025.04.10-01.45.39:086][416]LogAudioMixer: Display: Using Audio Device Headphone (Realtek(R) Audio)
[2025.04.10-01.45.39:086][416]LogAudioMixer: Display: Initializing Sound Submixes...
[2025.04.10-01.45.39:086][416]LogAudioMixer: Display: Creating Master Submix 'MasterSubmixDefault'
[2025.04.10-01.45.39:086][416]LogAudioMixer: Display: Creating Master Submix 'MasterReverbSubmixDefault'
[2025.04.10-01.45.39:087][416]LogAudioMixer: Display: Creating Master Submix 'MasterEQSubmixDefault'
[2025.04.10-01.45.39:087][416]LogAudioMixer: FMixerPlatformXAudio2::StartAudioStream() called
[2025.04.10-01.45.39:087][416]LogAudioMixer: Display: Output buffers initialized: Frames=1024, Channels=2, Samples=2048
[2025.04.10-01.45.39:088][416]LogAudioMixer: Display: Starting AudioMixerPlatformInterface::RunInternal()
[2025.04.10-01.45.39:088][416]LogAudioMixer: Display: FMixerPlatformXAudio2::SubmitBuffer() called for the first time
[2025.04.10-01.45.39:088][416]LogInit: FAudioDevice initialized.
[2025.04.10-01.45.39:088][416]LogAudio: Display: Audio Device (ID: 2) registered with world 'MainMenuLev'.
[2025.04.10-01.45.39:106][416]LogLoad: Game class is 'NewGameMode_C'
[2025.04.10-01.45.39:107][416]LogWorld: Bringing World /Game/TopDownCPP/Maps/UEDPIE_0_MainMenuLev.MainMenuLev up for play (max tick rate 0) at 2025.04.09-21.45.39
[2025.04.10-01.45.39:107][416]LogWorld: Bringing up level for play took: 0.000718
[2025.04.10-01.45.39:107][416]LogOnline: OSS: Creating online subsystem instance for: :Context_5
[2025.04.10-01.45.39:117][416]LogNativeClassHierarchy: Verbose: Native class hierarchy updated for 'MovieSceneCapture' in 0.0004 seconds. Added 20 classes and 0 folders.
[2025.04.10-01.45.39:120][416]PIE: Server logged in
[2025.04.10-01.45.39:122][416]PIE: Play in editor total start time 0.09 seconds.
[2025.04.10-01.45.40:671][566]LogNet: Browse: /Game/TopDownCPP/Maps/Tutorial1
[2025.04.10-01.45.40:671][566]LogLoad: LoadMap: /Game/TopDownCPP/Maps/Tutorial1
[2025.04.10-01.45.40:671][566]LogWorld: BeginTearingDown for /Game/TopDownCPP/Maps/UEDPIE_0_MainMenuLev
[2025.04.10-01.45.40:673][566]LogWorld: UWorld::CleanupWorld for MainMenuLev, bSessionEnded=true, bCleanupResources=true
[2025.04.10-01.45.40:673][566]LogSlate: InvalidateAllWidgets triggered.  All widgets were invalidated
[2025.04.10-01.45.40:763][566]LogAudio: Display: Audio Device unregistered from world 'None'.
[2025.04.10-01.45.40:800][566]LogUObjectHash: Compacting FUObjectHashTables data took   3.82ms
[2025.04.10-01.45.40:812][566]LogAudio: Display: Audio Device (ID: 2) registered with world 'Tutorial1'.
[2025.04.10-01.45.40:813][566]LogAIModule: Creating AISystem for world Tutorial1
[2025.04.10-01.45.40:813][566]LogLoad: Game class is 'TopDownPuzzleGameMode'
[2025.04.10-01.45.40:819][566]LogWorld: Bringing World /Game/TopDownCPP/Maps/UEDPIE_0_Tutorial1.Tutorial1 up for play (max tick rate 0) at 2025.04.09-21.45.40
[2025.04.10-01.45.40:820][566]LogWorld: Bringing up level for play took: 0.006359
[2025.04.10-01.45.40:825][566]LogLoad: Took 0.154051 seconds to LoadMap(/Game/TopDownCPP/Maps/Tutorial1)
[2025.04.10-01.45.44:131][959]LogTemp: Warning: Player entered the door!
[2025.04.10-01.45.44:136][960]LogNet: Browse: /Game/TopDownCPP/Maps/Level1
[2025.04.10-01.45.44:137][960]LogLoad: LoadMap: /Game/TopDownCPP/Maps/Level1
[2025.04.10-01.45.44:137][960]LogWorld: BeginTearingDown for /Game/TopDownCPP/Maps/UEDPIE_0_Tutorial1
[2025.04.10-01.45.44:137][960]LogWorld: UWorld::CleanupWorld for Tutorial1, bSessionEnded=true, bCleanupResources=true
[2025.04.10-01.45.44:137][960]LogSlate: InvalidateAllWidgets triggered.  All widgets were invalidated
[2025.04.10-01.45.44:205][960]LogAudio: Display: Audio Device unregistered from world 'None'.
[2025.04.10-01.45.44:230][960]LogUObjectHash: Compacting FUObjectHashTables data took   2.79ms
[2025.04.10-01.45.44:252][960]LogAudio: Display: Audio Device (ID: 2) registered with world 'Level1'.
[2025.04.10-01.45.44:253][960]LogAIModule: Creating AISystem for world Level1
[2025.04.10-01.45.44:253][960]LogLoad: Game class is 'TopDownPuzzleGameMode'
[2025.04.10-01.45.44:260][960]LogWorld: Bringing World /Game/TopDownCPP/Maps/UEDPIE_0_Level1.Level1 up for play (max tick rate 0) at 2025.04.09-21.45.44
[2025.04.10-01.45.44:260][960]LogWorld: Bringing up level for play took: 0.006839
[2025.04.10-01.45.44:261][960]LogLoad: Took 0.125156 seconds to LoadMap(/Game/TopDownCPP/Maps/Level1)
[2025.04.10-01.45.44:282][960]LogAudio: Warning: Detected orphaned looping sound 'Level1_AudioCue'.
[2025.04.10-01.45.49:261][552]LogTemp: Warning: Player entered the door!
[2025.04.10-01.45.49:269][553]LogNet: Browse: /Game/TopDownCPP/Maps/Level1
[2025.04.10-01.45.49:269][553]LogLoad: LoadMap: /Game/TopDownCPP/Maps/Level1
[2025.04.10-01.45.49:269][553]LogWorld: BeginTearingDown for /Game/TopDownCPP/Maps/UEDPIE_0_Level1
[2025.04.10-01.45.49:270][553]LogWorld: UWorld::CleanupWorld for Level1, bSessionEnded=true, bCleanupResources=true
[2025.04.10-01.45.49:270][553]LogSlate: InvalidateAllWidgets triggered.  All widgets were invalidated
[2025.04.10-01.45.49:349][553]LogAudio: Display: Audio Device unregistered from world 'None'.
[2025.04.10-01.45.49:353][553]LogUObjectHash: Compacting FUObjectHashTables data took   2.66ms
[2025.04.10-01.45.49:367][553]LogAudio: Display: Audio Device (ID: 2) registered with world 'Level1'.
[2025.04.10-01.45.49:368][553]LogAIModule: Creating AISystem for world Level1
[2025.04.10-01.45.49:368][553]LogLoad: Game class is 'TopDownPuzzleGameMode'
[2025.04.10-01.45.49:373][553]LogWorld: Bringing World /Game/TopDownCPP/Maps/UEDPIE_0_Level1.Level1 up for play (max tick rate 0) at 2025.04.09-21.45.49
[2025.04.10-01.45.49:373][553]LogWorld: Bringing up level for play took: 0.004354
[2025.04.10-01.45.49:375][553]LogLoad: Took 0.106214 seconds to LoadMap(/Game/TopDownCPP/Maps/Level1)
[2025.04.10-01.45.49:396][553]LogAudio: Warning: Detected orphaned looping sound 'Level1_AudioCue'.
[2025.04.10-01.45.51:090][742]LogSlate: Updating window title bar state: overlay mode, drag disabled, window buttons hidden, title bar hidden
[2025.04.10-01.45.51:090][742]LogWorld: BeginTearingDown for /Game/TopDownCPP/Maps/UEDPIE_0_Level1
[2025.04.10-01.45.51:090][742]LogWorld: UWorld::CleanupWorld for Level1, bSessionEnded=true, bCleanupResources=true
[2025.04.10-01.45.51:091][742]LogSlate: InvalidateAllWidgets triggered.  All widgets were invalidated
[2025.04.10-01.45.51:111][742]LogPlayLevel: Display: Shutting down PIE online subsystems
[2025.04.10-01.45.51:120][742]LogSlate: InvalidateAllWidgets triggered.  All widgets were invalidated
[2025.04.10-01.45.51:150][742]LogSlate: Updating window title bar state: overlay mode, drag disabled, window buttons hidden, title bar hidden
[2025.04.10-01.45.51:151][742]LogAudioMixer: FMixerPlatformXAudio2::StopAudioStream() called
[2025.04.10-01.45.51:152][742]LogAudioMixer: FMixerPlatformXAudio2::StopAudioStream() called
[2025.04.10-01.45.51:158][742]LogUObjectHash: Compacting FUObjectHashTables data took   3.13ms
[2025.04.10-01.45.51:175][743]LogPlayLevel: Display: Destroying online subsystem :Context_5
[2025.04.10-01.46.57:203][820]LogAssetEditorSubsystem: Opening Asset editor for Blueprint /Game/TopDownCPP/Blueprints/TopDownCharacter.TopDownCharacter
[2025.04.10-01.46.59:519][918]LogSlate: Took 0.009753 seconds to synchronously load lazily loaded font '../../../Engine/Content/Slate/Fonts/Roboto-Italic.ttf' (157K)
[2025.04.10-01.47.03:795][186]LogRenderer: Reallocating scene render targets to support 908x580 Format 10 NumSamples 1 (Frame:1).
[2025.04.10-01.48.05:124][263]LogVSAccessor: Warning: Couldn't goto line number '1' in 'C:/Unreal Projects/Top-Down-Puzzle/TopDownPuzzle/Source/TopDownPuzzle/DoorTrigger.cpp'
[2025.04.10-02.08.08:072][974]Candidate modules for hot reload:
[2025.04.10-02.08.08:072][974]  TopDownPuzzle
[2025.04.10-02.08.08:073][974]Launching UnrealBuildTool... [C:/Program Files/UE/UE_4.27/Engine/Binaries/DotNET/UnrealBuildTool.exe  -ModuleWithSuffix=TopDownPuzzle,7708 TopDownPuzzleEditor Win64 Development -Project="C:/Unreal Projects/Top-Down-Puzzle/TopDownPuzzle/TopDownPuzzle.uproject" "C:/Unreal Projects/Top-Down-Puzzle/TopDownPuzzle/TopDownPuzzle.uproject"  -IgnoreJunk]
[2025.04.10-02.08.08:080][974]Warning: Starting HotReload took  0.1s.
[2025.04.10-02.09.01:685][ 87]CompilerResultsLog: New page: Compilation - 09-Apr-2025, 6:09:01 pm
[2025.04.10-02.09.01:686][ 87]CompilerResultsLog: Using 'git status' to determine working set for adaptive non-unity build (C:\Unreal Projects\Top-Down-Puzzle).
[2025.04.10-02.09.01:686][ 87]CompilerResultsLog: Parsing headers for TopDownPuzzleEditor
[2025.04.10-02.09.01:686][ 87]CompilerResultsLog:   Running UnrealHeaderTool "C:\Unreal Projects\Top-Down-Puzzle\TopDownPuzzle\TopDownPuzzle.uproject" "C:\Unreal Projects\Top-Down-Puzzle\TopDownPuzzle\Intermediate\Build\Win64\TopDownPuzzleEditor\Development\TopDownPuzzleEditor.uhtmanifest" -LogCmds="loginit warning, logexit warning, logdatabase error" -Unattended -WarningsAsErrors -abslog="C:\Users\patel\AppData\Local\UnrealBuildTool\Log_UHT.txt" -installed
[2025.04.10-02.09.01:686][ 87]CompilerResultsLog: LogInit: Display: Loading text-based GConfig....
[2025.04.10-02.09.01:686][ 87]CompilerResultsLog: Reflection code generated for TopDownPuzzleEditor in 39.4663479 seconds
[2025.04.10-02.09.01:686][ 87]CompilerResultsLog: Building TopDownPuzzleEditor...
[2025.04.10-02.09.01:686][ 87]CompilerResultsLog: Using Visual Studio 2022 14.43.34808 toolchain (C:\Program Files\Microsoft Visual Studio\2022\Community\VC\Tools\MSVC\14.43.34808) and Windows 10.0.22621.0 SDK (C:\Program Files (x86)\Windows Kits\10).
[2025.04.10-02.09.01:686][ 87]CompilerResultsLog: Building 8 actions with 8 processes...
[2025.04.10-02.09.01:686][ 87]CompilerResultsLog:   [1/8] TopDownPuzzle.init.gen.cpp
[2025.04.10-02.09.01:686][ 87]CompilerResultsLog:   [2/8] DoorTrigger.gen.cpp
[2025.04.10-02.09.01:686][ 87]CompilerResultsLog:   [3/8] DoorTrigger.cpp
[2025.04.10-02.09.01:686][ 87]CompilerResultsLog:   [4/8] MainMenuWidget.gen.cpp
[2025.04.10-02.09.01:686][ 87]CompilerResultsLog:   [5/8] MainMenuWidget.cpp
[2025.04.10-02.09.01:686][ 87]CompilerResultsLog:   [6/8] UE4Editor-TopDownPuzzle-7708.lib
[2025.04.10-02.09.01:686][ 87]CompilerResultsLog:      Creating library C:\Unreal Projects\Top-Down-Puzzle\TopDownPuzzle\Intermediate\Build\Win64\UE4Editor\Development\TopDownPuzzle\UE4Editor-TopDownPuzzle-7708.lib and object C:\Unreal Projects\Top-Down-Puzzle\TopDownPuzzle\Intermediate\Build\Win64\UE4Editor\Development\TopDownPuzzle\UE4Editor-TopDownPuzzle-7708.exp
[2025.04.10-02.09.01:686][ 87]CompilerResultsLog:   [7/8] UE4Editor-TopDownPuzzle-7708.dll
[2025.04.10-02.09.01:686][ 87]CompilerResultsLog:      Creating library C:\Unreal Projects\Top-Down-Puzzle\TopDownPuzzle\Intermediate\Build\Win64\UE4Editor\Development\TopDownPuzzle\UE4Editor-TopDownPuzzle-7708.suppressed.lib and object C:\Unreal Projects\Top-Down-Puzzle\TopDownPuzzle\Intermediate\Build\Win64\UE4Editor\Development\TopDownPuzzle\UE4Editor-TopDownPuzzle-7708.suppressed.exp
[2025.04.10-02.09.01:686][ 87]CompilerResultsLog:   [8/8] TopDownPuzzleEditor.target
[2025.04.10-02.09.01:686][ 87]CompilerResultsLog: Total time in Parallel executor: 12.01 seconds
[2025.04.10-02.09.01:686][ 87]CompilerResultsLog: Total execution time: 53.38 seconds
[2025.04.10-02.09.01:686][ 87]LogMainFrame: MainFrame: Module compiling took 53.648 seconds
[2025.04.10-02.09.01:864][ 87]LogClass: Could not find existing class DoorTrigger in package /Script/TopDownPuzzle for HotReload, assuming new class
[2025.04.10-02.09.01:864][ 87]LogClass: Function OnOverlapBegin is new.
[2025.04.10-02.09.01:864][ 87]LogClass: Function OnOverlapEnd is new.
[2025.04.10-02.09.01:864][ 87]LogClass: Could not find existing class MainMenuWidget in package /Script/TopDownPuzzle for HotReload, assuming new class
[2025.04.10-02.09.01:864][ 87]LogClass: Function ExitGame is new.
[2025.04.10-02.09.01:864][ 87]LogClass: Function ShowCredits is new.
[2025.04.10-02.09.01:864][ 87]LogClass: Function StartGame is new.
[2025.04.10-02.09.01:887][ 87]LogHotReload: Re-instancing DoorTrigger after hot-reload.
[2025.04.10-02.09.01:975][ 87]LogHotReload: Re-instancing MainMenuWidget after hot-reload.
[2025.04.10-02.09.02:011][ 87]LogNativeClassHierarchy: Verbose: Native class hierarchy updated for 'TopDownPuzzle' in 0.0003 seconds. Added 5 classes and 2 folders.
[2025.04.10-02.09.02:027][ 87]Display: HotReload successful (0 functions remapped  0 scriptstructs remapped)
[2025.04.10-02.09.02:156][ 87]LogNativeClassHierarchy: Verbose: Native class hierarchy populated in 0.0124 seconds. Added 3827 classes and 930 folders.
[2025.04.10-02.09.02:157][ 87]Display: HotReload took 54.1s.
[2025.04.10-02.09.04:549][323]LogUObjectHash: Compacting FUObjectHashTables data took   5.48ms
[2025.04.10-02.09.04:607][323]LogAssetEditorSubsystem: Opening Asset editor for World /Game/TopDownCPP/Maps/Tutorial1.Tutorial1
[2025.04.10-02.09.04:607][323]Cmd: MAP LOAD FILE="../../../../../../Unreal Projects/Top-Down-Puzzle/TopDownPuzzle/Content/TopDownCPP/Maps/Tutorial1.umap" TEMPLATE=0 SHOWPROGRESS=1 FEATURELEVEL=3
[2025.04.10-02.09.04:607][323]LightingResults: New page: Lighting Build
[2025.04.10-02.09.04:607][323]LoadErrors: New page: Loading map: Tutorial1.umap
[2025.04.10-02.09.04:635][323]LogWorld: UWorld::CleanupWorld for MainMenuLev, bSessionEnded=true, bCleanupResources=true
[2025.04.10-02.09.04:635][323]LogSlate: InvalidateAllWidgets triggered.  All widgets were invalidated
[2025.04.10-02.09.04:636][323]MapCheck: New page: Map Check
[2025.04.10-02.09.04:636][323]LightingResults: New page: Lighting Build
[2025.04.10-02.09.04:686][323]LogAudio: Display: Audio Device unregistered from world 'None'.
[2025.04.10-02.09.04:703][323]LogUObjectHash: Compacting FUObjectHashTables data took   3.94ms
[2025.04.10-02.09.04:704][323]LogAudio: Display: Audio Device (ID: 1) registered with world 'Tutorial1'.
[2025.04.10-02.09.04:787][323]LogEditorServer: Finished looking for orphan Actors (0.000 secs)
[2025.04.10-02.09.04:787][323]LogAIModule: Creating AISystem for world Tutorial1
[2025.04.10-02.09.04:820][323]LogUObjectHash: Compacting FUObjectHashTables data took   3.10ms
[2025.04.10-02.09.04:837][323]Cmd: MAP CHECKDEP NOCLEARLOG
[2025.04.10-02.09.04:837][323]MapCheck: Map check complete: 0 Error(s), 0 Warning(s), took 0.186ms to complete.
[2025.04.10-02.09.04:837][323]LogFileHelpers: Loading map 'Tutorial1' took 0.230
[2025.04.10-02.09.06:663][526]LogEditorViewport: Clicking on Actor (LMB): StaticMeshActor (Wall3)
[2025.04.10-02.09.07:680][640]LogEditorViewport: Clicking on Actor (LMB): TextRenderActor (TemplateLabel2)
[2025.04.10-02.09.24:937][576]LogUObjectHash: Compacting FUObjectHashTables data took   3.05ms
[2025.04.10-02.09.24:961][576]LogSavePackage: Moving '../../../../../../Unreal Projects/Top-Down-Puzzle/TopDownPuzzle/Saved/Tutorial1D4C41C8940501B4520D7B5AC35C067A3.tmp' to '../../../../../../Unreal Projects/Top-Down-Puzzle/TopDownPuzzle/Content/TopDownCPP/Maps/Tutorial1.umap'
[2025.04.10-02.09.25:111][576]LogSavePackage: Moving '../../../../../../Unreal Projects/Top-Down-Puzzle/TopDownPuzzle/Saved/Tutorial1_BuiltData624609E645DDFB5B332C1CB4CDAB34B2.tmp' to '../../../../../../Unreal Projects/Top-Down-Puzzle/TopDownPuzzle/Content/TopDownCPP/Maps/Tutorial1_BuiltData.uasset'
[2025.04.10-02.09.25:133][576]AssetCheck: New page: Asset Save: multiple assets
[2025.04.10-02.09.25:133][576]LogContentValidation: Display: Validating MapBuildDataRegistry /Game/TopDownCPP/Maps/Tutorial1_BuiltData.Tutorial1_BuiltData
[2025.04.10-02.09.25:133][576]LogContentValidation: Display: Validating World /Game/TopDownCPP/Maps/Tutorial1.Tutorial1
[2025.04.10-02.09.29:020][  7]LogUObjectHash: Compacting FUObjectHashTables data took   0.83ms
[2025.04.10-02.09.29:067][  7]LogAssetEditorSubsystem: Opening Asset editor for World /Game/TopDownCPP/Maps/Level1.Level1
[2025.04.10-02.09.29:067][  7]Cmd: MAP LOAD FILE="../../../../../../Unreal Projects/Top-Down-Puzzle/TopDownPuzzle/Content/TopDownCPP/Maps/Level1.umap" TEMPLATE=0 SHOWPROGRESS=1 FEATURELEVEL=3
[2025.04.10-02.09.29:067][  7]LightingResults: New page: Lighting Build
[2025.04.10-02.09.29:067][  7]LoadErrors: New page: Loading map: Level1.umap
[2025.04.10-02.09.29:069][  7]LogWorld: UWorld::CleanupWorld for Tutorial1, bSessionEnded=true, bCleanupResources=true
[2025.04.10-02.09.29:070][  7]LogSlate: InvalidateAllWidgets triggered.  All widgets were invalidated
[2025.04.10-02.09.29:070][  7]MapCheck: New page: Map Check
[2025.04.10-02.09.29:070][  7]LightingResults: New page: Lighting Build
[2025.04.10-02.09.29:099][  7]LogAudio: Display: Audio Device unregistered from world 'None'.
[2025.04.10-02.09.29:105][  7]LogUObjectHash: Compacting FUObjectHashTables data took   3.53ms
[2025.04.10-02.09.29:105][  7]LogAudio: Display: Audio Device (ID: 1) registered with world 'Level1'.
[2025.04.10-02.09.29:193][  7]LogEditorServer: Finished looking for orphan Actors (0.000 secs)
[2025.04.10-02.09.29:193][  7]LogAIModule: Creating AISystem for world Level1
[2025.04.10-02.09.29:226][  7]LogUObjectHash: Compacting FUObjectHashTables data took   3.47ms
[2025.04.10-02.09.29:242][  7]Cmd: MAP CHECKDEP NOCLEARLOG
[2025.04.10-02.09.29:243][  7]MapCheck: Map check complete: 0 Error(s), 0 Warning(s), took 0.889ms to complete.
[2025.04.10-02.09.29:243][  7]LogFileHelpers: Loading map 'Level1' took 0.176
[2025.04.10-02.09.43:856][685]LogUObjectHash: Compacting FUObjectHashTables data took   0.87ms
[2025.04.10-02.09.43:888][685]LogSavePackage: Moving '../../../../../../Unreal Projects/Top-Down-Puzzle/TopDownPuzzle/Saved/Level1C01404E041319C2BD7A167809C51F53F.tmp' to '../../../../../../Unreal Projects/Top-Down-Puzzle/TopDownPuzzle/Content/TopDownCPP/Maps/Level1.umap'
[2025.04.10-02.09.43:905][685]Cmd: OBJ SAVEPACKAGE PACKAGE="/Game/TopDownCPP/Maps/Level1_BuiltData" FILE="../../../../../../Unreal Projects/Top-Down-Puzzle/TopDownPuzzle/Content/TopDownCPP/Maps/Level1_BuiltData.uasset" SILENT=true
[2025.04.10-02.09.44:050][685]LogSavePackage: Moving '../../../../../../Unreal Projects/Top-Down-Puzzle/TopDownPuzzle/Saved/Level1_BuiltData98471812473A58B34B44E9A41191D27E.tmp' to '../../../../../../Unreal Projects/Top-Down-Puzzle/TopDownPuzzle/Content/TopDownCPP/Maps/Level1_BuiltData.uasset'
[2025.04.10-02.09.44:071][685]AssetCheck: New page: Asset Save: multiple assets
[2025.04.10-02.09.44:071][685]LogContentValidation: Display: Validating World /Game/TopDownCPP/Maps/Level1.Level1
[2025.04.10-02.09.44:071][685]LogContentValidation: Display: Validating MapBuildDataRegistry /Game/TopDownCPP/Maps/Level1_BuiltData.Level1_BuiltData
[2025.04.10-02.09.59:794][527]LogUObjectHash: Compacting FUObjectHashTables data took   0.79ms
[2025.04.10-02.09.59:819][527]LogSavePackage: Moving '../../../../../../Unreal Projects/Top-Down-Puzzle/TopDownPuzzle/Saved/Level1DF18F7614900E5E34C651386BA83D546.tmp' to '../../../../../../Unreal Projects/Top-Down-Puzzle/TopDownPuzzle/Content/TopDownCPP/Maps/Level1.umap'
[2025.04.10-02.09.59:836][527]Cmd: OBJ SAVEPACKAGE PACKAGE="/Game/TopDownCPP/Maps/Level1_BuiltData" FILE="../../../../../../Unreal Projects/Top-Down-Puzzle/TopDownPuzzle/Content/TopDownCPP/Maps/Level1_BuiltData.uasset" SILENT=true
[2025.04.10-02.09.59:933][527]LogSavePackage: Moving '../../../../../../Unreal Projects/Top-Down-Puzzle/TopDownPuzzle/Saved/Level1_BuiltData73D4269542F856ED12622590ED6C16FD.tmp' to '../../../../../../Unreal Projects/Top-Down-Puzzle/TopDownPuzzle/Content/TopDownCPP/Maps/Level1_BuiltData.uasset'
[2025.04.10-02.09.59:956][527]AssetCheck: New page: Asset Save: multiple assets
[2025.04.10-02.09.59:956][527]LogContentValidation: Display: Validating World /Game/TopDownCPP/Maps/Level1.Level1
[2025.04.10-02.09.59:956][527]LogContentValidation: Display: Validating MapBuildDataRegistry /Game/TopDownCPP/Maps/Level1_BuiltData.Level1_BuiltData
[2025.04.10-02.10.02:284][788]LogUObjectHash: Compacting FUObjectHashTables data took   0.80ms
[2025.04.10-02.10.02:321][788]LogAssetEditorSubsystem: Opening Asset editor for World /Game/TopDownCPP/Maps/MainMenuLev.MainMenuLev
[2025.04.10-02.10.02:321][788]Cmd: MAP LOAD FILE="../../../../../../Unreal Projects/Top-Down-Puzzle/TopDownPuzzle/Content/TopDownCPP/Maps/MainMenuLev.umap" TEMPLATE=0 SHOWPROGRESS=1 FEATURELEVEL=3
[2025.04.10-02.10.02:321][788]LightingResults: New page: Lighting Build
[2025.04.10-02.10.02:321][788]LoadErrors: New page: Loading map: MainMenuLev.umap
[2025.04.10-02.10.02:365][788]LogWorld: UWorld::CleanupWorld for Level1, bSessionEnded=true, bCleanupResources=true
[2025.04.10-02.10.02:365][788]LogSlate: InvalidateAllWidgets triggered.  All widgets were invalidated
[2025.04.10-02.10.02:365][788]MapCheck: New page: Map Check
[2025.04.10-02.10.02:365][788]LightingResults: New page: Lighting Build
[2025.04.10-02.10.02:405][788]LogAudio: Display: Audio Device unregistered from world 'None'.
[2025.04.10-02.10.02:414][788]LogUObjectHash: Compacting FUObjectHashTables data took   4.74ms
[2025.04.10-02.10.02:415][788]LogAudio: Display: Audio Device (ID: 1) registered with world 'MainMenuLev'.
[2025.04.10-02.10.02:499][788]LogEditorServer: Finished looking for orphan Actors (0.000 secs)
[2025.04.10-02.10.02:499][788]LogAIModule: Creating AISystem for world MainMenuLev
[2025.04.10-02.10.02:531][788]LogUObjectHash: Compacting FUObjectHashTables data took   3.20ms
[2025.04.10-02.10.02:546][788]Cmd: MAP CHECKDEP NOCLEARLOG
[2025.04.10-02.10.02:547][788]MapCheck: Map check complete: 0 Error(s), 0 Warning(s), took 0.183ms to complete.
[2025.04.10-02.10.02:547][788]LogFileHelpers: Loading map 'MainMenuLev' took 0.226
[2025.04.10-02.10.05:022][ 59]LogTemp: Repeating last play command: Selected Viewport
[2025.04.10-02.10.05:038][ 59]LogPlayLevel: PlayLevel: No blueprints needed recompiling
[2025.04.10-02.10.05:038][ 59]PIE: New page: PIE session: MainMenuLev (09-Apr-2025, 6:10:05 pm)
[2025.04.10-02.10.05:038][ 59]LogPlayLevel: Creating play world package: /Game/TopDownCPP/Maps/UEDPIE_0_MainMenuLev
[2025.04.10-02.10.05:041][ 59]LogPlayLevel: PIE: StaticDuplicateObject took: (0.002706s)
[2025.04.10-02.10.05:042][ 59]LogAIModule: Creating AISystem for world MainMenuLev
[2025.04.10-02.10.05:042][ 59]LogPlayLevel: PIE: World Init took: (0.001110s)
[2025.04.10-02.10.05:042][ 59]LogPlayLevel: PIE: Created PIE world by copying editor world from /Game/TopDownCPP/Maps/MainMenuLev.MainMenuLev to /Game/TopDownCPP/Maps/UEDPIE_0_MainMenuLev.MainMenuLev (0.003957s)
[2025.04.10-02.10.05:073][ 59]LogUObjectHash: Compacting FUObjectHashTables data took   3.23ms
[2025.04.10-02.10.05:074][ 59]LogAudio: Display: Creating Audio Device:                 Id: 3, Scope: Unique, Realtime: True
[2025.04.10-02.10.05:074][ 59]LogAudioMixer: Display: Audio Mixer Platform Settings:
[2025.04.10-02.10.05:074][ 59]LogAudioMixer: Display: 	Sample Rate:						  48000
[2025.04.10-02.10.05:074][ 59]LogAudioMixer: Display: 	Callback Buffer Frame Size Requested: 1024
[2025.04.10-02.10.05:074][ 59]LogAudioMixer: Display: 	Callback Buffer Frame Size To Use:	  1024
[2025.04.10-02.10.05:074][ 59]LogAudioMixer: Display: 	Number of buffers to queue:			  2
[2025.04.10-02.10.05:074][ 59]LogAudioMixer: Display: 	Max Channels (voices):				  32
[2025.04.10-02.10.05:074][ 59]LogAudioMixer: Display: 	Number of Async Source Workers:		  0
[2025.04.10-02.10.05:074][ 59]LogAudio: Display: AudioDevice MaxSources: 32
[2025.04.10-02.10.05:075][ 59]LogAudio: Display: Audio Spatialization Plugin: None (built-in).
[2025.04.10-02.10.05:075][ 59]LogAudio: Display: Audio Reverb Plugin: None (built-in).
[2025.04.10-02.10.05:075][ 59]LogAudio: Display: Audio Occlusion Plugin: None (built-in).
[2025.04.10-02.10.05:075][ 59]LogAudioMixer: Display: Initializing audio mixer.
[2025.04.10-02.10.05:080][ 59]LogAudioMixer: Display: 0: FrontLeft
[2025.04.10-02.10.05:080][ 59]LogAudioMixer: Display: 1: FrontRight
[2025.04.10-02.10.05:096][ 59]LogAudioMixer: Display: Using Audio Device Headphone (Realtek(R) Audio)
[2025.04.10-02.10.05:097][ 59]LogAudioMixer: Display: Initializing Sound Submixes...
[2025.04.10-02.10.05:097][ 59]LogAudioMixer: Display: Creating Master Submix 'MasterSubmixDefault'
[2025.04.10-02.10.05:097][ 59]LogAudioMixer: Display: Creating Master Submix 'MasterReverbSubmixDefault'
[2025.04.10-02.10.05:097][ 59]LogAudioMixer: Display: Creating Master Submix 'MasterEQSubmixDefault'
[2025.04.10-02.10.05:097][ 59]LogAudioMixer: FMixerPlatformXAudio2::StartAudioStream() called
[2025.04.10-02.10.05:097][ 59]LogAudioMixer: Display: Output buffers initialized: Frames=1024, Channels=2, Samples=2048
[2025.04.10-02.10.05:098][ 59]LogAudioMixer: Display: Starting AudioMixerPlatformInterface::RunInternal()
[2025.04.10-02.10.05:098][ 59]LogAudioMixer: Display: FMixerPlatformXAudio2::SubmitBuffer() called for the first time
[2025.04.10-02.10.05:098][ 59]LogInit: FAudioDevice initialized.
[2025.04.10-02.10.05:098][ 59]LogAudio: Display: Audio Device (ID: 3) registered with world 'MainMenuLev'.
[2025.04.10-02.10.05:141][ 59]LogLoad: Game class is 'NewGameMode_C'
[2025.04.10-02.10.05:144][ 59]LogWorld: Bringing World /Game/TopDownCPP/Maps/UEDPIE_0_MainMenuLev.MainMenuLev up for play (max tick rate 0) at 2025.04.09-22.10.05
[2025.04.10-02.10.05:144][ 59]LogWorld: Bringing up level for play took: 0.000867
[2025.04.10-02.10.05:144][ 59]LogOnline: OSS: Creating online subsystem instance for: :Context_8
[2025.04.10-02.10.05:150][ 59]PIE: Server logged in
[2025.04.10-02.10.05:150][ 59]PIE: Play in editor total start time 0.119 seconds.
[2025.04.10-02.10.06:554][225]LogNet: Browse: /Game/TopDownCPP/Maps/Tutorial1
[2025.04.10-02.10.06:554][225]LogLoad: LoadMap: /Game/TopDownCPP/Maps/Tutorial1
[2025.04.10-02.10.06:554][225]LogWorld: BeginTearingDown for /Game/TopDownCPP/Maps/UEDPIE_0_MainMenuLev
[2025.04.10-02.10.06:555][225]LogWorld: UWorld::CleanupWorld for MainMenuLev, bSessionEnded=true, bCleanupResources=true
[2025.04.10-02.10.06:555][225]LogSlate: InvalidateAllWidgets triggered.  All widgets were invalidated
[2025.04.10-02.10.06:631][225]LogAudio: Display: Audio Device unregistered from world 'None'.
[2025.04.10-02.10.06:636][225]LogUObjectHash: Compacting FUObjectHashTables data took   3.63ms
[2025.04.10-02.10.06:653][225]LogAudio: Display: Audio Device (ID: 3) registered with world 'Tutorial1'.
[2025.04.10-02.10.06:654][225]LogAIModule: Creating AISystem for world Tutorial1
[2025.04.10-02.10.06:655][225]LogLoad: Game class is 'TopDownPuzzleGameMode'
[2025.04.10-02.10.06:661][225]LogWorld: Bringing World /Game/TopDownCPP/Maps/UEDPIE_0_Tutorial1.Tutorial1 up for play (max tick rate 0) at 2025.04.09-22.10.06
[2025.04.10-02.10.06:661][225]LogWorld: Bringing up level for play took: 0.005736
[2025.04.10-02.10.06:663][225]LogLoad: Took 0.108089 seconds to LoadMap(/Game/TopDownCPP/Maps/Tutorial1)
[2025.04.10-02.10.08:852][485]LogTemp: Warning: Player entered the door!
[2025.04.10-02.10.08:861][486]LogNet: Browse: /Game/TopDownCPP/Maps/Level1
[2025.04.10-02.10.08:861][486]LogLoad: LoadMap: /Game/TopDownCPP/Maps/Level1
[2025.04.10-02.10.08:861][486]LogWorld: BeginTearingDown for /Game/TopDownCPP/Maps/UEDPIE_0_Tutorial1
[2025.04.10-02.10.08:862][486]LogWorld: UWorld::CleanupWorld for Tutorial1, bSessionEnded=true, bCleanupResources=true
[2025.04.10-02.10.08:862][486]LogSlate: InvalidateAllWidgets triggered.  All widgets were invalidated
[2025.04.10-02.10.08:948][486]LogAudio: Display: Audio Device unregistered from world 'None'.
[2025.04.10-02.10.08:952][486]LogUObjectHash: Compacting FUObjectHashTables data took   3.44ms
[2025.04.10-02.10.08:970][486]LogAudio: Display: Audio Device (ID: 3) registered with world 'Level1'.
[2025.04.10-02.10.08:971][486]LogAIModule: Creating AISystem for world Level1
[2025.04.10-02.10.08:971][486]LogLoad: Game class is 'TopDownPuzzleGameMode'
[2025.04.10-02.10.08:975][486]LogWorld: Bringing World /Game/TopDownCPP/Maps/UEDPIE_0_Level1.Level1 up for play (max tick rate 0) at 2025.04.09-22.10.08
[2025.04.10-02.10.08:975][486]LogWorld: Bringing up level for play took: 0.003789
[2025.04.10-02.10.08:977][486]LogLoad: Took 0.115982 seconds to LoadMap(/Game/TopDownCPP/Maps/Level1)
[2025.04.10-02.10.08:999][486]LogAudio: Warning: Detected orphaned looping sound 'Level1_AudioCue'.
[2025.04.10-02.10.11:270][758]LogTemp: Warning: Player entered the door!
[2025.04.10-02.10.11:278][759]LogNet: Browse: /Game/TopDownCPP/Maps/MainMenuLev
[2025.04.10-02.10.11:278][759]LogLoad: LoadMap: /Game/TopDownCPP/Maps/MainMenuLev
[2025.04.10-02.10.11:278][759]LogWorld: BeginTearingDown for /Game/TopDownCPP/Maps/UEDPIE_0_Level1
[2025.04.10-02.10.11:279][759]LogWorld: UWorld::CleanupWorld for Level1, bSessionEnded=true, bCleanupResources=true
[2025.04.10-02.10.11:279][759]LogSlate: InvalidateAllWidgets triggered.  All widgets were invalidated
[2025.04.10-02.10.11:349][759]LogAudio: Display: Audio Device unregistered from world 'None'.
[2025.04.10-02.10.11:353][759]LogUObjectHash: Compacting FUObjectHashTables data took   3.21ms
[2025.04.10-02.10.11:354][759]LogPlayLevel: Creating play world package: /Game/TopDownCPP/Maps/UEDPIE_0_MainMenuLev
[2025.04.10-02.10.11:356][759]LogPlayLevel: PIE: StaticDuplicateObject took: (0.001973s)
[2025.04.10-02.10.11:357][759]LogAIModule: Creating AISystem for world MainMenuLev
[2025.04.10-02.10.11:357][759]LogPlayLevel: PIE: World Init took: (0.000955s)
[2025.04.10-02.10.11:357][759]LogPlayLevel: PIE: Created PIE world by copying editor world from /Game/TopDownCPP/Maps/MainMenuLev.MainMenuLev to /Game/TopDownCPP/Maps/UEDPIE_0_MainMenuLev.MainMenuLev (0.003061s)
[2025.04.10-02.10.11:357][759]LogAudio: Display: Audio Device (ID: 3) registered with world 'MainMenuLev'.
[2025.04.10-02.10.11:357][759]LogLoad: Game class is 'NewGameMode_C'
[2025.04.10-02.10.11:358][759]LogWorld: Bringing World /Game/TopDownCPP/Maps/UEDPIE_0_MainMenuLev.MainMenuLev up for play (max tick rate 0) at 2025.04.09-22.10.11
[2025.04.10-02.10.11:358][759]LogWorld: Bringing up level for play took: 0.000384
[2025.04.10-02.10.11:359][759]LogGameMode: FindPlayerStart: PATHS NOT DEFINED or NO PLAYERSTART with positive rating
[2025.04.10-02.10.11:362][759]LogSpawn: Warning: SpawnActor failed because of collision at the spawn location [X=0.000 Y=0.000 Z=0.000] for [MainMenuCharacter_C]
[2025.04.10-02.10.11:362][759]LogGameMode: Warning: SpawnDefaultPawnAtTransform: Couldn't spawn Pawn of type MainMenuCharacter_C at Rotation: Pitch 0.000000 Yaw 0.000000 Roll 0.000000
Translation: 0.000000 0.000000 0.000000
Scale3D: 1.000000 1.000000 1.000000

[2025.04.10-02.10.11:362][759]LogLoad: Took 0.084203 seconds to LoadMap(/Game/TopDownCPP/Maps/UEDPIE_0_MainMenuLev)
[2025.04.10-02.10.15:885][294]LogSlate: Updating window title bar state: overlay mode, drag disabled, window buttons hidden, title bar hidden
[2025.04.10-02.10.15:885][294]LogWorld: BeginTearingDown for /Game/TopDownCPP/Maps/UEDPIE_0_MainMenuLev
[2025.04.10-02.10.15:885][294]LogWorld: UWorld::CleanupWorld for MainMenuLev, bSessionEnded=true, bCleanupResources=true
[2025.04.10-02.10.15:885][294]LogSlate: InvalidateAllWidgets triggered.  All widgets were invalidated
[2025.04.10-02.10.15:899][294]LogPlayLevel: Display: Shutting down PIE online subsystems
[2025.04.10-02.10.15:906][294]LogSlate: InvalidateAllWidgets triggered.  All widgets were invalidated
[2025.04.10-02.10.15:935][294]LogSlate: Updating window title bar state: overlay mode, drag disabled, window buttons hidden, title bar hidden
[2025.04.10-02.10.15:935][294]LogAudioMixer: FMixerPlatformXAudio2::StopAudioStream() called
[2025.04.10-02.10.15:937][294]LogAudioMixer: FMixerPlatformXAudio2::StopAudioStream() called
[2025.04.10-02.10.15:943][294]LogUObjectHash: Compacting FUObjectHashTables data took   3.17ms
[2025.04.10-02.10.15:961][295]LogPlayLevel: Display: Destroying online subsystem :Context_8
[2025.04.10-02.10.22:678][ 89]LogUObjectHash: Compacting FUObjectHashTables data took   3.21ms
[2025.04.10-02.10.22:699][ 89]LogAssetEditorSubsystem: Opening Asset editor for World /Game/TopDownCPP/Maps/MainMenuLev.MainMenuLev
[2025.04.10-02.10.22:699][ 89]Cmd: MAP LOAD FILE="../../../../../../Unreal Projects/Top-Down-Puzzle/TopDownPuzzle/Content/TopDownCPP/Maps/MainMenuLev.umap" TEMPLATE=0 SHOWPROGRESS=1 FEATURELEVEL=3
[2025.04.10-02.10.22:699][ 89]LightingResults: New page: Lighting Build
[2025.04.10-02.10.22:699][ 89]LoadErrors: New page: Loading map: MainMenuLev.umap
[2025.04.10-02.10.22:735][ 89]LogWorld: UWorld::CleanupWorld for MainMenuLev, bSessionEnded=true, bCleanupResources=true
[2025.04.10-02.10.22:735][ 89]LogSlate: InvalidateAllWidgets triggered.  All widgets were invalidated
[2025.04.10-02.10.22:735][ 89]MapCheck: New page: Map Check
[2025.04.10-02.10.22:736][ 89]LightingResults: New page: Lighting Build
[2025.04.10-02.10.22:772][ 89]LogAudio: Display: Audio Device unregistered from world 'None'.
[2025.04.10-02.10.22:776][ 89]LogUObjectHash: Compacting FUObjectHashTables data took   3.36ms
[2025.04.10-02.10.22:781][ 89]LogAudio: Display: Audio Device (ID: 1) registered with world 'MainMenuLev'.
[2025.04.10-02.10.22:783][ 89]LogAIModule: Creating AISystem for world MainMenuLev
[2025.04.10-02.10.22:863][ 89]LogEditorServer: Finished looking for orphan Actors (0.000 secs)
[2025.04.10-02.10.22:899][ 89]LogUObjectHash: Compacting FUObjectHashTables data took   3.34ms
[2025.04.10-02.10.22:914][ 89]Cmd: MAP CHECKDEP NOCLEARLOG
[2025.04.10-02.10.22:915][ 89]MapCheck: Map check complete: 0 Error(s), 0 Warning(s), took 0.162ms to complete.
[2025.04.10-02.10.22:915][ 89]LogFileHelpers: Loading map 'MainMenuLev' took 0.215
[2025.04.10-02.10.27:598][615]LogTemp: Repeating last play command: Selected Viewport
[2025.04.10-02.10.27:609][615]LogPlayLevel: PlayLevel: No blueprints needed recompiling
[2025.04.10-02.10.27:609][615]PIE: New page: PIE session: MainMenuLev (09-Apr-2025, 6:10:27 pm)
[2025.04.10-02.10.27:643][615]LogPlayLevel: Creating play world package: /Game/TopDownCPP/Maps/UEDPIE_0_MainMenuLev
[2025.04.10-02.10.27:646][615]LogPlayLevel: PIE: StaticDuplicateObject took: (0.003366s)
[2025.04.10-02.10.27:647][615]LogAIModule: Creating AISystem for world MainMenuLev
[2025.04.10-02.10.27:647][615]LogPlayLevel: PIE: World Init took: (0.001527s)
[2025.04.10-02.10.27:647][615]LogPlayLevel: PIE: Created PIE world by copying editor world from /Game/TopDownCPP/Maps/MainMenuLev.MainMenuLev to /Game/TopDownCPP/Maps/UEDPIE_0_MainMenuLev.MainMenuLev (0.005107s)
[2025.04.10-02.10.27:691][615]LogUObjectHash: Compacting FUObjectHashTables data took   4.77ms
[2025.04.10-02.10.27:692][615]LogAudio: Display: Creating Audio Device:                 Id: 4, Scope: Unique, Realtime: True
[2025.04.10-02.10.27:692][615]LogAudioMixer: Display: Audio Mixer Platform Settings:
[2025.04.10-02.10.27:692][615]LogAudioMixer: Display: 	Sample Rate:						  48000
[2025.04.10-02.10.27:692][615]LogAudioMixer: Display: 	Callback Buffer Frame Size Requested: 1024
[2025.04.10-02.10.27:692][615]LogAudioMixer: Display: 	Callback Buffer Frame Size To Use:	  1024
[2025.04.10-02.10.27:692][615]LogAudioMixer: Display: 	Number of buffers to queue:			  2
[2025.04.10-02.10.27:692][615]LogAudioMixer: Display: 	Max Channels (voices):				  32
[2025.04.10-02.10.27:692][615]LogAudioMixer: Display: 	Number of Async Source Workers:		  0
[2025.04.10-02.10.27:692][615]LogAudio: Display: AudioDevice MaxSources: 32
[2025.04.10-02.10.27:693][615]LogAudio: Display: Audio Spatialization Plugin: None (built-in).
[2025.04.10-02.10.27:693][615]LogAudio: Display: Audio Reverb Plugin: None (built-in).
[2025.04.10-02.10.27:693][615]LogAudio: Display: Audio Occlusion Plugin: None (built-in).
[2025.04.10-02.10.27:693][615]LogAudioMixer: Display: Initializing audio mixer.
[2025.04.10-02.10.27:698][615]LogAudioMixer: Display: 0: FrontLeft
[2025.04.10-02.10.27:698][615]LogAudioMixer: Display: 1: FrontRight
[2025.04.10-02.10.27:719][615]LogAudioMixer: Display: Using Audio Device Headphone (Realtek(R) Audio)
[2025.04.10-02.10.27:719][615]LogAudioMixer: Display: Initializing Sound Submixes...
[2025.04.10-02.10.27:719][615]LogAudioMixer: Display: Creating Master Submix 'MasterSubmixDefault'
[2025.04.10-02.10.27:719][615]LogAudioMixer: Display: Creating Master Submix 'MasterReverbSubmixDefault'
[2025.04.10-02.10.27:720][615]LogAudioMixer: Display: Creating Master Submix 'MasterEQSubmixDefault'
[2025.04.10-02.10.27:720][615]LogAudioMixer: FMixerPlatformXAudio2::StartAudioStream() called
[2025.04.10-02.10.27:720][615]LogAudioMixer: Display: Output buffers initialized: Frames=1024, Channels=2, Samples=2048
[2025.04.10-02.10.27:721][615]LogAudioMixer: Display: Starting AudioMixerPlatformInterface::RunInternal()
[2025.04.10-02.10.27:721][615]LogAudioMixer: Display: FMixerPlatformXAudio2::SubmitBuffer() called for the first time
[2025.04.10-02.10.27:721][615]LogInit: FAudioDevice initialized.
[2025.04.10-02.10.27:721][615]LogAudio: Display: Audio Device (ID: 4) registered with world 'MainMenuLev'.
[2025.04.10-02.10.27:745][615]LogLoad: Game class is 'NewGameMode_C'
[2025.04.10-02.10.27:749][615]LogWorld: Bringing World /Game/TopDownCPP/Maps/UEDPIE_0_MainMenuLev.MainMenuLev up for play (max tick rate 0) at 2025.04.09-22.10.27
[2025.04.10-02.10.27:749][615]LogWorld: Bringing up level for play took: 0.001173
[2025.04.10-02.10.27:750][615]LogOnline: OSS: Creating online subsystem instance for: :Context_9
[2025.04.10-02.10.27:757][615]PIE: Server logged in
[2025.04.10-02.10.27:759][615]PIE: Play in editor total start time 0.153 seconds.
[2025.04.10-02.10.34:533][419]LogSlate: Updating window title bar state: overlay mode, drag disabled, window buttons hidden, title bar hidden
[2025.04.10-02.10.34:533][419]LogWorld: BeginTearingDown for /Game/TopDownCPP/Maps/UEDPIE_0_MainMenuLev
[2025.04.10-02.10.34:533][419]LogWorld: UWorld::CleanupWorld for MainMenuLev, bSessionEnded=true, bCleanupResources=true
[2025.04.10-02.10.34:533][419]LogSlate: InvalidateAllWidgets triggered.  All widgets were invalidated
[2025.04.10-02.10.34:546][419]LogPlayLevel: Display: Shutting down PIE online subsystems
[2025.04.10-02.10.34:551][419]LogSlate: InvalidateAllWidgets triggered.  All widgets were invalidated
[2025.04.10-02.10.34:582][419]LogSlate: Updating window title bar state: overlay mode, drag disabled, window buttons hidden, title bar hidden
[2025.04.10-02.10.34:582][419]LogAudioMixer: FMixerPlatformXAudio2::StopAudioStream() called
[2025.04.10-02.10.34:583][419]LogAudioMixer: FMixerPlatformXAudio2::StopAudioStream() called
[2025.04.10-02.10.34:590][419]LogUObjectHash: Compacting FUObjectHashTables data took   3.23ms
[2025.04.10-02.10.34:605][420]LogPlayLevel: Display: Destroying online subsystem :Context_9
[2025.04.10-02.16.46:591][310]LogUObjectHash: Compacting FUObjectHashTables data took   3.68ms
[2025.04.10-02.16.46:610][310]LogAssetEditorSubsystem: Opening Asset editor for World /Game/TopDownCPP/Maps/MainMenuLev.MainMenuLev
[2025.04.10-02.16.46:611][310]Cmd: MAP LOAD FILE="../../../../../../Unreal Projects/Top-Down-Puzzle/TopDownPuzzle/Content/TopDownCPP/Maps/MainMenuLev.umap" TEMPLATE=0 SHOWPROGRESS=1 FEATURELEVEL=3
[2025.04.10-02.16.46:611][310]LightingResults: New page: Lighting Build
[2025.04.10-02.16.46:611][310]LoadErrors: New page: Loading map: MainMenuLev.umap
[2025.04.10-02.16.46:613][310]LogWorld: UWorld::CleanupWorld for MainMenuLev, bSessionEnded=true, bCleanupResources=true
[2025.04.10-02.16.46:613][310]LogSlate: InvalidateAllWidgets triggered.  All widgets were invalidated
[2025.04.10-02.16.46:613][310]MapCheck: New page: Map Check
[2025.04.10-02.16.46:613][310]LightingResults: New page: Lighting Build
[2025.04.10-02.16.46:645][310]LogAudio: Display: Audio Device unregistered from world 'None'.
[2025.04.10-02.16.46:649][310]LogUObjectHash: Compacting FUObjectHashTables data took   3.10ms
[2025.04.10-02.16.46:655][310]LogAudio: Display: Audio Device (ID: 1) registered with world 'MainMenuLev'.
[2025.04.10-02.16.46:656][310]LogAIModule: Creating AISystem for world MainMenuLev
[2025.04.10-02.16.46:733][310]LogEditorServer: Finished looking for orphan Actors (0.000 secs)
[2025.04.10-02.16.46:765][310]LogUObjectHash: Compacting FUObjectHashTables data took   3.29ms
[2025.04.10-02.16.46:788][310]Cmd: MAP CHECKDEP NOCLEARLOG
[2025.04.10-02.16.46:788][310]MapCheck: Map check complete: 0 Error(s), 0 Warning(s), took 0.161ms to complete.
[2025.04.10-02.16.46:788][310]LogFileHelpers: Loading map 'MainMenuLev' took 0.177
[2025.04.10-02.16.52:156][883]LogAssetEditorSubsystem: Opening Asset editor for LevelScriptBlueprint /Game/TopDownCPP/Maps/MainMenuLev.MainMenuLev:PersistentLevel.MainMenuLev
[2025.04.10-02.17.00:559][446]LogSlate: Window 'MainMenuLev' being destroyed
[2025.04.10-02.17.00:644][446]LogSlate: Window 'MainMenuLev' being destroyed
[2025.04.10-02.17.01:514][446]LogWorld: UWorld::CleanupWorld for World_1, bSessionEnded=true, bCleanupResources=true
[2025.04.10-02.17.01:514][446]LogSlate: InvalidateAllWidgets triggered.  All widgets were invalidated
[2025.04.10-02.17.01:703][446]LogWorld: UWorld::CleanupWorld for World_0, bSessionEnded=true, bCleanupResources=true
[2025.04.10-02.17.01:704][446]LogSlate: InvalidateAllWidgets triggered.  All widgets were invalidated
[2025.04.10-02.17.05:035][446]LogWorld: UWorld::CleanupWorld for World_5, bSessionEnded=true, bCleanupResources=true
[2025.04.10-02.17.05:035][446]LogSlate: InvalidateAllWidgets triggered.  All widgets were invalidated
[2025.04.10-02.17.05:371][446]LogWorld: UWorld::CleanupWorld for World_6, bSessionEnded=true, bCleanupResources=true
[2025.04.10-02.17.05:371][446]LogSlate: InvalidateAllWidgets triggered.  All widgets were invalidated
[2025.04.10-02.17.06:060][446]LogUObjectHash: Compacting FUObjectHashTables data took   3.46ms
[2025.04.10-02.17.08:127][446]LogSlate: Window 'Save Content' being destroyed
[2025.04.10-02.17.10:387][446]LogUObjectHash: Compacting FUObjectHashTables data took  17.06ms
[2025.04.10-02.17.10:628][446]LogSavePackage: Moving '../../../../../../Unreal Projects/Top-Down-Puzzle/TopDownPuzzle/Saved/MainMenuLev381FBBDF403AB666024876B65D2E1790.tmp' to '../../../../../../Unreal Projects/Top-Down-Puzzle/TopDownPuzzle/Content/TopDownCPP/Maps/MainMenuLev.umap'
[2025.04.10-02.17.10:679][446]LogFileHelpers: Saving map 'MainMenuLev' took 2.510
[2025.04.10-02.17.10:740][446]LogAssetEditorSubsystem: Opening Asset editor for World /Game/TopDownCPP/Maps/MainMenuLev.MainMenuLev
[2025.04.10-02.17.10:740][446]Cmd: MAP LOAD FILE="../../../../../../Unreal Projects/Top-Down-Puzzle/TopDownPuzzle/Content/TopDownCPP/Maps/MainMenuLev.umap" TEMPLATE=0 SHOWPROGRESS=1 FEATURELEVEL=3
[2025.04.10-02.17.10:741][446]LightingResults: New page: Lighting Build
[2025.04.10-02.17.10:741][446]LoadErrors: New page: Loading map: MainMenuLev.umap
[2025.04.10-02.17.10:801][446]LogWorld: UWorld::CleanupWorld for MainMenuLev, bSessionEnded=true, bCleanupResources=true
[2025.04.10-02.17.10:801][446]LogSlate: InvalidateAllWidgets triggered.  All widgets were invalidated
[2025.04.10-02.17.10:801][446]MapCheck: New page: Map Check
[2025.04.10-02.17.10:801][446]LightingResults: New page: Lighting Build
[2025.04.10-02.17.10:885][446]LogAudio: Display: Audio Device unregistered from world 'None'.
[2025.04.10-02.17.10:902][446]LogUObjectHash: Compacting FUObjectHashTables data took   1.78ms
[2025.04.10-02.17.11:597][446]LogAudio: Display: Audio Device (ID: 1) registered with world 'MainMenuLev'.
[2025.04.10-02.17.11:660][446]LogAIModule: Creating AISystem for world MainMenuLev
[2025.04.10-02.17.11:894][446]LogEditorServer: Finished looking for orphan Actors (0.000 secs)
[2025.04.10-02.17.11:915][446]LogUObjectHash: Compacting FUObjectHashTables data took   1.70ms
[2025.04.10-02.17.11:951][446]Cmd: MAP CHECKDEP NOCLEARLOG
[2025.04.10-02.17.11:951][446]MapCheck: Map check complete: 0 Error(s), 0 Warning(s), took 0.158ms to complete.
[2025.04.10-02.17.11:951][446]LogFileHelpers: Loading map 'MainMenuLev' took 1.210
[2025.04.10-02.17.11:985][446]AssetCheck: New page: Asset Save: MainMenuLev
[2025.04.10-02.17.11:985][446]LogContentValidation: Display: Validating World /Game/TopDownCPP/Maps/MainMenuLev.MainMenuLev
[2025.04.10-02.17.21:897][564]LogEditorClassViewer: Warning: Class /Engine/Tutorial/InWorldBlueprintEditing/TutorialAssets/IWBE_Blutility.IWBE_Blutility_C has parent /Script/Blutility.PlacedEditorUtilityBase, but this parent is not found. The Class will not be shown in ClassViewer.
[2025.04.10-02.17.29:706][442]LogTemp: Repeating last play command: Selected Viewport
[2025.04.10-02.17.29:720][442]LogPlayLevel: PlayLevel: No blueprints needed recompiling
[2025.04.10-02.17.29:720][442]PIE: New page: PIE session: MainMenuLev (09-Apr-2025, 6:17:29 pm)
[2025.04.10-02.17.29:720][442]LogPlayLevel: Creating play world package: /Game/TopDownCPP/Maps/UEDPIE_0_MainMenuLev
[2025.04.10-02.17.29:749][442]LogPlayLevel: PIE: StaticDuplicateObject took: (0.029443s)
[2025.04.10-02.17.29:762][442]LogAIModule: Creating AISystem for world MainMenuLev
[2025.04.10-02.17.29:763][442]LogPlayLevel: PIE: World Init took: (0.012366s)
[2025.04.10-02.17.29:763][442]LogPlayLevel: PIE: Created PIE world by copying editor world from /Game/TopDownCPP/Maps/MainMenuLev.MainMenuLev to /Game/TopDownCPP/Maps/UEDPIE_0_MainMenuLev.MainMenuLev (0.041978s)
[2025.04.10-02.17.29:781][442]LogUObjectHash: Compacting FUObjectHashTables data took   1.89ms
[2025.04.10-02.17.29:796][442]LogAudio: Display: Creating Audio Device:                 Id: 5, Scope: Unique, Realtime: True
[2025.04.10-02.17.29:796][442]LogAudioMixer: Display: Audio Mixer Platform Settings:
[2025.04.10-02.17.29:796][442]LogAudioMixer: Display: 	Sample Rate:						  48000
[2025.04.10-02.17.29:796][442]LogAudioMixer: Display: 	Callback Buffer Frame Size Requested: 1024
[2025.04.10-02.17.29:796][442]LogAudioMixer: Display: 	Callback Buffer Frame Size To Use:	  1024
[2025.04.10-02.17.29:797][442]LogAudioMixer: Display: 	Number of buffers to queue:			  2
[2025.04.10-02.17.29:797][442]LogAudioMixer: Display: 	Max Channels (voices):				  32
[2025.04.10-02.17.29:797][442]LogAudioMixer: Display: 	Number of Async Source Workers:		  0
[2025.04.10-02.17.29:797][442]LogAudio: Display: AudioDevice MaxSources: 32
[2025.04.10-02.17.29:797][442]LogAudio: Display: Audio Spatialization Plugin: None (built-in).
[2025.04.10-02.17.29:797][442]LogAudio: Display: Audio Reverb Plugin: None (built-in).
[2025.04.10-02.17.29:797][442]LogAudio: Display: Audio Occlusion Plugin: None (built-in).
[2025.04.10-02.17.29:797][442]LogAudioMixer: Display: Initializing audio mixer.
[2025.04.10-02.17.29:802][442]LogAudioMixer: Display: 0: FrontLeft
[2025.04.10-02.17.29:802][442]LogAudioMixer: Display: 1: FrontRight
[2025.04.10-02.17.29:817][442]LogAudioMixer: Display: Using Audio Device Headphone (Realtek(R) Audio)
[2025.04.10-02.17.29:817][442]LogAudioMixer: Display: Initializing Sound Submixes...
[2025.04.10-02.17.29:817][442]LogAudioMixer: Display: Creating Master Submix 'MasterSubmixDefault'
[2025.04.10-02.17.29:818][442]LogAudioMixer: Display: Creating Master Submix 'MasterReverbSubmixDefault'
[2025.04.10-02.17.29:818][442]LogAudioMixer: Display: Creating Master Submix 'MasterEQSubmixDefault'
[2025.04.10-02.17.29:818][442]LogAudioMixer: FMixerPlatformXAudio2::StartAudioStream() called
[2025.04.10-02.17.29:818][442]LogAudioMixer: Display: Output buffers initialized: Frames=1024, Channels=2, Samples=2048
[2025.04.10-02.17.29:819][442]LogAudioMixer: Display: Starting AudioMixerPlatformInterface::RunInternal()
[2025.04.10-02.17.29:819][442]LogAudioMixer: Display: FMixerPlatformXAudio2::SubmitBuffer() called for the first time
[2025.04.10-02.17.29:819][442]LogInit: FAudioDevice initialized.
[2025.04.10-02.17.29:819][442]LogAudio: Display: Audio Device (ID: 5) registered with world 'MainMenuLev'.
[2025.04.10-02.17.29:827][442]LogLoad: Game class is 'NewGameMode_C'
[2025.04.10-02.17.29:828][442]LogWorld: Bringing World /Game/TopDownCPP/Maps/UEDPIE_0_MainMenuLev.MainMenuLev up for play (max tick rate 0) at 2025.04.09-22.17.29
[2025.04.10-02.17.29:828][442]LogWorld: Bringing up level for play took: 0.000426
[2025.04.10-02.17.29:828][442]LogOnline: OSS: Creating online subsystem instance for: :Context_11
[2025.04.10-02.17.29:830][442]PIE: Server logged in
[2025.04.10-02.17.29:831][442]PIE: Play in editor total start time 0.115 seconds.
[2025.04.10-02.17.50:754][855]LogSlate: Updating window title bar state: overlay mode, drag disabled, window buttons hidden, title bar hidden
[2025.04.10-02.17.50:754][855]LogWorld: BeginTearingDown for /Game/TopDownCPP/Maps/UEDPIE_0_MainMenuLev
[2025.04.10-02.17.50:754][855]LogWorld: UWorld::CleanupWorld for MainMenuLev, bSessionEnded=true, bCleanupResources=true
[2025.04.10-02.17.50:755][855]LogSlate: InvalidateAllWidgets triggered.  All widgets were invalidated
[2025.04.10-02.17.50:772][855]LogPlayLevel: Display: Shutting down PIE online subsystems
[2025.04.10-02.17.50:781][855]LogSlate: InvalidateAllWidgets triggered.  All widgets were invalidated
[2025.04.10-02.17.50:841][855]LogAudio: Display: Audio Device unregistered from world 'None'.
[2025.04.10-02.17.50:841][855]LogAudioMixer: FMixerPlatformXAudio2::StopAudioStream() called
[2025.04.10-02.17.50:844][855]LogAudioMixer: FMixerPlatformXAudio2::StopAudioStream() called
[2025.04.10-02.17.50:852][855]LogSlate: Updating window title bar state: overlay mode, drag disabled, window buttons hidden, title bar hidden
[2025.04.10-02.17.50:859][855]LogUObjectHash: Compacting FUObjectHashTables data took   5.77ms
[2025.04.10-02.17.50:892][856]LogPlayLevel: Display: Destroying online subsystem :Context_11
[2025.04.10-02.17.52:868][ 77]LogTemp: Repeating last play command: Selected Viewport
[2025.04.10-02.17.52:882][ 77]LogPlayLevel: PlayLevel: No blueprints needed recompiling
[2025.04.10-02.17.52:882][ 77]PIE: New page: PIE session: MainMenuLev (09-Apr-2025, 6:17:52 pm)
[2025.04.10-02.17.52:883][ 77]LogPlayLevel: Creating play world package: /Game/TopDownCPP/Maps/UEDPIE_0_MainMenuLev
[2025.04.10-02.17.52:886][ 77]LogPlayLevel: PIE: StaticDuplicateObject took: (0.003314s)
[2025.04.10-02.17.52:898][ 77]LogAIModule: Creating AISystem for world MainMenuLev
[2025.04.10-02.17.52:899][ 77]LogPlayLevel: PIE: World Init took: (0.012180s)
[2025.04.10-02.17.52:899][ 77]LogPlayLevel: PIE: Created PIE world by copying editor world from /Game/TopDownCPP/Maps/MainMenuLev.MainMenuLev to /Game/TopDownCPP/Maps/UEDPIE_0_MainMenuLev.MainMenuLev (0.015648s)
[2025.04.10-02.17.52:922][ 77]LogUObjectHash: Compacting FUObjectHashTables data took   1.78ms
[2025.04.10-02.17.52:923][ 77]LogAudio: Display: Creating Audio Device:                 Id: 6, Scope: Unique, Realtime: True
[2025.04.10-02.17.52:923][ 77]LogAudioMixer: Display: Audio Mixer Platform Settings:
[2025.04.10-02.17.52:923][ 77]LogAudioMixer: Display: 	Sample Rate:						  48000
[2025.04.10-02.17.52:923][ 77]LogAudioMixer: Display: 	Callback Buffer Frame Size Requested: 1024
[2025.04.10-02.17.52:923][ 77]LogAudioMixer: Display: 	Callback Buffer Frame Size To Use:	  1024
[2025.04.10-02.17.52:923][ 77]LogAudioMixer: Display: 	Number of buffers to queue:			  2
[2025.04.10-02.17.52:923][ 77]LogAudioMixer: Display: 	Max Channels (voices):				  32
[2025.04.10-02.17.52:923][ 77]LogAudioMixer: Display: 	Number of Async Source Workers:		  0
[2025.04.10-02.17.52:923][ 77]LogAudio: Display: AudioDevice MaxSources: 32
[2025.04.10-02.17.52:924][ 77]LogAudio: Display: Audio Spatialization Plugin: None (built-in).
[2025.04.10-02.17.52:924][ 77]LogAudio: Display: Audio Reverb Plugin: None (built-in).
[2025.04.10-02.17.52:924][ 77]LogAudio: Display: Audio Occlusion Plugin: None (built-in).
[2025.04.10-02.17.52:924][ 77]LogAudioMixer: Display: Initializing audio mixer.
[2025.04.10-02.17.52:927][ 77]LogAudioMixer: Display: 0: FrontLeft
[2025.04.10-02.17.52:927][ 77]LogAudioMixer: Display: 1: FrontRight
[2025.04.10-02.17.52:941][ 77]LogAudioMixer: Display: Using Audio Device Headphone (Realtek(R) Audio)
[2025.04.10-02.17.52:942][ 77]LogAudioMixer: Display: Initializing Sound Submixes...
[2025.04.10-02.17.52:942][ 77]LogAudioMixer: Display: Creating Master Submix 'MasterSubmixDefault'
[2025.04.10-02.17.52:942][ 77]LogAudioMixer: Display: Creating Master Submix 'MasterReverbSubmixDefault'
[2025.04.10-02.17.52:942][ 77]LogAudioMixer: Display: Creating Master Submix 'MasterEQSubmixDefault'
[2025.04.10-02.17.52:942][ 77]LogAudioMixer: FMixerPlatformXAudio2::StartAudioStream() called
[2025.04.10-02.17.52:942][ 77]LogAudioMixer: Display: Output buffers initialized: Frames=1024, Channels=2, Samples=2048
[2025.04.10-02.17.52:943][ 77]LogAudioMixer: Display: Starting AudioMixerPlatformInterface::RunInternal()
[2025.04.10-02.17.52:943][ 77]LogAudioMixer: Display: FMixerPlatformXAudio2::SubmitBuffer() called for the first time
[2025.04.10-02.17.52:943][ 77]LogInit: FAudioDevice initialized.
[2025.04.10-02.17.52:943][ 77]LogAudio: Display: Audio Device (ID: 6) registered with world 'MainMenuLev'.
[2025.04.10-02.17.53:043][ 77]LogLoad: Game class is 'NewGameMode_C'
[2025.04.10-02.17.53:047][ 77]LogWorld: Bringing World /Game/TopDownCPP/Maps/UEDPIE_0_MainMenuLev.MainMenuLev up for play (max tick rate 0) at 2025.04.09-22.17.53
[2025.04.10-02.17.53:047][ 77]LogWorld: Bringing up level for play took: 0.001325
[2025.04.10-02.17.53:048][ 77]LogOnline: OSS: Creating online subsystem instance for: :Context_12
[2025.04.10-02.17.53:056][ 77]PIE: Server logged in
[2025.04.10-02.17.53:057][ 77]PIE: Play in editor total start time 0.18 seconds.
[2025.04.10-02.17.56:652][483]LogSlate: Updating window title bar state: overlay mode, drag disabled, window buttons hidden, title bar hidden
[2025.04.10-02.17.56:652][483]LogWorld: BeginTearingDown for /Game/TopDownCPP/Maps/UEDPIE_0_MainMenuLev
[2025.04.10-02.17.56:652][483]LogWorld: UWorld::CleanupWorld for MainMenuLev, bSessionEnded=true, bCleanupResources=true
[2025.04.10-02.17.56:652][483]LogSlate: InvalidateAllWidgets triggered.  All widgets were invalidated
[2025.04.10-02.17.56:664][483]LogPlayLevel: Display: Shutting down PIE online subsystems
[2025.04.10-02.17.56:669][483]LogSlate: InvalidateAllWidgets triggered.  All widgets were invalidated
[2025.04.10-02.17.56:689][483]LogAudio: Display: Audio Device unregistered from world 'None'.
[2025.04.10-02.17.56:689][483]LogAudioMixer: FMixerPlatformXAudio2::StopAudioStream() called
[2025.04.10-02.17.56:692][483]LogAudioMixer: FMixerPlatformXAudio2::StopAudioStream() called
[2025.04.10-02.17.56:772][483]LogSlate: Updating window title bar state: overlay mode, drag disabled, window buttons hidden, title bar hidden
[2025.04.10-02.17.56:774][483]LogUObjectHash: Compacting FUObjectHashTables data took   1.81ms
[2025.04.10-02.17.56:789][484]LogPlayLevel: Display: Destroying online subsystem :Context_12
[2025.04.10-02.17.58:688][696]LogTemp: Repeating last play command: Selected Viewport
[2025.04.10-02.17.58:700][696]LogPlayLevel: PlayLevel: No blueprints needed recompiling
[2025.04.10-02.17.58:700][696]PIE: New page: PIE session: MainMenuLev (09-Apr-2025, 6:17:58 pm)
[2025.04.10-02.17.58:700][696]LogPlayLevel: Creating play world package: /Game/TopDownCPP/Maps/UEDPIE_0_MainMenuLev
[2025.04.10-02.17.58:703][696]LogPlayLevel: PIE: StaticDuplicateObject took: (0.003080s)
[2025.04.10-02.17.58:705][696]LogAIModule: Creating AISystem for world MainMenuLev
[2025.04.10-02.17.58:705][696]LogPlayLevel: PIE: World Init took: (0.001633s)
[2025.04.10-02.17.58:705][696]LogPlayLevel: PIE: Created PIE world by copying editor world from /Game/TopDownCPP/Maps/MainMenuLev.MainMenuLev to /Game/TopDownCPP/Maps/UEDPIE_0_MainMenuLev.MainMenuLev (0.004892s)
[2025.04.10-02.17.58:723][696]LogUObjectHash: Compacting FUObjectHashTables data took   1.90ms
[2025.04.10-02.17.58:723][696]LogAudio: Display: Creating Audio Device:                 Id: 7, Scope: Unique, Realtime: True
[2025.04.10-02.17.58:723][696]LogAudioMixer: Display: Audio Mixer Platform Settings:
[2025.04.10-02.17.58:724][696]LogAudioMixer: Display: 	Sample Rate:						  48000
[2025.04.10-02.17.58:724][696]LogAudioMixer: Display: 	Callback Buffer Frame Size Requested: 1024
[2025.04.10-02.17.58:724][696]LogAudioMixer: Display: 	Callback Buffer Frame Size To Use:	  1024
[2025.04.10-02.17.58:724][696]LogAudioMixer: Display: 	Number of buffers to queue:			  2
[2025.04.10-02.17.58:724][696]LogAudioMixer: Display: 	Max Channels (voices):				  32
[2025.04.10-02.17.58:724][696]LogAudioMixer: Display: 	Number of Async Source Workers:		  0
[2025.04.10-02.17.58:724][696]LogAudio: Display: AudioDevice MaxSources: 32
[2025.04.10-02.17.58:724][696]LogAudio: Display: Audio Spatialization Plugin: None (built-in).
[2025.04.10-02.17.58:724][696]LogAudio: Display: Audio Reverb Plugin: None (built-in).
[2025.04.10-02.17.58:724][696]LogAudio: Display: Audio Occlusion Plugin: None (built-in).
[2025.04.10-02.17.58:724][696]LogAudioMixer: Display: Initializing audio mixer.
[2025.04.10-02.17.58:728][696]LogAudioMixer: Display: 0: FrontLeft
[2025.04.10-02.17.58:728][696]LogAudioMixer: Display: 1: FrontRight
[2025.04.10-02.17.58:750][696]LogAudioMixer: Display: Using Audio Device Headphone (Realtek(R) Audio)
[2025.04.10-02.17.58:750][696]LogAudioMixer: Display: Initializing Sound Submixes...
[2025.04.10-02.17.58:750][696]LogAudioMixer: Display: Creating Master Submix 'MasterSubmixDefault'
[2025.04.10-02.17.58:750][696]LogAudioMixer: Display: Creating Master Submix 'MasterReverbSubmixDefault'
[2025.04.10-02.17.58:751][696]LogAudioMixer: Display: Creating Master Submix 'MasterEQSubmixDefault'
[2025.04.10-02.17.58:751][696]LogAudioMixer: FMixerPlatformXAudio2::StartAudioStream() called
[2025.04.10-02.17.58:751][696]LogAudioMixer: Display: Output buffers initialized: Frames=1024, Channels=2, Samples=2048
[2025.04.10-02.17.58:752][696]LogAudioMixer: Display: Starting AudioMixerPlatformInterface::RunInternal()
[2025.04.10-02.17.58:752][696]LogAudioMixer: Display: FMixerPlatformXAudio2::SubmitBuffer() called for the first time
[2025.04.10-02.17.58:752][696]LogInit: FAudioDevice initialized.
[2025.04.10-02.17.58:770][696]LogAudio: Display: Audio Device (ID: 7) registered with world 'MainMenuLev'.
[2025.04.10-02.17.58:780][696]LogLoad: Game class is 'NewGameMode_C'
[2025.04.10-02.17.58:780][696]LogWorld: Bringing World /Game/TopDownCPP/Maps/UEDPIE_0_MainMenuLev.MainMenuLev up for play (max tick rate 0) at 2025.04.09-22.17.58
[2025.04.10-02.17.58:781][696]LogWorld: Bringing up level for play took: 0.000422
[2025.04.10-02.17.58:781][696]LogOnline: OSS: Creating online subsystem instance for: :Context_13
[2025.04.10-02.17.58:783][696]PIE: Server logged in
[2025.04.10-02.17.58:784][696]PIE: Play in editor total start time 0.087 seconds.
[2025.04.10-02.18.08:396][804]LogAssetEditorSubsystem: Opening Asset editor for Blueprint /Game/Blueprints/NewGameMode.NewGameMode
[2025.04.10-02.18.11:304][ 43]LogSlate: Window 'NewGameMode' being destroyed
[2025.04.10-02.18.11:321][ 43]LogSlate: Window 'NewGameMode' being destroyed
[2025.04.10-02.18.11:325][ 43]LogWorld: UWorld::CleanupWorld for World_7, bSessionEnded=true, bCleanupResources=true
[2025.04.10-02.18.11:325][ 43]LogSlate: InvalidateAllWidgets triggered.  All widgets were invalidated
[2025.04.10-02.18.14:329][379]LogNet: Browse: /Game/TopDownCPP/Maps/Tutorial1
[2025.04.10-02.18.14:329][379]LogLoad: LoadMap: /Game/TopDownCPP/Maps/Tutorial1
[2025.04.10-02.18.14:329][379]LogWorld: BeginTearingDown for /Game/TopDownCPP/Maps/UEDPIE_0_MainMenuLev
[2025.04.10-02.18.14:329][379]LogWorld: UWorld::CleanupWorld for MainMenuLev, bSessionEnded=true, bCleanupResources=true
[2025.04.10-02.18.14:329][379]LogSlate: InvalidateAllWidgets triggered.  All widgets were invalidated
[2025.04.10-02.18.14:380][379]LogAudio: Display: Audio Device unregistered from world 'None'.
[2025.04.10-02.18.14:384][379]LogUObjectHash: Compacting FUObjectHashTables data took   1.76ms
[2025.04.10-02.18.14:404][379]LogAudio: Display: Audio Device (ID: 7) registered with world 'Tutorial1'.
[2025.04.10-02.18.14:405][379]LogAIModule: Creating AISystem for world Tutorial1
[2025.04.10-02.18.14:405][379]LogLoad: Game class is 'TopDownPuzzleGameMode'
[2025.04.10-02.18.14:475][379]LogWorld: Bringing World /Game/TopDownCPP/Maps/UEDPIE_0_Tutorial1.Tutorial1 up for play (max tick rate 0) at 2025.04.09-22.18.14
[2025.04.10-02.18.14:476][379]LogWorld: Bringing up level for play took: 0.070001
[2025.04.10-02.18.14:483][379]LogLoad: Took 0.153025 seconds to LoadMap(/Game/TopDownCPP/Maps/Tutorial1)
[2025.04.10-02.18.17:028][676]LogTemp: Warning: Player entered the door!
[2025.04.10-02.18.17:036][677]LogNet: Browse: /Game/TopDownCPP/Maps/Level1
[2025.04.10-02.18.17:036][677]LogLoad: LoadMap: /Game/TopDownCPP/Maps/Level1
[2025.04.10-02.18.17:036][677]LogWorld: BeginTearingDown for /Game/TopDownCPP/Maps/UEDPIE_0_Tutorial1
[2025.04.10-02.18.17:036][677]LogWorld: UWorld::CleanupWorld for Tutorial1, bSessionEnded=true, bCleanupResources=true
[2025.04.10-02.18.17:037][677]LogSlate: InvalidateAllWidgets triggered.  All widgets were invalidated
[2025.04.10-02.18.17:117][677]LogAudio: Display: Audio Device unregistered from world 'None'.
[2025.04.10-02.18.17:122][677]LogUObjectHash: Compacting FUObjectHashTables data took   3.43ms
[2025.04.10-02.18.17:170][677]LogAudio: Display: Audio Device (ID: 7) registered with world 'Level1'.
[2025.04.10-02.18.17:171][677]LogAIModule: Creating AISystem for world Level1
[2025.04.10-02.18.17:172][677]LogLoad: Game class is 'TopDownPuzzleGameMode'
[2025.04.10-02.18.17:196][677]LogWorld: Bringing World /Game/TopDownCPP/Maps/UEDPIE_0_Level1.Level1 up for play (max tick rate 0) at 2025.04.09-22.18.17
[2025.04.10-02.18.17:196][677]LogWorld: Bringing up level for play took: 0.023470
[2025.04.10-02.18.17:198][677]LogLoad: Took 0.161724 seconds to LoadMap(/Game/TopDownCPP/Maps/Level1)
[2025.04.10-02.18.17:221][677]LogAudio: Warning: Detected orphaned looping sound 'Level1_AudioCue'.
[2025.04.10-02.18.19:263][919]LogTemp: Warning: Player entered the door!
[2025.04.10-02.18.19:271][920]LogNet: Browse: /Game/TopDownCPP/Maps/MainMenuLev
[2025.04.10-02.18.19:271][920]LogLoad: LoadMap: /Game/TopDownCPP/Maps/MainMenuLev
[2025.04.10-02.18.19:271][920]LogWorld: BeginTearingDown for /Game/TopDownCPP/Maps/UEDPIE_0_Level1
[2025.04.10-02.18.19:272][920]LogWorld: UWorld::CleanupWorld for Level1, bSessionEnded=true, bCleanupResources=true
[2025.04.10-02.18.19:272][920]LogSlate: InvalidateAllWidgets triggered.  All widgets were invalidated
[2025.04.10-02.18.19:357][920]LogAudio: Display: Audio Device unregistered from world 'None'.
[2025.04.10-02.18.19:364][920]LogUObjectHash: Compacting FUObjectHashTables data took   4.25ms
[2025.04.10-02.18.19:365][920]LogPlayLevel: Creating play world package: /Game/TopDownCPP/Maps/UEDPIE_0_MainMenuLev
[2025.04.10-02.18.19:371][920]LogPlayLevel: PIE: StaticDuplicateObject took: (0.005395s)
[2025.04.10-02.18.19:373][920]LogAIModule: Creating AISystem for world MainMenuLev
[2025.04.10-02.18.19:373][920]LogPlayLevel: PIE: World Init took: (0.002255s)
[2025.04.10-02.18.19:373][920]LogPlayLevel: PIE: Created PIE world by copying editor world from /Game/TopDownCPP/Maps/MainMenuLev.MainMenuLev to /Game/TopDownCPP/Maps/UEDPIE_0_MainMenuLev.MainMenuLev (0.007981s)
[2025.04.10-02.18.19:373][920]LogAudio: Display: Audio Device (ID: 7) registered with world 'MainMenuLev'.
[2025.04.10-02.18.19:373][920]LogLoad: Game class is 'NewGameMode_C'
[2025.04.10-02.18.19:376][920]LogWorld: Bringing World /Game/TopDownCPP/Maps/UEDPIE_0_MainMenuLev.MainMenuLev up for play (max tick rate 0) at 2025.04.09-22.18.19
[2025.04.10-02.18.19:376][920]LogWorld: Bringing up level for play took: 0.000898
[2025.04.10-02.18.19:377][920]LogGameMode: FindPlayerStart: PATHS NOT DEFINED or NO PLAYERSTART with positive rating
[2025.04.10-02.18.19:377][920]LogSpawn: Warning: SpawnActor failed because of collision at the spawn location [X=0.000 Y=0.000 Z=0.000] for [MainMenuCharacter_C]
[2025.04.10-02.18.19:378][920]LogGameMode: Warning: SpawnDefaultPawnAtTransform: Couldn't spawn Pawn of type MainMenuCharacter_C at Rotation: Pitch 0.000000 Yaw 0.000000 Roll 0.000000
Translation: 0.000000 0.000000 0.000000
Scale3D: 1.000000 1.000000 1.000000

[2025.04.10-02.18.19:378][920]LogLoad: Took 0.106326 seconds to LoadMap(/Game/TopDownCPP/Maps/UEDPIE_0_MainMenuLev)
[2025.04.10-02.18.29:428][114]LogSlate: Updating window title bar state: overlay mode, drag disabled, window buttons hidden, title bar hidden
[2025.04.10-02.18.29:429][114]LogWorld: BeginTearingDown for /Game/TopDownCPP/Maps/UEDPIE_0_MainMenuLev
[2025.04.10-02.18.29:429][114]LogWorld: UWorld::CleanupWorld for MainMenuLev, bSessionEnded=true, bCleanupResources=true
[2025.04.10-02.18.29:429][114]LogSlate: InvalidateAllWidgets triggered.  All widgets were invalidated
[2025.04.10-02.18.29:441][114]LogPlayLevel: Display: Shutting down PIE online subsystems
[2025.04.10-02.18.29:447][114]LogSlate: InvalidateAllWidgets triggered.  All widgets were invalidated
[2025.04.10-02.18.29:468][114]LogSlate: Updating window title bar state: overlay mode, drag disabled, window buttons hidden, title bar hidden
[2025.04.10-02.18.29:468][114]LogAudioMixer: FMixerPlatformXAudio2::StopAudioStream() called
[2025.04.10-02.18.29:469][114]LogAudioMixer: FMixerPlatformXAudio2::StopAudioStream() called
[2025.04.10-02.18.29:475][114]LogUObjectHash: Compacting FUObjectHashTables data took   1.75ms
[2025.04.10-02.18.29:514][116]LogPlayLevel: Display: Destroying online subsystem :Context_13
[2025.04.10-02.18.44:924][906]LogAssetEditorSubsystem: Opening Asset editor for Blueprint /Game/TopDownCPP/Maps/Ui/MainMenuCharacter.MainMenuCharacter
[2025.04.10-02.28.44:572][343]BlueprintLog: New page: Compile MainMenuCharacter
[2025.04.10-02.28.44:646][343]LogUObjectHash: Compacting FUObjectHashTables data took   3.58ms
[2025.04.10-02.28.51:572][738]LogAssetEditorSubsystem: Opening Asset editor for LevelScriptBlueprint /Game/TopDownCPP/Maps/MainMenuLev.MainMenuLev:PersistentLevel.MainMenuLev
[2025.04.10-02.29.09:741][775]LogUObjectHash: Compacting FUObjectHashTables data took   2.71ms
[2025.04.10-02.29.09:865][775]LogSavePackage: Moving '../../../../../../Unreal Projects/Top-Down-Puzzle/TopDownPuzzle/Saved/MainMenuLevA11D4B1D4EF27A89CD42D08363DC18A8.tmp' to '../../../../../../Unreal Projects/Top-Down-Puzzle/TopDownPuzzle/Content/TopDownCPP/Maps/MainMenuLev.umap'
[2025.04.10-02.29.09:900][775]LogFileHelpers: Saving map 'MainMenuLev' took 0.188
[2025.04.10-02.29.09:931][775]AssetCheck: New page: Asset Save: MainMenuLev
[2025.04.10-02.29.09:931][775]LogContentValidation: Display: Validating World /Game/TopDownCPP/Maps/MainMenuLev.MainMenuLev
[2025.04.10-02.29.10:695][821]BlueprintLog: New page: Compile MainMenuLev
[2025.04.10-02.29.10:731][821]LogUObjectHash: Compacting FUObjectHashTables data took   2.09ms
[2025.04.10-02.29.15:261][ 72]LogUObjectHash: Compacting FUObjectHashTables data took   0.54ms
[2025.04.10-02.29.15:498][ 72]LogSavePackage: Moving '../../../../../../Unreal Projects/Top-Down-Puzzle/TopDownPuzzle/Saved/MainMenuLevB8AD665A41B9FFFDF0A29DA6AECED2E6.tmp' to '../../../../../../Unreal Projects/Top-Down-Puzzle/TopDownPuzzle/Content/TopDownCPP/Maps/MainMenuLev.umap'
[2025.04.10-02.29.15:519][ 72]LogFileHelpers: Saving map 'MainMenuLev' took 0.281
[2025.04.10-02.29.15:540][ 72]AssetCheck: New page: Asset Save: MainMenuLev
[2025.04.10-02.29.15:541][ 72]LogContentValidation: Display: Validating World /Game/TopDownCPP/Maps/MainMenuLev.MainMenuLev
[2025.04.10-02.29.19:701][314]LogUObjectHash: Compacting FUObjectHashTables data took   0.49ms
[2025.04.10-02.29.19:769][314]LogSavePackage: Moving '../../../../../../Unreal Projects/Top-Down-Puzzle/TopDownPuzzle/Saved/MainMenuLev8C76FAA04DF491DF9A425D80821E0FEE.tmp' to '../../../../../../Unreal Projects/Top-Down-Puzzle/TopDownPuzzle/Content/TopDownCPP/Maps/MainMenuLev.umap'
[2025.04.10-02.29.19:793][314]LogSavePackage: Moving '../../../../../../Unreal Projects/Top-Down-Puzzle/TopDownPuzzle/Saved/MainMenuLev_BuiltData99DC627C4894DE2853E7DA89519B5085.tmp' to '../../../../../../Unreal Projects/Top-Down-Puzzle/TopDownPuzzle/Content/TopDownCPP/Maps/MainMenuLev_BuiltData.uasset'
[2025.04.10-02.29.19:825][314]AssetCheck: New page: Asset Save: multiple assets
[2025.04.10-02.29.19:825][314]LogContentValidation: Display: Validating MapBuildDataRegistry /Game/TopDownCPP/Maps/MainMenuLev_BuiltData.MainMenuLev_BuiltData
[2025.04.10-02.29.19:825][314]LogContentValidation: Display: Validating World /Game/TopDownCPP/Maps/MainMenuLev.MainMenuLev
[2025.04.10-02.29.22:874][488]LogUObjectHash: Compacting FUObjectHashTables data took   0.55ms
[2025.04.10-02.29.22:922][488]LogSavePackage: Moving '../../../../../../Unreal Projects/Top-Down-Puzzle/TopDownPuzzle/Saved/MainMenuCharacterDF2058194A6CC186A3ECD6BA7BDE1D57.tmp' to '../../../../../../Unreal Projects/Top-Down-Puzzle/TopDownPuzzle/Content/TopDownCPP/Maps/Ui/MainMenuCharacter.uasset'
[2025.04.10-02.29.22:942][488]AssetCheck: New page: Asset Save: MainMenuCharacter
[2025.04.10-02.29.22:942][488]LogContentValidation: Display: Validating Blueprint /Game/TopDownCPP/Maps/Ui/MainMenuCharacter.MainMenuCharacter
[2025.04.10-02.29.27:209][736]LogSavePackage: Moving '../../../../../../Unreal Projects/Top-Down-Puzzle/TopDownPuzzle/Saved/MainMenuCharacter76CDAA8A4EFF9645430AEAA38B679B7C.tmp' to '../../../../../../Unreal Projects/Top-Down-Puzzle/TopDownPuzzle/Content/TopDownCPP/Maps/Ui/MainMenuCharacter.uasset'
[2025.04.10-02.29.27:227][736]AssetCheck: New page: Asset Save: MainMenuCharacter
[2025.04.10-02.29.27:227][736]LogContentValidation: Display: Validating Blueprint /Game/TopDownCPP/Maps/Ui/MainMenuCharacter.MainMenuCharacter
[2025.04.10-02.29.28:398][804]LogSlate: Window 'MainMenuLev' being destroyed
[2025.04.10-02.29.28:406][804]LogSlate: Window 'MainMenuLev' being destroyed
[2025.04.10-02.29.28:410][804]LogWorld: UWorld::CleanupWorld for World_8, bSessionEnded=true, bCleanupResources=true
[2025.04.10-02.29.28:410][804]LogSlate: InvalidateAllWidgets triggered.  All widgets were invalidated
[2025.04.10-02.29.28:481][804]LogWorld: UWorld::CleanupWorld for World_9, bSessionEnded=true, bCleanupResources=true
[2025.04.10-02.29.28:482][804]LogSlate: InvalidateAllWidgets triggered.  All widgets were invalidated
[2025.04.10-02.29.30:901][939]Candidate modules for hot reload:
[2025.04.10-02.29.30:901][939]  TopDownPuzzle
[2025.04.10-02.29.30:901][939]Launching UnrealBuildTool... [C:/Program Files/UE/UE_4.27/Engine/Binaries/DotNET/UnrealBuildTool.exe  -ModuleWithSuffix=TopDownPuzzle,3856 TopDownPuzzleEditor Win64 Development -Project="C:/Unreal Projects/Top-Down-Puzzle/TopDownPuzzle/TopDownPuzzle.uproject" "C:/Unreal Projects/Top-Down-Puzzle/TopDownPuzzle/TopDownPuzzle.uproject"  -IgnoreJunk]
[2025.04.10-02.29.30:906][939]Warning: Starting HotReload took  0.1s.
[2025.04.10-02.29.35:866][207]CompilerResultsLog: New page: Compilation - 09-Apr-2025, 6:29:35 pm
[2025.04.10-02.29.35:867][207]CompilerResultsLog: Using 'git status' to determine working set for adaptive non-unity build (C:\Unreal Projects\Top-Down-Puzzle).
[2025.04.10-02.29.35:867][207]CompilerResultsLog: Building TopDownPuzzleEditor...
[2025.04.10-02.29.35:867][207]CompilerResultsLog: Using Visual Studio 2022 14.43.34808 toolchain (C:\Program Files\Microsoft Visual Studio\2022\Community\VC\Tools\MSVC\14.43.34808) and Windows 10.0.22621.0 SDK (C:\Program Files (x86)\Windows Kits\10).
[2025.04.10-02.29.35:867][207]CompilerResultsLog: Building 3 actions with 8 processes...
[2025.04.10-02.29.35:867][207]CompilerResultsLog:   [1/3] UE4Editor-TopDownPuzzle-3856.lib
[2025.04.10-02.29.35:867][207]CompilerResultsLog:      Creating library C:\Unreal Projects\Top-Down-Puzzle\TopDownPuzzle\Intermediate\Build\Win64\UE4Editor\Development\TopDownPuzzle\UE4Editor-TopDownPuzzle-3856.lib and object C:\Unreal Projects\Top-Down-Puzzle\TopDownPuzzle\Intermediate\Build\Win64\UE4Editor\Development\TopDownPuzzle\UE4Editor-TopDownPuzzle-3856.exp
[2025.04.10-02.29.35:867][207]CompilerResultsLog:   [2/3] UE4Editor-TopDownPuzzle-3856.dll
[2025.04.10-02.29.35:867][207]CompilerResultsLog:      Creating library C:\Unreal Projects\Top-Down-Puzzle\TopDownPuzzle\Intermediate\Build\Win64\UE4Editor\Development\TopDownPuzzle\UE4Editor-TopDownPuzzle-3856.suppressed.lib and object C:\Unreal Projects\Top-Down-Puzzle\TopDownPuzzle\Intermediate\Build\Win64\UE4Editor\Development\TopDownPuzzle\UE4Editor-TopDownPuzzle-3856.suppressed.exp
[2025.04.10-02.29.35:867][207]CompilerResultsLog:   [3/3] TopDownPuzzleEditor.target
[2025.04.10-02.29.35:867][207]CompilerResultsLog: Total time in Parallel executor: 2.81 seconds
[2025.04.10-02.29.35:867][207]CompilerResultsLog: Total execution time: 4.70 seconds
[2025.04.10-02.29.35:867][207]LogMainFrame: MainFrame: Module compiling took 4.971 seconds
[2025.04.10-02.29.36:141][207]LogHotReload: Re-instancing DoorTrigger after hot-reload.
[2025.04.10-02.29.36:175][207]LogNativeClassHierarchy: Verbose: Native class hierarchy updated for 'TopDownPuzzle' in 0.0003 seconds. Added 5 classes and 2 folders.
[2025.04.10-02.29.36:183][207]Display: HotReload successful (5 functions remapped  0 scriptstructs remapped)
[2025.04.10-02.29.36:292][207]LogNativeClassHierarchy: Verbose: Native class hierarchy populated in 0.0246 seconds. Added 3827 classes and 930 folders.
[2025.04.10-02.29.36:292][207]Display: HotReload took  5.5s.
[2025.04.10-02.29.38:474][319]LogTemp: Repeating last play command: Selected Viewport
[2025.04.10-02.29.38:484][319]LogPlayLevel: PlayLevel: No blueprints needed recompiling
[2025.04.10-02.29.38:484][319]PIE: New page: PIE session: MainMenuLev (09-Apr-2025, 6:29:38 pm)
[2025.04.10-02.29.38:485][319]LogPlayLevel: Creating play world package: /Game/TopDownCPP/Maps/UEDPIE_0_MainMenuLev
[2025.04.10-02.29.38:489][319]LogPlayLevel: PIE: StaticDuplicateObject took: (0.003529s)
[2025.04.10-02.29.38:490][319]LogAIModule: Creating AISystem for world MainMenuLev
[2025.04.10-02.29.38:490][319]LogPlayLevel: PIE: World Init took: (0.001310s)
[2025.04.10-02.29.38:490][319]LogPlayLevel: PIE: Created PIE world by copying editor world from /Game/TopDownCPP/Maps/MainMenuLev.MainMenuLev to /Game/TopDownCPP/Maps/UEDPIE_0_MainMenuLev.MainMenuLev (0.005025s)
[2025.04.10-02.29.38:579][319]LogUObjectHash: Compacting FUObjectHashTables data took   3.17ms
[2025.04.10-02.29.38:581][319]LogAudio: Display: Creating Audio Device:                 Id: 8, Scope: Unique, Realtime: True
[2025.04.10-02.29.38:581][319]LogAudioMixer: Display: Audio Mixer Platform Settings:
[2025.04.10-02.29.38:581][319]LogAudioMixer: Display: 	Sample Rate:						  48000
[2025.04.10-02.29.38:581][319]LogAudioMixer: Display: 	Callback Buffer Frame Size Requested: 1024
[2025.04.10-02.29.38:581][319]LogAudioMixer: Display: 	Callback Buffer Frame Size To Use:	  1024
[2025.04.10-02.29.38:581][319]LogAudioMixer: Display: 	Number of buffers to queue:			  2
[2025.04.10-02.29.38:581][319]LogAudioMixer: Display: 	Max Channels (voices):				  32
[2025.04.10-02.29.38:581][319]LogAudioMixer: Display: 	Number of Async Source Workers:		  0
[2025.04.10-02.29.38:581][319]LogAudio: Display: AudioDevice MaxSources: 32
[2025.04.10-02.29.38:582][319]LogAudio: Display: Audio Spatialization Plugin: None (built-in).
[2025.04.10-02.29.38:582][319]LogAudio: Display: Audio Reverb Plugin: None (built-in).
[2025.04.10-02.29.38:582][319]LogAudio: Display: Audio Occlusion Plugin: None (built-in).
[2025.04.10-02.29.38:582][319]LogAudioMixer: Display: Initializing audio mixer.
[2025.04.10-02.29.38:586][319]LogAudioMixer: Display: 0: FrontLeft
[2025.04.10-02.29.38:586][319]LogAudioMixer: Display: 1: FrontRight
[2025.04.10-02.29.38:601][319]LogAudioMixer: Display: Using Audio Device Headphone (Realtek(R) Audio)
[2025.04.10-02.29.38:601][319]LogAudioMixer: Display: Initializing Sound Submixes...
[2025.04.10-02.29.38:601][319]LogAudioMixer: Display: Creating Master Submix 'MasterSubmixDefault'
[2025.04.10-02.29.38:601][319]LogAudioMixer: Display: Creating Master Submix 'MasterReverbSubmixDefault'
[2025.04.10-02.29.38:601][319]LogAudioMixer: Display: Creating Master Submix 'MasterEQSubmixDefault'
[2025.04.10-02.29.38:601][319]LogAudioMixer: FMixerPlatformXAudio2::StartAudioStream() called
[2025.04.10-02.29.38:601][319]LogAudioMixer: Display: Output buffers initialized: Frames=1024, Channels=2, Samples=2048
[2025.04.10-02.29.38:619][319]LogAudioMixer: Display: Starting AudioMixerPlatformInterface::RunInternal()
[2025.04.10-02.29.38:619][319]LogAudioMixer: Display: FMixerPlatformXAudio2::SubmitBuffer() called for the first time
[2025.04.10-02.29.38:619][319]LogInit: FAudioDevice initialized.
[2025.04.10-02.29.38:619][319]LogAudio: Display: Audio Device (ID: 8) registered with world 'MainMenuLev'.
[2025.04.10-02.29.38:663][319]LogLoad: Game class is 'NewGameMode_C'
[2025.04.10-02.29.38:667][319]LogWorld: Bringing World /Game/TopDownCPP/Maps/UEDPIE_0_MainMenuLev.MainMenuLev up for play (max tick rate 60) at 2025.04.09-22.29.38
[2025.04.10-02.29.38:667][319]LogWorld: Bringing up level for play took: 0.001602
[2025.04.10-02.29.38:669][319]LogOnline: OSS: Creating online subsystem instance for: :Context_17
[2025.04.10-02.29.38:676][319]LogSpawn: Warning: SpawnActor failed because of collision at the spawn location [X=0.000 Y=0.000 Z=0.000] for [MainMenuCharacter_C]
[2025.04.10-02.29.38:676][319]LogGameMode: Warning: SpawnDefaultPawnAtTransform: Couldn't spawn Pawn of type MainMenuCharacter_C at Rotation: Pitch 0.000000 Yaw 0.000000 Roll 0.000000
Translation: 0.000000 0.000000 0.000000
Scale3D: 1.000000 1.000000 1.000000

[2025.04.10-02.29.38:678][319]PIE: Server logged in
[2025.04.10-02.29.38:680][319]PIE: Play in editor total start time 0.198 seconds.
[2025.04.10-02.29.39:946][394]LogNet: Browse: /Game/TopDownCPP/Maps/Tutorial1
[2025.04.10-02.29.39:946][394]LogLoad: LoadMap: /Game/TopDownCPP/Maps/Tutorial1
[2025.04.10-02.29.39:946][394]LogWorld: BeginTearingDown for /Game/TopDownCPP/Maps/UEDPIE_0_MainMenuLev
[2025.04.10-02.29.39:946][394]LogWorld: UWorld::CleanupWorld for MainMenuLev, bSessionEnded=true, bCleanupResources=true
[2025.04.10-02.29.39:946][394]LogSlate: InvalidateAllWidgets triggered.  All widgets were invalidated
[2025.04.10-02.29.39:982][394]LogAudio: Display: Audio Device unregistered from world 'None'.
[2025.04.10-02.29.40:032][394]LogUObjectHash: Compacting FUObjectHashTables data took   2.08ms
[2025.04.10-02.29.40:107][394]LogAudio: Display: Audio Device (ID: 8) registered with world 'Tutorial1'.
[2025.04.10-02.29.40:117][394]LogAIModule: Creating AISystem for world Tutorial1
[2025.04.10-02.29.40:118][394]LogLoad: Game class is 'TopDownPuzzleGameMode'
[2025.04.10-02.29.40:123][394]LogWorld: Bringing World /Game/TopDownCPP/Maps/UEDPIE_0_Tutorial1.Tutorial1 up for play (max tick rate 60) at 2025.04.09-22.29.40
[2025.04.10-02.29.40:124][394]LogWorld: Bringing up level for play took: 0.004175
[2025.04.10-02.29.40:127][394]LogLoad: Took 0.181026 seconds to LoadMap(/Game/TopDownCPP/Maps/Tutorial1)
[2025.04.10-02.29.42:345][525]LogTemp: Warning: Player entered the door!
[2025.04.10-02.29.42:362][526]LogNet: Browse: /Game/TopDownCPP/Maps/Level1
[2025.04.10-02.29.42:362][526]LogLoad: LoadMap: /Game/TopDownCPP/Maps/Level1
[2025.04.10-02.29.42:362][526]LogWorld: BeginTearingDown for /Game/TopDownCPP/Maps/UEDPIE_0_Tutorial1
[2025.04.10-02.29.42:363][526]LogWorld: UWorld::CleanupWorld for Tutorial1, bSessionEnded=true, bCleanupResources=true
[2025.04.10-02.29.42:363][526]LogSlate: InvalidateAllWidgets triggered.  All widgets were invalidated
[2025.04.10-02.29.42:376][526]LogAudio: Display: Audio Device unregistered from world 'None'.
[2025.04.10-02.29.42:379][526]LogUObjectHash: Compacting FUObjectHashTables data took   1.52ms
[2025.04.10-02.29.42:432][526]LogAudio: Display: Audio Device (ID: 8) registered with world 'Level1'.
[2025.04.10-02.29.42:433][526]LogAIModule: Creating AISystem for world Level1
[2025.04.10-02.29.42:433][526]LogLoad: Game class is 'TopDownPuzzleGameMode'
[2025.04.10-02.29.42:487][526]LogWorld: Bringing World /Game/TopDownCPP/Maps/UEDPIE_0_Level1.Level1 up for play (max tick rate 60) at 2025.04.09-22.29.42
[2025.04.10-02.29.42:489][526]LogWorld: Bringing up level for play took: 0.054141
[2025.04.10-02.29.42:491][526]LogLoad: Took 0.128186 seconds to LoadMap(/Game/TopDownCPP/Maps/Level1)
[2025.04.10-02.29.42:521][526]LogAudio: Warning: Detected orphaned looping sound 'Level1_AudioCue'.
[2025.04.10-02.29.44:724][655]LogTemp: Warning: Player entered the door!
[2025.04.10-02.29.44:741][656]LogNet: Browse: /Game/TopDownCPP/Maps/MainMenuLev
[2025.04.10-02.29.44:741][656]LogLoad: LoadMap: /Game/TopDownCPP/Maps/MainMenuLev
[2025.04.10-02.29.44:741][656]LogWorld: BeginTearingDown for /Game/TopDownCPP/Maps/UEDPIE_0_Level1
[2025.04.10-02.29.44:741][656]LogWorld: UWorld::CleanupWorld for Level1, bSessionEnded=true, bCleanupResources=true
[2025.04.10-02.29.44:742][656]LogSlate: InvalidateAllWidgets triggered.  All widgets were invalidated
[2025.04.10-02.29.44:782][656]LogAudio: Display: Audio Device unregistered from world 'None'.
[2025.04.10-02.29.44:784][656]LogUObjectHash: Compacting FUObjectHashTables data took   1.48ms
[2025.04.10-02.29.44:785][656]LogPlayLevel: Creating play world package: /Game/TopDownCPP/Maps/UEDPIE_0_MainMenuLev
[2025.04.10-02.29.44:787][656]LogPlayLevel: PIE: StaticDuplicateObject took: (0.002202s)
[2025.04.10-02.29.44:788][656]LogAIModule: Creating AISystem for world MainMenuLev
[2025.04.10-02.29.44:788][656]LogPlayLevel: PIE: World Init took: (0.000893s)
[2025.04.10-02.29.44:788][656]LogPlayLevel: PIE: Created PIE world by copying editor world from /Game/TopDownCPP/Maps/MainMenuLev.MainMenuLev to /Game/TopDownCPP/Maps/UEDPIE_0_MainMenuLev.MainMenuLev (0.003222s)
[2025.04.10-02.29.44:788][656]LogAudio: Display: Audio Device (ID: 8) registered with world 'MainMenuLev'.
[2025.04.10-02.29.44:788][656]LogLoad: Game class is 'NewGameMode_C'
[2025.04.10-02.29.44:789][656]LogWorld: Bringing World /Game/TopDownCPP/Maps/UEDPIE_0_MainMenuLev.MainMenuLev up for play (max tick rate 60) at 2025.04.09-22.29.44
[2025.04.10-02.29.44:789][656]LogWorld: Bringing up level for play took: 0.000372
[2025.04.10-02.29.44:790][656]LogGameMode: FindPlayerStart: PATHS NOT DEFINED or NO PLAYERSTART with positive rating
[2025.04.10-02.29.44:790][656]LogSpawn: Warning: SpawnActor failed because of collision at the spawn location [X=0.000 Y=0.000 Z=0.000] for [MainMenuCharacter_C]
[2025.04.10-02.29.44:790][656]LogGameMode: Warning: SpawnDefaultPawnAtTransform: Couldn't spawn Pawn of type MainMenuCharacter_C at Rotation: Pitch 0.000000 Yaw 0.000000 Roll 0.000000
Translation: 0.000000 0.000000 0.000000
Scale3D: 1.000000 1.000000 1.000000

[2025.04.10-02.29.44:791][656]LogLoad: Took 0.049559 seconds to LoadMap(/Game/TopDownCPP/Maps/UEDPIE_0_MainMenuLev)
[2025.04.10-02.29.47:653][826]LogSlate: Updating window title bar state: overlay mode, drag disabled, window buttons hidden, title bar hidden
[2025.04.10-02.29.47:653][826]LogWorld: BeginTearingDown for /Game/TopDownCPP/Maps/UEDPIE_0_MainMenuLev
[2025.04.10-02.29.47:653][826]LogWorld: UWorld::CleanupWorld for MainMenuLev, bSessionEnded=true, bCleanupResources=true
[2025.04.10-02.29.47:653][826]LogSlate: InvalidateAllWidgets triggered.  All widgets were invalidated
[2025.04.10-02.29.47:660][826]LogPlayLevel: Display: Shutting down PIE online subsystems
[2025.04.10-02.29.47:663][826]LogSlate: InvalidateAllWidgets triggered.  All widgets were invalidated
[2025.04.10-02.29.47:679][826]LogAudio: Display: Audio Device unregistered from world 'None'.
[2025.04.10-02.29.47:679][826]LogAudioMixer: FMixerPlatformXAudio2::StopAudioStream() called
[2025.04.10-02.29.47:680][826]LogAudioMixer: FMixerPlatformXAudio2::StopAudioStream() called
[2025.04.10-02.29.47:684][826]LogSlate: Updating window title bar state: overlay mode, drag disabled, window buttons hidden, title bar hidden
[2025.04.10-02.29.47:687][826]LogUObjectHash: Compacting FUObjectHashTables data took   2.17ms
[2025.04.10-02.29.47:741][829]LogPlayLevel: Display: Destroying online subsystem :Context_17
[2025.04.10-02.30.03:887][398]LogAssetEditorSubsystem: Opening Asset editor for LevelScriptBlueprint /Game/TopDownCPP/Maps/MainMenuLev.MainMenuLev:PersistentLevel.MainMenuLev
[2025.04.10-02.32.11:571][985]BlueprintLog: New page: Compile MainMenuLev
[2025.04.10-02.32.11:607][985]LogUObjectHash: Compacting FUObjectHashTables data took   2.35ms
[2025.04.10-02.32.12:346][ 25]LogUObjectHash: Compacting FUObjectHashTables data took   0.52ms
[2025.04.10-02.32.12:379][ 25]LogSavePackage: Moving '../../../../../../Unreal Projects/Top-Down-Puzzle/TopDownPuzzle/Saved/MainMenuLev0CBD316A4E37FFE094B7C0A9A7D750C9.tmp' to '../../../../../../Unreal Projects/Top-Down-Puzzle/TopDownPuzzle/Content/TopDownCPP/Maps/MainMenuLev.umap'
[2025.04.10-02.32.12:396][ 25]LogFileHelpers: Saving map 'MainMenuLev' took 0.088
[2025.04.10-02.32.12:410][ 25]AssetCheck: New page: Asset Save: MainMenuLev
[2025.04.10-02.32.12:410][ 25]LogContentValidation: Display: Validating World /Game/TopDownCPP/Maps/MainMenuLev.MainMenuLev
[2025.04.10-02.32.14:257][136]LogSlate: Window 'MainMenuLev' being destroyed
[2025.04.10-02.32.14:267][136]LogSlate: Window 'MainMenuLev' being destroyed
[2025.04.10-02.32.14:274][136]LogWorld: UWorld::CleanupWorld for World_10, bSessionEnded=true, bCleanupResources=true
[2025.04.10-02.32.14:275][136]LogSlate: InvalidateAllWidgets triggered.  All widgets were invalidated
[2025.04.10-02.32.15:968][233]LogTemp: Repeating last play command: Selected Viewport
[2025.04.10-02.32.15:978][233]LogPlayLevel: PlayLevel: No blueprints needed recompiling
[2025.04.10-02.32.15:978][233]PIE: New page: PIE session: MainMenuLev (09-Apr-2025, 6:32:15 pm)
[2025.04.10-02.32.15:998][233]LogPlayLevel: Creating play world package: /Game/TopDownCPP/Maps/UEDPIE_0_MainMenuLev
[2025.04.10-02.32.16:001][233]LogPlayLevel: PIE: StaticDuplicateObject took: (0.002554s)
[2025.04.10-02.32.16:002][233]LogAIModule: Creating AISystem for world MainMenuLev
[2025.04.10-02.32.16:002][233]LogPlayLevel: PIE: World Init took: (0.000974s)
[2025.04.10-02.32.16:002][233]LogPlayLevel: PIE: Created PIE world by copying editor world from /Game/TopDownCPP/Maps/MainMenuLev.MainMenuLev to /Game/TopDownCPP/Maps/UEDPIE_0_MainMenuLev.MainMenuLev (0.003726s)
[2025.04.10-02.32.16:021][233]LogUObjectHash: Compacting FUObjectHashTables data took   1.81ms
[2025.04.10-02.32.16:022][233]LogAudio: Display: Creating Audio Device:                 Id: 9, Scope: Unique, Realtime: True
[2025.04.10-02.32.16:022][233]LogAudioMixer: Display: Audio Mixer Platform Settings:
[2025.04.10-02.32.16:022][233]LogAudioMixer: Display: 	Sample Rate:						  48000
[2025.04.10-02.32.16:022][233]LogAudioMixer: Display: 	Callback Buffer Frame Size Requested: 1024
[2025.04.10-02.32.16:022][233]LogAudioMixer: Display: 	Callback Buffer Frame Size To Use:	  1024
[2025.04.10-02.32.16:022][233]LogAudioMixer: Display: 	Number of buffers to queue:			  2
[2025.04.10-02.32.16:022][233]LogAudioMixer: Display: 	Max Channels (voices):				  32
[2025.04.10-02.32.16:022][233]LogAudioMixer: Display: 	Number of Async Source Workers:		  0
[2025.04.10-02.32.16:022][233]LogAudio: Display: AudioDevice MaxSources: 32
[2025.04.10-02.32.16:022][233]LogAudio: Display: Audio Spatialization Plugin: None (built-in).
[2025.04.10-02.32.16:022][233]LogAudio: Display: Audio Reverb Plugin: None (built-in).
[2025.04.10-02.32.16:022][233]LogAudio: Display: Audio Occlusion Plugin: None (built-in).
[2025.04.10-02.32.16:022][233]LogAudioMixer: Display: Initializing audio mixer.
[2025.04.10-02.32.16:026][233]LogAudioMixer: Display: 0: FrontLeft
[2025.04.10-02.32.16:026][233]LogAudioMixer: Display: 1: FrontRight
[2025.04.10-02.32.16:044][233]LogAudioMixer: Display: Using Audio Device Headphone (Realtek(R) Audio)
[2025.04.10-02.32.16:044][233]LogAudioMixer: Display: Initializing Sound Submixes...
[2025.04.10-02.32.16:045][233]LogAudioMixer: Display: Creating Master Submix 'MasterSubmixDefault'
[2025.04.10-02.32.16:045][233]LogAudioMixer: Display: Creating Master Submix 'MasterReverbSubmixDefault'
[2025.04.10-02.32.16:045][233]LogAudioMixer: Display: Creating Master Submix 'MasterEQSubmixDefault'
[2025.04.10-02.32.16:045][233]LogAudioMixer: FMixerPlatformXAudio2::StartAudioStream() called
[2025.04.10-02.32.16:045][233]LogAudioMixer: Display: Output buffers initialized: Frames=1024, Channels=2, Samples=2048
[2025.04.10-02.32.16:046][233]LogAudioMixer: Display: Starting AudioMixerPlatformInterface::RunInternal()
[2025.04.10-02.32.16:046][233]LogAudioMixer: Display: FMixerPlatformXAudio2::SubmitBuffer() called for the first time
[2025.04.10-02.32.16:046][233]LogInit: FAudioDevice initialized.
[2025.04.10-02.32.16:046][233]LogAudio: Display: Audio Device (ID: 9) registered with world 'MainMenuLev'.
[2025.04.10-02.32.16:057][233]LogLoad: Game class is 'NewGameMode_C'
[2025.04.10-02.32.16:058][233]LogWorld: Bringing World /Game/TopDownCPP/Maps/UEDPIE_0_MainMenuLev.MainMenuLev up for play (max tick rate 60) at 2025.04.09-22.32.16
[2025.04.10-02.32.16:058][233]LogWorld: Bringing up level for play took: 0.000424
[2025.04.10-02.32.16:059][233]LogOnline: OSS: Creating online subsystem instance for: :Context_19
[2025.04.10-02.32.16:060][233]LogSpawn: Warning: SpawnActor failed because of collision at the spawn location [X=0.000 Y=0.000 Z=0.000] for [MainMenuCharacter_C]
[2025.04.10-02.32.16:061][233]LogGameMode: Warning: SpawnDefaultPawnAtTransform: Couldn't spawn Pawn of type MainMenuCharacter_C at Rotation: Pitch 0.000000 Yaw 0.000000 Roll 0.000000
Translation: 0.000000 0.000000 0.000000
Scale3D: 1.000000 1.000000 1.000000

[2025.04.10-02.32.16:062][233]LogViewport: Display: Viewport MouseLockMode Changed, LockOnCapture -> DoNotLock
[2025.04.10-02.32.16:062][233]LogViewport: Display: Viewport HideCursorDuringCapture Changed, False -> True
[2025.04.10-02.32.16:062][233]LogViewport: Display: Viewport MouseCaptureMode Changed, CapturePermanently_IncludingInitialMouseDown -> CaptureDuringMouseDown
[2025.04.10-02.32.16:062][233]PIE: Server logged in
[2025.04.10-02.32.16:062][233]PIE: Play in editor total start time 0.087 seconds.
[2025.04.10-02.32.17:289][306]LogNet: Browse: /Game/TopDownCPP/Maps/Tutorial1
[2025.04.10-02.32.17:289][306]LogLoad: LoadMap: /Game/TopDownCPP/Maps/Tutorial1
[2025.04.10-02.32.17:289][306]LogWorld: BeginTearingDown for /Game/TopDownCPP/Maps/UEDPIE_0_MainMenuLev
[2025.04.10-02.32.17:289][306]LogWorld: UWorld::CleanupWorld for MainMenuLev, bSessionEnded=true, bCleanupResources=true
[2025.04.10-02.32.17:289][306]LogSlate: InvalidateAllWidgets triggered.  All widgets were invalidated
[2025.04.10-02.32.17:305][306]LogAudio: Display: Audio Device unregistered from world 'None'.
[2025.04.10-02.32.17:307][306]LogUObjectHash: Compacting FUObjectHashTables data took   1.83ms
[2025.04.10-02.32.17:320][306]LogAudio: Display: Audio Device (ID: 9) registered with world 'Tutorial1'.
[2025.04.10-02.32.17:320][306]LogAIModule: Creating AISystem for world Tutorial1
[2025.04.10-02.32.17:321][306]LogLoad: Game class is 'TopDownPuzzleGameMode'
[2025.04.10-02.32.17:382][306]LogWorld: Bringing World /Game/TopDownCPP/Maps/UEDPIE_0_Tutorial1.Tutorial1 up for play (max tick rate 60) at 2025.04.09-22.32.17
[2025.04.10-02.32.17:382][306]LogWorld: Bringing up level for play took: 0.061110
[2025.04.10-02.32.17:384][306]LogLoad: Took 0.095232 seconds to LoadMap(/Game/TopDownCPP/Maps/Tutorial1)
[2025.04.10-02.32.23:996][697]LogTemp: Warning: Player entered the door!
[2025.04.10-02.32.24:012][698]LogNet: Browse: /Game/TopDownCPP/Maps/Level1
[2025.04.10-02.32.24:012][698]LogLoad: LoadMap: /Game/TopDownCPP/Maps/Level1
[2025.04.10-02.32.24:012][698]LogWorld: BeginTearingDown for /Game/TopDownCPP/Maps/UEDPIE_0_Tutorial1
[2025.04.10-02.32.24:013][698]LogWorld: UWorld::CleanupWorld for Tutorial1, bSessionEnded=true, bCleanupResources=true
[2025.04.10-02.32.24:013][698]LogSlate: InvalidateAllWidgets triggered.  All widgets were invalidated
[2025.04.10-02.32.24:053][698]LogAudio: Display: Audio Device unregistered from world 'None'.
[2025.04.10-02.32.24:056][698]LogUObjectHash: Compacting FUObjectHashTables data took   1.86ms
[2025.04.10-02.32.24:071][698]LogAudio: Display: Audio Device (ID: 9) registered with world 'Level1'.
[2025.04.10-02.32.24:072][698]LogAIModule: Creating AISystem for world Level1
[2025.04.10-02.32.24:072][698]LogLoad: Game class is 'TopDownPuzzleGameMode'
[2025.04.10-02.32.24:078][698]LogWorld: Bringing World /Game/TopDownCPP/Maps/UEDPIE_0_Level1.Level1 up for play (max tick rate 60) at 2025.04.09-22.32.24
[2025.04.10-02.32.24:078][698]LogWorld: Bringing up level for play took: 0.005714
[2025.04.10-02.32.24:080][698]LogLoad: Took 0.067697 seconds to LoadMap(/Game/TopDownCPP/Maps/Level1)
[2025.04.10-02.32.24:153][698]LogAudio: Warning: Detected orphaned looping sound 'Level1_AudioCue'.
[2025.04.10-02.32.31:702][151]LogTemp: Warning: Player entered the door!
[2025.04.10-02.32.31:718][152]LogNet: Browse: /Game/TopDownCPP/Maps/MainMenuLev
[2025.04.10-02.32.31:718][152]LogLoad: LoadMap: /Game/TopDownCPP/Maps/MainMenuLev
[2025.04.10-02.32.31:718][152]LogWorld: BeginTearingDown for /Game/TopDownCPP/Maps/UEDPIE_0_Level1
[2025.04.10-02.32.31:718][152]LogWorld: UWorld::CleanupWorld for Level1, bSessionEnded=true, bCleanupResources=true
[2025.04.10-02.32.31:718][152]LogSlate: InvalidateAllWidgets triggered.  All widgets were invalidated
[2025.04.10-02.32.31:788][152]LogAudio: Display: Audio Device unregistered from world 'None'.
[2025.04.10-02.32.31:792][152]LogUObjectHash: Compacting FUObjectHashTables data took   1.95ms
[2025.04.10-02.32.31:792][152]LogPlayLevel: Creating play world package: /Game/TopDownCPP/Maps/UEDPIE_0_MainMenuLev
[2025.04.10-02.32.31:795][152]LogPlayLevel: PIE: StaticDuplicateObject took: (0.002413s)
[2025.04.10-02.32.31:796][152]LogAIModule: Creating AISystem for world MainMenuLev
[2025.04.10-02.32.31:796][152]LogPlayLevel: PIE: World Init took: (0.000958s)
[2025.04.10-02.32.31:796][152]LogPlayLevel: PIE: Created PIE world by copying editor world from /Game/TopDownCPP/Maps/MainMenuLev.MainMenuLev to /Game/TopDownCPP/Maps/UEDPIE_0_MainMenuLev.MainMenuLev (0.003519s)
[2025.04.10-02.32.31:796][152]LogAudio: Display: Audio Device (ID: 9) registered with world 'MainMenuLev'.
[2025.04.10-02.32.31:796][152]LogLoad: Game class is 'NewGameMode_C'
[2025.04.10-02.32.31:797][152]LogWorld: Bringing World /Game/TopDownCPP/Maps/UEDPIE_0_MainMenuLev.MainMenuLev up for play (max tick rate 60) at 2025.04.09-22.32.31
[2025.04.10-02.32.31:797][152]LogWorld: Bringing up level for play took: 0.000445
[2025.04.10-02.32.31:797][152]LogGameMode: FindPlayerStart: PATHS NOT DEFINED or NO PLAYERSTART with positive rating
[2025.04.10-02.32.31:798][152]LogSpawn: Warning: SpawnActor failed because of collision at the spawn location [X=0.000 Y=0.000 Z=0.000] for [MainMenuCharacter_C]
[2025.04.10-02.32.31:798][152]LogGameMode: Warning: SpawnDefaultPawnAtTransform: Couldn't spawn Pawn of type MainMenuCharacter_C at Rotation: Pitch 0.000000 Yaw 0.000000 Roll 0.000000
Translation: 0.000000 0.000000 0.000000
Scale3D: 1.000000 1.000000 1.000000

[2025.04.10-02.32.31:798][152]LogLoad: Took 0.080463 seconds to LoadMap(/Game/TopDownCPP/Maps/UEDPIE_0_MainMenuLev)
[2025.04.10-02.32.35:123][349]LogSlate: Updating window title bar state: overlay mode, drag disabled, window buttons hidden, title bar hidden
[2025.04.10-02.32.35:123][349]LogWorld: BeginTearingDown for /Game/TopDownCPP/Maps/UEDPIE_0_MainMenuLev
[2025.04.10-02.32.35:123][349]LogWorld: UWorld::CleanupWorld for MainMenuLev, bSessionEnded=true, bCleanupResources=true
[2025.04.10-02.32.35:123][349]LogSlate: InvalidateAllWidgets triggered.  All widgets were invalidated
[2025.04.10-02.32.35:130][349]LogPlayLevel: Display: Shutting down PIE online subsystems
[2025.04.10-02.32.35:134][349]LogSlate: InvalidateAllWidgets triggered.  All widgets were invalidated
[2025.04.10-02.32.35:149][349]LogAudio: Display: Audio Device unregistered from world 'None'.
[2025.04.10-02.32.35:149][349]LogAudioMixer: FMixerPlatformXAudio2::StopAudioStream() called
[2025.04.10-02.32.35:150][349]LogAudioMixer: FMixerPlatformXAudio2::StopAudioStream() called
[2025.04.10-02.32.35:153][349]LogSlate: Updating window title bar state: overlay mode, drag disabled, window buttons hidden, title bar hidden
[2025.04.10-02.32.35:155][349]LogUObjectHash: Compacting FUObjectHashTables data took   1.84ms
[2025.04.10-02.32.35:194][351]LogPlayLevel: Display: Destroying online subsystem :Context_19
[2025.04.10-02.32.36:924][453]LogAssetEditorSubsystem: Opening Asset editor for LevelScriptBlueprint /Game/TopDownCPP/Maps/MainMenuLev.MainMenuLev:PersistentLevel.MainMenuLev
[2025.04.10-02.32.41:764][717]BlueprintLog: New page: Compile MainMenuLev
[2025.04.10-02.32.41:796][717]LogUObjectHash: Compacting FUObjectHashTables data took   2.16ms
[2025.04.10-02.32.43:316][801]LogUObjectHash: Compacting FUObjectHashTables data took   0.49ms
[2025.04.10-02.32.43:414][801]LogSavePackage: Moving '../../../../../../Unreal Projects/Top-Down-Puzzle/TopDownPuzzle/Saved/MainMenuLevB9331A6B47CBE57A360942AF9D5707E4.tmp' to '../../../../../../Unreal Projects/Top-Down-Puzzle/TopDownPuzzle/Content/TopDownCPP/Maps/MainMenuLev.umap'
[2025.04.10-02.32.43:436][801]LogFileHelpers: Saving map 'MainMenuLev' took 0.140
[2025.04.10-02.32.43:457][801]AssetCheck: New page: Asset Save: MainMenuLev
[2025.04.10-02.32.43:457][801]LogContentValidation: Display: Validating World /Game/TopDownCPP/Maps/MainMenuLev.MainMenuLev
[2025.04.10-02.32.44:700][876]LogSlate: Window 'MainMenuLev' being destroyed
[2025.04.10-02.32.44:708][876]LogSlate: Window 'MainMenuLev' being destroyed
[2025.04.10-02.32.44:713][876]LogWorld: UWorld::CleanupWorld for World_11, bSessionEnded=true, bCleanupResources=true
[2025.04.10-02.32.44:713][876]LogSlate: InvalidateAllWidgets triggered.  All widgets were invalidated
[2025.04.10-02.32.47:087][ 11]LogTemp: Repeating last play command: Selected Viewport
[2025.04.10-02.32.47:098][ 11]LogPlayLevel: PlayLevel: No blueprints needed recompiling
[2025.04.10-02.32.47:098][ 11]PIE: New page: PIE session: MainMenuLev (09-Apr-2025, 6:32:47 pm)
[2025.04.10-02.32.47:098][ 11]LogPlayLevel: Creating play world package: /Game/TopDownCPP/Maps/UEDPIE_0_MainMenuLev
[2025.04.10-02.32.47:102][ 11]LogPlayLevel: PIE: StaticDuplicateObject took: (0.003407s)
[2025.04.10-02.32.47:103][ 11]LogAIModule: Creating AISystem for world MainMenuLev
[2025.04.10-02.32.47:103][ 11]LogPlayLevel: PIE: World Init took: (0.001564s)
[2025.04.10-02.32.47:104][ 11]LogPlayLevel: PIE: Created PIE world by copying editor world from /Game/TopDownCPP/Maps/MainMenuLev.MainMenuLev to /Game/TopDownCPP/Maps/UEDPIE_0_MainMenuLev.MainMenuLev (0.005147s)
[2025.04.10-02.32.47:123][ 11]LogUObjectHash: Compacting FUObjectHashTables data took   1.88ms
[2025.04.10-02.32.47:123][ 11]LogAudio: Display: Creating Audio Device:                 Id: 10, Scope: Unique, Realtime: True
[2025.04.10-02.32.47:123][ 11]LogAudioMixer: Display: Audio Mixer Platform Settings:
[2025.04.10-02.32.47:123][ 11]LogAudioMixer: Display: 	Sample Rate:						  48000
[2025.04.10-02.32.47:123][ 11]LogAudioMixer: Display: 	Callback Buffer Frame Size Requested: 1024
[2025.04.10-02.32.47:123][ 11]LogAudioMixer: Display: 	Callback Buffer Frame Size To Use:	  1024
[2025.04.10-02.32.47:123][ 11]LogAudioMixer: Display: 	Number of buffers to queue:			  2
[2025.04.10-02.32.47:123][ 11]LogAudioMixer: Display: 	Max Channels (voices):				  32
[2025.04.10-02.32.47:123][ 11]LogAudioMixer: Display: 	Number of Async Source Workers:		  0
[2025.04.10-02.32.47:123][ 11]LogAudio: Display: AudioDevice MaxSources: 32
[2025.04.10-02.32.47:124][ 11]LogAudio: Display: Audio Spatialization Plugin: None (built-in).
[2025.04.10-02.32.47:124][ 11]LogAudio: Display: Audio Reverb Plugin: None (built-in).
[2025.04.10-02.32.47:124][ 11]LogAudio: Display: Audio Occlusion Plugin: None (built-in).
[2025.04.10-02.32.47:124][ 11]LogAudioMixer: Display: Initializing audio mixer.
[2025.04.10-02.32.47:127][ 11]LogAudioMixer: Display: 0: FrontLeft
[2025.04.10-02.32.47:127][ 11]LogAudioMixer: Display: 1: FrontRight
[2025.04.10-02.32.47:141][ 11]LogAudioMixer: Display: Using Audio Device Headphone (Realtek(R) Audio)
[2025.04.10-02.32.47:142][ 11]LogAudioMixer: Display: Initializing Sound Submixes...
[2025.04.10-02.32.47:142][ 11]LogAudioMixer: Display: Creating Master Submix 'MasterSubmixDefault'
[2025.04.10-02.32.47:142][ 11]LogAudioMixer: Display: Creating Master Submix 'MasterReverbSubmixDefault'
[2025.04.10-02.32.47:142][ 11]LogAudioMixer: Display: Creating Master Submix 'MasterEQSubmixDefault'
[2025.04.10-02.32.47:142][ 11]LogAudioMixer: FMixerPlatformXAudio2::StartAudioStream() called
[2025.04.10-02.32.47:142][ 11]LogAudioMixer: Display: Output buffers initialized: Frames=1024, Channels=2, Samples=2048
[2025.04.10-02.32.47:143][ 11]LogAudioMixer: Display: Starting AudioMixerPlatformInterface::RunInternal()
[2025.04.10-02.32.47:143][ 11]LogAudioMixer: Display: FMixerPlatformXAudio2::SubmitBuffer() called for the first time
[2025.04.10-02.32.47:143][ 11]LogInit: FAudioDevice initialized.
[2025.04.10-02.32.47:143][ 11]LogAudio: Display: Audio Device (ID: 10) registered with world 'MainMenuLev'.
[2025.04.10-02.32.47:149][ 11]LogLoad: Game class is 'NewGameMode_C'
[2025.04.10-02.32.47:150][ 11]LogWorld: Bringing World /Game/TopDownCPP/Maps/UEDPIE_0_MainMenuLev.MainMenuLev up for play (max tick rate 60) at 2025.04.09-22.32.47
[2025.04.10-02.32.47:150][ 11]LogWorld: Bringing up level for play took: 0.000380
[2025.04.10-02.32.47:150][ 11]LogOnline: OSS: Creating online subsystem instance for: :Context_21
[2025.04.10-02.32.47:152][ 11]LogSpawn: Warning: SpawnActor failed because of collision at the spawn location [X=0.000 Y=0.000 Z=0.000] for [MainMenuCharacter_C]
[2025.04.10-02.32.47:152][ 11]LogGameMode: Warning: SpawnDefaultPawnAtTransform: Couldn't spawn Pawn of type MainMenuCharacter_C at Rotation: Pitch 0.000000 Yaw 0.000000 Roll 0.000000
Translation: 0.000000 0.000000 0.000000
Scale3D: 1.000000 1.000000 1.000000

[2025.04.10-02.32.47:153][ 11]PIE: Server logged in
[2025.04.10-02.32.47:153][ 11]PIE: Play in editor total start time 0.06 seconds.
[2025.04.10-02.32.48:074][ 66]LogNet: Browse: /Game/TopDownCPP/Maps/Tutorial1
[2025.04.10-02.32.48:074][ 66]LogLoad: LoadMap: /Game/TopDownCPP/Maps/Tutorial1
[2025.04.10-02.32.48:074][ 66]LogWorld: BeginTearingDown for /Game/TopDownCPP/Maps/UEDPIE_0_MainMenuLev
[2025.04.10-02.32.48:075][ 66]LogWorld: UWorld::CleanupWorld for MainMenuLev, bSessionEnded=true, bCleanupResources=true
[2025.04.10-02.32.48:075][ 66]LogSlate: InvalidateAllWidgets triggered.  All widgets were invalidated
[2025.04.10-02.32.48:113][ 66]LogAudio: Display: Audio Device unregistered from world 'None'.
[2025.04.10-02.32.48:116][ 66]LogUObjectHash: Compacting FUObjectHashTables data took   1.94ms
[2025.04.10-02.32.48:130][ 66]LogAudio: Display: Audio Device (ID: 10) registered with world 'Tutorial1'.
[2025.04.10-02.32.48:132][ 66]LogAIModule: Creating AISystem for world Tutorial1
[2025.04.10-02.32.48:132][ 66]LogLoad: Game class is 'TopDownPuzzleGameMode'
[2025.04.10-02.32.48:135][ 66]LogWorld: Bringing World /Game/TopDownCPP/Maps/UEDPIE_0_Tutorial1.Tutorial1 up for play (max tick rate 60) at 2025.04.09-22.32.48
[2025.04.10-02.32.48:135][ 66]LogWorld: Bringing up level for play took: 0.002339
[2025.04.10-02.32.48:137][ 66]LogLoad: Took 0.062659 seconds to LoadMap(/Game/TopDownCPP/Maps/Tutorial1)
[2025.04.10-02.32.50:524][208]LogTemp: Warning: Player entered the door!
[2025.04.10-02.32.50:541][209]LogNet: Browse: /Game/TopDownCPP/Maps/Level1
[2025.04.10-02.32.50:541][209]LogLoad: LoadMap: /Game/TopDownCPP/Maps/Level1
[2025.04.10-02.32.50:541][209]LogWorld: BeginTearingDown for /Game/TopDownCPP/Maps/UEDPIE_0_Tutorial1
[2025.04.10-02.32.50:541][209]LogWorld: UWorld::CleanupWorld for Tutorial1, bSessionEnded=true, bCleanupResources=true
[2025.04.10-02.32.50:541][209]LogSlate: InvalidateAllWidgets triggered.  All widgets were invalidated
[2025.04.10-02.32.50:557][209]LogAudio: Display: Audio Device unregistered from world 'None'.
[2025.04.10-02.32.50:560][209]LogUObjectHash: Compacting FUObjectHashTables data took   1.89ms
[2025.04.10-02.32.50:574][209]LogAudio: Display: Audio Device (ID: 10) registered with world 'Level1'.
[2025.04.10-02.32.50:575][209]LogAIModule: Creating AISystem for world Level1
[2025.04.10-02.32.50:575][209]LogLoad: Game class is 'TopDownPuzzleGameMode'
[2025.04.10-02.32.50:581][209]LogWorld: Bringing World /Game/TopDownCPP/Maps/UEDPIE_0_Level1.Level1 up for play (max tick rate 60) at 2025.04.09-22.32.50
[2025.04.10-02.32.50:581][209]LogWorld: Bringing up level for play took: 0.005500
[2025.04.10-02.32.50:583][209]LogLoad: Took 0.041971 seconds to LoadMap(/Game/TopDownCPP/Maps/Level1)
[2025.04.10-02.32.50:604][209]LogAudio: Warning: Detected orphaned looping sound 'Level1_AudioCue'.
[2025.04.10-02.32.52:682][334]LogTemp: Warning: Player entered the door!
[2025.04.10-02.32.52:699][335]LogNet: Browse: /Game/TopDownCPP/Maps/MainMenuLev
[2025.04.10-02.32.52:699][335]LogLoad: LoadMap: /Game/TopDownCPP/Maps/MainMenuLev
[2025.04.10-02.32.52:699][335]LogWorld: BeginTearingDown for /Game/TopDownCPP/Maps/UEDPIE_0_Level1
[2025.04.10-02.32.52:699][335]LogWorld: UWorld::CleanupWorld for Level1, bSessionEnded=true, bCleanupResources=true
[2025.04.10-02.32.52:699][335]LogSlate: InvalidateAllWidgets triggered.  All widgets were invalidated
[2025.04.10-02.32.52:744][335]LogAudio: Display: Audio Device unregistered from world 'None'.
[2025.04.10-02.32.52:747][335]LogUObjectHash: Compacting FUObjectHashTables data took   1.84ms
[2025.04.10-02.32.52:747][335]LogPlayLevel: Creating play world package: /Game/TopDownCPP/Maps/UEDPIE_0_MainMenuLev
[2025.04.10-02.32.52:750][335]LogPlayLevel: PIE: StaticDuplicateObject took: (0.002380s)
[2025.04.10-02.32.52:751][335]LogAIModule: Creating AISystem for world MainMenuLev
[2025.04.10-02.32.52:751][335]LogPlayLevel: PIE: World Init took: (0.000930s)
[2025.04.10-02.32.52:751][335]LogPlayLevel: PIE: Created PIE world by copying editor world from /Game/TopDownCPP/Maps/MainMenuLev.MainMenuLev to /Game/TopDownCPP/Maps/UEDPIE_0_MainMenuLev.MainMenuLev (0.003450s)
[2025.04.10-02.32.52:751][335]LogAudio: Display: Audio Device (ID: 10) registered with world 'MainMenuLev'.
[2025.04.10-02.32.52:751][335]LogLoad: Game class is 'NewGameMode_C'
[2025.04.10-02.32.52:752][335]LogWorld: Bringing World /Game/TopDownCPP/Maps/UEDPIE_0_MainMenuLev.MainMenuLev up for play (max tick rate 60) at 2025.04.09-22.32.52
[2025.04.10-02.32.52:753][335]LogWorld: Bringing up level for play took: 0.000399
[2025.04.10-02.32.52:753][335]LogGameMode: FindPlayerStart: PATHS NOT DEFINED or NO PLAYERSTART with positive rating
[2025.04.10-02.32.52:753][335]LogSpawn: Warning: SpawnActor failed because of collision at the spawn location [X=0.000 Y=0.000 Z=0.000] for [MainMenuCharacter_C]
[2025.04.10-02.32.52:753][335]LogGameMode: Warning: SpawnDefaultPawnAtTransform: Couldn't spawn Pawn of type MainMenuCharacter_C at Rotation: Pitch 0.000000 Yaw 0.000000 Roll 0.000000
Translation: 0.000000 0.000000 0.000000
Scale3D: 1.000000 1.000000 1.000000

[2025.04.10-02.32.52:753][335]LogLoad: Took 0.054318 seconds to LoadMap(/Game/TopDownCPP/Maps/UEDPIE_0_MainMenuLev)
[2025.04.10-02.32.54:407][434]LogGenericPlatformMisc: FPlatformMisc::RequestExit(0)
[2025.04.10-02.32.54:407][434]LogCore: Engine exit requested (reason: GenericPlatform RequestExit)
[2025.04.10-02.32.54:750][435]LogCore: Engine exit requested (reason: EngineExit() was called; note: exit was already requested)
[2025.04.10-02.32.55:657][435]LogAudio: Display: Beginning Audio Device Manager Shutdown (Module: AudioMixerXAudio2)...
[2025.04.10-02.32.55:657][435]LogAudio: Display: Destroying 2 Remaining Audio Device(s)...
[2025.04.10-02.32.55:657][435]LogAudio: Display: Audio Device unregistered from world 'MainMenuLev'.
[2025.04.10-02.32.55:657][435]LogAudio: Display: Audio Device unregistered from world 'MainMenuLev'.
[2025.04.10-02.32.55:657][435]LogAudioMixer: FMixerPlatformXAudio2::StopAudioStream() called
[2025.04.10-02.32.55:661][435]LogAudioMixer: FMixerPlatformXAudio2::StopAudioStream() called
[2025.04.10-02.32.55:671][435]LogAudioMixer: FMixerPlatformXAudio2::StopAudioStream() called
[2025.04.10-02.32.55:708][435]LogAudioMixer: FMixerPlatformXAudio2::StopAudioStream() called
[2025.04.10-02.32.56:255][435]LogAudio: Display: Audio Device Manager Shutdown
[2025.04.10-02.32.56:259][435]LogSlate: Window 'TopDownPuzzle - Unreal Editor' being destroyed
[2025.04.10-02.32.56:314][435]LogWindowsTextInputMethodSystem: Display: IME system deactivated.
[2025.04.10-02.32.56:926][435]LogSlate: Updating window title bar state: overlay mode, drag disabled, window buttons hidden, title bar hidden
[2025.04.10-02.32.56:926][435]LogWorld: BeginTearingDown for /Game/TopDownCPP/Maps/UEDPIE_0_MainMenuLev
[2025.04.10-02.32.56:926][435]LogWorld: UWorld::CleanupWorld for MainMenuLev, bSessionEnded=true, bCleanupResources=true
[2025.04.10-02.32.56:926][435]LogSlate: InvalidateAllWidgets triggered.  All widgets were invalidated
[2025.04.10-02.32.57:016][435]LogPlayLevel: Display: Shutting down PIE online subsystems
[2025.04.10-02.32.57:019][435]LogSlate: InvalidateAllWidgets triggered.  All widgets were invalidated
[2025.04.10-02.32.57:061][435]LogSlate: Updating window title bar state: overlay mode, drag disabled, window buttons hidden, title bar hidden
[2025.04.10-02.32.57:066][435]LogUObjectHash: Compacting FUObjectHashTables data took   2.06ms
[2025.04.10-02.32.57:507][435]LogExit: Preparing to exit.
[2025.04.10-02.32.58:024][435]LogUObjectHash: Compacting FUObjectHashTables data took   5.93ms
[2025.04.10-02.32.59:944][435]LogWorld: UWorld::CleanupWorld for World_4, bSessionEnded=true, bCleanupResources=true
[2025.04.10-02.32.59:947][435]LogWorld: UWorld::CleanupWorld for World_3, bSessionEnded=true, bCleanupResources=true
[2025.04.10-02.32.59:949][435]LogWorld: UWorld::CleanupWorld for World_2, bSessionEnded=true, bCleanupResources=true
[2025.04.10-02.33.00:249][435]LogDemo: Cleaned up 0 splitscreen connections with owner deletion
[2025.04.10-02.33.00:870][435]LogWorld: UWorld::CleanupWorld for None, bSessionEnded=true, bCleanupResources=true
[2025.04.10-02.33.00:871][435]LogExit: Editor shut down
[2025.04.10-02.33.01:335][435]LogExit: Transaction tracking system shut down
[2025.04.10-02.33.06:983][435]LogExit: Object subsystem successfully closed.
[2025.04.10-02.33.07:133][435]LogShaderCompilers: Display: === FShaderJobCache stats ===
[2025.04.10-02.33.07:133][435]LogShaderCompilers: Display: Total job queries 0, among them cache hits 0 (0.00%)
[2025.04.10-02.33.07:133][435]LogShaderCompilers: Display: Tracking 0 distinct input hashes that result in 0 distinct outputs (0.00%)
[2025.04.10-02.33.07:133][435]LogShaderCompilers: Display: RAM used: 0.00 MB (0.00 GB) of 819.20 MB (0.80 GB) budget. Usage: 0.00%
[2025.04.10-02.33.07:133][435]LogShaderCompilers: Display: ================================================
[2025.04.10-02.33.07:352][435]LogShaderCompilers: Display: Shaders left to compile 0
[2025.04.10-02.33.07:705][435]LogModuleManager: Shutting down and abandoning module TopDownPuzzle (882)
[2025.04.10-02.33.07:705][435]LogModuleManager: Shutting down and abandoning module MovieSceneCapture (880)
[2025.04.10-02.33.07:705][435]LogModuleManager: Shutting down and abandoning module Voice (878)
[2025.04.10-02.33.07:705][435]LogModuleManager: Shutting down and abandoning module StatsViewer (876)
[2025.04.10-02.33.07:706][435]LogModuleManager: Shutting down and abandoning module SequencerWidgets (874)
[2025.04.10-02.33.07:706][435]LogModuleManager: Shutting down and abandoning module BlueprintGraph (872)
[2025.04.10-02.33.07:706][435]LogModuleManager: Shutting down and abandoning module HierarchicalLODOutliner (870)
[2025.04.10-02.33.07:706][435]LogModuleManager: Shutting down and abandoning module SceneOutliner (868)
[2025.04.10-02.33.07:706][435]LogModuleManager: Shutting down and abandoning module AddContentDialog (866)
[2025.04.10-02.33.08:235][435]LogModuleManager: Shutting down and abandoning module WidgetCarousel (865)
[2025.04.10-02.33.08:235][435]LogModuleManager: Shutting down and abandoning module EditorWidgets (862)
[2025.04.10-02.33.08:235][435]LogModuleManager: Shutting down and abandoning module PIEPreviewDeviceProfileSelector (860)
[2025.04.10-02.33.08:236][435]LogModuleManager: Shutting down and abandoning module SequenceRecorderSections (858)
[2025.04.10-02.33.08:236][435]LogModuleManager: Shutting down and abandoning module AutomationWorker (856)
[2025.04.10-02.33.08:237][435]LogModuleManager: Shutting down and abandoning module SteamVREditor (854)
[2025.04.10-02.33.08:237][435]LogModuleManager: Shutting down and abandoning module OculusMR (852)
[2025.04.10-02.33.08:237][435]LogModuleManager: Shutting down and abandoning module TakeRecorderSources (850)
[2025.04.10-02.33.08:238][435]LogModuleManager: Shutting down and abandoning module TakeRecorder (849)
[2025.04.10-02.33.08:243][435]LogModuleManager: Shutting down and abandoning module TakeTrackRecorders (846)
[2025.04.10-02.33.08:244][435]LogModuleManager: Shutting down and abandoning module TakesCore (844)
[2025.04.10-02.33.08:244][435]LogModuleManager: Shutting down and abandoning module OpenXRInput (842)
[2025.04.10-02.33.08:244][435]LogModuleManager: Shutting down and abandoning module GooglePADEditor (840)
[2025.04.10-02.33.08:244][435]LogModuleManager: Shutting down and abandoning module AudioCaptureEditor (838)
[2025.04.10-02.33.08:244][435]LogModuleManager: Shutting down and abandoning module TemplateSequenceEditor (836)
[2025.04.10-02.33.08:250][435]LogModuleManager: Shutting down and abandoning module MatineeToLevelSequence (834)
[2025.04.10-02.33.08:250][435]LogModuleManager: Shutting down and abandoning module ActorSequenceEditor (832)
[2025.04.10-02.33.08:272][435]LogModuleManager: Shutting down and abandoning module LevelSequenceEditor (830)
[2025.04.10-02.33.08:298][435]LogModuleManager: Shutting down and abandoning module WmfMediaFactory (828)
[2025.04.10-02.33.08:298][435]LogModuleManager: Shutting down and abandoning module WmfMediaEditor (826)
[2025.04.10-02.33.08:298][435]LogModuleManager: Shutting down and abandoning module WebMMediaFactory (824)
[2025.04.10-02.33.08:298][435]LogModuleManager: Shutting down and abandoning module WebMMediaEditor (822)
[2025.04.10-02.33.08:298][435]LogModuleManager: Shutting down and abandoning module WebMMedia (820)
[2025.04.10-02.33.08:298][435]LogModuleManager: Shutting down and abandoning module MediaPlayerEditor (818)
[2025.04.10-02.33.08:299][435]LogModuleManager: Shutting down and abandoning module MediaCompositingEditor (816)
[2025.04.10-02.33.08:300][435]LogModuleManager: Shutting down and abandoning module SequenceRecorder (815)
[2025.04.10-02.33.08:301][435]LogModuleManager: Shutting down and abandoning module OpenExrWrapper (812)
[2025.04.10-02.33.08:301][435]LogModuleManager: Shutting down and abandoning module ImgMediaFactory (810)
[2025.04.10-02.33.08:301][435]LogModuleManager: Shutting down and abandoning module ImgMediaEditor (808)
[2025.04.10-02.33.08:301][435]LogModuleManager: Shutting down and abandoning module AvfMediaFactory (806)
[2025.04.10-02.33.08:301][435]LogModuleManager: Shutting down and abandoning module AvfMediaEditor (804)
[2025.04.10-02.33.08:301][435]LogModuleManager: Shutting down and abandoning module AndroidMediaFactory (802)
[2025.04.10-02.33.08:301][435]LogModuleManager: Shutting down and abandoning module AndroidMediaEditor (800)
[2025.04.10-02.33.08:301][435]LogModuleManager: Shutting down and abandoning module PlanarCut (798)
[2025.04.10-02.33.08:301][435]LogModuleManager: Shutting down and abandoning module MagicLeapMediaCodecFactory (796)
[2025.04.10-02.33.08:302][435]LogModuleManager: Shutting down and abandoning module MagicLeapMediaFactory (794)
[2025.04.10-02.33.08:302][435]LogModuleManager: Shutting down and abandoning module MagicLeapMediaEditor (792)
[2025.04.10-02.33.08:302][435]LogModuleManager: Shutting down and abandoning module CharacterAI (790)
[2025.04.10-02.33.08:302][435]LogModuleManager: Shutting down and abandoning module TextureAlignMode (788)
[2025.04.10-02.33.08:302][435]LogModuleManager: Shutting down and abandoning module BspMode (786)
[2025.04.10-02.33.08:303][435]LogModuleManager: Shutting down and abandoning module GeometryMode (784)
[2025.04.10-02.33.08:303][435]LogModuleManager: Shutting down and abandoning module CameraShakePreviewer (782)
[2025.04.10-02.33.08:303][435]LogModuleManager: Shutting down and abandoning module SmartSnapping (780)
[2025.04.10-02.33.08:303][435]LogModuleManager: Shutting down and abandoning module SessionServices (778)
[2025.04.10-02.33.08:303][435]LogModuleManager: Shutting down and abandoning module MeshPaint (776)
[2025.04.10-02.33.08:304][435]LogModuleManager: Shutting down and abandoning module VirtualTexturingEditor (774)
[2025.04.10-02.33.08:304][435]LogModuleManager: Shutting down and abandoning module FoliageEdit (772)
[2025.04.10-02.33.08:305][435]LogModuleManager: Shutting down and abandoning module LandscapeEditor (770)
[2025.04.10-02.33.08:307][435]LogModuleManager: Shutting down and abandoning module MeshPaintMode (768)
[2025.04.10-02.33.08:307][435]LogModuleManager: Shutting down and abandoning module SceneDepthPickerMode (766)
[2025.04.10-02.33.08:307][435]LogModuleManager: Shutting down and abandoning module ActorPickerMode (764)
[2025.04.10-02.33.08:307][435]LogModuleManager: Shutting down and abandoning module PlacementMode (762)
[2025.04.10-02.33.08:307][435]LogModuleManager: Shutting down and abandoning module ViewportSnapping (760)
[2025.04.10-02.33.08:307][435]LogModuleManager: Shutting down and abandoning module ViewportInteraction (758)
[2025.04.10-02.33.08:307][435]LogModuleManager: Shutting down and abandoning module ClothPainter (756)
[2025.04.10-02.33.08:309][435]LogModuleManager: Shutting down and abandoning module SkeletalMeshEditor (755)
[2025.04.10-02.33.08:310][435]LogModuleManager: Shutting down and abandoning module LogVisualizer (752)
[2025.04.10-02.33.08:312][435]LogModuleManager: Shutting down and abandoning module IntroTutorials (750)
[2025.04.10-02.33.08:312][435]LogModuleManager: Shutting down and abandoning module GameProjectGeneration (749)
[2025.04.10-02.33.08:312][435]LogModuleManager: Shutting down and abandoning module LuminPlatformEditor (746)
[2025.04.10-02.33.08:313][435]LogModuleManager: Shutting down and abandoning module IOSPlatformEditor (744)
[2025.04.10-02.33.08:313][435]LogModuleManager: Shutting down and abandoning module AndroidPlatformEditor (742)
[2025.04.10-02.33.08:313][435]LogModuleManager: Shutting down and abandoning module AndroidDeviceDetection (741)
[2025.04.10-02.33.09:051][435]LogModuleManager: Shutting down and abandoning module WindowsPlatformEditor (738)
[2025.04.10-02.33.09:051][435]LogModuleManager: Shutting down and abandoning module LuminRuntimeSettings (736)
[2025.04.10-02.33.09:051][435]LogModuleManager: Shutting down and abandoning module IOSRuntimeSettings (734)
[2025.04.10-02.33.09:051][435]LogModuleManager: Shutting down and abandoning module AndroidRuntimeSettings (732)
[2025.04.10-02.33.09:051][435]LogModuleManager: Shutting down and abandoning module TraceInsights (730)
[2025.04.10-02.33.09:054][435]MemoryProfiler: Shutdown
[2025.04.10-02.33.09:054][435]NetworkingProfiler: Shutdown
[2025.04.10-02.33.09:055][435]LoadingProfiler: Shutdown
[2025.04.10-02.33.09:055][435]TimingProfiler: Shutdown
[2025.04.10-02.33.09:057][435]LogModuleManager: Shutting down and abandoning module TraceServices (729)
[2025.04.10-02.33.09:058][435]LogModuleManager: Shutting down and abandoning module EditorInteractiveToolsFramework (726)
[2025.04.10-02.33.09:058][435]LogModuleManager: Shutting down and abandoning module TimeManagementEditor (724)
[2025.04.10-02.33.09:058][435]LogModuleManager: Shutting down and abandoning module InputBindingEditor (722)
[2025.04.10-02.33.09:058][435]LogModuleManager: Shutting down and abandoning module MergeActors (720)
[2025.04.10-02.33.09:059][435]LogModuleManager: Shutting down and abandoning module LocalizationDashboard (718)
[2025.04.10-02.33.09:060][435]LogModuleManager: Shutting down and abandoning module LocalizationService (717)
[2025.04.10-02.33.09:060][435]LogModuleManager: Shutting down and abandoning module HardwareTargeting (714)
[2025.04.10-02.33.09:060][435]LogModuleManager: Shutting down and abandoning module DeviceProfileEditor (712)
[2025.04.10-02.33.09:061][435]LogModuleManager: Shutting down and abandoning module UndoHistory (710)
[2025.04.10-02.33.09:061][435]LogModuleManager: Shutting down and abandoning module XmlParser (708)
[2025.04.10-02.33.09:061][435]LogModuleManager: Shutting down and abandoning module Blutility (706)
[2025.04.10-02.33.09:062][435]LogModuleManager: Shutting down and abandoning module ProjectSettingsViewer (704)
[2025.04.10-02.33.09:062][435]LogModuleManager: Shutting down and abandoning module ProjectTargetPlatformEditor (703)
[2025.04.10-02.33.09:062][435]LogModuleManager: Shutting down and abandoning module EditorSettingsViewer (700)
[2025.04.10-02.33.09:062][435]LogModuleManager: Shutting down and abandoning module InternationalizationSettings (699)
[2025.04.10-02.33.09:062][435]LogModuleManager: Shutting down and abandoning module SettingsEditor (696)
[2025.04.10-02.33.09:063][435]LogModuleManager: Shutting down and abandoning module ProjectLauncher (694)
[2025.04.10-02.33.09:063][435]LogModuleManager: Shutting down and abandoning module SessionFrontend (692)
[2025.04.10-02.33.09:064][435]LogModuleManager: Shutting down and abandoning module ProfilerClient (690)
[2025.04.10-02.33.09:064][435]LogModuleManager: Shutting down and abandoning module DeviceManager (688)
[2025.04.10-02.33.09:064][435]LogModuleManager: Shutting down and abandoning module TargetDeviceServices (687)
[2025.04.10-02.33.09:098][435]LogModuleManager: Shutting down and abandoning module AutomationController (684)
[2025.04.10-02.33.09:098][435]LogModuleManager: Shutting down and abandoning module AutomationWindow (682)
[2025.04.10-02.33.09:099][435]LogModuleManager: Shutting down and abandoning module Layers (680)
[2025.04.10-02.33.09:100][435]LogModuleManager: Shutting down and abandoning module ComponentVisualizers (678)
[2025.04.10-02.33.09:100][435]LogModuleManager: Shutting down and abandoning module DetailCustomizations (676)
[2025.04.10-02.33.09:100][435]LogModuleManager: Shutting down and abandoning module PackagesDialog (674)
[2025.04.10-02.33.09:100][435]LogModuleManager: Shutting down and abandoning module AnimationBlueprintEditor (672)
[2025.04.10-02.33.09:101][435]LogModuleManager: Shutting down and abandoning module Persona (670)
[2025.04.10-02.33.09:102][435]LogModuleManager: Shutting down and abandoning module AdvancedPreviewScene (669)
[2025.04.10-02.33.09:102][435]LogModuleManager: Shutting down and abandoning module Kismet (666)
[2025.04.10-02.33.09:116][435]LogModuleManager: Shutting down and abandoning module KismetWidgets (665)
[2025.04.10-02.33.09:116][435]LogModuleManager: Shutting down and abandoning module GraphEditor (662)
[2025.04.10-02.33.09:117][435]LogModuleManager: Shutting down and abandoning module StructViewer (660)
[2025.04.10-02.33.09:117][435]LogModuleManager: Shutting down and abandoning module ClassViewer (658)
[2025.04.10-02.33.09:118][435]LogModuleManager: Shutting down and abandoning module Toolbox (656)
[2025.04.10-02.33.09:119][435]LogModuleManager: Shutting down and abandoning module ModuleUI (654)
[2025.04.10-02.33.09:119][435]LogModuleManager: Shutting down and abandoning module OutputLog (652)
[2025.04.10-02.33.09:150][435]LogModuleManager: Shutting down and abandoning module GammaUI (650)
[2025.04.10-02.33.09:150][435]LogModuleManager: Shutting down and abandoning module Documentation (648)
[2025.04.10-02.33.09:150][435]LogModuleManager: Shutting down and abandoning module LiveCoding (646)
[2025.04.10-02.33.09:151][435]LogModuleManager: Shutting down and abandoning module LevelSequence (644)
[2025.04.10-02.33.09:151][435]LogModuleManager: Shutting down and abandoning module MovieSceneTracks (642)
[2025.04.10-02.33.09:151][435]LogModuleManager: Shutting down and abandoning module MovieScene (640)
[2025.04.10-02.33.09:151][435]LogModuleManager: Shutting down and abandoning module StreamingPauseRendering (638)
[2025.04.10-02.33.09:152][435]LogModuleManager: Shutting down and abandoning module LauncherPlatform (636)
[2025.04.10-02.33.09:152][435]LogModuleManager: Shutting down and abandoning module AnalyticsET (634)
[2025.04.10-02.33.09:152][435]LogModuleManager: Shutting down and abandoning module PortalServices (632)
[2025.04.10-02.33.09:152][435]LogModuleManager: Shutting down and abandoning module PortalRpc (630)
[2025.04.10-02.33.09:152][435]LogModuleManager: Shutting down and abandoning module MessagingRpc (628)
[2025.04.10-02.33.09:152][435]LogModuleManager: Shutting down and abandoning module AudioMixerXAudio2 (626)
[2025.04.10-02.33.09:152][435]LogModuleManager: Shutting down and abandoning module AudioMixerCore (625)
[2025.04.10-02.33.09:152][435]LogModuleManager: Shutting down and abandoning module AIModule (622)
[2025.04.10-02.33.09:152][435]LogModuleManager: Shutting down and abandoning module GameplayDebugger (621)
[2025.04.10-02.33.09:152][435]LogModuleManager: Shutting down and abandoning module AITestSuite (619)
[2025.04.10-02.33.09:152][435]LogModuleManager: Shutting down and abandoning module NavigationSystem (617)
[2025.04.10-02.33.09:152][435]LogModuleManager: Shutting down and abandoning module ImageWriteQueue (614)
[2025.04.10-02.33.09:152][435]LogModuleManager: Shutting down and abandoning module ProfilerService (612)
[2025.04.10-02.33.09:202][435]LogModuleManager: Shutting down and abandoning module TaskGraph (610)
[2025.04.10-02.33.09:203][435]LogModuleManager: Shutting down and abandoning module AudioSynesthesiaEditor (608)
[2025.04.10-02.33.09:203][435]LogModuleManager: Shutting down and abandoning module OculusEditor (606)
[2025.04.10-02.33.09:215][435]LogModuleManager: Shutting down and abandoning module OculusInput (604)
[2025.04.10-02.33.09:215][435]LogModuleManager: Shutting down and abandoning module ContentBrowserClassDataSource (602)
[2025.04.10-02.33.09:215][435]LogModuleManager: Shutting down and abandoning module ContentBrowserFileDataSource (600)
[2025.04.10-02.33.09:215][435]LogModuleManager: Shutting down and abandoning module ContentBrowserAssetDataSource (598)
[2025.04.10-02.33.09:215][435]LogModuleManager: Shutting down and abandoning module CollectionManager (597)
[2025.04.10-02.33.09:216][435]LogModuleManager: Shutting down and abandoning module TakeSequencer (594)
[2025.04.10-02.33.09:216][435]LogModuleManager: Shutting down and abandoning module TakeMovieScene (592)
[2025.04.10-02.33.09:216][435]LogModuleManager: Shutting down and abandoning module SynthesisEditor (590)
[2025.04.10-02.33.09:216][435]LogModuleManager: Shutting down and abandoning module Synthesis (588)
[2025.04.10-02.33.09:216][435]LogModuleManager: Shutting down and abandoning module ProceduralMeshComponentEditor (586)
[2025.04.10-02.33.09:216][435]LogModuleManager: Shutting down and abandoning module ProceduralMeshComponent (584)
[2025.04.10-02.33.09:217][435]LogModuleManager: Shutting down and abandoning module ScreenshotTools (582)
[2025.04.10-02.33.09:217][435]LogModuleManager: Shutting down and abandoning module OpenXREditor (580)
[2025.04.10-02.33.09:217][435]LogModuleManager: Shutting down and abandoning module MobilePatchingUtils (578)
[2025.04.10-02.33.09:217][435]LogModuleManager: Shutting down and abandoning module GooglePAD (576)
[2025.04.10-02.33.09:217][435]LogModuleManager: Shutting down and abandoning module EditableMesh (574)
[2025.04.10-02.33.09:217][435]LogModuleManager: Shutting down and abandoning module CustomMeshComponent (572)
[2025.04.10-02.33.09:217][435]LogModuleManager: Shutting down and abandoning module CableComponent (570)
[2025.04.10-02.33.09:217][435]LogModuleManager: Shutting down and abandoning module AssetTags (568)
[2025.04.10-02.33.09:218][435]LogModuleManager: Shutting down and abandoning module AudioCapture (566)
[2025.04.10-02.33.09:218][435]LogModuleManager: Shutting down and abandoning module AudioCaptureRtAudio (565)
[2025.04.10-02.33.09:218][435]LogModuleManager: Shutting down and abandoning module ArchVisCharacter (562)
[2025.04.10-02.33.09:218][435]LogModuleManager: Shutting down and abandoning module AppleImageUtilsBlueprintSupport (560)
[2025.04.10-02.33.09:218][435]LogModuleManager: Shutting down and abandoning module AppleImageUtils (558)
[2025.04.10-02.33.09:218][435]LogModuleManager: Shutting down and abandoning module AndroidPermission (556)
[2025.04.10-02.33.09:218][435]LogModuleManager: Shutting down and abandoning module ActorLayerUtilitiesEditor (554)
[2025.04.10-02.33.09:218][435]LogModuleManager: Shutting down and abandoning module ActorLayerUtilities (552)
[2025.04.10-02.33.09:218][435]LogModuleManager: Shutting down and abandoning module TemplateSequence (550)
[2025.04.10-02.33.09:218][435]LogModuleManager: Shutting down and abandoning module MediaCompositing (548)
[2025.04.10-02.33.09:218][435]LogModuleManager: Shutting down and abandoning module ImgMedia (546)
[2025.04.10-02.33.09:218][435]LogModuleManager: Shutting down and abandoning module MotoSynthEditor (544)
[2025.04.10-02.33.09:218][435]LogModuleManager: Shutting down and abandoning module MotoSynth (542)
[2025.04.10-02.33.09:218][435]LogModuleManager: Shutting down and abandoning module OpenImageDenoise (540)
[2025.04.10-02.33.09:219][435]LogOpenImageDenoise: OIDN shutting down
[2025.04.10-02.33.09:219][435]LogModuleManager: Shutting down and abandoning module MeshConversion (538)
[2025.04.10-02.33.09:219][435]LogModuleManager: Shutting down and abandoning module DynamicMesh (536)
[2025.04.10-02.33.09:219][435]LogModuleManager: Shutting down and abandoning module GeometryAlgorithms (534)
[2025.04.10-02.33.09:220][435]LogModuleManager: Shutting down and abandoning module GeometricObjects (532)
[2025.04.10-02.33.09:220][435]LogModuleManager: Shutting down and abandoning module GeometryCollectionTracks (530)
[2025.04.10-02.33.09:220][435]LogModuleManager: Shutting down and abandoning module GeometryCollectionSequencer (529)
[2025.04.10-02.33.09:220][435]LogModuleManager: Shutting down and abandoning module GeometryCollectionEditor (526)
[2025.04.10-02.33.09:221][435]LogModuleManager: Shutting down and abandoning module GeometryCacheTracks (524)
[2025.04.10-02.33.09:221][435]LogModuleManager: Shutting down and abandoning module GeometryCacheStreamer (522)
[2025.04.10-02.33.09:221][435]LogModuleManager: Shutting down and abandoning module GeometryCacheSequencer (520)
[2025.04.10-02.33.09:221][435]LogModuleManager: Shutting down and abandoning module MagicLeapSharedWorld (518)
[2025.04.10-02.33.09:245][435]LogModuleManager: Shutting down and abandoning module MagicLeapLightEstimation (516)
[2025.04.10-02.33.09:245][435]LogModuleManager: Shutting down and abandoning module MagicLeapHelperVulkan (514)
[2025.04.10-02.33.09:257][435]LogModuleManager: Shutting down and abandoning module MagicLeapHelperOpenGL (512)
[2025.04.10-02.33.09:257][435]LogModuleManager: Shutting down and abandoning module MagicLeapAudio (510)
[2025.04.10-02.33.09:257][435]LogModuleManager: Shutting down and abandoning module ChaosSolverEditor (508)
[2025.04.10-02.33.09:257][435]LogModuleManager: Shutting down and abandoning module ChaosNiagara (506)
[2025.04.10-02.33.09:257][435]LogModuleManager: Shutting down and abandoning module ChaosClothEditor (504)
[2025.04.10-02.33.09:258][435]LogModuleManager: Shutting down and abandoning module FractureEditor (502)
[2025.04.10-02.33.09:258][435]LogModuleManager: Shutting down and abandoning module FieldSystemEngine (501)
[2025.04.10-02.33.09:258][435]LogModuleManager: Shutting down and abandoning module BackChannel (498)
[2025.04.10-02.33.09:258][435]LogModuleManager: Shutting down and abandoning module AutomationUtilsEditor (496)
[2025.04.10-02.33.09:258][435]LogModuleManager: Shutting down and abandoning module AutomationUtils (494)
[2025.04.10-02.33.09:258][435]LogModuleManager: Shutting down and abandoning module AlembicImporter (492)
[2025.04.10-02.33.09:258][435]LogModuleManager: Shutting down and abandoning module AlembicLibrary (491)
[2025.04.10-02.33.09:259][435]LogModuleManager: Shutting down and abandoning module GeometryCache (490)
[2025.04.10-02.33.09:259][435]LogModuleManager: Shutting down and abandoning module GeometryCacheEd (489)
[2025.04.10-02.33.09:259][435]LogModuleManager: Shutting down and abandoning module VariantManagerContentEditor (484)
[2025.04.10-02.33.09:259][435]LogModuleManager: Shutting down and abandoning module DatasmithContentEditor (482)
[2025.04.10-02.33.09:259][435]LogModuleManager: Shutting down and abandoning module NiagaraEditorWidgets (480)
[2025.04.10-02.33.09:261][435]LogModuleManager: Shutting down and abandoning module MobileLauncherProfileWizard (478)
[2025.04.10-02.33.09:262][435]LogModuleManager: Shutting down and abandoning module SpeedTreeImporter (476)
[2025.04.10-02.33.09:262][435]LogModuleManager: Shutting down and abandoning module PluginBrowser (474)
[2025.04.10-02.33.09:264][435]LogModuleManager: Shutting down and abandoning module MaterialAnalyzer (472)
[2025.04.10-02.33.09:264][435]LogModuleManager: Shutting down and abandoning module CryptoKeysOpenSSL (470)
[2025.04.10-02.33.09:264][435]LogModuleManager: Shutting down and abandoning module CryptoKeys (468)
[2025.04.10-02.33.09:264][435]LogModuleManager: Shutting down and abandoning module CurveEditorTools (466)
[2025.04.10-02.33.09:264][435]LogModuleManager: Shutting down and abandoning module UObjectPlugin (464)
[2025.04.10-02.33.09:264][435]LogModuleManager: Shutting down and abandoning module VisualStudioSourceCodeAccess (462)
[2025.04.10-02.33.09:264][435]LogModuleManager: Shutting down and abandoning module VisualStudioCodeSourceCodeAccess (460)
[2025.04.10-02.33.09:264][435]LogModuleManager: Shutting down and abandoning module SubversionSourceControl (458)
[2025.04.10-02.33.09:265][435]LogModuleManager: Shutting down and abandoning module RiderSourceCodeAccess (456)
[2025.04.10-02.33.09:265][435]LogModuleManager: Shutting down and abandoning module PluginUtils (454)
[2025.04.10-02.33.09:266][435]LogModuleManager: Shutting down and abandoning module PlasticSourceControl (452)
[2025.04.10-02.33.09:267][435]LogModuleManager: Shutting down and abandoning module PerforceSourceControl (450)
[2025.04.10-02.33.09:268][435]LogModuleManager: Shutting down and abandoning module GitSourceControl (448)
[2025.04.10-02.33.09:269][435]LogModuleManager: Shutting down and abandoning module SourceControl (447)
[2025.04.10-02.33.09:269][435]LogModuleManager: Shutting down and abandoning module CLionSourceCodeAccess (444)
[2025.04.10-02.33.09:270][435]LogModuleManager: Shutting down and abandoning module AnimationSharingEd (442)
[2025.04.10-02.33.09:270][435]LogModuleManager: Shutting down and abandoning module OodleNetworkHandlerComponent (440)
[2025.04.10-02.33.09:270][435]LogModuleManager: Shutting down and abandoning module LightPropagationVolumeEditor (438)
[2025.04.10-02.33.09:270][435]LogModuleManager: Shutting down and abandoning module LiveLinkSequencer (436)
[2025.04.10-02.33.09:270][435]LogModuleManager: Shutting down and abandoning module LiveLinkMovieScene (434)
[2025.04.10-02.33.09:270][435]LogModuleManager: Shutting down and abandoning module LiveLinkGraphNode (432)
[2025.04.10-02.33.09:270][435]LogModuleManager: Shutting down and abandoning module LiveLinkEditor (430)
[2025.04.10-02.33.09:270][435]LogModuleManager: Shutting down and abandoning module LiveLinkComponents (428)
[2025.04.10-02.33.09:270][435]LogModuleManager: Shutting down and abandoning module LiveLink (426)
[2025.04.10-02.33.09:373][435]LogModuleManager: Shutting down and abandoning module PaperTiledImporter (424)
[2025.04.10-02.33.09:373][435]LogModuleManager: Shutting down and abandoning module PaperSpriteSheetImporter (422)
[2025.04.10-02.33.09:373][435]LogModuleManager: Shutting down and abandoning module Paper2DEditor (420)
[2025.04.10-02.33.09:374][435]LogModuleManager: Shutting down and abandoning module MeshPaintingToolset (418)
[2025.04.10-02.33.09:374][435]LogModuleManager: Shutting down and abandoning module MeshPaintEditorMode (416)
[2025.04.10-02.33.09:375][435]LogModuleManager: Shutting down and abandoning module AnimGraph (413)
[2025.04.10-02.33.09:375][435]LogModuleManager: Shutting down and abandoning module SoundFields (410)
[2025.04.10-02.33.09:375][435]LogModuleManager: Shutting down and abandoning module RuntimePhysXCooking (408)
[2025.04.10-02.33.09:375][435]LogModuleManager: Shutting down and abandoning module SignificanceManager (406)
[2025.04.10-02.33.09:375][435]LogModuleManager: Shutting down and abandoning module PropertyAccessEditor (404)
[2025.04.10-02.33.09:376][435]LogModuleManager: Shutting down and abandoning module PhysXVehiclesEditor (402)
[2025.04.10-02.33.09:376][435]LogModuleManager: Shutting down and abandoning module LocationServicesBPLibrary (398)
[2025.04.10-02.33.09:376][435]LogModuleManager: Shutting down and abandoning module AudioSynesthesia (396)
[2025.04.10-02.33.09:376][435]LogModuleManager: Shutting down and abandoning module AudioSynesthesiaCore (394)
[2025.04.10-02.33.09:376][435]LogModuleManager: Shutting down and abandoning module ActorSequence (392)
[2025.04.10-02.33.09:376][435]LogModuleManager: Shutting down and abandoning module TcpMessaging (390)
[2025.04.10-02.33.09:478][435]LogModuleManager: Shutting down and abandoning module UdpMessaging (388)
[2025.04.10-02.33.09:578][435]LogModuleManager: Shutting down and abandoning module ImgMediaEngine (386)
[2025.04.10-02.33.09:578][435]LogModuleManager: Shutting down and abandoning module PythonScriptPlugin (384)
[2025.04.10-02.33.09:578][435]LogModuleManager: Shutting down and abandoning module MagicLeapARPin (382)
[2025.04.10-02.33.09:578][435]LogModuleManager: Shutting down and abandoning module MagicLeapHandMeshing (380)
[2025.04.10-02.33.09:578][435]LogModuleManager: Shutting down and abandoning module MagicLeapSecureStorage (378)
[2025.04.10-02.33.09:578][435]LogModuleManager: Shutting down and abandoning module MagicLeapPrivileges (376)
[2025.04.10-02.33.09:578][435]LogModuleManager: Shutting down and abandoning module MagicLeapPlanes (374)
[2025.04.10-02.33.09:578][435]LogMagicLeapPlanes: Planes tracker already destroyed.
[2025.04.10-02.33.09:578][435]LogModuleManager: Shutting down and abandoning module MagicLeapImageTracker (372)
[2025.04.10-02.33.09:578][435]LogModuleManager: Shutting down and abandoning module MagicLeapIdentity (370)
[2025.04.10-02.33.09:578][435]LogModuleManager: Shutting down and abandoning module MagicLeapHandTracking (368)
[2025.04.10-02.33.09:579][435]LogModuleManager: Shutting down and abandoning module MagicLeapEyeTracker (366)
[2025.04.10-02.33.09:579][435]LogModuleManager: Shutting down and abandoning module MagicLeapController (364)
[2025.04.10-02.33.09:579][435]LogModuleManager: Shutting down and abandoning module MagicLeapARPinImpl (362)
[2025.04.10-02.33.09:579][435]LogModuleManager: Shutting down and abandoning module MagicLeapAR (360)
[2025.04.10-02.33.09:579][435]LogModuleManager: Shutting down and abandoning module NiagaraAnimNotifies (358)
[2025.04.10-02.33.09:579][435]LogModuleManager: Shutting down and abandoning module Niagara (356)
[2025.04.10-02.33.09:581][435]LogModuleManager: Shutting down and abandoning module SignalProcessing (355)
[2025.04.10-02.33.09:581][435]LogModuleManager: Shutting down and abandoning module NiagaraEditor (353)
[2025.04.10-02.33.09:582][435]LogModuleManager: Shutting down and abandoning module NiagaraCore (350)
[2025.04.10-02.33.09:582][435]LogModuleManager: Shutting down and abandoning module FacialAnimationEditor (348)
[2025.04.10-02.33.09:582][435]LogModuleManager: Shutting down and abandoning module FacialAnimation (346)
[2025.04.10-02.33.09:582][435]LogModuleManager: Shutting down and abandoning module GameplayTagsEditor (344)
[2025.04.10-02.33.09:583][435]LogModuleManager: Shutting down and abandoning module DataValidation (342)
[2025.04.10-02.33.09:583][435]LogModuleManager: Shutting down and abandoning module AssetManagerEditor (340)
[2025.04.10-02.33.09:583][435]LogModuleManager: Shutting down and abandoning module LevelEditor (339)
[2025.04.10-02.33.09:586][435]LogModuleManager: Shutting down and abandoning module PixelInspectorModule (338)
[2025.04.10-02.33.09:586][435]LogModuleManager: Shutting down and abandoning module CommonMenuExtensions (336)
[2025.04.10-02.33.09:587][435]LogModuleManager: Shutting down and abandoning module MainFrame (334)
[2025.04.10-02.33.09:587][435]LogModuleManager: Shutting down and abandoning module HotReload (333)
[2025.04.10-02.33.09:587][435]LogModuleManager: Shutting down and abandoning module ToolMenus (329)
[2025.04.10-02.33.09:587][435]LogModuleManager: Shutting down and abandoning module ContentBrowser (327)
[2025.04.10-02.33.09:587][435]LogModuleManager: Shutting down and abandoning module ContentBrowserData (326)
[2025.04.10-02.33.09:588][435]LogModuleManager: Shutting down and abandoning module TreeMap (323)
[2025.04.10-02.33.09:588][435]LogModuleManager: Shutting down and abandoning module PropertyAccessNode (320)
[2025.04.10-02.33.09:588][435]LogModuleManager: Shutting down and abandoning module AnimationSharing (318)
[2025.04.10-02.33.09:588][435]LogModuleManager: Shutting down and abandoning module GameplayCameras (316)
[2025.04.10-02.33.09:588][435]LogModuleManager: Shutting down and abandoning module LightPropagationVolumeRuntime (314)
[2025.04.10-02.33.09:588][435]LogModuleManager: Shutting down and abandoning module EnvironmentQueryEditor (312)
[2025.04.10-02.33.09:588][435]LogModuleManager: Shutting down and abandoning module Paper2D (310)
[2025.04.10-02.33.09:589][435]LogModuleManager: Shutting down and abandoning module WindowsMoviePlayer (308)
[2025.04.10-02.33.09:676][435]LogModuleManager: Shutting down and abandoning module WebMMoviePlayer (306)
[2025.04.10-02.33.09:676][435]LogModuleManager: Shutting down and abandoning module NetworkReplayStreaming (304)
[2025.04.10-02.33.09:676][435]LogModuleManager: Shutting down and abandoning module PacketHandler (302)
[2025.04.10-02.33.09:676][435]LogModuleManager: Shutting down and abandoning module ClothingSystemEditor (300)
[2025.04.10-02.33.09:676][435]LogModuleManager: Shutting down and abandoning module ClothingSystemRuntimeNv (298)
[2025.04.10-02.33.09:677][435]LogModuleManager: Shutting down and abandoning module MediaAssets (296)
[2025.04.10-02.33.09:677][435]LogModuleManager: Shutting down and abandoning module Overlay (294)
[2025.04.10-02.33.09:677][435]LogModuleManager: Shutting down and abandoning module OverlayEditor (293)
[2025.04.10-02.33.09:677][435]LogModuleManager: Shutting down and abandoning module VREditor (290)
[2025.04.10-02.33.09:677][435]LogModuleManager: Shutting down and abandoning module StringTableEditor (288)
[2025.04.10-02.33.09:678][435]LogModuleManager: Shutting down and abandoning module GameplayTasksEditor (286)
[2025.04.10-02.33.09:678][435]LogModuleManager: Shutting down and abandoning module BehaviorTreeEditor (284)
[2025.04.10-02.33.09:679][435]LogModuleManager: Shutting down and abandoning module FunctionalTesting (282)
[2025.04.10-02.33.09:679][435]LogModuleManager: Shutting down and abandoning module CollisionAnalyzer (280)
[2025.04.10-02.33.09:680][435]LogModuleManager: Shutting down and abandoning module WorkspaceMenuStructure (279)
[2025.04.10-02.33.09:682][435]LogModuleManager: Shutting down and abandoning module UMG (276)
[2025.04.10-02.33.09:682][435]LogModuleManager: Shutting down and abandoning module UMGEditor (275)
[2025.04.10-02.33.09:682][435]LogModuleManager: Shutting down and abandoning module MessageLog (273)
[2025.04.10-02.33.09:682][435]LogModuleManager: Shutting down and abandoning module SlateReflector (268)
[2025.04.10-02.33.09:684][435]LogModuleManager: Shutting down and abandoning module Slate (266)
[2025.04.10-02.33.09:684][435]LogModuleManager: Shutting down and abandoning module SlateCore (264)
[2025.04.10-02.33.09:685][435]LogModuleManager: Shutting down and abandoning module LandscapeEditorUtilities (262)
[2025.04.10-02.33.09:685][435]LogModuleManager: Shutting down and abandoning module UnrealEd (260)
[2025.04.10-02.33.09:685][435]LogModuleManager: Shutting down and abandoning module MRMesh (258)
[2025.04.10-02.33.09:686][435]LogModuleManager: Shutting down and abandoning module SourceCodeAccess (256)
[2025.04.10-02.33.09:686][435]LogModuleManager: Shutting down and abandoning module HeadMountedDisplay (254)
[2025.04.10-02.33.09:686][435]LogModuleManager: Shutting down and abandoning module XAudio2 (252)
[2025.04.10-02.33.09:686][435]LogModuleManager: Shutting down and abandoning module Networking (250)
[2025.04.10-02.33.09:686][435]LogModuleManager: Shutting down and abandoning module Core (248)
[2025.04.10-02.33.09:686][435]LogModuleManager: Shutting down and abandoning module MaterialEditor (246)
[2025.04.10-02.33.09:686][435]LogModuleManager: Shutting down and abandoning module MovieSceneTools (244)
[2025.04.10-02.33.09:687][435]LogModuleManager: Shutting down and abandoning module CurveEditor (243)
[2025.04.10-02.33.09:697][435]LogModuleManager: Shutting down and abandoning module Sequencer (241)
[2025.04.10-02.33.09:707][435]LogModuleManager: Shutting down and abandoning module EditorStyle (240)
[2025.04.10-02.33.09:712][435]LogModuleManager: Shutting down and abandoning module KismetCompiler (236)
[2025.04.10-02.33.09:712][435]LogModuleManager: Shutting down and abandoning module MeshBuilder (234)
[2025.04.10-02.33.09:713][435]LogModuleManager: Shutting down and abandoning module MeshUtilities (232)
[2025.04.10-02.33.09:713][435]LogModuleManager: Shutting down and abandoning module MeshMergeUtilities (231)
[2025.04.10-02.33.09:713][435]LogModuleManager: Shutting down and abandoning module MeshReductionInterface (230)
[2025.04.10-02.33.09:713][435]LogModuleManager: Shutting down and abandoning module MeshBoneReduction (229)
[2025.04.10-02.33.09:714][435]LogModuleManager: Shutting down and abandoning module SkeletalMeshReduction (227)
[2025.04.10-02.33.09:714][435]LogModuleManager: Shutting down and abandoning module ProxyLODMeshReduction (225)
[2025.04.10-02.33.09:715][435]LogModuleManager: Shutting down and abandoning module QuadricMeshReduction (223)
[2025.04.10-02.33.09:715][435]LogModuleManager: Shutting down and abandoning module MaterialBaking (219)
[2025.04.10-02.33.09:716][435]LogModuleManager: Shutting down and abandoning module NullInstallBundleManager (214)
[2025.04.10-02.33.09:716][435]LogModuleManager: Shutting down and abandoning module DerivedDataCache (212)
[2025.04.10-02.33.09:716][435]LogModuleManager: Shutting down and abandoning module TargetPlatform (210)
[2025.04.10-02.33.09:733][435]LogModuleManager: Shutting down and abandoning module VulkanShaderFormat (209)
[2025.04.10-02.33.09:735][435]LogModuleManager: Shutting down and abandoning module ShaderFormatVectorVM (207)
[2025.04.10-02.33.09:735][435]LogModuleManager: Shutting down and abandoning module ShaderFormatOpenGL (205)
[2025.04.10-02.33.09:736][435]LogModuleManager: Shutting down and abandoning module ShaderFormatD3D (203)
[2025.04.10-02.33.09:736][435]LogModuleManager: Shutting down and abandoning module MetalShaderFormat (201)
[2025.04.10-02.33.09:736][435]LogModuleManager: Shutting down and abandoning module TextureFormatOodle (199)
[2025.04.10-02.33.09:737][435]LogModuleManager: Shutting down and abandoning module TextureFormatUncompressed (197)
[2025.04.10-02.33.09:737][435]LogModuleManager: Shutting down and abandoning module TextureFormatPVR (195)
[2025.04.10-02.33.09:737][435]LogModuleManager: Shutting down and abandoning module TextureFormatETC2 (193)
[2025.04.10-02.33.09:737][435]LogModuleManager: Shutting down and abandoning module TextureFormatDXT (191)
[2025.04.10-02.33.09:737][435]LogModuleManager: Shutting down and abandoning module TextureFormatIntelISPCTexComp (189)
[2025.04.10-02.33.09:737][435]LogModuleManager: Shutting down and abandoning module TextureFormatASTC (187)
[2025.04.10-02.33.09:737][435]LogModuleManager: Shutting down and abandoning module ImageWrapper (186)
[2025.04.10-02.33.09:737][435]LogModuleManager: Shutting down and abandoning module AudioFormatOpus (183)
[2025.04.10-02.33.09:738][435]LogModuleManager: Shutting down and abandoning module AudioFormatOgg (181)
[2025.04.10-02.33.09:738][435]LogModuleManager: Shutting down and abandoning module AudioFormatADPCM (179)
[2025.04.10-02.33.09:738][435]LogModuleManager: Shutting down and abandoning module WindowsServerTargetPlatform (177)
[2025.04.10-02.33.09:738][435]LogModuleManager: Shutting down and abandoning module WindowsClientTargetPlatform (175)
[2025.04.10-02.33.09:738][435]LogModuleManager: Shutting down and abandoning module WindowsTargetPlatform (173)
[2025.04.10-02.33.09:738][435]LogModuleManager: Shutting down and abandoning module WindowsNoEditorTargetPlatform (171)
[2025.04.10-02.33.09:738][435]LogModuleManager: Shutting down and abandoning module TVOSTargetPlatform (169)
[2025.04.10-02.33.09:837][435]LogModuleManager: Shutting down and abandoning module MacServerTargetPlatform (167)
[2025.04.10-02.33.09:837][435]LogModuleManager: Shutting down and abandoning module MacClientTargetPlatform (165)
[2025.04.10-02.33.09:837][435]LogModuleManager: Shutting down and abandoning module MacTargetPlatform (163)
[2025.04.10-02.33.09:844][435]LogModuleManager: Shutting down and abandoning module MacNoEditorTargetPlatform (161)
[2025.04.10-02.33.09:844][435]LogModuleManager: Shutting down and abandoning module LuminTargetPlatform (159)
[2025.04.10-02.33.09:925][435]LogModuleManager: Shutting down and abandoning module LinuxAArch64ServerTargetPlatform (157)
[2025.04.10-02.33.09:925][435]LogModuleManager: Shutting down and abandoning module LinuxAArch64ClientTargetPlatform (155)
[2025.04.10-02.33.09:926][435]LogModuleManager: Shutting down and abandoning module LinuxAArch64NoEditorTargetPlatform (153)
[2025.04.10-02.33.09:926][435]LogModuleManager: Shutting down and abandoning module LinuxServerTargetPlatform (151)
[2025.04.10-02.33.09:926][435]LogModuleManager: Shutting down and abandoning module LinuxClientTargetPlatform (149)
[2025.04.10-02.33.09:926][435]LogModuleManager: Shutting down and abandoning module LinuxNoEditorTargetPlatform (147)
[2025.04.10-02.33.09:926][435]LogModuleManager: Shutting down and abandoning module LinuxTargetPlatform (145)
[2025.04.10-02.33.09:926][435]LogModuleManager: Shutting down and abandoning module Messaging (143)
[2025.04.10-02.33.09:926][435]LogModuleManager: Shutting down and abandoning module IOSTargetPlatform (141)
[2025.04.10-02.33.09:936][435]LogModuleManager: Shutting down and abandoning module AndroidTargetPlatform (139)
[2025.04.10-02.33.10:047][435]LogModuleManager: Shutting down and abandoning module AllDesktopTargetPlatform (137)
[2025.04.10-02.33.10:047][435]LogModuleManager: Shutting down and abandoning module D3D11RHI (134)
[2025.04.10-02.33.10:047][435]LogModuleManager: Shutting down and abandoning module InputCore (132)
[2025.04.10-02.33.10:047][435]LogModuleManager: Shutting down and abandoning module Settings (130)
[2025.04.10-02.33.10:047][435]LogModuleManager: Shutting down and abandoning module DirectoryWatcher (128)
[2025.04.10-02.33.10:108][435]LogModuleManager: Shutting down and abandoning module PhysXCooking (126)
[2025.04.10-02.33.10:108][435]LogModuleManager: Shutting down and abandoning module Chaos (124)
[2025.04.10-02.33.10:108][435]LogModuleManager: Shutting down and abandoning module WindowsPlatformFeatures (122)
[2025.04.10-02.33.10:108][435]LogModuleManager: Shutting down and abandoning module GameplayMediaEncoder (121)
[2025.04.10-02.33.10:108][435]LogModuleManager: Shutting down and abandoning module AVEncoder (120)
[2025.04.10-02.33.10:108][435]LogModuleManager: Shutting down and abandoning module SteamVRInputDevice (116)
[2025.04.10-02.33.10:108][435]LogModuleManager: Shutting down and abandoning module SteamVRInput (114)
[2025.04.10-02.33.10:108][435]LogModuleManager: Shutting down and abandoning module SteamVR (112)
[2025.04.10-02.33.10:108][435]LogHMD: Freeing OpenVRDLLHandle.
[2025.04.10-02.33.10:108][435]LogModuleManager: Shutting down and abandoning module OculusHMD (110)
[2025.04.10-02.33.10:109][435]LogModuleManager: Shutting down and abandoning module OpenXRHandTracking (108)
[2025.04.10-02.33.10:109][435]LogSlate: Slate User Destroyed.  User Index 0, Is Virtual User: 0
[2025.04.10-02.33.10:109][435]LogModuleManager: Shutting down and abandoning module OpenXREyeTracker (106)
[2025.04.10-02.33.10:109][435]LogModuleManager: Shutting down and abandoning module OpenXRAR (104)
[2025.04.10-02.33.10:109][435]LogModuleManager: Shutting down and abandoning module AugmentedReality (103)
[2025.04.10-02.33.10:109][435]LogModuleManager: Shutting down and abandoning module OpenXRHMD (100)
[2025.04.10-02.33.10:113][435]LogModuleManager: Shutting down and abandoning module ExampleDeviceProfileSelector (98)
[2025.04.10-02.33.10:113][435]LogModuleManager: Shutting down and abandoning module ChunkDownloader (96)
[2025.04.10-02.33.10:114][435]LogModuleManager: Shutting down and abandoning module LauncherChunkInstaller (94)
[2025.04.10-02.33.10:114][435]LogModuleManager: Shutting down and abandoning module OnlineBlueprintSupport (92)
[2025.04.10-02.33.10:114][435]LogModuleManager: Shutting down and abandoning module OnlineSubsystem (88)
[2025.04.10-02.33.10:115][435]LogModuleManager: Shutting down and abandoning module XMPP (83)
[2025.04.10-02.33.10:116][435]LogModuleManager: Shutting down and abandoning module WebSockets (82)
[2025.04.10-02.33.10:203][435]LogModuleManager: Shutting down and abandoning module HTTP (79)
[2025.04.10-02.33.10:203][435]LogHttp: Display: Http module shutting down, but needs to wait on 1 outstanding Http requests:
[2025.04.10-02.33.10:203][435]LogHttp: Display: 	verb=[POST] url=[https://datarouter.ol.epicgames.com/datarouter/api/v1/public/data?SessionID=%7BDF3E656C-48A0-EE89-19C2-C59851B382B7%7D&AppID=UEEditor.Rocket.Release&AppVersion=4.27.2-18319896%2B%2B%2BUE4%2BRelease-4.27&UserID=1630856f436c572332dc42bd5716ab61%7C7103b13d50da47bcb910eeb6fc950929%7C1a3351ea-d91d-494f-9b74-3a188d739225&AppEnvironment=datacollector-binary&UploadType=eteventstream] refs=[1] status=Processing
[2025.04.10-02.33.10:203][435]LogHttp: Display: cleaning up 1 outstanding Http requests.
[2025.04.10-02.33.10:347][435]LogModuleManager: Shutting down and abandoning module SSL (78)
[2025.04.10-02.33.10:371][435]LogModuleManager: Shutting down and abandoning module WmfMedia (74)
[2025.04.10-02.33.10:374][435]LogModuleManager: Shutting down and abandoning module Media (73)
[2025.04.10-02.33.10:375][435]LogModuleManager: Shutting down and abandoning module MediaInfo (72)
[2025.04.10-02.33.10:375][435]LogModuleManager: Shutting down and abandoning module ExrReaderGpu (68)
[2025.04.10-02.33.10:375][435]LogModuleManager: Shutting down and abandoning module MLSDK (66)
[2025.04.10-02.33.10:375][435]LogModuleManager: Shutting down and abandoning module MagicLeap (64)
[2025.04.10-02.33.10:375][435]LogModuleManager: Shutting down and abandoning module ChaosCloth (62)
[2025.04.10-02.33.10:375][435]LogModuleManager: Shutting down and abandoning module VariantManagerContent (60)
[2025.04.10-02.33.10:375][435]LogModuleManager: Shutting down and abandoning module DatasmithContent (58)
[2025.04.10-02.33.10:376][435]LogModuleManager: Shutting down and abandoning module NiagaraVertexFactories (56)
[2025.04.10-02.33.10:376][435]LogModuleManager: Shutting down and abandoning module NiagaraShader (54)
[2025.04.10-02.33.10:376][435]LogModuleManager: Shutting down and abandoning module PixWinPlugin (52)
[2025.04.10-02.33.10:399][435]LogModuleManager: Shutting down and abandoning module AISupportModule (50)
[2025.04.10-02.33.10:399][435]LogModuleManager: Shutting down and abandoning module DesktopPlatform (48)
[2025.04.10-02.33.10:399][435]LogModuleManager: Shutting down and abandoning module PythonScriptPluginPreload (46)
[2025.04.10-02.33.10:399][435]LogModuleManager: Shutting down and abandoning module PlatformCryptoOpenSSL (44)
[2025.04.10-02.33.10:400][435]LogModuleManager: Shutting down and abandoning module PlatformCryptoTypes (42)
[2025.04.10-02.33.10:400][435]LogModuleManager: Shutting down and abandoning module PlatformCrypto (40)
[2025.04.10-02.33.10:400][435]LogModuleManager: Shutting down and abandoning module OodleDataCompressionFormat (38)
[2025.04.10-02.33.10:400][435]LogModuleManager: Shutting down and abandoning module XGEController (36)
[2025.04.10-02.33.10:400][435]LogModuleManager: Shutting down and abandoning module AnimationModifiers (34)
[2025.04.10-02.33.10:401][435]LogModuleManager: Shutting down and abandoning module AudioEditor (32)
[2025.04.10-02.33.10:402][435]LogModuleManager: Shutting down and abandoning module PropertyEditor (31)
[2025.04.10-02.33.10:403][435]LogModuleManager: Shutting down and abandoning module TextureCompressor (28)
[2025.04.10-02.33.10:403][435]LogModuleManager: Shutting down and abandoning module RenderCore (26)
[2025.04.10-02.33.10:403][435]LogModuleManager: Shutting down and abandoning module Landscape (24)
[2025.04.10-02.33.10:403][435]LogModuleManager: Shutting down and abandoning module SlateRHIRenderer (22)
[2025.04.10-02.33.10:423][435]LogModuleManager: Shutting down and abandoning module AnimGraphRuntime (20)
[2025.04.10-02.33.10:424][435]LogModuleManager: Shutting down and abandoning module Renderer (18)
[2025.04.10-02.33.10:424][435]LogModuleManager: Shutting down and abandoning module Engine (16)
[2025.04.10-02.33.10:424][435]LogModuleManager: Shutting down and abandoning module CoreUObject (14)
[2025.04.10-02.33.10:424][435]LogModuleManager: Shutting down and abandoning module NetworkFile (12)
[2025.04.10-02.33.10:425][435]LogModuleManager: Shutting down and abandoning module CookedIterativeFile (10)
[2025.04.10-02.33.10:425][435]LogModuleManager: Shutting down and abandoning module StreamingFile (8)
[2025.04.10-02.33.10:425][435]LogModuleManager: Shutting down and abandoning module SandboxFile (6)
[2025.04.10-02.33.10:425][435]LogModuleManager: Shutting down and abandoning module PakFile (4)
[2025.04.10-02.33.10:425][435]LogModuleManager: Shutting down and abandoning module RSA (3)
[2025.04.10-02.33.10:425][435]LogContentStreaming: Display: There are 1 unreleased StreamingManagers
[2025.04.10-02.33.10:474][435]LogD3D11RHI: Shutdown
[2025.04.10-02.33.10:474][435]LogD3D11RHI: CleanupD3DDevice
[2025.04.10-02.33.10:542][435]LogExit: Exiting.
[2025.04.10-02.33.10:651][435]Log file closed, 04/09/25 22:33:10
