Log file open, 04/08/25 10:07:39
LogWindows: Failed to load 'aqProf.dll' (GetLastError=126)
LogWindows: File 'aqProf.dll' does not exist
LogWindows: Failed to load 'VtuneApi.dll' (GetLastError=126)
LogWindows: File 'VtuneApi.dll' does not exist
LogWindows: Failed to load 'VtuneApi32e.dll' (GetLastError=126)
LogWindows: File 'VtuneApi32e.dll' does not exist
LogConsoleResponse: Display: Failed to find resolution value strings in scalability ini. Falling back to default.
LogConsoleResponse: Display: Failed to find resolution value strings in scalability ini. Falling back to default.
LogInit: Display: Running engine for game: TopDownPuzzle
LogPlatformFile: Not using cached read wrapper
LogTaskGraph: Started task graph with 5 named threads and 23 total threads with 3 sets of task threads.
LogStats: Stats thread started at 0.274155
LogICUInternationalization: ICU TimeZone Detection - Raw Offset: -5:00, Platform Override: ''
LogInit: Display: Loading text-based GConfig....
LogPluginManager: Mounting plugin MeshPainting
LogPluginManager: Mounting plugin XGEController
LogPluginManager: Mounting plugin Paper2D
LogPluginManager: Mounting plugin LiveLink
LogPluginManager: Mounting plugin AISupport
LogPluginManager: Mounting plugin EnvironmentQueryEditor
LogPluginManager: Mounting plugin CameraShakePreviewer
LogPluginManager: Mounting plugin GameplayCameras
LogPluginManager: Mounting plugin LightPropagationVolume
LogPluginManager: Mounting plugin OodleNetwork
LogPluginManager: Mounting plugin OodleData
LogPluginManager: Mounting plugin AssetManagerEditor
LogPluginManager: Mounting plugin CryptoKeys
LogPluginManager: Mounting plugin CurveEditorTools
LogPluginManager: Mounting plugin DataValidation
LogPluginManager: Mounting plugin FacialAnimation
LogPluginManager: Mounting plugin GameplayTagsEditor
LogPluginManager: Mounting plugin GeometryMode
LogPluginManager: Mounting plugin MaterialAnalyzer
LogPluginManager: Mounting plugin MacGraphicsSwitching
LogPluginManager: Mounting plugin MobileLauncherProfileWizard
LogPluginManager: Mounting plugin PluginBrowser
LogPluginManager: Mounting plugin SpeedTreeImporter
LogPluginManager: Mounting plugin DatasmithContent
LogPluginManager: Mounting plugin VariantManagerContent
LogPluginManager: Mounting plugin Niagara
LogPluginManager: Mounting plugin AnimationSharing
LogPluginManager: Mounting plugin CLionSourceCodeAccess
LogPluginManager: Mounting plugin CodeLiteSourceCodeAccess
LogPluginManager: Mounting plugin KDevelopSourceCodeAccess
LogPluginManager: Mounting plugin GitSourceControl
LogPluginManager: Mounting plugin PerforceSourceControl
LogPluginManager: Mounting plugin NullSourceCodeAccess
LogPluginManager: Mounting plugin PixWinPlugin
LogPluginManager: Mounting plugin AlembicImporter
LogPluginManager: Mounting plugin PlasticSourceControl
LogPluginManager: Mounting plugin PluginUtils
LogPluginManager: Mounting plugin PropertyAccessNode
LogPluginManager: Mounting plugin AutomationUtils
LogPluginManager: Mounting plugin BackChannel
LogPluginManager: Mounting plugin ChaosCloth
LogPluginManager: Mounting plugin ChaosClothEditor
LogPluginManager: Mounting plugin ChaosEditor
LogPluginManager: Mounting plugin RiderSourceCodeAccess
LogPluginManager: Mounting plugin SubversionSourceControl
LogPluginManager: Mounting plugin ChaosNiagara
LogPluginManager: Mounting plugin TextureFormatOodle
LogPluginManager: Mounting plugin ChaosSolverPlugin
LogPluginManager: Mounting plugin UObjectPlugin
LogPluginManager: Mounting plugin CharacterAI
LogPluginManager: Mounting plugin VisualStudioCodeSourceCodeAccess
LogPluginManager: Mounting plugin VisualStudioSourceCodeAccess
LogPluginManager: Mounting plugin XCodeSourceCodeAccess
LogPluginManager: Mounting plugin LuminPlatformFeatures
LogPluginManager: Mounting plugin MagicLeap
LogPluginManager: Mounting plugin MagicLeapLightEstimation
LogPluginManager: Mounting plugin MagicLeapMedia
LogPluginManager: Mounting plugin MagicLeapPassableWorld
LogPluginManager: Mounting plugin MLSDK
LogPluginManager: Mounting plugin GeometryCache
LogPluginManager: Mounting plugin GeometryCollectionPlugin
LogPluginManager: Mounting plugin GeometryProcessing
LogPluginManager: Mounting plugin MotoSynth
LogPluginManager: Mounting plugin OpenImageDenoise
LogPluginManager: Mounting plugin PlanarCut
LogPluginManager: Mounting plugin ProxyLODPlugin
LogPluginManager: Mounting plugin PlatformCrypto
LogPluginManager: Mounting plugin PythonScriptPlugin
LogPluginManager: Mounting plugin AndroidMedia
LogPluginManager: Mounting plugin AvfMedia
LogPluginManager: Mounting plugin ImgMedia
LogPluginManager: Mounting plugin MediaCompositing
LogPluginManager: Mounting plugin MediaPlayerEditor
LogPluginManager: Mounting plugin WebMMedia
LogPluginManager: Mounting plugin WmfMedia
LogPluginManager: Mounting plugin SkeletalReduction
LogPluginManager: Mounting plugin TcpMessaging
LogPluginManager: Mounting plugin UdpMessaging
LogPluginManager: Mounting plugin ActorSequence
LogPluginManager: Mounting plugin LevelSequenceEditor
LogPluginManager: Mounting plugin MatineeToLevelSequence
LogPluginManager: Mounting plugin TemplateSequence
LogPluginManager: Mounting plugin OnlineSubsystem
LogPluginManager: Mounting plugin LauncherChunkInstaller
LogPluginManager: Mounting plugin OnlineSubsystemNull
LogPluginManager: Mounting plugin OnlineSubsystemUtils
LogPluginManager: Mounting plugin ActorLayerUtilities
LogPluginManager: Mounting plugin AndroidDeviceProfileSelector
LogPluginManager: Mounting plugin AndroidMoviePlayer
LogPluginManager: Mounting plugin AndroidPermission
LogPluginManager: Mounting plugin AppleImageUtils
LogPluginManager: Mounting plugin AppleMoviePlayer
LogPluginManager: Mounting plugin ArchVisCharacter
LogPluginManager: Mounting plugin AssetTags
LogPluginManager: Mounting plugin AudioCapture
LogPluginManager: Mounting plugin CableComponent
LogPluginManager: Mounting plugin AudioSynesthesia
LogPluginManager: Mounting plugin ChunkDownloader
LogPluginManager: Mounting plugin CustomMeshComponent
LogPluginManager: Mounting plugin EditableMesh
LogPluginManager: Mounting plugin ExampleDeviceProfileSelector
LogPluginManager: Mounting plugin GoogleCloudMessaging
LogPluginManager: Mounting plugin GooglePAD
LogPluginManager: Mounting plugin IOSDeviceProfileSelector
LogPluginManager: Mounting plugin LinuxDeviceProfileSelector
LogPluginManager: Mounting plugin LocationServicesBPLibrary
LogPluginManager: Mounting plugin MobilePatchingUtils
LogPluginManager: Mounting plugin OpenXR
LogPluginManager: Mounting plugin OpenXREyeTracker
LogPluginManager: Mounting plugin OpenXRHandTracking
LogPluginManager: Mounting plugin PhysXVehicles
LogPluginManager: Mounting plugin PostSplashScreen
LogPluginManager: Mounting plugin ProceduralMeshComponent
LogPluginManager: Mounting plugin PropertyAccessEditor
LogPluginManager: Mounting plugin RuntimePhysXCooking
LogPluginManager: Mounting plugin SignificanceManager
LogPluginManager: Mounting plugin SoundFields
LogPluginManager: Mounting plugin Synthesis
LogPluginManager: Mounting plugin ScreenshotTools
LogPluginManager: Mounting plugin WebMMoviePlayer
LogPluginManager: Mounting plugin Takes
LogPluginManager: Mounting plugin WindowsMoviePlayer
LogPluginManager: Mounting plugin ContentBrowserAssetDataSource
LogPluginManager: Mounting plugin ContentBrowserFileDataSource
LogPluginManager: Mounting plugin ContentBrowserClassDataSource
LogPluginManager: Mounting plugin OnlineSubsystemGooglePlay
LogPluginManager: Mounting plugin OnlineSubsystemIOS
LogPluginManager: Mounting plugin OculusVR
LogPluginManager: Mounting plugin SteamVR
PixWinPlugin: PIX capture plugin failed to initialize! Check that the process is launched from PIX.
LogInit: Using libcurl 7.55.1-DEV
LogInit:  - built for x86_64-pc-win32
LogInit:  - supports SSL with OpenSSL/1.1.1
LogInit:  - supports HTTP deflate (compression) using libz 1.2.8
LogInit:  - other features:
LogInit:      CURL_VERSION_SSL
LogInit:      CURL_VERSION_LIBZ
LogInit:      CURL_VERSION_IPV6
LogInit:      CURL_VERSION_ASYNCHDNS
LogInit:      CURL_VERSION_LARGEFILE
LogInit:      CURL_VERSION_IDN
LogInit:  CurlRequestOptions (configurable via config and command line):
LogInit:  - bVerifyPeer = true  - Libcurl will verify peer certificate
LogInit:  - bUseHttpProxy = false  - Libcurl will NOT use HTTP proxy
LogInit:  - bDontReuseConnections = false  - Libcurl will reuse connections
LogInit:  - MaxHostConnections = 16  - Libcurl will limit the number of connections to a host
LogInit:  - LocalHostAddr = Default
LogInit:  - BufferSize = 65536
LogOnline: OSS: Creating online subsystem instance for: NULL
LogInit: WinSock: version 1.1 (2.2), MaxSocks=32767, MaxUdp=65467
LogOnline: OSS: TryLoadSubsystemAndSetDefault: Loaded subsystem for module [NULL]
LogOculusPluginWrapper: OculusPlugin initialized successfully
LogHMD: Failed initializing OVRPlugin 1.59.0
LogInit: Build: ++UE4+Release-4.27-CL-18319896
LogInit: Engine Version: 4.27.2-18319896+++UE4+Release-4.27
LogInit: Compatible Engine Version: 4.27.0-17155196+++UE4+Release-4.27
LogInit: Net CL: 17155196
LogInit: OS: Windows 10 (Release 2009) (), CPU: Intel(R) Core(TM) i5-9300H CPU @ 2.40GHz, GPU: Intel(R) UHD Graphics 630
LogInit: Compiled (64-bit): Nov 30 2021 07:12:08
LogInit: Compiled with Visual C++: 19.24.28315.00
LogInit: Build Configuration: Development
LogInit: Branch Name: ++UE4+Release-4.27
LogInit: Command Line: 
LogInit: Base Directory: C:/Program Files/UE/UE_4.27/Engine/Binaries/Win64/
LogInit: Allocator: TBB
LogInit: Installed Engine Build: 1
LogDevObjectVersion: Number of dev versions registered: 29
LogDevObjectVersion:   Dev-Blueprints (B0D832E4-1F89-4F0D-ACCF-7EB736FD4AA2): 10
LogDevObjectVersion:   Dev-Build (E1C64328-A22C-4D53-A36C-8E866417BD8C): 0
LogDevObjectVersion:   Dev-Core (375EC13C-06E4-48FB-B500-84F0262A717E): 4
LogDevObjectVersion:   Dev-Editor (E4B068ED-F494-42E9-A231-DA0B2E46BB41): 40
LogDevObjectVersion:   Dev-Framework (CFFC743F-43B0-4480-9391-14DF171D2073): 37
LogDevObjectVersion:   Dev-Mobile (B02B49B5-BB20-44E9-A304-32B752E40360): 3
LogDevObjectVersion:   Dev-Networking (A4E4105C-59A1-49B5-A7C5-40C4547EDFEE): 0
LogDevObjectVersion:   Dev-Online (39C831C9-5AE6-47DC-9A44-9C173E1C8E7C): 0
LogDevObjectVersion:   Dev-Physics (78F01B33-EBEA-4F98-B9B4-84EACCB95AA2): 14
LogDevObjectVersion:   Dev-Platform (6631380F-2D4D-43E0-8009-CF276956A95A): 0
LogDevObjectVersion:   Dev-Rendering (12F88B9F-8875-4AFC-A67C-D90C383ABD29): 45
LogDevObjectVersion:   Dev-Sequencer (7B5AE74C-D270-4C10-A958-57980B212A5A): 13
LogDevObjectVersion:   Dev-VR (D7296918-1DD6-4BDD-9DE2-64A83CC13884): 3
LogDevObjectVersion:   Dev-LoadTimes (C2A15278-BFE7-4AFE-6C17-90FF531DF755): 1
LogDevObjectVersion:   Private-Geometry (6EACA3D4-40EC-4CC1-B786-8BED09428FC5): 3
LogDevObjectVersion:   Dev-AnimPhys (29E575DD-E0A3-4627-9D10-D276232CDCEA): 17
LogDevObjectVersion:   Dev-Anim (AF43A65D-7FD3-4947-9873-3E8ED9C1BB05): 15
LogDevObjectVersion:   Dev-ReflectionCapture (6B266CEC-1EC7-4B8F-A30B-E4D90942FC07): 1
LogDevObjectVersion:   Dev-Automation (0DF73D61-A23F-47EA-B727-89E90C41499A): 1
LogDevObjectVersion:   FortniteMain (601D1886-AC64-4F84-AA16-D3DE0DEAC7D6): 47
LogDevObjectVersion:   FortniteRelease (E7086368-6B23-4C58-8439-1B7016265E91): 1
LogDevObjectVersion:   Dev-Enterprise (9DFFBCD6-494F-0158-E221-12823C92A888): 10
LogDevObjectVersion:   Dev-Niagara (F2AED0AC-9AFE-416F-8664-AA7FFA26D6FC): 1
LogDevObjectVersion:   Dev-Destruction (174F1F0B-B4C6-45A5-B13F-2EE8D0FB917D): 10
LogDevObjectVersion:   Dev-Physics-Ext (35F94A83-E258-406C-A318-09F59610247C): 41
LogDevObjectVersion:   Dev-PhysicsMaterial-Chaos (B68FC16E-8B1B-42E2-B453-215C058844FE): 1
LogDevObjectVersion:   Dev-CineCamera (B2E18506-4273-CFC2-A54E-F4BB758BBA07): 1
LogDevObjectVersion:   Dev-VirtualProduction (64F58936-FD1B-42BA-BA96-7289D5D0FA4E): 1
LogDevObjectVersion:   Dev-MediaFramework (6F0ED827-A609-4895-9C91-998D90180EA4): 2
LogInit: Presizing for max 25165824 objects, including 0 objects not considered by GC, pre-allocating 0 bytes for permanent pool.
LogConfig: Applying CVar settings from Section [/Script/Engine.StreamingSettings] File [C:/Unreal Projects/Top-Down-Puzzle/TopDownPuzzle/Saved/Config/Windows/Engine.ini]
LogConfig: Setting CVar [[s.MinBulkDataSizeForAsyncLoading:131072]]
LogConfig: Setting CVar [[s.AsyncLoadingThreadEnabled:0]]
LogConfig: Setting CVar [[s.EventDrivenLoaderEnabled:1]]
LogConfig: Setting CVar [[s.WarnIfTimeLimitExceeded:0]]
LogConfig: Setting CVar [[s.TimeLimitExceededMultiplier:1.5]]
LogConfig: Setting CVar [[s.TimeLimitExceededMinTime:0.005]]
LogConfig: Setting CVar [[s.UseBackgroundLevelStreaming:1]]
LogConfig: Setting CVar [[s.PriorityAsyncLoadingExtraTime:15.0]]
LogConfig: Setting CVar [[s.LevelStreamingActorsUpdateTimeLimit:5.0]]
LogConfig: Setting CVar [[s.PriorityLevelStreamingActorsUpdateExtraTime:5.0]]
LogConfig: Setting CVar [[s.LevelStreamingComponentsRegistrationGranularity:10]]
LogConfig: Setting CVar [[s.UnregisterComponentsTimeLimit:1.0]]
LogConfig: Setting CVar [[s.LevelStreamingComponentsUnregistrationGranularity:5]]
LogConfig: Setting CVar [[s.FlushStreamingOnExit:1]]
LogInit: Object subsystem initialized
LogConfig: Setting CVar [[con.DebugEarlyDefault:1]]
LogConfig: Setting CVar [[r.setres:1280x720]]
[2025.04.08-14.07.39:913][  0]LogConfig: Setting CVar [[r.VSync:0]]
[2025.04.08-14.07.39:913][  0]LogConfig: Setting CVar [[r.RHICmdBypass:0]]
[2025.04.08-14.07.39:913][  0]LogConfig: Applying CVar settings from Section [/Script/Engine.RendererSettings] File [C:/Unreal Projects/Top-Down-Puzzle/TopDownPuzzle/Saved/Config/Windows/Engine.ini]
[2025.04.08-14.07.39:913][  0]LogConfig: Setting CVar [[r.GPUCrashDebugging:0]]
[2025.04.08-14.07.39:913][  0]LogConfig: Setting CVar [[r.Mobile.DisableVertexFog:1]]
[2025.04.08-14.07.39:913][  0]LogConfig: Setting CVar [[r.Shadow.CSM.MaxMobileCascades:2]]
[2025.04.08-14.07.39:913][  0]LogConfig: Setting CVar [[r.MobileMSAA:1]]
[2025.04.08-14.07.39:913][  0]LogConfig: Setting CVar [[r.Mobile.AllowDitheredLODTransition:0]]
[2025.04.08-14.07.39:913][  0]LogConfig: Setting CVar [[r.Mobile.AllowSoftwareOcclusion:0]]
[2025.04.08-14.07.39:913][  0]LogConfig: Setting CVar [[r.Mobile.VirtualTextures:0]]
[2025.04.08-14.07.39:913][  0]LogConfig: Setting CVar [[r.DiscardUnusedQuality:0]]
[2025.04.08-14.07.39:913][  0]LogConfig: Setting CVar [[r.AllowOcclusionQueries:1]]
[2025.04.08-14.07.39:913][  0]LogConfig: Setting CVar [[r.MinScreenRadiusForLights:0.030000]]
[2025.04.08-14.07.39:913][  0]LogConfig: Setting CVar [[r.MinScreenRadiusForDepthPrepass:0.030000]]
[2025.04.08-14.07.39:913][  0]LogConfig: Setting CVar [[r.MinScreenRadiusForCSMDepth:0.010000]]
[2025.04.08-14.07.39:913][  0]LogConfig: Setting CVar [[r.PrecomputedVisibilityWarning:0]]
[2025.04.08-14.07.39:914][  0]LogConfig: Setting CVar [[r.TextureStreaming:1]]
[2025.04.08-14.07.39:914][  0]LogConfig: Setting CVar [[Compat.UseDXT5NormalMaps:0]]
[2025.04.08-14.07.39:914][  0]LogConfig: Setting CVar [[r.VirtualTextures:0]]
[2025.04.08-14.07.39:914][  0]LogConfig: Setting CVar [[r.VT.EnableAutoImport:1]]
[2025.04.08-14.07.39:914][  0]LogConfig: Setting CVar [[r.VirtualTexturedLightmaps:0]]
[2025.04.08-14.07.39:914][  0]LogConfig: Setting CVar [[r.VT.TileSize:128]]
[2025.04.08-14.07.39:914][  0]LogConfig: Setting CVar [[r.VT.TileBorderSize:4]]
[2025.04.08-14.07.39:914][  0]LogConfig: Setting CVar [[r.vt.FeedbackFactor:16]]
[2025.04.08-14.07.39:914][  0]LogConfig: Setting CVar [[r.VT.EnableCompressZlib:1]]
[2025.04.08-14.07.39:914][  0]LogConfig: Setting CVar [[r.VT.EnableCompressCrunch:0]]
[2025.04.08-14.07.39:914][  0]LogConfig: Setting CVar [[r.ClearCoatNormal:0]]
[2025.04.08-14.07.39:914][  0]LogConfig: Setting CVar [[r.ReflectionCaptureResolution:128]]
[2025.04.08-14.07.39:914][  0]LogConfig: Setting CVar [[r.Mobile.ReflectionCaptureCompression:0]]
[2025.04.08-14.07.39:914][  0]LogConfig: Setting CVar [[r.ReflectionEnvironmentLightmapMixBasedOnRoughness:1]]
[2025.04.08-14.07.39:914][  0]LogConfig: Setting CVar [[r.ForwardShading:0]]
[2025.04.08-14.07.39:914][  0]LogConfig: Setting CVar [[r.VertexFoggingForOpaque:1]]
[2025.04.08-14.07.39:914][  0]LogConfig: Setting CVar [[r.AllowStaticLighting:1]]
[2025.04.08-14.07.39:914][  0]LogConfig: Setting CVar [[r.NormalMapsForStaticLighting:0]]
[2025.04.08-14.07.39:914][  0]LogConfig: Setting CVar [[r.GenerateMeshDistanceFields:0]]
[2025.04.08-14.07.39:914][  0]LogConfig: Setting CVar [[r.DistanceFieldBuild.EightBit:0]]
[2025.04.08-14.07.39:914][  0]LogConfig: Setting CVar [[r.GenerateLandscapeGIData:0]]
[2025.04.08-14.07.39:914][  0]LogConfig: Setting CVar [[r.DistanceFieldBuild.Compress:0]]
[2025.04.08-14.07.39:914][  0]LogConfig: Setting CVar [[r.TessellationAdaptivePixelsPerTriangle:48.000000]]
[2025.04.08-14.07.39:914][  0]LogConfig: Setting CVar [[r.SeparateTranslucency:1]]
[2025.04.08-14.07.39:914][  0]LogConfig: Setting CVar [[r.TranslucentSortPolicy:0]]
[2025.04.08-14.07.39:914][  0]LogConfig: Setting CVar [[vr.VRS.HMDFixedFoveationLevel:0]]
[2025.04.08-14.07.39:914][  0]LogConfig: Setting CVar [[r.CustomDepth:1]]
[2025.04.08-14.07.39:914][  0]LogConfig: Setting CVar [[r.CustomDepthTemporalAAJitter:1]]
[2025.04.08-14.07.39:914][  0]LogConfig: Setting CVar [[r.PostProcessing.PropagateAlpha:0]]
[2025.04.08-14.07.39:914][  0]LogConfig: Setting CVar [[r.DefaultFeature.Bloom:1]]
[2025.04.08-14.07.39:914][  0]LogConfig: Setting CVar [[r.DefaultFeature.AmbientOcclusion:1]]
[2025.04.08-14.07.39:914][  0]LogConfig: Setting CVar [[r.DefaultFeature.AmbientOcclusionStaticFraction:1]]
[2025.04.08-14.07.39:914][  0]LogConfig: Setting CVar [[r.DefaultFeature.AutoExposure:0]]
[2025.04.08-14.07.39:914][  0]LogConfig: Setting CVar [[r.DefaultFeature.AutoExposure.Method:0]]
[2025.04.08-14.07.39:914][  0]LogConfig: Setting CVar [[r.DefaultFeature.AutoExposure.Bias:1.000000]]
[2025.04.08-14.07.39:914][  0]LogConfig: Setting CVar [[r.DefaultFeature.AutoExposure.ExtendDefaultLuminanceRange:0]]
[2025.04.08-14.07.39:914][  0]LogConfig: Setting CVar [[r.UsePreExposure:1]]
[2025.04.08-14.07.39:914][  0]LogConfig: Setting CVar [[r.EyeAdaptation.EditorOnly:0]]
[2025.04.08-14.07.39:914][  0]LogConfig: Setting CVar [[r.DefaultFeature.MotionBlur:0]]
[2025.04.08-14.07.39:914][  0]LogConfig: Setting CVar [[r.DefaultFeature.LensFlare:0]]
[2025.04.08-14.07.39:914][  0]LogConfig: Setting CVar [[r.TemporalAA.Upsampling:0]]
[2025.04.08-14.07.39:914][  0]LogConfig: Setting CVar [[r.SSGI.Enable:0]]
[2025.04.08-14.07.39:914][  0]LogConfig: Setting CVar [[r.DefaultFeature.AntiAliasing:0]]
[2025.04.08-14.07.39:914][  0]LogConfig: Setting CVar [[r.DefaultFeature.LightUnits:1]]
[2025.04.08-14.07.39:914][  0]LogConfig: Setting CVar [[r.DefaultBackBufferPixelFormat:4]]
[2025.04.08-14.07.39:914][  0]LogConfig: Setting CVar [[r.Shadow.UnbuiltPreviewInGame:1]]
[2025.04.08-14.07.39:914][  0]LogConfig: Setting CVar [[r.StencilForLODDither:0]]
[2025.04.08-14.07.39:914][  0]LogConfig: Setting CVar [[r.EarlyZPass:3]]
[2025.04.08-14.07.39:914][  0]LogConfig: Setting CVar [[r.EarlyZPassOnlyMaterialMasking:0]]
[2025.04.08-14.07.39:914][  0]LogConfig: Setting CVar [[r.DBuffer:1]]
[2025.04.08-14.07.39:914][  0]LogConfig: Setting CVar [[r.ClearSceneMethod:1]]
[2025.04.08-14.07.39:914][  0]LogConfig: Setting CVar [[r.BasePassOutputsVelocity:0]]
[2025.04.08-14.07.39:914][  0]LogConfig: Setting CVar [[r.VertexDeformationOutputsVelocity:0]]
[2025.04.08-14.07.39:914][  0]LogConfig: Setting CVar [[r.SelectiveBasePassOutputs:0]]
[2025.04.08-14.07.39:914][  0]LogConfig: Setting CVar [[fx.GPUSimulationTextureSizeX:1024]]
[2025.04.08-14.07.39:914][  0]LogConfig: Setting CVar [[fx.GPUSimulationTextureSizeY:1024]]
[2025.04.08-14.07.39:914][  0]LogConfig: Setting CVar [[r.AllowGlobalClipPlane:0]]
[2025.04.08-14.07.39:914][  0]LogConfig: Setting CVar [[r.GBufferFormat:1]]
[2025.04.08-14.07.39:914][  0]LogConfig: Setting CVar [[r.MorphTarget.Mode:1]]
[2025.04.08-14.07.39:914][  0]LogConfig: Setting CVar [[vr.InstancedStereo:0]]
[2025.04.08-14.07.39:914][  0]LogConfig: Setting CVar [[r.MobileHDR:1]]
[2025.04.08-14.07.39:914][  0]LogConfig: Setting CVar [[vr.MobileMultiView:0]]
[2025.04.08-14.07.39:914][  0]LogConfig: Setting CVar [[r.Mobile.UseHWsRGBEncoding:0]]
[2025.04.08-14.07.39:914][  0]LogConfig: Setting CVar [[vr.RoundRobinOcclusion:0]]
[2025.04.08-14.07.39:914][  0]LogConfig: Setting CVar [[vr.ODSCapture:0]]
[2025.04.08-14.07.39:914][  0]LogConfig: Setting CVar [[r.MeshStreaming:0]]
[2025.04.08-14.07.39:914][  0]LogConfig: Setting CVar [[r.WireframeCullThreshold:5.000000]]
[2025.04.08-14.07.39:914][  0]LogConfig: Setting CVar [[r.RayTracing:0]]
[2025.04.08-14.07.39:914][  0]LogConfig: Setting CVar [[r.RayTracing.UseTextureLod:0]]
[2025.04.08-14.07.39:914][  0]LogConfig: Setting CVar [[r.SupportStationarySkylight:1]]
[2025.04.08-14.07.39:914][  0]LogConfig: Setting CVar [[r.SupportLowQualityLightmaps:1]]
[2025.04.08-14.07.39:914][  0]LogConfig: Setting CVar [[r.SupportPointLightWholeSceneShadows:1]]
[2025.04.08-14.07.39:914][  0]LogConfig: Setting CVar [[r.SupportAtmosphericFog:1]]
[2025.04.08-14.07.39:914][  0]LogConfig: Setting CVar [[r.SupportSkyAtmosphere:1]]
[2025.04.08-14.07.39:914][  0]LogConfig: Setting CVar [[r.SupportSkyAtmosphereAffectsHeightFog:0]]
[2025.04.08-14.07.39:914][  0]LogConfig: Setting CVar [[r.SkinCache.CompileShaders:0]]
[2025.04.08-14.07.39:914][  0]LogConfig: Setting CVar [[r.SkinCache.DefaultBehavior:1]]
[2025.04.08-14.07.39:914][  0]LogConfig: Setting CVar [[r.SkinCache.SceneMemoryLimitInMB:128.000000]]
[2025.04.08-14.07.39:914][  0]LogConfig: Setting CVar [[r.Mobile.EnableStaticAndCSMShadowReceivers:1]]
[2025.04.08-14.07.39:914][  0]LogConfig: Setting CVar [[r.Mobile.EnableMovableLightCSMShaderCulling:1]]
[2025.04.08-14.07.39:914][  0]LogConfig: Setting CVar [[r.Mobile.AllowDistanceFieldShadows:1]]
[2025.04.08-14.07.39:914][  0]LogConfig: Setting CVar [[r.Mobile.AllowMovableDirectionalLights:1]]
[2025.04.08-14.07.39:914][  0]LogConfig: Setting CVar [[r.MobileNumDynamicPointLights:4]]
[2025.04.08-14.07.39:914][  0]LogConfig: Setting CVar [[r.MobileDynamicPointLightsUseStaticBranch:1]]
[2025.04.08-14.07.39:914][  0]LogConfig: Setting CVar [[r.Mobile.EnableMovableSpotlights:0]]
[2025.04.08-14.07.39:914][  0]LogConfig: Setting CVar [[r.Mobile.EnableMovableSpotlightsShadow:0]]
[2025.04.08-14.07.39:914][  0]LogConfig: Setting CVar [[r.GPUSkin.Support16BitBoneIndex:0]]
[2025.04.08-14.07.39:914][  0]LogConfig: Setting CVar [[r.GPUSkin.Limit2BoneInfluences:0]]
[2025.04.08-14.07.39:914][  0]LogConfig: Setting CVar [[r.SupportDepthOnlyIndexBuffers:1]]
[2025.04.08-14.07.39:914][  0]LogConfig: Setting CVar [[r.SupportReversedIndexBuffers:1]]
[2025.04.08-14.07.39:914][  0]LogConfig: Setting CVar [[r.LightPropagationVolume:0]]
[2025.04.08-14.07.39:914][  0]LogConfig: Setting CVar [[r.Mobile.AmbientOcclusion:0]]
[2025.04.08-14.07.39:914][  0]LogConfig: Setting CVar [[r.GPUSkin.UnlimitedBoneInfluences:0]]
[2025.04.08-14.07.39:914][  0]LogConfig: Setting CVar [[r.GPUSkin.UnlimitedBoneInfluencesThreshold:8]]
[2025.04.08-14.07.39:914][  0]LogConfig: Setting CVar [[r.Mobile.PlanarReflectionMode:0]]
[2025.04.08-14.07.39:914][  0]LogConfig: Setting CVar [[r.Mobile.SupportsGen4TAA:0]]
[2025.04.08-14.07.39:914][  0]LogConfig: Applying CVar settings from Section [/Script/Engine.RendererOverrideSettings] File [C:/Unreal Projects/Top-Down-Puzzle/TopDownPuzzle/Saved/Config/Windows/Engine.ini]
[2025.04.08-14.07.39:915][  0]LogConfig: Applying CVar settings from Section [/Script/Engine.StreamingSettings] File [C:/Unreal Projects/Top-Down-Puzzle/TopDownPuzzle/Saved/Config/Windows/Engine.ini]
[2025.04.08-14.07.39:915][  0]LogConfig: Setting CVar [[s.MinBulkDataSizeForAsyncLoading:131072]]
[2025.04.08-14.07.39:915][  0]LogConfig: Setting CVar [[s.AsyncLoadingThreadEnabled:0]]
[2025.04.08-14.07.39:915][  0]LogConfig: Setting CVar [[s.EventDrivenLoaderEnabled:1]]
[2025.04.08-14.07.39:915][  0]LogConfig: Setting CVar [[s.WarnIfTimeLimitExceeded:0]]
[2025.04.08-14.07.39:915][  0]LogConfig: Setting CVar [[s.TimeLimitExceededMultiplier:1.5]]
[2025.04.08-14.07.39:915][  0]LogConfig: Setting CVar [[s.TimeLimitExceededMinTime:0.005]]
[2025.04.08-14.07.39:915][  0]LogConfig: Setting CVar [[s.UseBackgroundLevelStreaming:1]]
[2025.04.08-14.07.39:915][  0]LogConfig: Setting CVar [[s.PriorityAsyncLoadingExtraTime:15.0]]
[2025.04.08-14.07.39:915][  0]LogConfig: Setting CVar [[s.LevelStreamingActorsUpdateTimeLimit:5.0]]
[2025.04.08-14.07.39:915][  0]LogConfig: Setting CVar [[s.PriorityLevelStreamingActorsUpdateExtraTime:5.0]]
[2025.04.08-14.07.39:915][  0]LogConfig: Setting CVar [[s.LevelStreamingComponentsRegistrationGranularity:10]]
[2025.04.08-14.07.39:915][  0]LogConfig: Setting CVar [[s.UnregisterComponentsTimeLimit:1.0]]
[2025.04.08-14.07.39:915][  0]LogConfig: Setting CVar [[s.LevelStreamingComponentsUnregistrationGranularity:5]]
[2025.04.08-14.07.39:915][  0]LogConfig: Setting CVar [[s.FlushStreamingOnExit:1]]
[2025.04.08-14.07.39:915][  0]LogConfig: Applying CVar settings from Section [/Script/Engine.GarbageCollectionSettings] File [C:/Unreal Projects/Top-Down-Puzzle/TopDownPuzzle/Saved/Config/Windows/Engine.ini]
[2025.04.08-14.07.39:915][  0]LogConfig: Setting CVar [[gc.MaxObjectsNotConsideredByGC:1]]
[2025.04.08-14.07.39:915][  0]LogConfig: Setting CVar [[gc.SizeOfPermanentObjectPool:0]]
[2025.04.08-14.07.39:915][  0]LogConfig: Setting CVar [[gc.FlushStreamingOnGC:0]]
[2025.04.08-14.07.39:915][  0]LogConfig: Setting CVar [[gc.NumRetriesBeforeForcingGC:10]]
[2025.04.08-14.07.39:915][  0]LogConfig: Setting CVar [[gc.AllowParallelGC:1]]
[2025.04.08-14.07.39:915][  0]LogConfig: Setting CVar [[gc.TimeBetweenPurgingPendingKillObjects:61.1]]
[2025.04.08-14.07.39:915][  0]LogConfig: Setting CVar [[gc.MaxObjectsInEditor:25165824]]
[2025.04.08-14.07.39:915][  0]LogConfig: Setting CVar [[gc.IncrementalBeginDestroyEnabled:1]]
[2025.04.08-14.07.39:915][  0]LogConfig: Setting CVar [[gc.CreateGCClusters:1]]
[2025.04.08-14.07.39:915][  0]LogConfig: Setting CVar [[gc.MinGCClusterSize:5]]
[2025.04.08-14.07.39:915][  0]LogConfig: Setting CVar [[gc.ActorClusteringEnabled:0]]
[2025.04.08-14.07.39:915][  0]LogConfig: Setting CVar [[gc.BlueprintClusteringEnabled:0]]
[2025.04.08-14.07.39:915][  0]LogConfig: Setting CVar [[gc.UseDisregardForGCOnDedicatedServers:0]]
[2025.04.08-14.07.39:915][  0]LogConfig: Setting CVar [[gc.MultithreadedDestructionEnabled:1]]
[2025.04.08-14.07.39:915][  0]LogConfig: Applying CVar settings from Section [/Script/Engine.NetworkSettings] File [C:/Unreal Projects/Top-Down-Puzzle/TopDownPuzzle/Saved/Config/Windows/Engine.ini]
[2025.04.08-14.07.39:915][  0]LogConfig: Applying CVar settings from Section [/Script/UnrealEd.CookerSettings] File [C:/Unreal Projects/Top-Down-Puzzle/TopDownPuzzle/Saved/Config/Windows/Engine.ini]
[2025.04.08-14.07.39:924][  0]LogConfig: Applying CVar settings from Section [ViewDistanceQuality@3] File [C:/Unreal Projects/Top-Down-Puzzle/TopDownPuzzle/Saved/Config/Windows/Scalability.ini]
[2025.04.08-14.07.39:924][  0]LogConfig: Setting CVar [[r.SkeletalMeshLODBias:0]]
[2025.04.08-14.07.39:924][  0]LogConfig: Setting CVar [[r.ViewDistanceScale:1.0]]
[2025.04.08-14.07.39:924][  0]LogConfig: Applying CVar settings from Section [AntiAliasingQuality@3] File [C:/Unreal Projects/Top-Down-Puzzle/TopDownPuzzle/Saved/Config/Windows/Scalability.ini]
[2025.04.08-14.07.39:924][  0]LogConfig: Setting CVar [[r.PostProcessAAQuality:4]]
[2025.04.08-14.07.39:924][  0]LogConfig: Applying CVar settings from Section [ShadowQuality@3] File [C:/Unreal Projects/Top-Down-Puzzle/TopDownPuzzle/Saved/Config/Windows/Scalability.ini]
[2025.04.08-14.07.39:924][  0]LogConfig: Setting CVar [[r.LightFunctionQuality:1]]
[2025.04.08-14.07.39:924][  0]LogConfig: Setting CVar [[r.ShadowQuality:5]]
[2025.04.08-14.07.39:924][  0]LogConfig: Setting CVar [[r.Shadow.CSM.MaxCascades:10]]
[2025.04.08-14.07.39:924][  0]LogConfig: Setting CVar [[r.Shadow.MaxResolution:2048]]
[2025.04.08-14.07.39:924][  0]LogConfig: Setting CVar [[r.Shadow.MaxCSMResolution:2048]]
[2025.04.08-14.07.39:924][  0]LogConfig: Setting CVar [[r.Shadow.RadiusThreshold:0.01]]
[2025.04.08-14.07.39:924][  0]LogConfig: Setting CVar [[r.Shadow.DistanceScale:1.0]]
[2025.04.08-14.07.39:924][  0]LogConfig: Setting CVar [[r.Shadow.CSM.TransitionScale:1.0]]
[2025.04.08-14.07.39:924][  0]LogConfig: Setting CVar [[r.Shadow.PreShadowResolutionFactor:1.0]]
[2025.04.08-14.07.39:924][  0]LogConfig: Setting CVar [[r.DistanceFieldShadowing:1]]
[2025.04.08-14.07.39:924][  0]LogConfig: Setting CVar [[r.DistanceFieldAO:1]]
[2025.04.08-14.07.39:924][  0]LogConfig: Setting CVar [[r.AOQuality:2]]
[2025.04.08-14.07.39:924][  0]LogConfig: Setting CVar [[r.VolumetricFog:1]]
[2025.04.08-14.07.39:924][  0]LogConfig: Setting CVar [[r.VolumetricFog.GridPixelSize:8]]
[2025.04.08-14.07.39:924][  0]LogConfig: Setting CVar [[r.VolumetricFog.GridSizeZ:128]]
[2025.04.08-14.07.39:924][  0]LogConfig: Setting CVar [[r.VolumetricFog.HistoryMissSupersampleCount:4]]
[2025.04.08-14.07.39:924][  0]LogConfig: Setting CVar [[r.LightMaxDrawDistanceScale:1]]
[2025.04.08-14.07.39:924][  0]LogConfig: Setting CVar [[r.CapsuleShadows:1]]
[2025.04.08-14.07.39:924][  0]LogConfig: Applying CVar settings from Section [PostProcessQuality@3] File [C:/Unreal Projects/Top-Down-Puzzle/TopDownPuzzle/Saved/Config/Windows/Scalability.ini]
[2025.04.08-14.07.39:924][  0]LogConfig: Setting CVar [[r.MotionBlurQuality:4]]
[2025.04.08-14.07.39:924][  0]LogConfig: Setting CVar [[r.AmbientOcclusionMipLevelFactor:0.4]]
[2025.04.08-14.07.39:924][  0]LogConfig: Setting CVar [[r.AmbientOcclusionMaxQuality:100]]
[2025.04.08-14.07.39:924][  0]LogConfig: Setting CVar [[r.AmbientOcclusionLevels:-1]]
[2025.04.08-14.07.39:924][  0]LogConfig: Setting CVar [[r.AmbientOcclusionRadiusScale:1.0]]
[2025.04.08-14.07.39:924][  0]LogConfig: Setting CVar [[r.DepthOfFieldQuality:2]]
[2025.04.08-14.07.39:925][  0]LogConfig: Setting CVar [[r.RenderTargetPoolMin:400]]
[2025.04.08-14.07.39:925][  0]LogConfig: Setting CVar [[r.LensFlareQuality:2]]
[2025.04.08-14.07.39:925][  0]LogConfig: Setting CVar [[r.SceneColorFringeQuality:1]]
[2025.04.08-14.07.39:925][  0]LogConfig: Setting CVar [[r.EyeAdaptationQuality:2]]
[2025.04.08-14.07.39:925][  0]LogConfig: Setting CVar [[r.BloomQuality:5]]
[2025.04.08-14.07.39:925][  0]LogConfig: Setting CVar [[r.FastBlurThreshold:100]]
[2025.04.08-14.07.39:925][  0]LogConfig: Setting CVar [[r.Upscale.Quality:3]]
[2025.04.08-14.07.39:925][  0]LogConfig: Setting CVar [[r.Tonemapper.GrainQuantization:1]]
[2025.04.08-14.07.39:925][  0]LogConfig: Setting CVar [[r.LightShaftQuality:1]]
[2025.04.08-14.07.39:925][  0]LogConfig: Setting CVar [[r.Filter.SizeScale:1]]
[2025.04.08-14.07.39:925][  0]LogConfig: Setting CVar [[r.Tonemapper.Quality:5]]
[2025.04.08-14.07.39:925][  0]LogConfig: Setting CVar [[r.DOF.Gather.AccumulatorQuality:1        ; higher gathering accumulator quality]]
[2025.04.08-14.07.39:925][  0]LogConfig: Setting CVar [[r.DOF.Gather.PostfilterMethod:1          ; Median3x3 postfilering method]]
[2025.04.08-14.07.39:925][  0]LogConfig: Setting CVar [[r.DOF.Gather.EnableBokehSettings:0       ; no bokeh simulation when gathering]]
[2025.04.08-14.07.39:925][  0]LogConfig: Setting CVar [[r.DOF.Gather.RingCount:4                 ; medium number of samples when gathering]]
[2025.04.08-14.07.39:925][  0]LogConfig: Setting CVar [[r.DOF.Scatter.ForegroundCompositing:1    ; additive foreground scattering]]
[2025.04.08-14.07.39:925][  0]LogConfig: Setting CVar [[r.DOF.Scatter.BackgroundCompositing:2    ; additive background scattering]]
[2025.04.08-14.07.39:925][  0]LogConfig: Setting CVar [[r.DOF.Scatter.EnableBokehSettings:1      ; bokeh simulation when scattering]]
[2025.04.08-14.07.39:925][  0]LogConfig: Setting CVar [[r.DOF.Scatter.MaxSpriteRatio:0.1         ; only a maximum of 10% of scattered bokeh]]
[2025.04.08-14.07.39:925][  0]LogConfig: Setting CVar [[r.DOF.Recombine.Quality:1                ; cheap slight out of focus]]
[2025.04.08-14.07.39:925][  0]LogConfig: Setting CVar [[r.DOF.Recombine.EnableBokehSettings:0    ; no bokeh simulation on slight out of focus]]
[2025.04.08-14.07.39:925][  0]LogConfig: Setting CVar [[r.DOF.TemporalAAQuality:1                ; more stable temporal accumulation]]
[2025.04.08-14.07.39:925][  0]LogConfig: Setting CVar [[r.DOF.Kernel.MaxForegroundRadius:0.025]]
[2025.04.08-14.07.39:925][  0]LogConfig: Setting CVar [[r.DOF.Kernel.MaxBackgroundRadius:0.025]]
[2025.04.08-14.07.39:925][  0]LogConfig: Applying CVar settings from Section [TextureQuality@3] File [C:/Unreal Projects/Top-Down-Puzzle/TopDownPuzzle/Saved/Config/Windows/Scalability.ini]
[2025.04.08-14.07.39:925][  0]LogConfig: Setting CVar [[r.Streaming.MipBias:0]]
[2025.04.08-14.07.39:925][  0]LogConfig: Setting CVar [[r.Streaming.AmortizeCPUToGPUCopy:0]]
[2025.04.08-14.07.39:925][  0]LogConfig: Setting CVar [[r.Streaming.MaxNumTexturesToStreamPerFrame:0]]
[2025.04.08-14.07.39:925][  0]LogConfig: Setting CVar [[r.Streaming.Boost:1]]
[2025.04.08-14.07.39:925][  0]LogConfig: Setting CVar [[r.MaxAnisotropy:8]]
[2025.04.08-14.07.39:925][  0]LogConfig: Setting CVar [[r.VT.MaxAnisotropy:8]]
[2025.04.08-14.07.39:925][  0]LogConfig: Setting CVar [[r.Streaming.LimitPoolSizeToVRAM:0]]
[2025.04.08-14.07.39:925][  0]LogConfig: Setting CVar [[r.Streaming.PoolSize:1000]]
[2025.04.08-14.07.39:925][  0]LogConfig: Setting CVar [[r.Streaming.MaxEffectiveScreenSize:0]]
[2025.04.08-14.07.39:925][  0]LogConfig: Applying CVar settings from Section [EffectsQuality@3] File [C:/Unreal Projects/Top-Down-Puzzle/TopDownPuzzle/Saved/Config/Windows/Scalability.ini]
[2025.04.08-14.07.39:925][  0]LogConfig: Setting CVar [[r.TranslucencyLightingVolumeDim:64]]
[2025.04.08-14.07.39:925][  0]LogConfig: Setting CVar [[r.RefractionQuality:2]]
[2025.04.08-14.07.39:925][  0]LogConfig: Setting CVar [[r.SSR.Quality:3]]
[2025.04.08-14.07.39:925][  0]LogConfig: Setting CVar [[r.SSR.HalfResSceneColor:0]]
[2025.04.08-14.07.39:925][  0]LogConfig: Setting CVar [[r.SceneColorFormat:4]]
[2025.04.08-14.07.39:925][  0]LogConfig: Setting CVar [[r.DetailMode:2]]
[2025.04.08-14.07.39:925][  0]LogConfig: Setting CVar [[r.TranslucencyVolumeBlur:1]]
[2025.04.08-14.07.39:925][  0]LogConfig: Setting CVar [[r.MaterialQualityLevel:1 ; High quality]]
[2025.04.08-14.07.39:925][  0]LogConfig: Setting CVar [[r.AnisotropicMaterials:1]]
[2025.04.08-14.07.39:925][  0]LogConfig: Setting CVar [[r.SSS.Scale:1]]
[2025.04.08-14.07.39:925][  0]LogConfig: Setting CVar [[r.SSS.SampleSet:2]]
[2025.04.08-14.07.39:925][  0]LogConfig: Setting CVar [[r.SSS.Quality:1]]
[2025.04.08-14.07.39:925][  0]LogConfig: Setting CVar [[r.SSS.HalfRes:0]]
[2025.04.08-14.07.39:925][  0]LogConfig: Setting CVar [[r.SSGI.Quality:3]]
[2025.04.08-14.07.39:925][  0]LogConfig: Setting CVar [[r.EmitterSpawnRateScale:1.0]]
[2025.04.08-14.07.39:925][  0]LogConfig: Setting CVar [[r.ParticleLightQuality:2]]
[2025.04.08-14.07.39:925][  0]LogConfig: Setting CVar [[r.SkyAtmosphere.AerialPerspectiveLUT.FastApplyOnOpaque:1 ; Always have FastSkyLUT 1 in this case to avoid wrong sky]]
[2025.04.08-14.07.39:925][  0]LogConfig: Setting CVar [[r.SkyAtmosphere.AerialPerspectiveLUT.SampleCountMaxPerSlice:4]]
[2025.04.08-14.07.39:925][  0]LogConfig: Setting CVar [[r.SkyAtmosphere.AerialPerspectiveLUT.DepthResolution:16.0]]
[2025.04.08-14.07.39:925][  0]LogConfig: Setting CVar [[r.SkyAtmosphere.FastSkyLUT:1]]
[2025.04.08-14.07.39:925][  0]LogConfig: Setting CVar [[r.SkyAtmosphere.FastSkyLUT.SampleCountMin:4.0]]
[2025.04.08-14.07.39:925][  0]LogConfig: Setting CVar [[r.SkyAtmosphere.FastSkyLUT.SampleCountMax:128.0]]
[2025.04.08-14.07.39:925][  0]LogConfig: Setting CVar [[r.SkyAtmosphere.SampleCountMin:4.0]]
[2025.04.08-14.07.39:925][  0]LogConfig: Setting CVar [[r.SkyAtmosphere.SampleCountMax:128.0]]
[2025.04.08-14.07.39:925][  0]LogConfig: Setting CVar [[r.SkyAtmosphere.TransmittanceLUT.UseSmallFormat:0]]
[2025.04.08-14.07.39:925][  0]LogConfig: Setting CVar [[r.SkyAtmosphere.TransmittanceLUT.SampleCount:10.0]]
[2025.04.08-14.07.39:925][  0]LogConfig: Setting CVar [[r.SkyAtmosphere.MultiScatteringLUT.SampleCount:15.0]]
[2025.04.08-14.07.39:925][  0]LogConfig: Setting CVar [[r.SkyLight.RealTimeReflectionCapture:1]]
[2025.04.08-14.07.39:925][  0]LogConfig: Applying CVar settings from Section [FoliageQuality@3] File [C:/Unreal Projects/Top-Down-Puzzle/TopDownPuzzle/Saved/Config/Windows/Scalability.ini]
[2025.04.08-14.07.39:925][  0]LogConfig: Setting CVar [[foliage.DensityScale:1.0]]
[2025.04.08-14.07.39:925][  0]LogConfig: Setting CVar [[grass.DensityScale:1.0]]
[2025.04.08-14.07.39:925][  0]LogConfig: Applying CVar settings from Section [ShadingQuality@3] File [C:/Unreal Projects/Top-Down-Puzzle/TopDownPuzzle/Saved/Config/Windows/Scalability.ini]
[2025.04.08-14.07.39:925][  0]LogConfig: Setting CVar [[r.HairStrands.SkyLighting.IntegrationType:2]]
[2025.04.08-14.07.39:925][  0]LogConfig: Setting CVar [[r.HairStrands.SkyAO.SampleCount:4]]
[2025.04.08-14.07.39:925][  0]LogConfig: Setting CVar [[r.HairStrands.Visibility.MSAA.SamplePerPixel:4]]
[2025.04.08-14.07.39:925][  0]LogInit: Selected Device Profile: [Windows]
[2025.04.08-14.07.39:925][  0]LogInit: Applying CVar settings loaded from the selected device profile: [Windows]
[2025.04.08-14.07.39:925][  0]LogHAL: Display: Platform has ~ 16 GB [17013329920 / 17179869184 / 16], which maps to Larger [LargestMinGB=32, LargerMinGB=12, DefaultMinGB=8, SmallerMinGB=6, SmallestMinGB=0)
[2025.04.08-14.07.39:925][  0]LogInit: Going up to parent DeviceProfile []
[2025.04.08-14.07.39:926][  0]LogConfig: Applying CVar settings from Section [ViewDistanceQuality@3] File [C:/Unreal Projects/Top-Down-Puzzle/TopDownPuzzle/Saved/Config/Windows/Scalability.ini]
[2025.04.08-14.07.39:926][  0]LogConfig: Setting CVar [[r.SkeletalMeshLODBias:0]]
[2025.04.08-14.07.39:926][  0]LogConfig: Setting CVar [[r.ViewDistanceScale:1.0]]
[2025.04.08-14.07.39:926][  0]LogConfig: Applying CVar settings from Section [AntiAliasingQuality@3] File [C:/Unreal Projects/Top-Down-Puzzle/TopDownPuzzle/Saved/Config/Windows/Scalability.ini]
[2025.04.08-14.07.39:926][  0]LogConfig: Setting CVar [[r.PostProcessAAQuality:4]]
[2025.04.08-14.07.39:926][  0]LogConfig: Applying CVar settings from Section [ShadowQuality@3] File [C:/Unreal Projects/Top-Down-Puzzle/TopDownPuzzle/Saved/Config/Windows/Scalability.ini]
[2025.04.08-14.07.39:926][  0]LogConfig: Setting CVar [[r.LightFunctionQuality:1]]
[2025.04.08-14.07.39:926][  0]LogConfig: Setting CVar [[r.ShadowQuality:5]]
[2025.04.08-14.07.39:926][  0]LogConfig: Setting CVar [[r.Shadow.CSM.MaxCascades:10]]
[2025.04.08-14.07.39:926][  0]LogConfig: Setting CVar [[r.Shadow.MaxResolution:2048]]
[2025.04.08-14.07.39:926][  0]LogConfig: Setting CVar [[r.Shadow.MaxCSMResolution:2048]]
[2025.04.08-14.07.39:926][  0]LogConfig: Setting CVar [[r.Shadow.RadiusThreshold:0.01]]
[2025.04.08-14.07.39:926][  0]LogConfig: Setting CVar [[r.Shadow.DistanceScale:1.0]]
[2025.04.08-14.07.39:926][  0]LogConfig: Setting CVar [[r.Shadow.CSM.TransitionScale:1.0]]
[2025.04.08-14.07.39:926][  0]LogConfig: Setting CVar [[r.Shadow.PreShadowResolutionFactor:1.0]]
[2025.04.08-14.07.39:926][  0]LogConfig: Setting CVar [[r.DistanceFieldShadowing:1]]
[2025.04.08-14.07.39:926][  0]LogConfig: Setting CVar [[r.DistanceFieldAO:1]]
[2025.04.08-14.07.39:926][  0]LogConfig: Setting CVar [[r.AOQuality:2]]
[2025.04.08-14.07.39:926][  0]LogConfig: Setting CVar [[r.VolumetricFog:1]]
[2025.04.08-14.07.39:926][  0]LogConfig: Setting CVar [[r.VolumetricFog.GridPixelSize:8]]
[2025.04.08-14.07.39:926][  0]LogConfig: Setting CVar [[r.VolumetricFog.GridSizeZ:128]]
[2025.04.08-14.07.39:926][  0]LogConfig: Setting CVar [[r.VolumetricFog.HistoryMissSupersampleCount:4]]
[2025.04.08-14.07.39:926][  0]LogConfig: Setting CVar [[r.LightMaxDrawDistanceScale:1]]
[2025.04.08-14.07.39:926][  0]LogConfig: Setting CVar [[r.CapsuleShadows:1]]
[2025.04.08-14.07.39:926][  0]LogConfig: Applying CVar settings from Section [PostProcessQuality@3] File [C:/Unreal Projects/Top-Down-Puzzle/TopDownPuzzle/Saved/Config/Windows/Scalability.ini]
[2025.04.08-14.07.39:926][  0]LogConfig: Setting CVar [[r.MotionBlurQuality:4]]
[2025.04.08-14.07.39:926][  0]LogConfig: Setting CVar [[r.AmbientOcclusionMipLevelFactor:0.4]]
[2025.04.08-14.07.39:926][  0]LogConfig: Setting CVar [[r.AmbientOcclusionMaxQuality:100]]
[2025.04.08-14.07.39:926][  0]LogConfig: Setting CVar [[r.AmbientOcclusionLevels:-1]]
[2025.04.08-14.07.39:926][  0]LogConfig: Setting CVar [[r.AmbientOcclusionRadiusScale:1.0]]
[2025.04.08-14.07.39:926][  0]LogConfig: Setting CVar [[r.DepthOfFieldQuality:2]]
[2025.04.08-14.07.39:926][  0]LogConfig: Setting CVar [[r.RenderTargetPoolMin:400]]
[2025.04.08-14.07.39:926][  0]LogConfig: Setting CVar [[r.LensFlareQuality:2]]
[2025.04.08-14.07.39:926][  0]LogConfig: Setting CVar [[r.SceneColorFringeQuality:1]]
[2025.04.08-14.07.39:926][  0]LogConfig: Setting CVar [[r.EyeAdaptationQuality:2]]
[2025.04.08-14.07.39:926][  0]LogConfig: Setting CVar [[r.BloomQuality:5]]
[2025.04.08-14.07.39:926][  0]LogConfig: Setting CVar [[r.FastBlurThreshold:100]]
[2025.04.08-14.07.39:926][  0]LogConfig: Setting CVar [[r.Upscale.Quality:3]]
[2025.04.08-14.07.39:926][  0]LogConfig: Setting CVar [[r.Tonemapper.GrainQuantization:1]]
[2025.04.08-14.07.39:926][  0]LogConfig: Setting CVar [[r.LightShaftQuality:1]]
[2025.04.08-14.07.39:926][  0]LogConfig: Setting CVar [[r.Filter.SizeScale:1]]
[2025.04.08-14.07.39:926][  0]LogConfig: Setting CVar [[r.Tonemapper.Quality:5]]
[2025.04.08-14.07.39:926][  0]LogConfig: Setting CVar [[r.DOF.Gather.AccumulatorQuality:1        ; higher gathering accumulator quality]]
[2025.04.08-14.07.39:926][  0]LogConfig: Setting CVar [[r.DOF.Gather.PostfilterMethod:1          ; Median3x3 postfilering method]]
[2025.04.08-14.07.39:926][  0]LogConfig: Setting CVar [[r.DOF.Gather.EnableBokehSettings:0       ; no bokeh simulation when gathering]]
[2025.04.08-14.07.39:926][  0]LogConfig: Setting CVar [[r.DOF.Gather.RingCount:4                 ; medium number of samples when gathering]]
[2025.04.08-14.07.39:926][  0]LogConfig: Setting CVar [[r.DOF.Scatter.ForegroundCompositing:1    ; additive foreground scattering]]
[2025.04.08-14.07.39:926][  0]LogConfig: Setting CVar [[r.DOF.Scatter.BackgroundCompositing:2    ; additive background scattering]]
[2025.04.08-14.07.39:926][  0]LogConfig: Setting CVar [[r.DOF.Scatter.EnableBokehSettings:1      ; bokeh simulation when scattering]]
[2025.04.08-14.07.39:926][  0]LogConfig: Setting CVar [[r.DOF.Scatter.MaxSpriteRatio:0.1         ; only a maximum of 10% of scattered bokeh]]
[2025.04.08-14.07.39:926][  0]LogConfig: Setting CVar [[r.DOF.Recombine.Quality:1                ; cheap slight out of focus]]
[2025.04.08-14.07.39:926][  0]LogConfig: Setting CVar [[r.DOF.Recombine.EnableBokehSettings:0    ; no bokeh simulation on slight out of focus]]
[2025.04.08-14.07.39:926][  0]LogConfig: Setting CVar [[r.DOF.TemporalAAQuality:1                ; more stable temporal accumulation]]
[2025.04.08-14.07.39:926][  0]LogConfig: Setting CVar [[r.DOF.Kernel.MaxForegroundRadius:0.025]]
[2025.04.08-14.07.39:926][  0]LogConfig: Setting CVar [[r.DOF.Kernel.MaxBackgroundRadius:0.025]]
[2025.04.08-14.07.39:926][  0]LogConfig: Applying CVar settings from Section [TextureQuality@3] File [C:/Unreal Projects/Top-Down-Puzzle/TopDownPuzzle/Saved/Config/Windows/Scalability.ini]
[2025.04.08-14.07.39:926][  0]LogConfig: Setting CVar [[r.Streaming.MipBias:0]]
[2025.04.08-14.07.39:926][  0]LogConfig: Setting CVar [[r.Streaming.AmortizeCPUToGPUCopy:0]]
[2025.04.08-14.07.39:926][  0]LogConfig: Setting CVar [[r.Streaming.MaxNumTexturesToStreamPerFrame:0]]
[2025.04.08-14.07.39:926][  0]LogConfig: Setting CVar [[r.Streaming.Boost:1]]
[2025.04.08-14.07.39:926][  0]LogConfig: Setting CVar [[r.MaxAnisotropy:8]]
[2025.04.08-14.07.39:926][  0]LogConfig: Setting CVar [[r.VT.MaxAnisotropy:8]]
[2025.04.08-14.07.39:926][  0]LogConfig: Setting CVar [[r.Streaming.LimitPoolSizeToVRAM:0]]
[2025.04.08-14.07.39:926][  0]LogConfig: Setting CVar [[r.Streaming.PoolSize:1000]]
[2025.04.08-14.07.39:926][  0]LogConfig: Setting CVar [[r.Streaming.MaxEffectiveScreenSize:0]]
[2025.04.08-14.07.39:926][  0]LogConfig: Applying CVar settings from Section [EffectsQuality@3] File [C:/Unreal Projects/Top-Down-Puzzle/TopDownPuzzle/Saved/Config/Windows/Scalability.ini]
[2025.04.08-14.07.39:926][  0]LogConfig: Setting CVar [[r.TranslucencyLightingVolumeDim:64]]
[2025.04.08-14.07.39:926][  0]LogConfig: Setting CVar [[r.RefractionQuality:2]]
[2025.04.08-14.07.39:926][  0]LogConfig: Setting CVar [[r.SSR.Quality:3]]
[2025.04.08-14.07.39:926][  0]LogConfig: Setting CVar [[r.SSR.HalfResSceneColor:0]]
[2025.04.08-14.07.39:926][  0]LogConfig: Setting CVar [[r.SceneColorFormat:4]]
[2025.04.08-14.07.39:926][  0]LogConfig: Setting CVar [[r.DetailMode:2]]
[2025.04.08-14.07.39:926][  0]LogConfig: Setting CVar [[r.TranslucencyVolumeBlur:1]]
[2025.04.08-14.07.39:926][  0]LogConfig: Setting CVar [[r.MaterialQualityLevel:1 ; High quality]]
[2025.04.08-14.07.39:926][  0]LogConfig: Setting CVar [[r.AnisotropicMaterials:1]]
[2025.04.08-14.07.39:926][  0]LogConfig: Setting CVar [[r.SSS.Scale:1]]
[2025.04.08-14.07.39:926][  0]LogConfig: Setting CVar [[r.SSS.SampleSet:2]]
[2025.04.08-14.07.39:926][  0]LogConfig: Setting CVar [[r.SSS.Quality:1]]
[2025.04.08-14.07.39:926][  0]LogConfig: Setting CVar [[r.SSS.HalfRes:0]]
[2025.04.08-14.07.39:926][  0]LogConfig: Setting CVar [[r.SSGI.Quality:3]]
[2025.04.08-14.07.39:926][  0]LogConfig: Setting CVar [[r.EmitterSpawnRateScale:1.0]]
[2025.04.08-14.07.39:926][  0]LogConfig: Setting CVar [[r.ParticleLightQuality:2]]
[2025.04.08-14.07.39:926][  0]LogConfig: Setting CVar [[r.SkyAtmosphere.AerialPerspectiveLUT.FastApplyOnOpaque:1 ; Always have FastSkyLUT 1 in this case to avoid wrong sky]]
[2025.04.08-14.07.39:926][  0]LogConfig: Setting CVar [[r.SkyAtmosphere.AerialPerspectiveLUT.SampleCountMaxPerSlice:4]]
[2025.04.08-14.07.39:926][  0]LogConfig: Setting CVar [[r.SkyAtmosphere.AerialPerspectiveLUT.DepthResolution:16.0]]
[2025.04.08-14.07.39:926][  0]LogConfig: Setting CVar [[r.SkyAtmosphere.FastSkyLUT:1]]
[2025.04.08-14.07.39:927][  0]LogConfig: Setting CVar [[r.SkyAtmosphere.FastSkyLUT.SampleCountMin:4.0]]
[2025.04.08-14.07.39:927][  0]LogConfig: Setting CVar [[r.SkyAtmosphere.FastSkyLUT.SampleCountMax:128.0]]
[2025.04.08-14.07.39:927][  0]LogConfig: Setting CVar [[r.SkyAtmosphere.SampleCountMin:4.0]]
[2025.04.08-14.07.39:927][  0]LogConfig: Setting CVar [[r.SkyAtmosphere.SampleCountMax:128.0]]
[2025.04.08-14.07.39:927][  0]LogConfig: Setting CVar [[r.SkyAtmosphere.TransmittanceLUT.UseSmallFormat:0]]
[2025.04.08-14.07.39:927][  0]LogConfig: Setting CVar [[r.SkyAtmosphere.TransmittanceLUT.SampleCount:10.0]]
[2025.04.08-14.07.39:927][  0]LogConfig: Setting CVar [[r.SkyAtmosphere.MultiScatteringLUT.SampleCount:15.0]]
[2025.04.08-14.07.39:927][  0]LogConfig: Setting CVar [[r.SkyLight.RealTimeReflectionCapture:1]]
[2025.04.08-14.07.39:927][  0]LogConfig: Applying CVar settings from Section [FoliageQuality@3] File [C:/Unreal Projects/Top-Down-Puzzle/TopDownPuzzle/Saved/Config/Windows/Scalability.ini]
[2025.04.08-14.07.39:927][  0]LogConfig: Setting CVar [[foliage.DensityScale:1.0]]
[2025.04.08-14.07.39:927][  0]LogConfig: Setting CVar [[grass.DensityScale:1.0]]
[2025.04.08-14.07.39:927][  0]LogConfig: Applying CVar settings from Section [ShadingQuality@3] File [C:/Unreal Projects/Top-Down-Puzzle/TopDownPuzzle/Saved/Config/Windows/Scalability.ini]
[2025.04.08-14.07.39:927][  0]LogConfig: Setting CVar [[r.HairStrands.SkyLighting.IntegrationType:2]]
[2025.04.08-14.07.39:927][  0]LogConfig: Setting CVar [[r.HairStrands.SkyAO.SampleCount:4]]
[2025.04.08-14.07.39:927][  0]LogConfig: Setting CVar [[r.HairStrands.Visibility.MSAA.SamplePerPixel:4]]
[2025.04.08-14.07.39:927][  0]LogConfig: Applying CVar settings from Section [Startup] File [../../../Engine/Config/ConsoleVariables.ini]
[2025.04.08-14.07.39:927][  0]LogConfig: Setting CVar [[net.UseAdaptiveNetUpdateFrequency:0]]
[2025.04.08-14.07.39:927][  0]LogConfig: Setting CVar [[p.chaos.AllowCreatePhysxBodies:1]]
[2025.04.08-14.07.39:927][  0]LogConfig: Setting CVar [[fx.SkipVectorVMBackendOptimizations:1]]
[2025.04.08-14.07.39:927][  0]LogConfig: Applying CVar settings from Section [ConsoleVariables] File [C:/Unreal Projects/Top-Down-Puzzle/TopDownPuzzle/Saved/Config/Windows/Engine.ini]
[2025.04.08-14.07.39:927][  0]LogConfig: Applying CVar settings from Section [ConsoleVariables] File [C:/Unreal Projects/Top-Down-Puzzle/TopDownPuzzle/Saved/Config/Windows/Editor.ini]
[2025.04.08-14.07.39:927][  0]LogInit: Computer: LAPTOP-EJ2DB2HV
[2025.04.08-14.07.39:927][  0]LogInit: User: patel
[2025.04.08-14.07.39:927][  0]LogInit: CPU Page size=4096, Cores=4
[2025.04.08-14.07.39:927][  0]LogInit: High frequency timer resolution =10.000000 MHz
[2025.04.08-14.07.39:927][  0]LogMemory: Memory total: Physical=15.8GB (16GB approx)
[2025.04.08-14.07.39:927][  0]LogMemory: Platform Memory Stats for Windows
[2025.04.08-14.07.39:927][  0]LogMemory: Process Physical Memory: 144.24 MB used, 144.24 MB peak
[2025.04.08-14.07.39:927][  0]LogMemory: Process Virtual Memory: 114.63 MB used, 114.63 MB peak
[2025.04.08-14.07.39:927][  0]LogMemory: Physical Memory: 10760.23 MB used,  5464.94 MB free, 16225.18 MB total
[2025.04.08-14.07.39:927][  0]LogMemory: Virtual Memory: 134198640.00 MB used,  19085.29 MB free, 134217728.00 MB total
[2025.04.08-14.07.39:934][  0]LogWindows: WindowsPlatformFeatures enabled
[2025.04.08-14.07.39:987][  0]LogInit: Physics initialised using underlying interface: PhysX
[2025.04.08-14.07.39:988][  0]LogInit: Using OS detected language (en-US).
[2025.04.08-14.07.39:988][  0]LogInit: Using OS detected locale (en-IN).
[2025.04.08-14.07.39:995][  0]LogTextLocalizationManager: No specific localization for 'en-US' exists, so the 'en' localization will be used.
[2025.04.08-14.07.40:192][  0]LogInit: Setting process to per monitor DPI aware
[2025.04.08-14.07.40:211][  0]LogWindowsTextInputMethodSystem: Display: IME system deactivated.
[2025.04.08-14.07.40:234][  0]LogSlate: New Slate User Created.  User Index 0, Is Virtual User: 0
[2025.04.08-14.07.40:234][  0]LogSlate: Slate User Registered.  User Index 0, Is Virtual User: 0
[2025.04.08-14.07.40:458][  0]LogD3D11RHI: Loaded GFSDK_Aftermath_Lib.x64.dll
[2025.04.08-14.07.40:532][  0]LogHMD: Failed to initialize OpenVR with code 110
[2025.04.08-14.07.40:532][  0]LogD3D11RHI: D3D11 min allowed feature level: 11_0
[2025.04.08-14.07.40:532][  0]LogD3D11RHI: D3D11 max allowed feature level: 11_0
[2025.04.08-14.07.40:532][  0]LogD3D11RHI: D3D11 adapters:
[2025.04.08-14.07.40:673][  0]LogD3D11RHI:    0. 'NVIDIA GeForce GTX 1650' (Feature Level 11_0)
[2025.04.08-14.07.40:673][  0]LogD3D11RHI:       3935/0/8112 MB DedicatedVideo/DedicatedSystem/SharedSystem, Outputs:1, VendorId:0x10de
[2025.04.08-14.07.40:734][  0]LogD3D11RHI:    1. 'Intel(R) UHD Graphics 630' (Feature Level 11_0)
[2025.04.08-14.07.40:734][  0]LogD3D11RHI:       128/0/8112 MB DedicatedVideo/DedicatedSystem/SharedSystem, Outputs:0, VendorId:0x8086
[2025.04.08-14.07.40:737][  0]LogD3D11RHI:    2. 'Microsoft Basic Render Driver' (Feature Level 11_0)
[2025.04.08-14.07.40:737][  0]LogD3D11RHI:       0/0/8112 MB DedicatedVideo/DedicatedSystem/SharedSystem, Outputs:0, VendorId:0x1414
[2025.04.08-14.07.40:737][  0]LogD3D11RHI: Chosen D3D11 Adapter:
[2025.04.08-14.07.40:737][  0]LogD3D11RHI:     Description : NVIDIA GeForce GTX 1650
[2025.04.08-14.07.40:737][  0]LogD3D11RHI:     VendorId    : 10de
[2025.04.08-14.07.40:737][  0]LogD3D11RHI:     DeviceId    : 1f91
[2025.04.08-14.07.40:737][  0]LogD3D11RHI:     SubSysId    : 85fc103c
[2025.04.08-14.07.40:737][  0]LogD3D11RHI:     Revision    : 00a1
[2025.04.08-14.07.40:737][  0]LogD3D11RHI:     DedicatedVideoMemory : 4126146560 bytes
[2025.04.08-14.07.40:737][  0]LogD3D11RHI:     DedicatedSystemMemory : 0 bytes
[2025.04.08-14.07.40:737][  0]LogD3D11RHI:     SharedSystemMemory : 8506664960 bytes
[2025.04.08-14.07.40:737][  0]LogD3D11RHI:     AdapterLuid : 0 85226
[2025.04.08-14.07.40:744][  0]LogD3D11RHI: Creating new Direct3DDevice
[2025.04.08-14.07.40:744][  0]LogD3D11RHI:     GPU DeviceId: 0x1f91 (for the marketing name, search the web for "GPU Device Id")
[2025.04.08-14.07.40:744][  0]LogWindows: EnumDisplayDevices:
[2025.04.08-14.07.40:744][  0]LogWindows:    0. 'Intel(R) UHD Graphics 630' (P:1 D:1)
[2025.04.08-14.07.40:744][  0]LogWindows:    1. 'Intel(R) UHD Graphics 630' (P:0 D:0)
[2025.04.08-14.07.40:745][  0]LogWindows:    2. 'Intel(R) UHD Graphics 630' (P:0 D:0)
[2025.04.08-14.07.40:745][  0]LogWindows:    3. 'NVIDIA GeForce GTX 1650' (P:0 D:0)
[2025.04.08-14.07.40:745][  0]LogWindows:    4. 'NVIDIA GeForce GTX 1650' (P:0 D:0)
[2025.04.08-14.07.40:745][  0]LogWindows:    5. 'NVIDIA GeForce GTX 1650' (P:0 D:0)
[2025.04.08-14.07.40:746][  0]LogWindows:    6. 'NVIDIA GeForce GTX 1650' (P:0 D:0)
[2025.04.08-14.07.40:746][  0]LogWindows: DebugString: PrimaryIsNotTheChoosenAdapter PrimaryIsNotTheChoosenAdapter PrimaryIsNotTheChoosenAdapter FoundDriverCount:4 
[2025.04.08-14.07.40:746][  0]LogD3D11RHI:     Adapter Name: NVIDIA GeForce GTX 1650
[2025.04.08-14.07.40:746][  0]LogD3D11RHI:   Driver Version: 561.19 (internal:32.0.15.6119, unified:561.19)
[2025.04.08-14.07.40:746][  0]LogD3D11RHI:      Driver Date: 11-11-2024
[2025.04.08-14.07.40:746][  0]LogRHI: Texture pool is 2754 MB (70% of 3935 MB)
[2025.04.08-14.07.40:746][  0]LogD3D11RHI: Creating D3DDevice using adapter:
[2025.04.08-14.07.40:746][  0]LogD3D11RHI:     Description : NVIDIA GeForce GTX 1650
[2025.04.08-14.07.40:746][  0]LogD3D11RHI:     VendorId    : 10de
[2025.04.08-14.07.40:746][  0]LogD3D11RHI:     DeviceId    : 1f91
[2025.04.08-14.07.40:746][  0]LogD3D11RHI:     SubSysId    : 85fc103c
[2025.04.08-14.07.40:746][  0]LogD3D11RHI:     Revision    : 00a1
[2025.04.08-14.07.40:746][  0]LogD3D11RHI:     DedicatedVideoMemory : 4126146560 bytes
[2025.04.08-14.07.40:746][  0]LogD3D11RHI:     DedicatedSystemMemory : 0 bytes
[2025.04.08-14.07.40:746][  0]LogD3D11RHI:     SharedSystemMemory : 8506664960 bytes
[2025.04.08-14.07.40:746][  0]LogD3D11RHI:     AdapterLuid : 0 85226
[2025.04.08-14.07.40:818][  0]LogD3D11RHI: RHI has support for 64 bit atomics
[2025.04.08-14.07.40:819][  0]LogD3D11RHI: Async texture creation enabled
[2025.04.08-14.07.40:819][  0]LogD3D11RHI: Array index from any shader is supported
[2025.04.08-14.07.40:843][  0]LogD3D11RHI: GPU Timing Frequency: 1000.000000 (Debug: 2 2)
[2025.04.08-14.07.40:899][  0]LogRHI: GeForceNow SDK initialized: 1
[2025.04.08-14.07.41:255][  0]LogTargetPlatformManager: Display: Loaded TargetPlatform 'AllDesktop'
[2025.04.08-14.07.41:279][  0]LogTargetPlatformManager: Display: Loaded TargetPlatform 'Android'
[2025.04.08-14.07.41:279][  0]LogTargetPlatformManager: Display: Loaded TargetPlatform 'Android_ASTC'
[2025.04.08-14.07.41:279][  0]LogTargetPlatformManager: Display: Loaded TargetPlatform 'Android_DXT'
[2025.04.08-14.07.41:279][  0]LogTargetPlatformManager: Display: Loaded TargetPlatform 'Android_ETC2'
[2025.04.08-14.07.41:279][  0]LogTargetPlatformManager: Display: Loaded TargetPlatform 'AndroidClient'
[2025.04.08-14.07.41:279][  0]LogTargetPlatformManager: Display: Loaded TargetPlatform 'Android_ASTCClient'
[2025.04.08-14.07.41:279][  0]LogTargetPlatformManager: Display: Loaded TargetPlatform 'Android_DXTClient'
[2025.04.08-14.07.41:279][  0]LogTargetPlatformManager: Display: Loaded TargetPlatform 'Android_ETC2Client'
[2025.04.08-14.07.41:279][  0]LogTargetPlatformManager: Display: Loaded TargetPlatform 'Android_Multi'
[2025.04.08-14.07.41:279][  0]LogTargetPlatformManager: Display: Loaded TargetPlatform 'Android_MultiClient'
[2025.04.08-14.07.41:302][  0]LogTargetPlatformManager: Display: Loaded TargetPlatform 'IOSClient'
[2025.04.08-14.07.41:302][  0]LogTargetPlatformManager: Display: Loaded TargetPlatform 'IOS'
[2025.04.08-14.07.41:313][  0]LogTargetPlatformManager: Display: Loaded TargetPlatform 'Linux'
[2025.04.08-14.07.41:318][  0]LogTargetPlatformManager: Display: Loaded TargetPlatform 'LinuxNoEditor'
[2025.04.08-14.07.41:323][  0]LogTargetPlatformManager: Display: Loaded TargetPlatform 'LinuxClient'
[2025.04.08-14.07.41:329][  0]LogTargetPlatformManager: Display: Loaded TargetPlatform 'LinuxServer'
[2025.04.08-14.07.41:339][  0]LogTargetPlatformManager: Display: Loaded TargetPlatform 'LinuxAArch64NoEditor'
[2025.04.08-14.07.41:344][  0]LogTargetPlatformManager: Display: Loaded TargetPlatform 'LinuxAArch64Client'
[2025.04.08-14.07.41:350][  0]LogTargetPlatformManager: Display: Loaded TargetPlatform 'LinuxAArch64Server'
[2025.04.08-14.07.41:375][  0]LogTargetPlatformManager: Display: Loaded TargetPlatform 'Lumin'
[2025.04.08-14.07.41:375][  0]LogTargetPlatformManager: Display: Loaded TargetPlatform 'LuminClient'
[2025.04.08-14.07.41:385][  0]LogTargetPlatformManager: Display: Loaded TargetPlatform 'MacNoEditor'
[2025.04.08-14.07.41:390][  0]LogTargetPlatformManager: Display: Loaded TargetPlatform 'Mac'
[2025.04.08-14.07.41:395][  0]LogTargetPlatformManager: Display: Loaded TargetPlatform 'MacClient'
[2025.04.08-14.07.41:400][  0]LogTargetPlatformManager: Display: Loaded TargetPlatform 'MacServer'
[2025.04.08-14.07.41:413][  0]LogTargetPlatformManager: Display: Loaded TargetPlatform 'TVOSClient'
[2025.04.08-14.07.41:413][  0]LogTargetPlatformManager: Display: Loaded TargetPlatform 'TVOS'
[2025.04.08-14.07.41:424][  0]LogTargetPlatformManager: Display: Loaded TargetPlatform 'WindowsNoEditor'
[2025.04.08-14.07.41:431][  0]LogTargetPlatformManager: Display: Loaded TargetPlatform 'Windows'
[2025.04.08-14.07.41:439][  0]LogTargetPlatformManager: Display: Loaded TargetPlatform 'WindowsClient'
[2025.04.08-14.07.41:447][  0]LogTargetPlatformManager: Display: Loaded TargetPlatform 'WindowsServer'
[2025.04.08-14.07.41:447][  0]LogTargetPlatformManager: Display: Building Assets For Windows
[2025.04.08-14.07.41:459][  0]LogAudioDebug: Display: Lib vorbis DLL was dynamically loaded.
[2025.04.08-14.07.41:503][  0]LogTextureFormatOodle: Display: Oodle Texture 2.9.0 init RDO Off
[2025.04.08-14.07.41:693][  0]LogRendererCore: Ray tracing is disabled. Reason: r.RayTracing=0.
[2025.04.08-14.07.41:693][  0]LogShaderCompilers: Guid format shader working directory is -18 characters bigger than the processId version (../../../../../../Unreal Projects/Top-Down-Puzzle/TopDownPuzzle/Intermediate/Shaders/WorkingDirectory/17376/).
[2025.04.08-14.07.41:693][  0]LogShaderCompilers: Cleaned the shader compiler working directory 'C:/Users/patel/AppData/Local/Temp/UnrealShaderWorkingDir/F324183145244F9CDB2E0BA3C3DF40EA/'.
[2025.04.08-14.07.41:693][  0]LogXGEController: Cannot use XGE Controller as Incredibuild is not installed on this machine.
[2025.04.08-14.07.41:693][  0]LogShaderCompilers: Cannot use XGE Shader Compiler as Incredibuild is not installed on this machine.
[2025.04.08-14.07.41:693][  0]LogShaderCompilers: Display: Using Local Shader Compiler.
[2025.04.08-14.07.42:426][  0]LogDerivedDataCache: Display: Max Cache Size: 512 MB
[2025.04.08-14.07.42:484][  0]LogDerivedDataCache: Loaded boot cache 0.06s 103MB C:/Users/patel/AppData/Local/UnrealEngine/4.27/DerivedDataCache/Boot.ddc.
[2025.04.08-14.07.42:484][  0]LogDerivedDataCache: Display: Loaded Boot cache: C:/Users/patel/AppData/Local/UnrealEngine/4.27/DerivedDataCache/Boot.ddc
[2025.04.08-14.07.42:484][  0]LogDerivedDataCache: FDerivedDataBackendGraph:  Pak pak cache file ../../../../../../Unreal Projects/Top-Down-Puzzle/TopDownPuzzle/DerivedDataCache/DDC.ddp not found, will not use a pak cache.
[2025.04.08-14.07.42:484][  0]LogDerivedDataCache: Unable to find inner node Pak for hierarchical cache Hierarchy.
[2025.04.08-14.07.42:484][  0]LogDerivedDataCache: FDerivedDataBackendGraph:  CompressedPak pak cache file ../../../../../../Unreal Projects/Top-Down-Puzzle/TopDownPuzzle/DerivedDataCache/Compressed.ddp not found, will not use a pak cache.
[2025.04.08-14.07.42:484][  0]LogDerivedDataCache: Unable to find inner node CompressedPak for hierarchical cache Hierarchy.
[2025.04.08-14.07.42:499][  0]LogDerivedDataCache: Display: Pak cache opened for reading ../../../Engine/DerivedDataCache/Compressed.ddp.
[2025.04.08-14.07.42:500][  0]LogDerivedDataCache: FDerivedDataBackendGraph:  EnterprisePak pak cache file ../../../Enterprise/DerivedDataCache/Compressed.ddp not found, will not use a pak cache.
[2025.04.08-14.07.42:500][  0]LogDerivedDataCache: Unable to find inner node EnterprisePak for hierarchical cache Hierarchy.
[2025.04.08-14.07.42:510][  0]LogDerivedDataCache: Speed tests for C:/Users/patel/AppData/Local/UnrealEngine/Common/DerivedDataCache took 0.01 seconds
[2025.04.08-14.07.42:510][  0]LogDerivedDataCache: Display: Performance to C:/Users/patel/AppData/Local/UnrealEngine/Common/DerivedDataCache: Latency=0.05ms. RandomReadSpeed=787.67MBs, RandomWriteSpeed=105.29MBs. Assigned SpeedClass 'Local'
[2025.04.08-14.07.42:511][  0]LogDerivedDataCache: Using Local data cache path C:/Users/patel/AppData/Local/UnrealEngine/Common/DerivedDataCache: Writable
[2025.04.08-14.07.42:511][  0]LogDerivedDataCache: Shared data cache path not found in *engine.ini, will not use an Shared cache.
[2025.04.08-14.07.42:511][  0]LogDerivedDataCache: Unable to find inner node Shared for hierarchical cache Hierarchy.
[2025.04.08-14.07.42:560][  0]LogSlate: Using FreeType 2.10.0
[2025.04.08-14.07.42:561][  0]LogSlate: SlateFontServices - WITH_FREETYPE: 1, WITH_HARFBUZZ: 1
[2025.04.08-14.07.42:589][  0]LogAssetRegistry: FAssetRegistry took 0.0026 seconds to start up
[2025.04.08-14.07.42:822][  0]LogInit: Selected Device Profile: [Windows]
[2025.04.08-14.07.42:822][  0]LogInit: Active device profile: [0000014CC35FD400][0000014CBDE39580 49] Windows
[2025.04.08-14.07.42:822][  0]LogInit: Profiles: [0000014CC35FD400][0000014CBDE39580 49] Windows, [0000014CC3597F00][0000014CBDE41700 49] WindowsNoEditor, [0000014CC35A7E00][0000014CBDE45880 49] WindowsServer, [0000014CC3595500][0000014CC40A1A00 49] WindowsClient, [0000014CC35A5800][0000014CC40A5B80 49] IOS, [0000014CC3595000][0000014CC40A8180 49] iPadAir, [0000014CC35A4C00][0000014CC40AC300 49] iPadAir2, [0000014CC3558100][0000014CC40B45C0 49] IPadPro, [0000014CC3558200][0000014CC40B0600 49] iPadAir3, [0000014CC3595600][0000014CC40B8780 49] iPadAir4, [0000014CC355AC00][0000014CC40BC900 49] iPadMini2, [0000014CC3595300][0000014CC40C0A80 49] iPadMini3, [0000014CC35A4100][0000014CBDE3CBC0 49] iPadMini4, [0000014CC3595700][0000014CC40C4D00 49] iPadMini5, [0000014CC354B900][0000014CC40CCF40 49] iPhone6, [0000014CC354BA00][0000014CC40C8F80 49] iPodTouch6, [0000014CC35A5200][0000014CC40D9240 49] iPhone7, [0000014CC35A5100][0000014CC40D5280 49] iPodTouch7, [0000014CC3548400][0000014CC40DD400 49] iPhone5S, [0000014CC355BD00][0000014CC40E1580 49] iPhone6Plus, [0000014CC3549F00][0000014CC40E5700 49] iPhone6S, [0000014CC35A5600][0000014CC40E9880 49] iPhone6SPlus, [0000014CC3549300][0000014CC40EDA00 49] iPhone7Plus, [0000014CC35A4200][0000014CC40F1B80 49] iPhoneSE, [0000014CC3548D00][0000014CC40F4180 49] iPhone8, [0000014CC35A4A00][0000014CC40F8300 49] iPhone8Plus, [0000014CC354BC00][0000014CC40FC480 49] iPhoneX, [0000014CC35A7500][0000014CC4100600 49] iPhoneXS, [0000014CC354A800][0000014CC4104780 49] iPhoneXSMax, [0000014CC35A6700][0000014CC4108900 49] iPhoneXR, [0000014CC354AA00][0000014CC410CA80 49] iPhone11, [0000014CC35A6E00][0000014CBDD34C00 49] iPhone11Pro, [0000014CC354B300][0000014CC40D0D40 49] iPhone11ProMax, [0000014CC35A6100][0000014CBDD38E80 49] iPhoneSE2, [0000014CC354AF00][0000014CBDD3CFC0 49] iPhone12Mini, [0000014CC35A6B00][0000014CBDD41100 49] iPhone12, [0000014CC354BF00][0000014CBDD49280 49] iPhone12Pro, [0000014CC35A6C00][0000014CBDD4D400 49] iPhone12ProMax, [0000014CC3549E00][0000014CBDD51580 49] iPadPro105, [0000014CC35A7000][0000014CBDD55700 49] iPadPro129, [0000014CC354A400][0000014CBDD59880 49] iPadPro97, [0000014CC35A4D00][0000014CBDD5DA00 49] iPadPro2_129, [0000014CC3548F00][0000014CBDD61B80 49] iPad5, [0000014CC35A4800][0000014CBDD64180 49] iPad6, [0000014CC3548300][0000014CBDD68300 49] iPad7, [0000014CC35A6500][0000014CBDD6C480 49] iPad8, [0000014CC3548800][0000014CBDD70600 49] iPadPro11, [0000014CC35A5000][0000014CBDD74780 49] iPadPro2_11, [0000014CC3548700][0000014CBDD78900 49] iPadPro3_129, [0000014CC35A5700][0000014CBDD7CA80 49] iPadPro4_129, [0000014CC354B000][0000014CBDD80C00 49] AppleTV, [0000014CC35A7300][0000014CBDD84D80 49] AppleTV4K, [0000014CC3549200][0000014CBDD88F00 49] TVOS, [0000014CC35A5A00][0000014CBDD45040 49] Mac, [0000014CC3549000][0000014CBDD8D180 49] MacClient, [0000014CC35A7A00][0000014CBDD912C0 49] MacNoEditor, [0000014CC3549100][0000014CBDD99440 49] MacServer, [0000014CC35A4400][0000014CBDD9D5C0 49] Linux, [0000014CC3548500][0000014CBDDA1740 49] LinuxAArch64, [0000014CC35A6300][0000014CBDDA58C0 49] LinuxNoEditor, [0000014CC3548C00][0000014CBDDA9A40 49] LinuxAArch64NoEditor, [0000014CC35A6D00][0000014CBDDADBC0 49] LinuxClient, [0000014CC354B100][0000014CBDDB01C0 49] LinuxAArch64Client, [0000014CC35A7C00][0000014CBDDB4340 49] LinuxServer, [0000014CC354B600][0000014CBDDB84C0 49] LinuxAArch64Server, [0000014CC35A7800][0000014CBDDBC640 49] Android, [0000014CC35FF000][0000014CBDDC07C0 49] Android_Low, [0000014CC355A700][0000014CBDDC4940 49] Android_Mid, [0000014CC35FED00][0000014CBDDC8AC0 49] Android_High, [0000014CC3558A00][0000014CBDDCCC40 49] Android_Default, [0000014CC35FC200][0000014CC431ADC0 49] Android_Adreno4xx, [0000014CC3559200][0000014CC431EF40 49] Android_Adreno5xx_Low, [0000014CC35FD000][0000014CC43230C0 49] Android_Adreno5xx, [0000014CC3558300][0000014CBDD95200 49] Android_Adreno6xx, [0000014CC35FF700][0000014CC4327340 49] Android_Adreno6xx_Vulkan, [0000014CC355A300][0000014CC432B480 49] Android_Mali_T6xx, [0000014CC35FF400][0000014CC432F5C0 49] Android_Mali_T7xx, [0000014CC355AE00][0000014CC4337740 49] Android_Mali_T8xx, [0000014CC35FF500][0000014CC433B8C0 49] Android_Mali_G71, [0000014CC3558500][0000014CC433FA40 49] Android_Mali_G72, [0000014CC35FC500][0000014CC4343BC0 49] Android_Mali_G72_Vulkan, [0000014CC3559500][0000014CC43461C0 49] Android_Mali_G76, [0000014CC35FF300][0000014CC434A340 49] Android_Mali_G76_Vulkan, [0000014CC355BB00][0000014CC434E4C0 49] Android_Mali_G77, [0000014CC35FD900][0000014CC4352640 49] Android_Mali_G77_Vulkan, [0000014CC355AD00][0000014CC43567C0 49] Android_Mali_G78, [0000014CC35FE300][0000014CC435A940 49] Android_Mali_G78_Vulkan, [0000014CC355B000][0000014CC435EAC0 49] Android_Mali_G710, [0000014CC35FEF00][0000014CB56ECC40 49] Android_Mali_G710_Vulkan, [0000014CC3558F00][0000014CB56F0DC0 49] Android_Vulkan_SM5, [0000014CC35FC900][0000014CB56F4F40 49] Android_PowerVR_G6xxx, [0000014CC35A5300][0000014CB56F90C0 49] Android_PowerVR_GT7xxx, [0000014CC35FCC00][0000014CB56FD240 49] Android_PowerVR_GE8xxx, [0000014CC35A4B00][0000014CC4333380 49] Android_PowerVR_GM9xxx, [0000014CC35FC700][0000014CB57014C0 49] Android_PowerVR_GM9xxx_Vulkan, [0000014CC35A4E00][0000014CB5705600 49] Android_TegraK1, [0000014CC35FEC00][0000014CB5709740 49] Android_Unknown_Vulkan, [0000014CC35A6600][0000014CB57118C0 49] Lumin, [0000014CC35FEA00][0000014CB5715A40 49] Lumin_Desktop, [0000014CC35A6900][0000014CB5719BC0 49] HoloLens, 
[2025.04.08-14.07.42:956][  0]LogMeshReduction: Using QuadricMeshReduction for automatic static mesh reduction
[2025.04.08-14.07.42:956][  0]LogMeshReduction: Using SimplygonMeshReduction for automatic skeletal mesh reduction
[2025.04.08-14.07.42:956][  0]LogMeshReduction: Using ProxyLODMeshReduction for automatic mesh merging
[2025.04.08-14.07.42:956][  0]LogMeshReduction: No distributed automatic mesh merging module available
[2025.04.08-14.07.42:956][  0]LogMeshMerging: No distributed automatic mesh merging module available
[2025.04.08-14.07.42:972][  0]LogNetVersion: TopDownPuzzle 1.0.0, NetCL: 17155196, EngineNetVer: 17, GameNetVer: 0 (Checksum: 565499533)
[2025.04.08-14.07.43:379][  0]LogTexture: Default maximum texture size for cubemaps generated from long-lat sources has been changed from 512 to unlimited. In order to preserve old behaiour for '/Engine/MapTemplates/Sky/DaylightAmbientCubemap.DaylightAmbientCubemap', its maximum texture size has been explicitly set to 512.
[2025.04.08-14.07.43:432][  0]LogHMD: PokeAHoleMaterial loaded successfully
[2025.04.08-14.07.43:437][  0]LogUObjectArray: 17178 objects as part of root set at end of initial load.
[2025.04.08-14.07.43:437][  0]LogUObjectAllocator: 4302048 out of 0 bytes used by permanent object pool.
[2025.04.08-14.07.43:437][  0]LogUObjectArray: CloseDisregardForGC: 0/0 objects in disregard for GC pool
[2025.04.08-14.07.43:760][  0]LogNiagaraDebuggerClient: Niagara Debugger Client Initialized | Session: CCC310854CD6DE696B96FC95D0E562F3 | Instance: E4BCB64743CF12D2406C2C878E8708BA (LAPTOP-EJ2DB2HV-17376).
[2025.04.08-14.07.43:908][  0]LogPython: Using Python 3.7.7
[2025.04.08-14.07.44:437][  0]LogTcpMessaging: Initializing TcpMessaging bridge
[2025.04.08-14.07.44:443][  0]LogUdpMessaging: Initializing bridge on interface 0.0.0.0:0 to multicast group 230.0.0.1:6666.
[2025.04.08-14.07.45:303][  0]SourceControl: Source control is disabled
[2025.04.08-14.07.45:303][  0]SourceControl: Source control is disabled
[2025.04.08-14.07.45:307][  0]SourceControl: Source control is disabled
[2025.04.08-14.07.45:338][  0]SourceControl: Source control is disabled
[2025.04.08-14.07.45:425][  0]SourceControl: Source control is disabled
[2025.04.08-14.07.45:444][  0]LogUProjectInfo: Found projects:
[2025.04.08-14.07.45:510][  0]LogOpenImageDenoise: OIDN starting up
[2025.04.08-14.07.45:548][  0]LogAndroidPermission: UAndroidPermissionCallbackProxy::GetInstance
[2025.04.08-14.07.45:576][  0]LogAudioCaptureCore: Display: No Audio Capture implementations found. Audio input will be silent.
[2025.04.08-14.07.45:576][  0]LogAudioCaptureCore: Display: No Audio Capture implementations found. Audio input will be silent.
[2025.04.08-14.07.45:714][  0]LogCollectionManager: Loaded 0 collections in 0.001626 seconds
[2025.04.08-14.07.45:745][  0]LogFileCache: Scanning file cache for directory 'C:/Unreal Projects/Top-Down-Puzzle/TopDownPuzzle/Saved/Collections/' took 0.00s
[2025.04.08-14.07.45:745][  0]LogFileCache: Scanning file cache for directory 'C:/Unreal Projects/Top-Down-Puzzle/TopDownPuzzle/Content/Developers/patel/Collections/' took 0.00s
[2025.04.08-14.07.45:745][  0]LogFileCache: Scanning file cache for directory 'C:/Unreal Projects/Top-Down-Puzzle/TopDownPuzzle/Content/Collections/' took 0.00s
[2025.04.08-14.07.45:745][  0]LogOcInput: OculusInput pre-init called
[2025.04.08-14.07.45:994][  0]LogEngine: Initializing Engine...
[2025.04.08-14.07.46:074][  0]LogHMD: Failed to enumerate extensions. Please check that you have a valid OpenXR runtime installed.
[2025.04.08-14.07.46:074][  0]LogHMD: Failed to initialize OpenVR with code 110
[2025.04.08-14.07.46:074][  0]LogMagicLeap: Warning: VR disabled because ZI is not enabled.  To enable, in the editor, Edit -> Project Settings -> Plugins -> Magic Leap Plugin -> Enable Zero Iteration
[2025.04.08-14.07.46:075][  0]LogStats: UGameplayTagsManager::InitializeManager -  0.000 s
[2025.04.08-14.07.46:183][  0]LogInit: Initializing FReadOnlyCVARCache
[2025.04.08-14.07.46:192][  0]LogAIModule: Creating AISystem for world Untitled
[2025.04.08-14.07.46:200][  0]LogAudio: Display: Initializing Audio Device Manager...
[2025.04.08-14.07.46:205][  0]LogAudio: Display: Loading Default Audio Settings Objects...
[2025.04.08-14.07.46:205][  0]LogAudio: Display: No default SoundConcurrencyObject specified (or failed to load).
[2025.04.08-14.07.46:206][  0]LogAudio: Display: Audio Device Manager Initialized
[2025.04.08-14.07.46:206][  0]LogAudio: Display: Creating Audio Device:                 Id: 1, Scope: Shared, Realtime: True
[2025.04.08-14.07.46:206][  0]LogAudioMixer: Display: Audio Mixer Platform Settings:
[2025.04.08-14.07.46:206][  0]LogAudioMixer: Display: 	Sample Rate:						  48000
[2025.04.08-14.07.46:206][  0]LogAudioMixer: Display: 	Callback Buffer Frame Size Requested: 1024
[2025.04.08-14.07.46:206][  0]LogAudioMixer: Display: 	Callback Buffer Frame Size To Use:	  1024
[2025.04.08-14.07.46:206][  0]LogAudioMixer: Display: 	Number of buffers to queue:			  2
[2025.04.08-14.07.46:206][  0]LogAudioMixer: Display: 	Max Channels (voices):				  32
[2025.04.08-14.07.46:206][  0]LogAudioMixer: Display: 	Number of Async Source Workers:		  0
[2025.04.08-14.07.46:206][  0]LogAudio: Display: AudioDevice MaxSources: 32
[2025.04.08-14.07.46:206][  0]LogAudio: Display: Audio Spatialization Plugin: None (built-in).
[2025.04.08-14.07.46:206][  0]LogAudio: Display: Audio Reverb Plugin: None (built-in).
[2025.04.08-14.07.46:206][  0]LogAudio: Display: Audio Occlusion Plugin: None (built-in).
[2025.04.08-14.07.46:206][  0]LogAudioMixer: Display: Initializing audio mixer.
[2025.04.08-14.07.46:226][  0]LogAudioMixer: Display: 0: FrontLeft
[2025.04.08-14.07.46:226][  0]LogAudioMixer: Display: 1: FrontRight
[2025.04.08-14.07.46:291][  0]LogAudioMixer: Display: Using Audio Device Headphone (Realtek(R) Audio)
[2025.04.08-14.07.46:293][  0]LogAudioMixer: Display: Initializing Sound Submixes...
[2025.04.08-14.07.46:296][  0]LogAudioMixer: Display: Creating Master Submix 'MasterSubmixDefault'
[2025.04.08-14.07.46:296][  0]LogAudioMixer: Display: Creating Master Submix 'MasterReverbSubmixDefault'
[2025.04.08-14.07.46:296][  0]LogAudioMixer: Display: Creating Master Submix 'MasterEQSubmixDefault'
[2025.04.08-14.07.46:296][  0]LogAudioMixer: FMixerPlatformXAudio2::StartAudioStream() called
[2025.04.08-14.07.46:296][  0]LogAudioMixer: Display: Output buffers initialized: Frames=1024, Channels=2, Samples=2048
[2025.04.08-14.07.46:297][  0]LogAudioMixer: Display: Starting AudioMixerPlatformInterface::RunInternal()
[2025.04.08-14.07.46:297][  0]LogAudioMixer: Display: FMixerPlatformXAudio2::SubmitBuffer() called for the first time
[2025.04.08-14.07.46:297][  0]LogInit: FAudioDevice initialized.
[2025.04.08-14.07.46:298][  0]LogAudio: Display: Audio Device (ID: 1) registered with world 'Untitled'.
[2025.04.08-14.07.46:298][  0]LogNetVersion: Set ProjectVersion to 1.0.0.0. Version Checksum will be recalculated on next use.
[2025.04.08-14.07.46:363][  0]LogDerivedDataCache: Saved boot cache 0.07s 103MB C:/Users/patel/AppData/Local/UnrealEngine/4.27/DerivedDataCache/Boot.ddc.
[2025.04.08-14.07.46:364][  0]LogInit: Texture streaming: Enabled
[2025.04.08-14.07.46:380][  0]LogAnalytics: Display: [UEEditor.Rocket.Release] APIServer = https://datarouter.ol.epicgames.com/. AppVersion = 4.27.2-18319896+++UE4+Release-4.27
[2025.04.08-14.07.46:386][  0]LogEngineSessionManager: EngineSessionManager initialized
[2025.04.08-14.07.46:386][  0]LogEditorSessionSummary: Verbose: Initializing EditorSessionSummaryWriter for editor session tracking
[2025.04.08-14.07.46:391][  0]LogEditorSessionSummary: EditorSessionSummaryWriter initialized
[2025.04.08-14.07.46:423][  0]LogInit: Transaction tracking system initialized
[2025.04.08-14.07.46:451][  0]BlueprintLog: New page: Editor Load
[2025.04.08-14.07.46:528][  0]LocalizationService: Localization service is disabled
[2025.04.08-14.07.46:557][  0]TimingProfiler: Initialize
[2025.04.08-14.07.46:558][  0]TimingProfiler: OnSessionChanged
[2025.04.08-14.07.46:558][  0]LoadingProfiler: Initialize
[2025.04.08-14.07.46:558][  0]LoadingProfiler: OnSessionChanged
[2025.04.08-14.07.46:558][  0]NetworkingProfiler: Initialize
[2025.04.08-14.07.46:558][  0]NetworkingProfiler: OnSessionChanged
[2025.04.08-14.07.46:558][  0]MemoryProfiler: Initialize
[2025.04.08-14.07.46:558][  0]MemoryProfiler: OnSessionChanged
[2025.04.08-14.07.46:734][  0]LogCook: Display: CookSettings for Memory: MemoryMaxUsedVirtual 0MiB, MemoryMaxUsedPhysical 16384MiB, MemoryMinFreeVirtual 0MiB, MemoryMinFreePhysical 1024MiB
[2025.04.08-14.07.46:734][  0]LogCook: Display: Mobile HDR setting 1
[2025.04.08-14.07.46:964][  0]LogFileCache: Scanning file cache for directory 'C:/Unreal Projects/Top-Down-Puzzle/TopDownPuzzle/Content/' took 0.02s
[2025.04.08-14.07.47:160][  0]LogInit: Display: Engine is initialized. Leaving FEngineLoop::Init()
[2025.04.08-14.07.47:165][  0]SourceControl: Source control is disabled
[2025.04.08-14.07.47:165][  0]LogUnrealEdMisc: Loading editor; pre map load, took 9.403
[2025.04.08-14.07.47:165][  0]Cmd: MAP LOAD FILE="../../../../../../Unreal Projects/Top-Down-Puzzle/TopDownPuzzle/Content/TopDownCPP/Maps/TopDownExampleMap.umap" TEMPLATE=0 SHOWPROGRESS=1 FEATURELEVEL=3
[2025.04.08-14.07.47:165][  0]LogEditorServer: Warning: Can't find file '../../../../../../Unreal Projects/Top-Down-Puzzle/TopDownPuzzle/Content/TopDownCPP/Maps/TopDownExampleMap.umap'
[2025.04.08-14.07.47:165][  0]Cmd: MAP CHECKDEP NOCLEARLOG
[2025.04.08-14.07.47:166][  0]MapCheck: Map check complete: 0 Error(s), 0 Warning(s), took 0.199ms to complete.
[2025.04.08-14.07.47:166][  0]LogFileHelpers: Loading map 'TopDownExampleMap' took 0.001
[2025.04.08-14.07.47:170][  0]LogUnrealEdMisc: Total Editor Startup Time, took 9.408
[2025.04.08-14.07.47:339][  0]LogSlate: Updating window title bar state: overlay mode, drag disabled, window buttons hidden, title bar hidden
[2025.04.08-14.07.47:348][  0]LogSlate: Updating window title bar state: overlay mode, drag disabled, window buttons hidden, title bar hidden
[2025.04.08-14.07.47:354][  0]LogSlate: Updating window title bar state: overlay mode, drag disabled, window buttons hidden, title bar hidden
[2025.04.08-14.07.47:361][  0]LogSlate: Updating window title bar state: overlay mode, drag disabled, window buttons hidden, title bar hidden
[2025.04.08-14.07.47:406][  0]LogNativeClassHierarchy: Verbose: Native class hierarchy populated in 0.0091 seconds. Added 3826 classes and 930 folders.
[2025.04.08-14.07.47:415][  0]LogNativeClassHierarchy: Verbose: Native class hierarchy updated for 'WidgetCarousel' in 0.0004 seconds. Added 0 classes and 0 folders.
[2025.04.08-14.07.47:552][  0]LogPakFile: PakFile PrimaryIndexSize=187
[2025.04.08-14.07.47:552][  0]LogPakFile: PakFile PathHashIndexSize=101
[2025.04.08-14.07.47:552][  0]LogPakFile: PakFile FullDirectoryIndexSize=148
[2025.04.08-14.07.47:552][  0]LogShaderLibrary: Display: ShaderCodeLibraryPakFileMountedCallback: PakFile 'C:/Program Files/UE/UE_4.27/FeaturePacks/FP_FirstPerson.upack' (chunk index -1, root 'root:/') mounted
[2025.04.08-14.07.47:553][  0]LogShaderLibrary: Display: ShaderCodeLibraryPakFileMountedCallback: pending pak file info (ChunkID:-1 Root:root:/ File:C:/Program Files/UE/UE_4.27/FeaturePacks/FP_FirstPerson.upack)
[2025.04.08-14.07.47:553][  0]LogPakFile: OnPakFileMounted2Time == 0.000261
[2025.04.08-14.07.47:568][  0]LogPakFile: PakFile PrimaryIndexSize=189
[2025.04.08-14.07.47:568][  0]LogPakFile: PakFile PathHashIndexSize=101
[2025.04.08-14.07.47:568][  0]LogPakFile: PakFile FullDirectoryIndexSize=152
[2025.04.08-14.07.47:568][  0]LogShaderLibrary: Display: ShaderCodeLibraryPakFileMountedCallback: PakFile 'C:/Program Files/UE/UE_4.27/FeaturePacks/FP_FirstPersonBP.upack' (chunk index -1, root 'root:/') mounted
[2025.04.08-14.07.47:568][  0]LogShaderLibrary: Display: ShaderCodeLibraryPakFileMountedCallback: pending pak file info (ChunkID:-1 Root:root:/ File:C:/Program Files/UE/UE_4.27/FeaturePacks/FP_FirstPersonBP.upack)
[2025.04.08-14.07.47:568][  0]LogPakFile: OnPakFileMounted2Time == 0.000051
[2025.04.08-14.07.47:578][  0]LogPakFile: PakFile PrimaryIndexSize=191
[2025.04.08-14.07.47:578][  0]LogPakFile: PakFile PathHashIndexSize=101
[2025.04.08-14.07.47:578][  0]LogPakFile: PakFile FullDirectoryIndexSize=160
[2025.04.08-14.07.47:578][  0]LogShaderLibrary: Display: ShaderCodeLibraryPakFileMountedCallback: PakFile 'C:/Program Files/UE/UE_4.27/FeaturePacks/MobileStarterContent.upack' (chunk index -1, root 'root:/') mounted
[2025.04.08-14.07.47:578][  0]LogShaderLibrary: Display: ShaderCodeLibraryPakFileMountedCallback: pending pak file info (ChunkID:-1 Root:root:/ File:C:/Program Files/UE/UE_4.27/FeaturePacks/MobileStarterContent.upack)
[2025.04.08-14.07.47:578][  0]LogPakFile: OnPakFileMounted2Time == 0.000040
[2025.04.08-14.07.47:588][  0]LogPakFile: PakFile PrimaryIndexSize=185
[2025.04.08-14.07.47:588][  0]LogPakFile: PakFile PathHashIndexSize=101
[2025.04.08-14.07.47:588][  0]LogPakFile: PakFile FullDirectoryIndexSize=148
[2025.04.08-14.07.47:588][  0]LogShaderLibrary: Display: ShaderCodeLibraryPakFileMountedCallback: PakFile 'C:/Program Files/UE/UE_4.27/FeaturePacks/StarterContent.upack' (chunk index -1, root 'root:/') mounted
[2025.04.08-14.07.47:588][  0]LogShaderLibrary: Display: ShaderCodeLibraryPakFileMountedCallback: pending pak file info (ChunkID:-1 Root:root:/ File:C:/Program Files/UE/UE_4.27/FeaturePacks/StarterContent.upack)
[2025.04.08-14.07.47:588][  0]LogPakFile: OnPakFileMounted2Time == 0.000042
[2025.04.08-14.07.47:597][  0]LogPakFile: PakFile PrimaryIndexSize=190
[2025.04.08-14.07.47:598][  0]LogPakFile: PakFile PathHashIndexSize=101
[2025.04.08-14.07.47:598][  0]LogPakFile: PakFile FullDirectoryIndexSize=154
[2025.04.08-14.07.47:598][  0]LogShaderLibrary: Display: ShaderCodeLibraryPakFileMountedCallback: PakFile 'C:/Program Files/UE/UE_4.27/FeaturePacks/TP_2DSideScroller.upack' (chunk index -1, root 'root:/') mounted
[2025.04.08-14.07.47:598][  0]LogShaderLibrary: Display: ShaderCodeLibraryPakFileMountedCallback: pending pak file info (ChunkID:-1 Root:root:/ File:C:/Program Files/UE/UE_4.27/FeaturePacks/TP_2DSideScroller.upack)
[2025.04.08-14.07.47:598][  0]LogPakFile: OnPakFileMounted2Time == 0.000041
[2025.04.08-14.07.47:606][  0]LogPakFile: PakFile PrimaryIndexSize=192
[2025.04.08-14.07.47:606][  0]LogPakFile: PakFile PathHashIndexSize=101
[2025.04.08-14.07.47:606][  0]LogPakFile: PakFile FullDirectoryIndexSize=158
[2025.04.08-14.07.47:606][  0]LogShaderLibrary: Display: ShaderCodeLibraryPakFileMountedCallback: PakFile 'C:/Program Files/UE/UE_4.27/FeaturePacks/TP_2DSideScrollerBP.upack' (chunk index -1, root 'root:/') mounted
[2025.04.08-14.07.47:606][  0]LogShaderLibrary: Display: ShaderCodeLibraryPakFileMountedCallback: pending pak file info (ChunkID:-1 Root:root:/ File:C:/Program Files/UE/UE_4.27/FeaturePacks/TP_2DSideScrollerBP.upack)
[2025.04.08-14.07.47:606][  0]LogPakFile: OnPakFileMounted2Time == 0.000040
[2025.04.08-14.07.47:615][  0]LogPakFile: PakFile PrimaryIndexSize=182
[2025.04.08-14.07.47:615][  0]LogPakFile: PakFile PathHashIndexSize=101
[2025.04.08-14.07.47:615][  0]LogPakFile: PakFile FullDirectoryIndexSize=138
[2025.04.08-14.07.47:615][  0]LogShaderLibrary: Display: ShaderCodeLibraryPakFileMountedCallback: PakFile 'C:/Program Files/UE/UE_4.27/FeaturePacks/TP_Flying.upack' (chunk index -1, root 'root:/') mounted
[2025.04.08-14.07.47:615][  0]LogShaderLibrary: Display: ShaderCodeLibraryPakFileMountedCallback: pending pak file info (ChunkID:-1 Root:root:/ File:C:/Program Files/UE/UE_4.27/FeaturePacks/TP_Flying.upack)
[2025.04.08-14.07.47:615][  0]LogPakFile: OnPakFileMounted2Time == 0.000053
[2025.04.08-14.07.47:624][  0]LogPakFile: PakFile PrimaryIndexSize=184
[2025.04.08-14.07.47:624][  0]LogPakFile: PakFile PathHashIndexSize=101
[2025.04.08-14.07.47:624][  0]LogPakFile: PakFile FullDirectoryIndexSize=142
[2025.04.08-14.07.47:624][  0]LogShaderLibrary: Display: ShaderCodeLibraryPakFileMountedCallback: PakFile 'C:/Program Files/UE/UE_4.27/FeaturePacks/TP_FlyingBP.upack' (chunk index -1, root 'root:/') mounted
[2025.04.08-14.07.47:624][  0]LogShaderLibrary: Display: ShaderCodeLibraryPakFileMountedCallback: pending pak file info (ChunkID:-1 Root:root:/ File:C:/Program Files/UE/UE_4.27/FeaturePacks/TP_FlyingBP.upack)
[2025.04.08-14.07.47:624][  0]LogPakFile: OnPakFileMounted2Time == 0.000040
[2025.04.08-14.07.47:648][  0]LogPakFile: PakFile PrimaryIndexSize=188
[2025.04.08-14.07.47:648][  0]LogPakFile: PakFile PathHashIndexSize=101
[2025.04.08-14.07.47:648][  0]LogPakFile: PakFile FullDirectoryIndexSize=150
[2025.04.08-14.07.47:648][  0]LogShaderLibrary: Display: ShaderCodeLibraryPakFileMountedCallback: PakFile 'C:/Program Files/UE/UE_4.27/FeaturePacks/TP_HandheldARBP.upack' (chunk index -1, root 'root:/') mounted
[2025.04.08-14.07.47:648][  0]LogShaderLibrary: Display: ShaderCodeLibraryPakFileMountedCallback: pending pak file info (ChunkID:-1 Root:root:/ File:C:/Program Files/UE/UE_4.27/FeaturePacks/TP_HandheldARBP.upack)
[2025.04.08-14.07.47:648][  0]LogPakFile: OnPakFileMounted2Time == 0.000038
[2025.04.08-14.07.47:658][  0]LogPakFile: PakFile PrimaryIndexSize=182
[2025.04.08-14.07.47:658][  0]LogPakFile: PakFile PathHashIndexSize=101
[2025.04.08-14.07.47:658][  0]LogPakFile: PakFile FullDirectoryIndexSize=138
[2025.04.08-14.07.47:658][  0]LogShaderLibrary: Display: ShaderCodeLibraryPakFileMountedCallback: PakFile 'C:/Program Files/UE/UE_4.27/FeaturePacks/TP_Puzzle.upack' (chunk index -1, root 'root:/') mounted
[2025.04.08-14.07.47:658][  0]LogShaderLibrary: Display: ShaderCodeLibraryPakFileMountedCallback: pending pak file info (ChunkID:-1 Root:root:/ File:C:/Program Files/UE/UE_4.27/FeaturePacks/TP_Puzzle.upack)
[2025.04.08-14.07.47:658][  0]LogPakFile: OnPakFileMounted2Time == 0.000056
[2025.04.08-14.07.47:668][  0]LogPakFile: PakFile PrimaryIndexSize=184
[2025.04.08-14.07.47:668][  0]LogPakFile: PakFile PathHashIndexSize=101
[2025.04.08-14.07.47:668][  0]LogPakFile: PakFile FullDirectoryIndexSize=142
[2025.04.08-14.07.47:668][  0]LogShaderLibrary: Display: ShaderCodeLibraryPakFileMountedCallback: PakFile 'C:/Program Files/UE/UE_4.27/FeaturePacks/TP_PuzzleBP.upack' (chunk index -1, root 'root:/') mounted
[2025.04.08-14.07.47:668][  0]LogShaderLibrary: Display: ShaderCodeLibraryPakFileMountedCallback: pending pak file info (ChunkID:-1 Root:root:/ File:C:/Program Files/UE/UE_4.27/FeaturePacks/TP_PuzzleBP.upack)
[2025.04.08-14.07.47:668][  0]LogPakFile: OnPakFileMounted2Time == 0.000040
[2025.04.08-14.07.47:676][  0]LogPakFile: PakFile PrimaryIndexSize=183
[2025.04.08-14.07.47:676][  0]LogPakFile: PakFile PathHashIndexSize=101
[2025.04.08-14.07.47:676][  0]LogPakFile: PakFile FullDirectoryIndexSize=140
[2025.04.08-14.07.47:676][  0]LogShaderLibrary: Display: ShaderCodeLibraryPakFileMountedCallback: PakFile 'C:/Program Files/UE/UE_4.27/FeaturePacks/TP_Rolling.upack' (chunk index -1, root 'root:/') mounted
[2025.04.08-14.07.47:676][  0]LogShaderLibrary: Display: ShaderCodeLibraryPakFileMountedCallback: pending pak file info (ChunkID:-1 Root:root:/ File:C:/Program Files/UE/UE_4.27/FeaturePacks/TP_Rolling.upack)
[2025.04.08-14.07.47:677][  0]LogPakFile: OnPakFileMounted2Time == 0.000059
[2025.04.08-14.07.47:686][  0]LogPakFile: PakFile PrimaryIndexSize=185
[2025.04.08-14.07.47:686][  0]LogPakFile: PakFile PathHashIndexSize=101
[2025.04.08-14.07.47:686][  0]LogPakFile: PakFile FullDirectoryIndexSize=144
[2025.04.08-14.07.47:686][  0]LogShaderLibrary: Display: ShaderCodeLibraryPakFileMountedCallback: PakFile 'C:/Program Files/UE/UE_4.27/FeaturePacks/TP_RollingBP.upack' (chunk index -1, root 'root:/') mounted
[2025.04.08-14.07.47:686][  0]LogShaderLibrary: Display: ShaderCodeLibraryPakFileMountedCallback: pending pak file info (ChunkID:-1 Root:root:/ File:C:/Program Files/UE/UE_4.27/FeaturePacks/TP_RollingBP.upack)
[2025.04.08-14.07.47:686][  0]LogPakFile: OnPakFileMounted2Time == 0.000042
[2025.04.08-14.07.47:696][  0]LogPakFile: PakFile PrimaryIndexSize=188
[2025.04.08-14.07.47:696][  0]LogPakFile: PakFile PathHashIndexSize=101
[2025.04.08-14.07.47:696][  0]LogPakFile: PakFile FullDirectoryIndexSize=150
[2025.04.08-14.07.47:696][  0]LogShaderLibrary: Display: ShaderCodeLibraryPakFileMountedCallback: PakFile 'C:/Program Files/UE/UE_4.27/FeaturePacks/TP_SideScroller.upack' (chunk index -1, root 'root:/') mounted
[2025.04.08-14.07.47:696][  0]LogShaderLibrary: Display: ShaderCodeLibraryPakFileMountedCallback: pending pak file info (ChunkID:-1 Root:root:/ File:C:/Program Files/UE/UE_4.27/FeaturePacks/TP_SideScroller.upack)
[2025.04.08-14.07.47:696][  0]LogPakFile: OnPakFileMounted2Time == 0.000046
[2025.04.08-14.07.47:705][  0]LogPakFile: PakFile PrimaryIndexSize=190
[2025.04.08-14.07.47:705][  0]LogPakFile: PakFile PathHashIndexSize=101
[2025.04.08-14.07.47:705][  0]LogPakFile: PakFile FullDirectoryIndexSize=154
[2025.04.08-14.07.47:705][  0]LogShaderLibrary: Display: ShaderCodeLibraryPakFileMountedCallback: PakFile 'C:/Program Files/UE/UE_4.27/FeaturePacks/TP_SideScrollerBP.upack' (chunk index -1, root 'root:/') mounted
[2025.04.08-14.07.47:705][  0]LogShaderLibrary: Display: ShaderCodeLibraryPakFileMountedCallback: pending pak file info (ChunkID:-1 Root:root:/ File:C:/Program Files/UE/UE_4.27/FeaturePacks/TP_SideScrollerBP.upack)
[2025.04.08-14.07.47:705][  0]LogPakFile: OnPakFileMounted2Time == 0.000040
[2025.04.08-14.07.47:714][  0]LogPakFile: PakFile PrimaryIndexSize=187
[2025.04.08-14.07.47:714][  0]LogPakFile: PakFile PathHashIndexSize=101
[2025.04.08-14.07.47:714][  0]LogPakFile: PakFile FullDirectoryIndexSize=148
[2025.04.08-14.07.47:714][  0]LogShaderLibrary: Display: ShaderCodeLibraryPakFileMountedCallback: PakFile 'C:/Program Files/UE/UE_4.27/FeaturePacks/TP_ThirdPerson.upack' (chunk index -1, root 'root:/') mounted
[2025.04.08-14.07.47:714][  0]LogShaderLibrary: Display: ShaderCodeLibraryPakFileMountedCallback: pending pak file info (ChunkID:-1 Root:root:/ File:C:/Program Files/UE/UE_4.27/FeaturePacks/TP_ThirdPerson.upack)
[2025.04.08-14.07.47:714][  0]LogPakFile: OnPakFileMounted2Time == 0.000058
[2025.04.08-14.07.47:723][  0]LogPakFile: PakFile PrimaryIndexSize=189
[2025.04.08-14.07.47:723][  0]LogPakFile: PakFile PathHashIndexSize=101
[2025.04.08-14.07.47:723][  0]LogPakFile: PakFile FullDirectoryIndexSize=152
[2025.04.08-14.07.47:723][  0]LogShaderLibrary: Display: ShaderCodeLibraryPakFileMountedCallback: PakFile 'C:/Program Files/UE/UE_4.27/FeaturePacks/TP_ThirdPersonBP.upack' (chunk index -1, root 'root:/') mounted
[2025.04.08-14.07.47:723][  0]LogShaderLibrary: Display: ShaderCodeLibraryPakFileMountedCallback: pending pak file info (ChunkID:-1 Root:root:/ File:C:/Program Files/UE/UE_4.27/FeaturePacks/TP_ThirdPersonBP.upack)
[2025.04.08-14.07.47:723][  0]LogPakFile: OnPakFileMounted2Time == 0.000041
[2025.04.08-14.07.47:733][  0]LogPakFile: PakFile PrimaryIndexSize=183
[2025.04.08-14.07.47:733][  0]LogPakFile: PakFile PathHashIndexSize=101
[2025.04.08-14.07.47:733][  0]LogPakFile: PakFile FullDirectoryIndexSize=140
[2025.04.08-14.07.47:733][  0]LogShaderLibrary: Display: ShaderCodeLibraryPakFileMountedCallback: PakFile 'C:/Program Files/UE/UE_4.27/FeaturePacks/TP_TopDown.upack' (chunk index -1, root 'root:/') mounted
[2025.04.08-14.07.47:733][  0]LogShaderLibrary: Display: ShaderCodeLibraryPakFileMountedCallback: pending pak file info (ChunkID:-1 Root:root:/ File:C:/Program Files/UE/UE_4.27/FeaturePacks/TP_TopDown.upack)
[2025.04.08-14.07.47:733][  0]LogPakFile: OnPakFileMounted2Time == 0.000047
[2025.04.08-14.07.47:742][  0]LogPakFile: PakFile PrimaryIndexSize=185
[2025.04.08-14.07.47:742][  0]LogPakFile: PakFile PathHashIndexSize=101
[2025.04.08-14.07.47:742][  0]LogPakFile: PakFile FullDirectoryIndexSize=144
[2025.04.08-14.07.47:742][  0]LogShaderLibrary: Display: ShaderCodeLibraryPakFileMountedCallback: PakFile 'C:/Program Files/UE/UE_4.27/FeaturePacks/TP_TopDownBP.upack' (chunk index -1, root 'root:/') mounted
[2025.04.08-14.07.47:742][  0]LogShaderLibrary: Display: ShaderCodeLibraryPakFileMountedCallback: pending pak file info (ChunkID:-1 Root:root:/ File:C:/Program Files/UE/UE_4.27/FeaturePacks/TP_TopDownBP.upack)
[2025.04.08-14.07.47:742][  0]LogPakFile: OnPakFileMounted2Time == 0.000039
[2025.04.08-14.07.47:755][  0]LogPakFile: PakFile PrimaryIndexSize=185
[2025.04.08-14.07.47:755][  0]LogPakFile: PakFile PathHashIndexSize=101
[2025.04.08-14.07.47:755][  0]LogPakFile: PakFile FullDirectoryIndexSize=144
[2025.04.08-14.07.47:755][  0]LogShaderLibrary: Display: ShaderCodeLibraryPakFileMountedCallback: PakFile 'C:/Program Files/UE/UE_4.27/FeaturePacks/TP_TwinStick.upack' (chunk index -1, root 'root:/') mounted
[2025.04.08-14.07.47:755][  0]LogShaderLibrary: Display: ShaderCodeLibraryPakFileMountedCallback: pending pak file info (ChunkID:-1 Root:root:/ File:C:/Program Files/UE/UE_4.27/FeaturePacks/TP_TwinStick.upack)
[2025.04.08-14.07.47:755][  0]LogPakFile: OnPakFileMounted2Time == 0.000043
[2025.04.08-14.07.47:763][  0]LogPakFile: PakFile PrimaryIndexSize=187
[2025.04.08-14.07.47:764][  0]LogPakFile: PakFile PathHashIndexSize=101
[2025.04.08-14.07.47:764][  0]LogPakFile: PakFile FullDirectoryIndexSize=148
[2025.04.08-14.07.47:764][  0]LogShaderLibrary: Display: ShaderCodeLibraryPakFileMountedCallback: PakFile 'C:/Program Files/UE/UE_4.27/FeaturePacks/TP_TwinStickBP.upack' (chunk index -1, root 'root:/') mounted
[2025.04.08-14.07.47:764][  0]LogShaderLibrary: Display: ShaderCodeLibraryPakFileMountedCallback: pending pak file info (ChunkID:-1 Root:root:/ File:C:/Program Files/UE/UE_4.27/FeaturePacks/TP_TwinStickBP.upack)
[2025.04.08-14.07.47:764][  0]LogPakFile: OnPakFileMounted2Time == 0.000049
[2025.04.08-14.07.47:773][  0]LogPakFile: PakFile PrimaryIndexSize=183
[2025.04.08-14.07.47:773][  0]LogPakFile: PakFile PathHashIndexSize=101
[2025.04.08-14.07.47:773][  0]LogPakFile: PakFile FullDirectoryIndexSize=140
[2025.04.08-14.07.47:773][  0]LogShaderLibrary: Display: ShaderCodeLibraryPakFileMountedCallback: PakFile 'C:/Program Files/UE/UE_4.27/FeaturePacks/TP_Vehicle.upack' (chunk index -1, root 'root:/') mounted
[2025.04.08-14.07.47:773][  0]LogShaderLibrary: Display: ShaderCodeLibraryPakFileMountedCallback: pending pak file info (ChunkID:-1 Root:root:/ File:C:/Program Files/UE/UE_4.27/FeaturePacks/TP_Vehicle.upack)
[2025.04.08-14.07.47:773][  0]LogPakFile: OnPakFileMounted2Time == 0.000039
[2025.04.08-14.07.47:781][  0]LogPakFile: PakFile PrimaryIndexSize=186
[2025.04.08-14.07.47:781][  0]LogPakFile: PakFile PathHashIndexSize=101
[2025.04.08-14.07.47:781][  0]LogPakFile: PakFile FullDirectoryIndexSize=146
[2025.04.08-14.07.47:781][  0]LogShaderLibrary: Display: ShaderCodeLibraryPakFileMountedCallback: PakFile 'C:/Program Files/UE/UE_4.27/FeaturePacks/TP_VehicleAdv.upack' (chunk index -1, root 'root:/') mounted
[2025.04.08-14.07.47:781][  0]LogShaderLibrary: Display: ShaderCodeLibraryPakFileMountedCallback: pending pak file info (ChunkID:-1 Root:root:/ File:C:/Program Files/UE/UE_4.27/FeaturePacks/TP_VehicleAdv.upack)
[2025.04.08-14.07.47:781][  0]LogPakFile: OnPakFileMounted2Time == 0.000042
[2025.04.08-14.07.47:790][  0]LogPakFile: PakFile PrimaryIndexSize=188
[2025.04.08-14.07.47:790][  0]LogPakFile: PakFile PathHashIndexSize=101
[2025.04.08-14.07.47:791][  0]LogPakFile: PakFile FullDirectoryIndexSize=150
[2025.04.08-14.07.47:791][  0]LogShaderLibrary: Display: ShaderCodeLibraryPakFileMountedCallback: PakFile 'C:/Program Files/UE/UE_4.27/FeaturePacks/TP_VehicleAdvBP.upack' (chunk index -1, root 'root:/') mounted
[2025.04.08-14.07.47:791][  0]LogShaderLibrary: Display: ShaderCodeLibraryPakFileMountedCallback: pending pak file info (ChunkID:-1 Root:root:/ File:C:/Program Files/UE/UE_4.27/FeaturePacks/TP_VehicleAdvBP.upack)
[2025.04.08-14.07.47:791][  0]LogPakFile: OnPakFileMounted2Time == 0.000076
[2025.04.08-14.07.47:800][  0]LogPakFile: PakFile PrimaryIndexSize=185
[2025.04.08-14.07.47:800][  0]LogPakFile: PakFile PathHashIndexSize=101
[2025.04.08-14.07.47:800][  0]LogPakFile: PakFile FullDirectoryIndexSize=144
[2025.04.08-14.07.47:800][  0]LogShaderLibrary: Display: ShaderCodeLibraryPakFileMountedCallback: PakFile 'C:/Program Files/UE/UE_4.27/FeaturePacks/TP_VehicleBP.upack' (chunk index -1, root 'root:/') mounted
[2025.04.08-14.07.47:800][  0]LogShaderLibrary: Display: ShaderCodeLibraryPakFileMountedCallback: pending pak file info (ChunkID:-1 Root:root:/ File:C:/Program Files/UE/UE_4.27/FeaturePacks/TP_VehicleBP.upack)
[2025.04.08-14.07.47:800][  0]LogPakFile: OnPakFileMounted2Time == 0.000041
[2025.04.08-14.07.47:809][  0]LogPakFile: PakFile PrimaryIndexSize=192
[2025.04.08-14.07.47:809][  0]LogPakFile: PakFile PathHashIndexSize=101
[2025.04.08-14.07.47:809][  0]LogPakFile: PakFile FullDirectoryIndexSize=158
[2025.04.08-14.07.47:809][  0]LogShaderLibrary: Display: ShaderCodeLibraryPakFileMountedCallback: PakFile 'C:/Program Files/UE/UE_4.27/FeaturePacks/TP_VirtualRealityBP.upack' (chunk index -1, root 'root:/') mounted
[2025.04.08-14.07.47:809][  0]LogShaderLibrary: Display: ShaderCodeLibraryPakFileMountedCallback: pending pak file info (ChunkID:-1 Root:root:/ File:C:/Program Files/UE/UE_4.27/FeaturePacks/TP_VirtualRealityBP.upack)
[2025.04.08-14.07.47:809][  0]LogPakFile: OnPakFileMounted2Time == 0.000039
[2025.04.08-14.07.48:052][  0]LogNativeClassHierarchy: Verbose: Native class hierarchy updated for 'AddContentDialog' in 0.0003 seconds. Added 0 classes and 0 folders.
[2025.04.08-14.07.48:062][  0]LogNativeClassHierarchy: Verbose: Native class hierarchy updated for 'SceneOutliner' in 0.0003 seconds. Added 2 classes and 0 folders.
[2025.04.08-14.07.48:148][  0]LogSlate: Took 0.000195 seconds to synchronously load lazily loaded font '../../../Engine/Content/Slate/Fonts/Roboto-Regular.ttf' (155K)
[2025.04.08-14.07.48:159][  0]LogSlate: Took 0.009853 seconds to synchronously load lazily loaded font '../../../Engine/Content/Editor/Slate/Fonts/FontAwesome.ttf' (139K)
[2025.04.08-14.07.48:160][  0]LogSlate: Took 0.000205 seconds to synchronously load lazily loaded font '../../../Engine/Content/Slate/Fonts/Roboto-Bold.ttf' (160K)
[2025.04.08-14.07.48:345][  0]LogRenderer: Reallocating scene render targets to support 892x380 Format 10 NumSamples 1 (Frame:1).
[2025.04.08-14.07.48:411][  0]LogSlate: Took 0.008309 seconds to synchronously load lazily loaded font '../../../Engine/Content/Slate/Fonts/Roboto-Light.ttf' (167K)
[2025.04.08-14.07.48:460][  0]LogNativeClassHierarchy: Verbose: Native class hierarchy updated for 'HierarchicalLODOutliner' in 0.0003 seconds. Added 0 classes and 0 folders.
[2025.04.08-14.07.48:460][  0]LogInput: Warning: Action SetDestination uses invalid key OculusGo_Left_Trigger_Click.
[2025.04.08-14.07.48:461][  0]LogInput: Warning: Action ResetVR uses invalid key OculusGo_Left_Back_Click.
[2025.04.08-14.07.48:461][  0]LogInput: Warning: Use -RemoveInvalidKeys to remove instances of these keys from the action mapping.
[2025.04.08-14.07.48:461][  0]LogLoad: (Engine Initialization) Total time: 10.70 seconds
[2025.04.08-14.07.48:461][  0]LogLoad: (Engine Initialization) Total Blueprint compile time: 0.00 seconds
[2025.04.08-14.07.48:507][  0]LogAssetRegistry: Asset discovery search completed in 5.9185 seconds
[2025.04.08-14.07.48:512][  0]LogCollectionManager: Fixed up redirectors for 0 collections in 0.000003 seconds (updated 0 objects)
[2025.04.08-14.07.48:514][  0]LogContentStreaming: Texture pool size now 1000 MB
[2025.04.08-14.07.49:481][ 88]LogSlate: Took 0.000270 seconds to synchronously load lazily loaded font '../../../Engine/Content/Slate/Fonts/Roboto-Light.ttf' (167K)
[2025.04.08-14.07.55:752][801]LogAssetEditorSubsystem: Opening Asset editor for Blueprint /Game/TopDownCPP/Blueprints/TopDownCharacter.TopDownCharacter
[2025.04.08-14.07.56:914][801]LogNativeClassHierarchy: Verbose: Native class hierarchy updated for 'BlueprintGraph' in 0.0005 seconds. Added 126 classes and 0 folders.
[2025.04.08-14.07.57:831][801]LogSlate: Took 0.000186 seconds to synchronously load lazily loaded font '../../../Engine/Content/Slate/Fonts/Roboto-BoldCondensed.ttf' (158K)
[2025.04.08-14.08.01:010][ 78]LogSlate: Window 'TopDownCharacter' being destroyed
[2025.04.08-14.08.01:025][ 78]LogSlate: Window 'TopDownCharacter' being destroyed
[2025.04.08-14.08.01:032][ 78]LogWorld: UWorld::CleanupWorld for World_0, bSessionEnded=true, bCleanupResources=true
[2025.04.08-14.08.01:032][ 78]LogSlate: InvalidateAllWidgets triggered.  All widgets were invalidated
[2025.04.08-14.08.03:032][298]LogUObjectHash: Compacting FUObjectHashTables data took   2.37ms
[2025.04.08-14.08.03:292][298]LogAssetEditorSubsystem: Opening Asset editor for World /Game/TopDownCPP/Maps/Tutorial1.Tutorial1
[2025.04.08-14.08.03:292][298]Cmd: MAP LOAD FILE="../../../../../../Unreal Projects/Top-Down-Puzzle/TopDownPuzzle/Content/TopDownCPP/Maps/Tutorial1.umap" TEMPLATE=0 SHOWPROGRESS=1 FEATURELEVEL=3
[2025.04.08-14.08.03:292][298]LightingResults: New page: Lighting Build
[2025.04.08-14.08.03:293][298]LogNativeClassHierarchy: Verbose: Native class hierarchy updated for 'StatsViewer' in 0.0003 seconds. Added 6 classes and 0 folders.
[2025.04.08-14.08.03:293][298]LoadErrors: New page: Loading map: Tutorial1.umap
[2025.04.08-14.08.03:321][298]LogWorld: UWorld::CleanupWorld for Untitled, bSessionEnded=true, bCleanupResources=true
[2025.04.08-14.08.03:321][298]LogSlate: InvalidateAllWidgets triggered.  All widgets were invalidated
[2025.04.08-14.08.03:321][298]MapCheck: New page: Map Check
[2025.04.08-14.08.03:321][298]LightingResults: New page: Lighting Build
[2025.04.08-14.08.03:337][298]LogAudio: Display: Audio Device unregistered from world 'None'.
[2025.04.08-14.08.03:340][298]LogUObjectHash: Compacting FUObjectHashTables data took   2.19ms
[2025.04.08-14.08.03:340][298]LogAudio: Display: Audio Device (ID: 1) registered with world 'Tutorial1'.
[2025.04.08-14.08.03:344][298]LogEditorServer: Finished looking for orphan Actors (0.000 secs)
[2025.04.08-14.08.03:344][298]LogAIModule: Creating AISystem for world Tutorial1
[2025.04.08-14.08.03:364][298]LogUObjectHash: Compacting FUObjectHashTables data took   1.72ms
[2025.04.08-14.08.03:376][298]Cmd: MAP CHECKDEP NOCLEARLOG
[2025.04.08-14.08.03:377][298]MapCheck: Map check complete: 0 Error(s), 0 Warning(s), took 0.161ms to complete.
[2025.04.08-14.08.03:377][298]LogFileHelpers: Loading map 'Tutorial1' took 0.085
[2025.04.08-14.08.05:046][443]LogUObjectHash: Compacting FUObjectHashTables data took   2.89ms
[2025.04.08-14.08.05:118][443]LogAssetEditorSubsystem: Opening Asset editor for World /Game/TopDownCPP/Maps/Level1.Level1
[2025.04.08-14.08.05:118][443]Cmd: MAP LOAD FILE="../../../../../../Unreal Projects/Top-Down-Puzzle/TopDownPuzzle/Content/TopDownCPP/Maps/Level1.umap" TEMPLATE=0 SHOWPROGRESS=1 FEATURELEVEL=3
[2025.04.08-14.08.05:118][443]LightingResults: New page: Lighting Build
[2025.04.08-14.08.05:118][443]LoadErrors: New page: Loading map: Level1.umap
[2025.04.08-14.08.05:120][443]LogWorld: UWorld::CleanupWorld for Tutorial1, bSessionEnded=true, bCleanupResources=true
[2025.04.08-14.08.05:120][443]LogSlate: InvalidateAllWidgets triggered.  All widgets were invalidated
[2025.04.08-14.08.05:120][443]MapCheck: New page: Map Check
[2025.04.08-14.08.05:120][443]LightingResults: New page: Lighting Build
[2025.04.08-14.08.05:132][443]LogAudio: Display: Audio Device unregistered from world 'None'.
[2025.04.08-14.08.05:155][443]LogUObjectHash: Compacting FUObjectHashTables data took   2.27ms
[2025.04.08-14.08.05:155][443]LogAudio: Display: Audio Device (ID: 1) registered with world 'Level1'.
[2025.04.08-14.08.05:163][443]LogEditorServer: Finished looking for orphan Actors (0.000 secs)
[2025.04.08-14.08.05:163][443]LogAIModule: Creating AISystem for world Level1
[2025.04.08-14.08.05:178][443]LogUObjectHash: Compacting FUObjectHashTables data took   1.46ms
[2025.04.08-14.08.05:191][443]Cmd: MAP CHECKDEP NOCLEARLOG
[2025.04.08-14.08.05:191][443]MapCheck: Map check complete: 0 Error(s), 0 Warning(s), took 0.155ms to complete.
[2025.04.08-14.08.05:191][443]LogFileHelpers: Loading map 'Level1' took 0.072
[2025.04.08-14.08.09:643][955]LogTemp: Repeating last play command: Selected Viewport
[2025.04.08-14.08.09:654][955]LogPlayLevel: PlayLevel: No blueprints needed recompiling
[2025.04.08-14.08.09:654][955]PIE: New page: PIE session: Level1 (08-Apr-2025, 6:08:09 am)
[2025.04.08-14.08.09:656][955]LogOnline: OSS: Creating online subsystem instance for: NULL
[2025.04.08-14.08.09:658][955]LogOnline: OSS: TryLoadSubsystemAndSetDefault: Loaded subsystem for module [NULL]
[2025.04.08-14.08.09:658][955]LogPlayLevel: Creating play world package: /Game/TopDownCPP/Maps/UEDPIE_0_Level1
[2025.04.08-14.08.09:673][955]LogPlayLevel: PIE: StaticDuplicateObject took: (0.014948s)
[2025.04.08-14.08.09:675][955]LogAIModule: Creating AISystem for world Level1
[2025.04.08-14.08.09:675][955]LogPlayLevel: PIE: World Init took: (0.001877s)
[2025.04.08-14.08.09:675][955]LogPlayLevel: PIE: Created PIE world by copying editor world from /Game/TopDownCPP/Maps/Level1.Level1 to /Game/TopDownCPP/Maps/UEDPIE_0_Level1.Level1 (0.017522s)
[2025.04.08-14.08.09:690][955]LogUObjectHash: Compacting FUObjectHashTables data took   1.59ms
[2025.04.08-14.08.09:691][955]LogAudio: Display: Creating Audio Device:                 Id: 2, Scope: Unique, Realtime: True
[2025.04.08-14.08.09:691][955]LogAudioMixer: Display: Audio Mixer Platform Settings:
[2025.04.08-14.08.09:691][955]LogAudioMixer: Display: 	Sample Rate:						  48000
[2025.04.08-14.08.09:691][955]LogAudioMixer: Display: 	Callback Buffer Frame Size Requested: 1024
[2025.04.08-14.08.09:691][955]LogAudioMixer: Display: 	Callback Buffer Frame Size To Use:	  1024
[2025.04.08-14.08.09:691][955]LogAudioMixer: Display: 	Number of buffers to queue:			  2
[2025.04.08-14.08.09:691][955]LogAudioMixer: Display: 	Max Channels (voices):				  32
[2025.04.08-14.08.09:691][955]LogAudioMixer: Display: 	Number of Async Source Workers:		  0
[2025.04.08-14.08.09:691][955]LogAudio: Display: AudioDevice MaxSources: 32
[2025.04.08-14.08.09:692][955]LogAudio: Display: Audio Spatialization Plugin: None (built-in).
[2025.04.08-14.08.09:692][955]LogAudio: Display: Audio Reverb Plugin: None (built-in).
[2025.04.08-14.08.09:692][955]LogAudio: Display: Audio Occlusion Plugin: None (built-in).
[2025.04.08-14.08.09:692][955]LogAudioMixer: Display: Initializing audio mixer.
[2025.04.08-14.08.09:695][955]LogAudioMixer: Display: 0: FrontLeft
[2025.04.08-14.08.09:695][955]LogAudioMixer: Display: 1: FrontRight
[2025.04.08-14.08.09:710][955]LogAudioMixer: Display: Using Audio Device Headphone (Realtek(R) Audio)
[2025.04.08-14.08.09:710][955]LogAudioMixer: Display: Initializing Sound Submixes...
[2025.04.08-14.08.09:710][955]LogAudioMixer: Display: Creating Master Submix 'MasterSubmixDefault'
[2025.04.08-14.08.09:710][955]LogAudioMixer: Display: Creating Master Submix 'MasterReverbSubmixDefault'
[2025.04.08-14.08.09:710][955]LogAudioMixer: Display: Creating Master Submix 'MasterEQSubmixDefault'
[2025.04.08-14.08.09:710][955]LogAudioMixer: FMixerPlatformXAudio2::StartAudioStream() called
[2025.04.08-14.08.09:710][955]LogAudioMixer: Display: Output buffers initialized: Frames=1024, Channels=2, Samples=2048
[2025.04.08-14.08.09:711][955]LogAudioMixer: Display: Starting AudioMixerPlatformInterface::RunInternal()
[2025.04.08-14.08.09:711][955]LogAudioMixer: Display: FMixerPlatformXAudio2::SubmitBuffer() called for the first time
[2025.04.08-14.08.09:711][955]LogInit: FAudioDevice initialized.
[2025.04.08-14.08.09:711][955]LogAudio: Display: Audio Device (ID: 2) registered with world 'Level1'.
[2025.04.08-14.08.09:723][955]LogLoad: Game class is 'TopDownPuzzleGameMode'
[2025.04.08-14.08.09:726][955]LogWorld: Bringing World /Game/TopDownCPP/Maps/UEDPIE_0_Level1.Level1 up for play (max tick rate 0) at 2025.04.08-10.08.09
[2025.04.08-14.08.09:726][955]LogWorld: Bringing up level for play took: 0.001352
[2025.04.08-14.08.09:727][955]LogOnline: OSS: Creating online subsystem instance for: :Context_2
[2025.04.08-14.08.09:744][955]LogNativeClassHierarchy: Verbose: Native class hierarchy updated for 'MovieSceneCapture' in 0.0003 seconds. Added 20 classes and 0 folders.
[2025.04.08-14.08.09:749][955]PIE: Server logged in
[2025.04.08-14.08.09:751][955]PIE: Play in editor total start time 0.101 seconds.
[2025.04.08-14.08.18:361][939]LogSlate: Updating window title bar state: overlay mode, drag disabled, window buttons hidden, title bar hidden
[2025.04.08-14.08.18:361][939]LogWorld: BeginTearingDown for /Game/TopDownCPP/Maps/UEDPIE_0_Level1
[2025.04.08-14.08.18:362][939]LogWorld: UWorld::CleanupWorld for Level1, bSessionEnded=true, bCleanupResources=true
[2025.04.08-14.08.18:363][939]LogSlate: InvalidateAllWidgets triggered.  All widgets were invalidated
[2025.04.08-14.08.18:379][939]LogPlayLevel: Display: Shutting down PIE online subsystems
[2025.04.08-14.08.18:388][939]LogSlate: InvalidateAllWidgets triggered.  All widgets were invalidated
[2025.04.08-14.08.18:412][939]LogAudio: Display: Audio Device unregistered from world 'None'.
[2025.04.08-14.08.18:412][939]LogAudioMixer: FMixerPlatformXAudio2::StopAudioStream() called
[2025.04.08-14.08.18:413][939]LogAudioMixer: FMixerPlatformXAudio2::StopAudioStream() called
[2025.04.08-14.08.18:416][939]LogSlate: Updating window title bar state: overlay mode, drag disabled, window buttons hidden, title bar hidden
[2025.04.08-14.08.18:454][939]LogUObjectHash: Compacting FUObjectHashTables data took   2.75ms
[2025.04.08-14.08.18:466][940]LogPlayLevel: Display: Destroying online subsystem :Context_2
[2025.04.08-14.27.38:459][446]LogContentBrowser: Deferred new asset folder creation: NewFolder
[2025.04.08-14.27.38:483][446]LogContentBrowser: Creating deferred item: NewFolder
[2025.04.08-14.27.40:870][590]LogContentBrowser: Attempting asset rename: NewFolder -> Ui
[2025.04.08-14.27.40:871][590]LogContentBrowser: End creating deferred item NewFolder
[2025.04.08-14.27.49:844][ 96]LogContentBrowser: Deferred new asset file creation: NewWidgetBlueprint
[2025.04.08-14.27.49:856][ 96]LogContentBrowser: Creating deferred item: NewWidgetBlueprint
[2025.04.08-14.27.54:812][394]LogContentBrowser: Attempting asset rename: NewWidgetBlueprint -> MainMenu
[2025.04.08-14.27.54:830][394]LogContentBrowser: End creating deferred item NewWidgetBlueprint
[2025.04.08-14.27.55:597][439]LogAssetEditorSubsystem: Opening Asset editor for WidgetBlueprint /Game/TopDownCPP/Maps/Ui/MainMenu.MainMenu
[2025.04.08-14.29.08:571][648]LogSlate: Took 0.019327 seconds to synchronously load lazily loaded font '../../../Engine/Content/Slate/Fonts/DroidSansFallback.ttf' (3848K)
[2025.04.08-14.39.43:341][612]Cmd: OBJ SAVEPACKAGE PACKAGE="/Game/TopDownCPP/Maps/Ui/MainMenu" FILE="../../../../../../Unreal Projects/Top-Down-Puzzle/TopDownPuzzle/Content/TopDownCPP/Maps/Ui/MainMenu.uasset" SILENT=true
[2025.04.08-14.39.43:356][612]LogSavePackage: Moving '../../../../../../Unreal Projects/Top-Down-Puzzle/TopDownPuzzle/Saved/MainMenu2085245F4B3341C0592A14AA929F4BFB.tmp' to '../../../../../../Unreal Projects/Top-Down-Puzzle/TopDownPuzzle/Content/TopDownCPP/Maps/Ui/MainMenu.uasset'
[2025.04.08-14.39.43:385][612]AssetCheck: New page: Asset Save: MainMenu
[2025.04.08-14.39.43:386][612]LogContentValidation: Display: Validating WidgetBlueprint /Game/TopDownCPP/Maps/Ui/MainMenu.MainMenu
[2025.04.08-14.40.03:744][732]LogEditorTransaction: Undo Move Anchor
[2025.04.08-14.40.11:019][154]LogEditorTransaction: Undo Remove Widget
[2025.04.08-14.41.36:147][187]LogUObjectHash: Compacting FUObjectHashTables data took   5.05ms
[2025.04.08-14.41.36:149][187]LogFileHelpers: Editor autosave (incl. external actors) for '/Game/TopDownCPP/Maps/Level1' took 0.122
[2025.04.08-14.41.36:151][187]OBJ SavePackage: Generating thumbnails for [0] asset(s) in package [/Game/TopDownCPP/Maps/Ui/MainMenu] ([4] browsable assets)...
[2025.04.08-14.41.36:151][187]OBJ SavePackage: Finished generating thumbnails for package [/Game/TopDownCPP/Maps/Ui/MainMenu]
[2025.04.08-14.41.36:154][187]LogSavePackage: Moving '../../../../../../Unreal Projects/Top-Down-Puzzle/TopDownPuzzle/Saved/MainMenu_Auto121369B894BF97FB22793CBBB4FAFE27C.tmp' to '../../../../../../Unreal Projects/Top-Down-Puzzle/TopDownPuzzle/Saved/Autosaves/Game/TopDownCPP/Maps/Ui/MainMenu_Auto1.uasset'
[2025.04.08-14.41.36:156][187]LogFileHelpers: Auto-saving content packages took 0.007
[2025.04.08-14.51.00:294][909]BlueprintLog: New page: Compile MainMenu
[2025.04.08-14.51.00:392][909]LogUObjectHash: Compacting FUObjectHashTables data took   3.34ms
[2025.04.08-14.51.01:964][990]LogTemp: Repeating last play command: Selected Viewport
[2025.04.08-14.51.02:102][990]LogPlayLevel: PlayLevel: No blueprints needed recompiling
[2025.04.08-14.51.02:102][990]PIE: New page: PIE session: Level1 (08-Apr-2025, 6:51:02 am)
[2025.04.08-14.51.02:131][990]LogPlayLevel: Creating play world package: /Game/TopDownCPP/Maps/UEDPIE_0_Level1
[2025.04.08-14.51.02:290][990]LogPlayLevel: PIE: StaticDuplicateObject took: (0.158722s)
[2025.04.08-14.51.02:301][990]LogAIModule: Creating AISystem for world Level1
[2025.04.08-14.51.02:302][990]LogPlayLevel: PIE: World Init took: (0.011306s)
[2025.04.08-14.51.02:302][990]LogPlayLevel: PIE: Created PIE world by copying editor world from /Game/TopDownCPP/Maps/Level1.Level1 to /Game/TopDownCPP/Maps/UEDPIE_0_Level1.Level1 (0.170334s)
[2025.04.08-14.51.02:331][990]LogUObjectHash: Compacting FUObjectHashTables data took   2.88ms
[2025.04.08-14.51.02:332][990]LogAudio: Display: Creating Audio Device:                 Id: 3, Scope: Unique, Realtime: True
[2025.04.08-14.51.02:332][990]LogAudioMixer: Display: Audio Mixer Platform Settings:
[2025.04.08-14.51.02:332][990]LogAudioMixer: Display: 	Sample Rate:						  48000
[2025.04.08-14.51.02:332][990]LogAudioMixer: Display: 	Callback Buffer Frame Size Requested: 1024
[2025.04.08-14.51.02:332][990]LogAudioMixer: Display: 	Callback Buffer Frame Size To Use:	  1024
[2025.04.08-14.51.02:332][990]LogAudioMixer: Display: 	Number of buffers to queue:			  2
[2025.04.08-14.51.02:332][990]LogAudioMixer: Display: 	Max Channels (voices):				  32
[2025.04.08-14.51.02:332][990]LogAudioMixer: Display: 	Number of Async Source Workers:		  0
[2025.04.08-14.51.02:332][990]LogAudio: Display: AudioDevice MaxSources: 32
[2025.04.08-14.51.02:340][990]LogAudio: Display: Audio Spatialization Plugin: None (built-in).
[2025.04.08-14.51.02:340][990]LogAudio: Display: Audio Reverb Plugin: None (built-in).
[2025.04.08-14.51.02:340][990]LogAudio: Display: Audio Occlusion Plugin: None (built-in).
[2025.04.08-14.51.02:340][990]LogAudioMixer: Display: Initializing audio mixer.
[2025.04.08-14.51.02:401][990]LogAudioMixer: Display: 0: FrontLeft
[2025.04.08-14.51.02:401][990]LogAudioMixer: Display: 1: FrontRight
[2025.04.08-14.51.02:447][990]LogAudioMixer: Display: Using Audio Device Headphone (Realtek(R) Audio)
[2025.04.08-14.51.02:447][990]LogAudioMixer: Display: Initializing Sound Submixes...
[2025.04.08-14.51.02:447][990]LogAudioMixer: Display: Creating Master Submix 'MasterSubmixDefault'
[2025.04.08-14.51.02:447][990]LogAudioMixer: Display: Creating Master Submix 'MasterReverbSubmixDefault'
[2025.04.08-14.51.02:450][990]LogAudioMixer: Display: Creating Master Submix 'MasterEQSubmixDefault'
[2025.04.08-14.51.02:450][990]LogAudioMixer: FMixerPlatformXAudio2::StartAudioStream() called
[2025.04.08-14.51.02:450][990]LogAudioMixer: Display: Output buffers initialized: Frames=1024, Channels=2, Samples=2048
[2025.04.08-14.51.02:452][990]LogAudioMixer: Display: Starting AudioMixerPlatformInterface::RunInternal()
[2025.04.08-14.51.02:452][990]LogAudioMixer: Display: FMixerPlatformXAudio2::SubmitBuffer() called for the first time
[2025.04.08-14.51.02:452][990]LogInit: FAudioDevice initialized.
[2025.04.08-14.51.02:452][990]LogAudio: Display: Audio Device (ID: 3) registered with world 'Level1'.
[2025.04.08-14.51.02:494][990]LogLoad: Game class is 'TopDownPuzzleGameMode'
[2025.04.08-14.51.02:603][990]LogWorld: Bringing World /Game/TopDownCPP/Maps/UEDPIE_0_Level1.Level1 up for play (max tick rate 60) at 2025.04.08-10.51.02
[2025.04.08-14.51.02:604][990]LogWorld: Bringing up level for play took: 0.109373
[2025.04.08-14.51.02:604][990]LogOnline: OSS: Creating online subsystem instance for: :Context_5
[2025.04.08-14.51.02:727][990]PIE: Server logged in
[2025.04.08-14.51.02:732][990]PIE: Play in editor total start time 0.633 seconds.
[2025.04.08-14.51.05:196][117]LogSlate: Updating window title bar state: overlay mode, drag disabled, window buttons hidden, title bar hidden
[2025.04.08-14.51.05:196][117]LogWorld: BeginTearingDown for /Game/TopDownCPP/Maps/UEDPIE_0_Level1
[2025.04.08-14.51.05:197][117]LogWorld: UWorld::CleanupWorld for Level1, bSessionEnded=true, bCleanupResources=true
[2025.04.08-14.51.05:197][117]LogSlate: InvalidateAllWidgets triggered.  All widgets were invalidated
[2025.04.08-14.51.05:217][117]LogPlayLevel: Display: Shutting down PIE online subsystems
[2025.04.08-14.51.05:223][117]LogSlate: InvalidateAllWidgets triggered.  All widgets were invalidated
[2025.04.08-14.51.05:389][117]LogAudio: Display: Audio Device unregistered from world 'None'.
[2025.04.08-14.51.05:408][117]LogAudioMixer: FMixerPlatformXAudio2::StopAudioStream() called
[2025.04.08-14.51.05:411][117]LogAudioMixer: FMixerPlatformXAudio2::StopAudioStream() called
[2025.04.08-14.51.05:425][117]LogSlate: Updating window title bar state: overlay mode, drag disabled, window buttons hidden, title bar hidden
[2025.04.08-14.51.05:436][117]LogUObjectHash: Compacting FUObjectHashTables data took   7.66ms
[2025.04.08-14.51.05:479][118]LogPlayLevel: Display: Destroying online subsystem :Context_5
[2025.04.08-14.51.09:094][319]Cmd: OBJ SAVEPACKAGE PACKAGE="/Game/TopDownCPP/Maps/Ui/MainMenu" FILE="../../../../../../Unreal Projects/Top-Down-Puzzle/TopDownPuzzle/Content/TopDownCPP/Maps/Ui/MainMenu.uasset" SILENT=true
[2025.04.08-14.51.09:372][319]LogSavePackage: Moving '../../../../../../Unreal Projects/Top-Down-Puzzle/TopDownPuzzle/Saved/MainMenuB9ABCF744A516BF9B26908BA57377312.tmp' to '../../../../../../Unreal Projects/Top-Down-Puzzle/TopDownPuzzle/Content/TopDownCPP/Maps/Ui/MainMenu.uasset'
[2025.04.08-14.51.09:399][319]AssetCheck: New page: Asset Save: MainMenu
[2025.04.08-14.51.09:399][319]LogContentValidation: Display: Validating WidgetBlueprint /Game/TopDownCPP/Maps/Ui/MainMenu.MainMenu
[2025.04.08-14.51.17:018][735]LogContentBrowser: Deferred new asset file creation: NewAnimCurveCompressionSettings
[2025.04.08-14.51.17:032][735]LogContentBrowser: Creating deferred item: NewAnimCurveCompressionSettings
[2025.04.08-14.51.18:619][831]LogContentBrowser: Attempting asset rename: NewAnimCurveCompressionSettings -> NewAnimCurveCompressionSettings
[2025.04.08-14.51.18:620][831]LogContentBrowser: End creating deferred item NewAnimCurveCompressionSettings
[2025.04.08-14.51.19:960][909]LogUObjectHash: Compacting FUObjectHashTables data took   2.50ms
[2025.04.08-14.51.21:219][909]LogSlate: Window 'Delete Assets' being destroyed
[2025.04.08-14.51.21:445][909]LogUObjectHash: Compacting FUObjectHashTables data took   2.06ms
[2025.04.08-14.51.30:126][357]LogContentBrowser: Deferred new asset file creation: NewWorld
[2025.04.08-14.51.30:165][357]LogContentBrowser: Creating deferred item: NewWorld
[2025.04.08-14.51.40:983][  1]LogContentBrowser: Attempting asset rename: NewWorld -> MainMenuLev
[2025.04.08-14.51.41:080][  1]LogContentBrowser: End creating deferred item NewWorld
[2025.04.08-14.51.42:018][ 50]LogUObjectHash: Compacting FUObjectHashTables data took   6.83ms
[2025.04.08-14.51.43:897][ 50]LogSlate: Window 'Save Content' being destroyed
[2025.04.08-14.51.44:080][ 50]LogUObjectHash: Compacting FUObjectHashTables data took   0.70ms
[2025.04.08-14.51.44:085][ 50]LogSavePackage: Moving '../../../../../../Unreal Projects/Top-Down-Puzzle/TopDownPuzzle/Saved/MainMenuLev01B2E69E44DFFA6916B084899B79037A.tmp' to '../../../../../../Unreal Projects/Top-Down-Puzzle/TopDownPuzzle/Content/TopDownCPP/Maps/Ui/MainMenuLev.umap'
[2025.04.08-14.51.44:086][ 50]LogFileHelpers: Saving map 'MainMenuLev' took 0.150
[2025.04.08-14.51.44:118][ 50]LogAssetEditorSubsystem: Opening Asset editor for World /Game/TopDownCPP/Maps/Ui/MainMenuLev.MainMenuLev
[2025.04.08-14.51.44:119][ 50]Cmd: MAP LOAD FILE="../../../../../../Unreal Projects/Top-Down-Puzzle/TopDownPuzzle/Content/TopDownCPP/Maps/Ui/MainMenuLev.umap" TEMPLATE=0 SHOWPROGRESS=1 FEATURELEVEL=3
[2025.04.08-14.51.44:119][ 50]LightingResults: New page: Lighting Build
[2025.04.08-14.51.44:120][ 50]LoadErrors: New page: Loading map: MainMenuLev.umap
[2025.04.08-14.51.44:241][ 50]LogWorld: UWorld::CleanupWorld for Level1, bSessionEnded=true, bCleanupResources=true
[2025.04.08-14.51.44:241][ 50]LogSlate: InvalidateAllWidgets triggered.  All widgets were invalidated
[2025.04.08-14.51.44:241][ 50]MapCheck: New page: Map Check
[2025.04.08-14.51.44:241][ 50]LightingResults: New page: Lighting Build
[2025.04.08-14.51.44:264][ 50]LogAudio: Display: Audio Device unregistered from world 'None'.
[2025.04.08-14.51.44:607][ 50]LogUObjectHash: Compacting FUObjectHashTables data took   2.92ms
[2025.04.08-14.51.44:642][ 50]LogAudio: Display: Audio Device (ID: 1) registered with world 'MainMenuLev'.
[2025.04.08-14.51.44:644][ 50]LogEditorServer: Finished looking for orphan Actors (0.000 secs)
[2025.04.08-14.51.44:644][ 50]LogAIModule: Creating AISystem for world MainMenuLev
[2025.04.08-14.51.44:682][ 50]LogUObjectHash: Compacting FUObjectHashTables data took   2.35ms
[2025.04.08-14.51.44:751][ 50]Cmd: MAP CHECKDEP NOCLEARLOG
[2025.04.08-14.51.44:751][ 50]MapCheck: Map check complete: 0 Error(s), 0 Warning(s), took 0.578ms to complete.
[2025.04.08-14.51.44:753][ 50]LogFileHelpers: Loading map 'MainMenuLev' took 0.634
[2025.04.08-14.51.44:807][ 50]AssetCheck: New page: Asset Save: MainMenuLev
[2025.04.08-14.51.44:807][ 50]LogContentValidation: Display: Validating World /Game/TopDownCPP/Maps/Ui/MainMenuLev.MainMenuLev
[2025.04.08-14.51.51:868][442]LogActorFactory: Actor Factory created Cube
[2025.04.08-14.51.52:241][442]LogActorFactory: Actor Factory created Cube
[2025.04.08-14.52.15:890][639]LogUObjectHash: Compacting FUObjectHashTables data took   2.62ms
[2025.04.08-14.52.15:922][639]LogSavePackage: Moving '../../../../../../Unreal Projects/Top-Down-Puzzle/TopDownPuzzle/Saved/MainMenuLev2D99E05642577CB23AC7A5BFB07F66D9.tmp' to '../../../../../../Unreal Projects/Top-Down-Puzzle/TopDownPuzzle/Content/TopDownCPP/Maps/Ui/MainMenuLev.umap'
[2025.04.08-14.52.15:958][639]AssetCheck: New page: Asset Save: MainMenuLev
[2025.04.08-14.52.15:958][639]LogContentValidation: Display: Validating World /Game/TopDownCPP/Maps/Ui/MainMenuLev.MainMenuLev
[2025.04.08-14.52.22:588][ 37]LogEditorViewport: Clicking on Actor (LMB): DirectionalLight (DirectionalLight)
[2025.04.08-14.52.25:721][224]LogEditorViewport: Clicking on Actor (LMB): StaticMeshActor (Cube)
[2025.04.08-14.52.40:579][ 75]LogUObjectHash: Compacting FUObjectHashTables data took   0.66ms
[2025.04.08-14.52.42:256][ 75]LogSlate: Window 'Save Content' being destroyed
[2025.04.08-14.52.42:322][ 75]LogUObjectHash: Compacting FUObjectHashTables data took   0.71ms
[2025.04.08-14.52.42:325][ 75]LogSavePackage: Moving '../../../../../../Unreal Projects/Top-Down-Puzzle/TopDownPuzzle/Saved/MainMenuLev7C2E644D41CF947E9D25EFBB98EBAFE7.tmp' to '../../../../../../Unreal Projects/Top-Down-Puzzle/TopDownPuzzle/Content/TopDownCPP/Maps/Ui/MainMenuLev.umap'
[2025.04.08-14.52.42:432][ 75]LogFileHelpers: Saving map 'MainMenuLev' took 0.140
[2025.04.08-14.52.42:460][ 75]LogAssetEditorSubsystem: Opening Asset editor for World /Game/TopDownCPP/Maps/Ui/MainMenuLev.MainMenuLev
[2025.04.08-14.52.42:460][ 75]Cmd: MAP LOAD FILE="../../../../../../Unreal Projects/Top-Down-Puzzle/TopDownPuzzle/Content/TopDownCPP/Maps/Ui/MainMenuLev.umap" TEMPLATE=0 SHOWPROGRESS=1 FEATURELEVEL=3
[2025.04.08-14.52.42:460][ 75]LightingResults: New page: Lighting Build
[2025.04.08-14.52.42:460][ 75]LoadErrors: New page: Loading map: MainMenuLev.umap
[2025.04.08-14.52.42:483][ 75]LogWorld: UWorld::CleanupWorld for MainMenuLev, bSessionEnded=true, bCleanupResources=true
[2025.04.08-14.52.42:483][ 75]LogSlate: InvalidateAllWidgets triggered.  All widgets were invalidated
[2025.04.08-14.52.42:483][ 75]MapCheck: New page: Map Check
[2025.04.08-14.52.42:483][ 75]LightingResults: New page: Lighting Build
[2025.04.08-14.52.42:507][ 75]LogAudio: Display: Audio Device unregistered from world 'None'.
[2025.04.08-14.52.42:510][ 75]LogUObjectHash: Compacting FUObjectHashTables data took   2.62ms
[2025.04.08-14.52.42:515][ 75]LogAudio: Display: Audio Device (ID: 1) registered with world 'MainMenuLev'.
[2025.04.08-14.52.42:516][ 75]LogAIModule: Creating AISystem for world MainMenuLev
[2025.04.08-14.52.42:521][ 75]LogEditorServer: Finished looking for orphan Actors (0.000 secs)
[2025.04.08-14.52.42:547][ 75]LogUObjectHash: Compacting FUObjectHashTables data took   2.53ms
[2025.04.08-14.52.42:560][ 75]Cmd: MAP CHECKDEP NOCLEARLOG
[2025.04.08-14.52.42:560][ 75]MapCheck: Map check complete: 0 Error(s), 0 Warning(s), took 0.168ms to complete.
[2025.04.08-14.52.42:560][ 75]LogFileHelpers: Loading map 'MainMenuLev' took 0.100
[2025.04.08-14.52.42:593][ 75]AssetCheck: New page: Asset Save: MainMenuLev
[2025.04.08-14.52.42:593][ 75]LogContentValidation: Display: Validating World /Game/TopDownCPP/Maps/Ui/MainMenuLev.MainMenuLev
[2025.04.08-14.52.52:315][652]LogUObjectHash: Compacting FUObjectHashTables data took   0.63ms
[2025.04.08-14.52.52:866][652]LogAssetEditorSubsystem: Opening Asset editor for World /Game/TopDownCPP/Maps/Tutorial1.Tutorial1
[2025.04.08-14.52.52:867][652]Cmd: MAP LOAD FILE="../../../../../../Unreal Projects/Top-Down-Puzzle/TopDownPuzzle/Content/TopDownCPP/Maps/Tutorial1.umap" TEMPLATE=0 SHOWPROGRESS=1 FEATURELEVEL=3
[2025.04.08-14.52.52:867][652]LightingResults: New page: Lighting Build
[2025.04.08-14.52.52:867][652]LoadErrors: New page: Loading map: Tutorial1.umap
[2025.04.08-14.52.52:868][652]LogWorld: UWorld::CleanupWorld for MainMenuLev, bSessionEnded=true, bCleanupResources=true
[2025.04.08-14.52.52:868][652]LogSlate: InvalidateAllWidgets triggered.  All widgets were invalidated
[2025.04.08-14.52.52:868][652]MapCheck: New page: Map Check
[2025.04.08-14.52.52:868][652]LightingResults: New page: Lighting Build
[2025.04.08-14.52.52:890][652]LogAudio: Display: Audio Device unregistered from world 'None'.
[2025.04.08-14.52.52:894][652]LogUObjectHash: Compacting FUObjectHashTables data took   3.19ms
[2025.04.08-14.52.52:895][652]LogAudio: Display: Audio Device (ID: 1) registered with world 'Tutorial1'.
[2025.04.08-14.52.52:898][652]LogEditorServer: Finished looking for orphan Actors (0.000 secs)
[2025.04.08-14.52.52:898][652]LogAIModule: Creating AISystem for world Tutorial1
[2025.04.08-14.52.52:948][652]LogUObjectHash: Compacting FUObjectHashTables data took   2.49ms
[2025.04.08-14.52.52:967][652]Cmd: MAP CHECKDEP NOCLEARLOG
[2025.04.08-14.52.52:968][652]MapCheck: Map check complete: 0 Error(s), 0 Warning(s), took 0.221ms to complete.
[2025.04.08-14.52.52:968][652]LogFileHelpers: Loading map 'Tutorial1' took 0.101
[2025.04.08-14.53.00:555][104]Cmd: EDIT COPY
[2025.04.08-14.53.03:738][292]LogUObjectHash: Compacting FUObjectHashTables data took   0.65ms
[2025.04.08-14.53.03:765][292]LogAssetEditorSubsystem: Opening Asset editor for World /Game/TopDownCPP/Maps/Ui/MainMenuLev.MainMenuLev
[2025.04.08-14.53.03:765][292]Cmd: MAP LOAD FILE="../../../../../../Unreal Projects/Top-Down-Puzzle/TopDownPuzzle/Content/TopDownCPP/Maps/Ui/MainMenuLev.umap" TEMPLATE=0 SHOWPROGRESS=1 FEATURELEVEL=3
[2025.04.08-14.53.03:765][292]LightingResults: New page: Lighting Build
[2025.04.08-14.53.03:765][292]LoadErrors: New page: Loading map: MainMenuLev.umap
[2025.04.08-14.53.03:795][292]LogWorld: UWorld::CleanupWorld for Tutorial1, bSessionEnded=true, bCleanupResources=true
[2025.04.08-14.53.03:795][292]LogSlate: InvalidateAllWidgets triggered.  All widgets were invalidated
[2025.04.08-14.53.03:795][292]MapCheck: New page: Map Check
[2025.04.08-14.53.03:795][292]LightingResults: New page: Lighting Build
[2025.04.08-14.53.03:817][292]LogAudio: Display: Audio Device unregistered from world 'None'.
[2025.04.08-14.53.03:822][292]LogUObjectHash: Compacting FUObjectHashTables data took   2.68ms
[2025.04.08-14.53.03:822][292]LogAudio: Display: Audio Device (ID: 1) registered with world 'MainMenuLev'.
[2025.04.08-14.53.03:823][292]LogEditorServer: Finished looking for orphan Actors (0.000 secs)
[2025.04.08-14.53.03:823][292]LogAIModule: Creating AISystem for world MainMenuLev
[2025.04.08-14.53.03:849][292]LogUObjectHash: Compacting FUObjectHashTables data took   2.44ms
[2025.04.08-14.53.04:015][292]Cmd: MAP CHECKDEP NOCLEARLOG
[2025.04.08-14.53.04:015][292]MapCheck: Map check complete: 0 Error(s), 0 Warning(s), took 0.243ms to complete.
[2025.04.08-14.53.04:015][292]LogFileHelpers: Loading map 'MainMenuLev' took 0.251
[2025.04.08-14.53.06:781][455]Cmd: DELETE
[2025.04.08-14.53.06:782][455]Cmd: ACTOR DELETE
[2025.04.08-14.53.06:796][455]LogEditorActor: Deleted Actor: SkyLight
[2025.04.08-14.53.06:797][455]LogEditorActor: Deleted Actor: DirectionalLight
[2025.04.08-14.53.06:927][455]LogUObjectHash: Compacting FUObjectHashTables data took   0.73ms
[2025.04.08-14.53.06:928][455]LogEditorActor: Deleted 2 Actors (0.145 secs)
[2025.04.08-14.53.08:202][532]Cmd: EDIT PASTE
[2025.04.08-14.53.21:679][333]Cmd: EDIT PASTE
[2025.04.08-14.53.23:277][423]Cmd: TRANSACTION UNDO
[2025.04.08-14.53.23:277][423]LogEditorTransaction: Undo Paste
[2025.04.08-14.53.23:466][431]Cmd: TRANSACTION UNDO
[2025.04.08-14.53.23:466][431]LogEditorTransaction: Undo Set Actor Visibility
[2025.04.08-14.53.23:988][459]Cmd: TRANSACTION UNDO
[2025.04.08-14.53.23:988][459]LogEditorTransaction: Undo Set Actor Visibility
[2025.04.08-14.53.24:421][485]Cmd: TRANSACTION UNDO
[2025.04.08-14.53.24:421][485]LogEditorTransaction: Undo Set Actor Visibility
[2025.04.08-14.53.24:788][507]Cmd: TRANSACTION UNDO
[2025.04.08-14.53.24:788][507]LogEditorTransaction: Undo Set Actor Visibility
[2025.04.08-14.53.25:121][527]Cmd: TRANSACTION UNDO
[2025.04.08-14.53.25:121][527]LogEditorTransaction: Undo Paste
[2025.04.08-14.53.25:404][544]Cmd: TRANSACTION UNDO
[2025.04.08-14.53.25:404][544]LogEditorTransaction: Undo Delete Actors
[2025.04.08-14.53.28:593][734]Cmd: DELETE
[2025.04.08-14.53.28:690][734]Cmd: ACTOR DELETE
[2025.04.08-14.53.28:693][734]LogEditorActor: Deleted Actor: SkyLight
[2025.04.08-14.53.28:695][734]LogEditorActor: Deleted Actor: DirectionalLight
[2025.04.08-14.53.28:742][734]LogUObjectHash: Compacting FUObjectHashTables data took   2.59ms
[2025.04.08-14.53.28:744][734]LogEditorActor: Deleted 2 Actors (0.055 secs)
[2025.04.08-14.53.29:588][782]LogUObjectHash: Compacting FUObjectHashTables data took   0.65ms
[2025.04.08-14.53.29:921][782]LogSavePackage: Moving '../../../../../../Unreal Projects/Top-Down-Puzzle/TopDownPuzzle/Saved/MainMenuLev5643176C403344B43CD7B6AF9D35835E.tmp' to '../../../../../../Unreal Projects/Top-Down-Puzzle/TopDownPuzzle/Content/TopDownCPP/Maps/Ui/MainMenuLev.umap'
[2025.04.08-14.53.29:962][782]AssetCheck: New page: Asset Save: MainMenuLev
[2025.04.08-14.53.29:962][782]LogContentValidation: Display: Validating World /Game/TopDownCPP/Maps/Ui/MainMenuLev.MainMenuLev
[2025.04.08-14.53.32:623][940]LogUObjectHash: Compacting FUObjectHashTables data took   2.03ms
[2025.04.08-14.53.32:918][940]LogAssetEditorSubsystem: Opening Asset editor for World /Game/TopDownCPP/Maps/Level1.Level1
[2025.04.08-14.53.32:918][940]Cmd: MAP LOAD FILE="../../../../../../Unreal Projects/Top-Down-Puzzle/TopDownPuzzle/Content/TopDownCPP/Maps/Level1.umap" TEMPLATE=0 SHOWPROGRESS=1 FEATURELEVEL=3
[2025.04.08-14.53.32:918][940]LightingResults: New page: Lighting Build
[2025.04.08-14.53.32:918][940]LoadErrors: New page: Loading map: Level1.umap
[2025.04.08-14.53.32:919][940]LogWorld: UWorld::CleanupWorld for MainMenuLev, bSessionEnded=true, bCleanupResources=true
[2025.04.08-14.53.32:919][940]LogSlate: InvalidateAllWidgets triggered.  All widgets were invalidated
[2025.04.08-14.53.32:919][940]MapCheck: New page: Map Check
[2025.04.08-14.53.32:919][940]LightingResults: New page: Lighting Build
[2025.04.08-14.53.32:965][940]LogAudio: Display: Audio Device unregistered from world 'None'.
[2025.04.08-14.53.32:968][940]LogUObjectHash: Compacting FUObjectHashTables data took   2.51ms
[2025.04.08-14.53.32:968][940]LogAudio: Display: Audio Device (ID: 1) registered with world 'Level1'.
[2025.04.08-14.53.32:972][940]LogEditorServer: Finished looking for orphan Actors (0.000 secs)
[2025.04.08-14.53.32:972][940]LogAIModule: Creating AISystem for world Level1
[2025.04.08-14.53.32:998][940]LogUObjectHash: Compacting FUObjectHashTables data took   2.41ms
[2025.04.08-14.53.33:011][940]Cmd: MAP CHECKDEP NOCLEARLOG
[2025.04.08-14.53.33:011][940]MapCheck: Map check complete: 0 Error(s), 0 Warning(s), took 0.172ms to complete.
[2025.04.08-14.53.33:011][940]LogFileHelpers: Loading map 'Level1' took 0.094
[2025.04.08-14.53.38:698][278]Cmd: EDIT COPY
[2025.04.08-14.53.42:590][502]LogUObjectHash: Compacting FUObjectHashTables data took   3.61ms
[2025.04.08-14.53.42:630][502]LogAssetEditorSubsystem: Opening Asset editor for World /Game/TopDownCPP/Maps/Ui/MainMenuLev.MainMenuLev
[2025.04.08-14.53.42:630][502]Cmd: MAP LOAD FILE="../../../../../../Unreal Projects/Top-Down-Puzzle/TopDownPuzzle/Content/TopDownCPP/Maps/Ui/MainMenuLev.umap" TEMPLATE=0 SHOWPROGRESS=1 FEATURELEVEL=3
[2025.04.08-14.53.42:630][502]LightingResults: New page: Lighting Build
[2025.04.08-14.53.42:630][502]LoadErrors: New page: Loading map: MainMenuLev.umap
[2025.04.08-14.53.42:654][502]LogWorld: UWorld::CleanupWorld for Level1, bSessionEnded=true, bCleanupResources=true
[2025.04.08-14.53.42:655][502]LogSlate: InvalidateAllWidgets triggered.  All widgets were invalidated
[2025.04.08-14.53.42:655][502]MapCheck: New page: Map Check
[2025.04.08-14.53.42:655][502]LightingResults: New page: Lighting Build
[2025.04.08-14.53.42:686][502]LogAudio: Display: Audio Device unregistered from world 'None'.
[2025.04.08-14.53.42:691][502]LogUObjectHash: Compacting FUObjectHashTables data took   3.94ms
[2025.04.08-14.53.42:692][502]LogAudio: Display: Audio Device (ID: 1) registered with world 'MainMenuLev'.
[2025.04.08-14.53.42:723][502]LogEditorServer: Finished looking for orphan Actors (0.000 secs)
[2025.04.08-14.53.42:723][502]LogAIModule: Creating AISystem for world MainMenuLev
[2025.04.08-14.53.42:751][502]LogUObjectHash: Compacting FUObjectHashTables data took   2.99ms
[2025.04.08-14.53.42:775][502]Cmd: MAP CHECKDEP NOCLEARLOG
[2025.04.08-14.53.42:775][502]MapCheck: Map check complete: 0 Error(s), 0 Warning(s), took 0.176ms to complete.
[2025.04.08-14.53.42:775][502]LogFileHelpers: Loading map 'MainMenuLev' took 0.146
[2025.04.08-14.53.44:170][584]Cmd: EDIT PASTE
[2025.04.08-14.53.52:603][ 69]MapCheck: New page: Map Check
[2025.04.08-14.53.52:753][ 69]LightingResults: New page: Lighting Build - 08-Apr-2025, 6:53:52 am
[2025.04.08-14.53.53:382][ 69]LogSwarmInterface: [OpenConnection] Registering TCP channel ...
[2025.04.08-14.53.53:566][ 69]LogSwarmInterface: [OpenConnection] Connecting to agent ...
[2025.04.08-14.53.53:673][ 69]LogSwarmInterface: [TryOpenConnection] Testing the Agent
[2025.04.08-14.53.55:774][ 69]LogSwarmInterface: [TryOpenConnection] Opening Connection to Agent
[2025.04.08-14.53.55:774][ 69]LogSwarmInterface: [TryOpenConnection] Local Process ID is 17376
[2025.04.08-14.54.16:396][ 69]LogStaticLightingSystem: Warning: No importance volume found, so the scene bounding box was used.  You can optimize your scene's quality and lighting build times by adding importance volumes.
[2025.04.08-14.54.16:397][ 69]LogStaticLightingSystem: Running Lightmass w/ ImmediateImport mode ENABLED
[2025.04.08-14.54.16:397][ 69]LogStaticLightingSystem: Running Lightmass w/ ImmediateProcess mode ENABLED
[2025.04.08-14.54.16:397][ 69]LogStaticLightingSystem: Running Lightmass w/ Sorting mode ENABLED
[2025.04.08-14.54.16:397][ 69]LogStaticLightingSystem: Running Lightmass w/ Mapping paddings ENABLED
[2025.04.08-14.54.16:397][ 69]LogStaticLightingSystem: Running Lightmass w/ Mapping debug paddings DISABLED
[2025.04.08-14.54.16:705][ 69]LogEditorBuildUtils: Build time 0:23
[2025.04.08-14.54.16:721][ 69]LogMaterial: Display: Missing cached shadermap for FLightmassMaterialRenderer BasicShapeMaterial in PCD3D_SM5, Default, SM5 (DDC key hash: 24B60B88D19FBA316DBEE5D7CD3C4E4E47E5E339), compiling. 
[2025.04.08-14.54.17:046][ 69]LogShaderCompilers: Display: Submitted 2 shader compile jobs with 'Low' priority
[2025.04.08-14.54.17:053][ 69]LogMaterial: Display: Missing cached shadermap for FLightmassMaterialRenderer BasicShapeMaterial in PCD3D_SM5, Default, SM5 (DDC key hash: 009404A3B8B08455BB16398882E1A35CB76697F6), compiling. 
[2025.04.08-14.54.17:059][ 69]LogShaderCompilers: Display: Worker (1/5): shaders left to compile 2
[2025.04.08-14.54.17:059][ 69]LogShaderCompilers: Display: Worker (2/5): shaders left to compile 1
[2025.04.08-14.54.17:059][ 69]LogShaderCompilers: Display: Started 2 'Local' shader compile jobs with 'Low' priority
[2025.04.08-14.54.17:059][ 69]LogShaderCompilers: Display: Submitted 2 shader compile jobs with 'Low' priority
[2025.04.08-14.54.18:872][ 70]LogShaderCompilers: Display: Worker (3/5): shaders left to compile 2
[2025.04.08-14.54.18:872][ 70]LogShaderCompilers: Display: Worker (4/5): shaders left to compile 1
[2025.04.08-14.54.18:872][ 70]LogShaderCompilers: Display: Started 2 'Local' shader compile jobs with 'Low' priority
[2025.04.08-14.54.18:872][ 70]LogShaderCompilers: Display: === FShaderJobCache stats ===
[2025.04.08-14.54.18:872][ 70]LogShaderCompilers: Display: Total job queries 4, among them cache hits 0 (0.00%)
[2025.04.08-14.54.18:872][ 70]LogShaderCompilers: Display: Tracking 4 distinct input hashes that result in 3 distinct outputs (75.00%)
[2025.04.08-14.54.18:873][ 70]LogShaderCompilers: Display: RAM used: 0.01 MB (0.00 GB) of 819.20 MB (0.80 GB) budget. Usage: 0.00%
[2025.04.08-14.54.18:873][ 70]LogShaderCompilers: Display: ================================================
[2025.04.08-14.54.19:150][ 73]LogUObjectHash: Compacting FUObjectHashTables data took   2.67ms
[2025.04.08-14.54.25:812][172]Job is a success!
[2025.04.08-14.54.26:536][173]LogVolumetricLightmapImport: Imported Volumetric Lightmap in 0.385s
[2025.04.08-14.54.26:536][173]LogVolumetricLightmapImport:      Indirection Texture 16x16x16 = 0.0Mb
[2025.04.08-14.54.26:536][173]LogVolumetricLightmapImport:      BrickData (all levels) 0.0Mb (trimmed 0.0Mb due to 0.010000 MinBrickError)
[2025.04.08-14.54.26:536][173]LogVolumetricLightmapImport:      Bricks at depth
[2025.04.08-14.54.26:536][173]LogVolumetricLightmapImport:          0: 50.0% covering 100.0% of volume
[2025.04.08-14.54.26:536][173]LogVolumetricLightmapImport:          1: 50.0% covering 1.6% of volume
[2025.04.08-14.54.26:536][173]LogVolumetricLightmapImport:          2: 0.0% covering 0.0% of volume
[2025.04.08-14.54.26:536][173]LogVolumetricLightmapImport:      Bricks in each level
[2025.04.08-14.54.26:536][173]LogVolumetricLightmapImport:          MainMenuLev 			 2 bricks 	 100.0% (Persistent Level)
[2025.04.08-14.54.26:809][173]LogTexture: Display: Building textures: SkyOcclusion0_1 (OODLE_AutoDXT, 128X64)
[2025.04.08-14.54.26:936][173]LogTexture: Display: Building textures: LQ_Lightmap_0_1 (OODLE_DXT1, 128X128)
[2025.04.08-14.54.26:936][173]LogTexture: Display: Building textures: HQ_Lightmap0_1 (OODLE_AutoDXT, 128X128)
[2025.04.08-14.54.26:936][173]LogTexture: Display: Building textures: ShadowMapTexture2D_0 (G8, 64X64)
[2025.04.08-14.54.27:038][173]Lightmass on LAPTOP-EJ2DB2HV: 2.46 sec total, 282 ms importing, 9 ms setup, 24 ms photons, 1.39 sec processing, 0 ms extra exporting [1/1 mappings]. Threads: 9.76 sec total, 9 ms processing.
[2025.04.08-14.54.27:065][173]LogUObjectHash: Compacting FUObjectHashTables data took   1.85ms
[2025.04.08-14.54.27:153][173]LogStaticLightingSystem: Illumination: 34.2 sec (166 ms encoding lightmaps, 257 ms encoding shadowmaps)
[2025.04.08-14.54.27:153][173]LogStaticLightingSystem: Lightmap texture memory:  0.0 MB (0.0 MB streaming, 0.0 MB non-streaming), 2 textures
[2025.04.08-14.54.27:154][173]LogStaticLightingSystem: Shadowmap texture memory: 0.0 MB (0.0 MB streaming, 0.0 MB non-streaming), 1 textures
[2025.04.08-14.54.27:367][173]DumpUnbuiltLightIteractions
[2025.04.08-14.54.27:367][173]Lights with unbuilt interactions: 0
[2025.04.08-14.54.27:367][173]
[2025.04.08-14.54.27:367][173]Primitives with unbuilt interactions: 0
[2025.04.08-14.54.27:472][174]Cmd: MAP CHECK NOTIFYRESULTS
[2025.04.08-14.54.27:472][174]MapCheck: New page: MainMenuLev - 08-Apr-2025, 6:54:27 am
[2025.04.08-14.54.27:474][174]MapCheck: Map check complete: 0 Error(s), 0 Warning(s), took 1.773ms to complete.
[2025.04.08-14.59.07:876][945]LogUObjectHash: Compacting FUObjectHashTables data took   2.98ms
[2025.04.08-14.59.07:939][945]LogSavePackage: Moving '../../../../../../Unreal Projects/Top-Down-Puzzle/TopDownPuzzle/Saved/MainMenuLev6458E1EE456FDD48AF24698A4DCDE36F.tmp' to '../../../../../../Unreal Projects/Top-Down-Puzzle/TopDownPuzzle/Content/TopDownCPP/Maps/Ui/MainMenuLev.umap'
[2025.04.08-14.59.08:031][945]LogSavePackage: Moving '../../../../../../Unreal Projects/Top-Down-Puzzle/TopDownPuzzle/Saved/MainMenuLev_BuiltData4EF64B484C767FCA982D068D41936D98.tmp' to '../../../../../../Unreal Projects/Top-Down-Puzzle/TopDownPuzzle/Content/TopDownCPP/Maps/Ui/MainMenuLev_BuiltData.uasset'
[2025.04.08-14.59.08:128][945]AssetCheck: New page: Asset Save: multiple assets
[2025.04.08-14.59.08:128][945]LogContentValidation: Display: Validating World /Game/TopDownCPP/Maps/Ui/MainMenuLev.MainMenuLev
[2025.04.08-14.59.08:128][945]LogContentValidation: Display: Validating MapBuildDataRegistry /Game/TopDownCPP/Maps/Ui/MainMenuLev_BuiltData.MainMenuLev_BuiltData
[2025.04.08-15.20.18:065][681]LogD3D11RHI: Timed out while waiting for GPU to catch up. (0.5 s) (ErrorCode 00000001) (00000000)
[2025.04.08-15.37.35:862][362]LogD3D11RHI: Timed out while waiting for GPU to catch up. (0.5 s) (ErrorCode 00000001) (00000000)
[2025.04.08-15.37.41:976][472]LogD3D11RHI: Timed out while waiting for GPU to catch up. (0.5 s) (ErrorCode 00000001) (00000000)
[2025.04.08-15.59.48:385][642]LogD3D11RHI: Timed out while waiting for GPU to catch up. (0.5 s) (ErrorCode 00000001) (00000000)
[2025.04.08-16.00.12:339][937]LogD3D11RHI: Timed out while waiting for GPU to catch up. (0.5 s) (ErrorCode 00000001) (00000000)
[2025.04.08-16.08.27:627][236]LogD3D11RHI: Timed out while waiting for GPU to catch up. (0.5 s) (ErrorCode 00000001) (00000000)
[2025.04.08-16.08.37:812][555]LogD3D11RHI: Timed out while waiting for GPU to catch up. (0.5 s) (ErrorCode 00000001) (00000000)
[2025.04.08-16.08.41:047][575]LogD3D11RHI: Timed out while waiting for GPU to catch up. (0.5 s) (ErrorCode 00000001) (00000000)
[2025.04.08-16.08.46:938][698]LogD3D11RHI: Timed out while waiting for GPU to catch up. (0.5 s) (ErrorCode 00000001) (00000000)
[2025.04.08-16.08.54:821][ 59]LogD3D11RHI: Timed out while waiting for GPU to catch up. (0.5 s) (ErrorCode 00000001) (00000000)
[2025.04.08-16.08.55:325][ 60]LogD3D11RHI: Timed out while waiting for GPU to catch up. (0.5 s) (ErrorCode 00000001) (00000000)
[2025.04.08-16.10.37:730][501]LogD3D11RHI: Timed out while waiting for GPU to catch up. (0.5 s) (ErrorCode 00000001) (00000000)
[2025.04.08-16.10.39:234][530]LogD3D11RHI: Timed out while waiting for GPU to catch up. (0.5 s) (ErrorCode 00000001) (00000000)
[2025.04.08-16.10.39:873][540]LogD3D11RHI: Timed out while waiting for GPU to catch up. (0.5 s) (ErrorCode 00000001) (00000000)
[2025.04.08-16.10.41:432][550]LogD3D11RHI: Timed out while waiting for GPU to catch up. (0.5 s) (ErrorCode 00000001) (00000000)
[2025.04.08-16.10.41:934][551]LogD3D11RHI: Timed out while waiting for GPU to catch up. (0.5 s) (ErrorCode 00000001) (00000000)
[2025.04.08-16.10.51:967][729]LogD3D11RHI: Timed out while waiting for GPU to catch up. (0.5 s) (ErrorCode 00000001) (00000000)
[2025.04.08-16.10.57:461][761]LogD3D11RHI: Timed out while waiting for GPU to catch up. (0.5 s) (ErrorCode 00000001) (00000000)
[2025.04.08-16.11.20:263][881]LogD3D11RHI: Timed out while waiting for GPU to catch up. (0.5 s) (ErrorCode 00000001) (00000000)
[2025.04.08-16.12.21:097][286]Cmd: OBJ SAVEPACKAGE PACKAGE="/Game/TopDownCPP/Maps/Ui/MainMenu" FILE="../../../../../../Unreal Projects/Top-Down-Puzzle/TopDownPuzzle/Content/TopDownCPP/Maps/Ui/MainMenu.uasset" SILENT=true
[2025.04.08-16.12.27:581][286]LogSavePackage: Moving '../../../../../../Unreal Projects/Top-Down-Puzzle/TopDownPuzzle/Saved/MainMenu53D3720445B9629DB378939C3730125F.tmp' to '../../../../../../Unreal Projects/Top-Down-Puzzle/TopDownPuzzle/Content/TopDownCPP/Maps/Ui/MainMenu.uasset'
[2025.04.08-16.12.30:801][286]AssetCheck: New page: Asset Save: MainMenu
[2025.04.08-16.12.30:802][286]LogContentValidation: Display: Validating WidgetBlueprint /Game/TopDownCPP/Maps/Ui/MainMenu.MainMenu
[2025.04.08-16.13.30:299][372]LogD3D11RHI: Timed out while waiting for GPU to catch up. (0.5 s) (ErrorCode 00000001) (00000000)
[2025.04.08-16.13.34:406][384]LogD3D11RHI: Timed out while waiting for GPU to catch up. (0.5 s) (ErrorCode 00000001) (00000000)
[2025.04.08-16.13.35:816][385]LogD3D11RHI: Timed out while waiting for GPU to catch up. (0.5 s) (ErrorCode 00000001) (00000000)
[2025.04.08-16.14.17:355][510]LogD3D11RHI: Timed out while waiting for GPU to catch up. (0.5 s) (ErrorCode 00000001) (00000000)
[2025.04.08-16.14.20:054][519]LogD3D11RHI: Timed out while waiting for GPU to catch up. (0.5 s) (ErrorCode 00000001) (00000000)
[2025.04.08-16.14.22:791][519]LogUObjectHash: Compacting FUObjectHashTables data took   1.46ms
[2025.04.08-16.14.26:122][519]LogSlate: Window 'MainMenu' being destroyed
[2025.04.08-16.14.48:703][519]LogWorld: UWorld::CleanupWorld for World_2, bSessionEnded=true, bCleanupResources=true
[2025.04.08-16.14.48:703][519]LogSlate: InvalidateAllWidgets triggered.  All widgets were invalidated
[2025.04.08-16.14.50:493][519]LogWorld: UWorld::CleanupWorld for World_1, bSessionEnded=true, bCleanupResources=true
[2025.04.08-16.14.50:493][519]LogSlate: InvalidateAllWidgets triggered.  All widgets were invalidated
[2025.04.08-16.14.59:009][519]LogSlate: Window 'TopDownPuzzle - Unreal Editor' being destroyed
[2025.04.08-16.15.26:105][520]Cmd: QUIT_EDITOR
[2025.04.08-16.15.26:106][520]LogCore: Engine exit requested (reason: UUnrealEdEngine::CloseEditor())
[2025.04.08-16.15.27:265][520]LogCore: Engine exit requested (reason: EngineExit() was called; note: exit was already requested)
[2025.04.08-16.15.30:345][520]LogAudio: Display: Beginning Audio Device Manager Shutdown (Module: AudioMixerXAudio2)...
[2025.04.08-16.15.30:345][520]LogAudio: Display: Destroying 1 Remaining Audio Device(s)...
[2025.04.08-16.15.30:345][520]LogAudio: Display: Audio Device unregistered from world 'MainMenuLev'.
[2025.04.08-16.15.30:441][520]LogAudioMixer: FMixerPlatformXAudio2::StopAudioStream() called
[2025.04.08-16.15.31:908][520]LogAudioMixer: FMixerPlatformXAudio2::StopAudioStream() called
[2025.04.08-16.15.55:857][520]LogAudio: Display: Audio Device Manager Shutdown
[2025.04.08-16.15.56:218][520]LogWindowsTextInputMethodSystem: Display: IME system deactivated.
