Log file open, 04/08/25 12:20:34
LogWindows: Failed to load 'aqProf.dll' (GetLastError=126)
LogWindows: File 'aqProf.dll' does not exist
LogWindows: Failed to load 'VtuneApi.dll' (GetLastError=126)
LogWindows: File 'VtuneApi.dll' does not exist
LogWindows: Failed to load 'VtuneApi32e.dll' (GetLastError=126)
LogWindows: File 'VtuneApi32e.dll' does not exist
LogConsoleResponse: Display: Failed to find resolution value strings in scalability ini. Falling back to default.
LogConsoleResponse: Display: Failed to find resolution value strings in scalability ini. Falling back to default.
LogInit: Display: Running engine for game: TopDownPuzzle
LogPlatformFile: Not using cached read wrapper
LogTaskGraph: Started task graph with 5 named threads and 23 total threads with 3 sets of task threads.
LogStats: Stats thread started at 0.347448
LogICUInternationalization: ICU TimeZone Detection - Raw Offset: -5:00, Platform Override: ''
LogInit: Display: Loading text-based GConfig....
LogPluginManager: Mounting plugin MeshPainting
LogPluginManager: Mounting plugin XGEController
LogPluginManager: Mounting plugin Paper2D
LogPluginManager: Mounting plugin EnvironmentQueryEditor
LogPluginManager: Mounting plugin LightPropagationVolume
LogPluginManager: Mounting plugin LiveLink
LogPluginManager: Mounting plugin GameplayCameras
LogPluginManager: Mounting plugin AnimationSharing
LogPluginManager: Mounting plugin CameraShakePreviewer
LogPluginManager: Mounting plugin CLionSourceCodeAccess
LogPluginManager: Mounting plugin CodeLiteSourceCodeAccess
LogPluginManager: Mounting plugin GitSourceControl
LogPluginManager: Mounting plugin KDevelopSourceCodeAccess
LogPluginManager: Mounting plugin NullSourceCodeAccess
LogPluginManager: Mounting plugin PerforceSourceControl
LogPluginManager: Mounting plugin PixWinPlugin
LogPluginManager: Mounting plugin PlasticSourceControl
LogPluginManager: Mounting plugin PluginUtils
LogPluginManager: Mounting plugin RiderSourceCodeAccess
LogPluginManager: Mounting plugin PropertyAccessNode
LogPluginManager: Mounting plugin SubversionSourceControl
LogPluginManager: Mounting plugin TextureFormatOodle
LogPluginManager: Mounting plugin UObjectPlugin
LogPluginManager: Mounting plugin VisualStudioCodeSourceCodeAccess
LogPluginManager: Mounting plugin VisualStudioSourceCodeAccess
LogPluginManager: Mounting plugin XCodeSourceCodeAccess
LogPluginManager: Mounting plugin OodleData
LogPluginManager: Mounting plugin OodleNetwork
LogPluginManager: Mounting plugin AssetManagerEditor
LogPluginManager: Mounting plugin CurveEditorTools
LogPluginManager: Mounting plugin CryptoKeys
LogPluginManager: Mounting plugin DataValidation
LogPluginManager: Mounting plugin FacialAnimation
LogPluginManager: Mounting plugin GameplayTagsEditor
LogPluginManager: Mounting plugin GeometryMode
LogPluginManager: Mounting plugin MacGraphicsSwitching
LogPluginManager: Mounting plugin MaterialAnalyzer
LogPluginManager: Mounting plugin MobileLauncherProfileWizard
LogPluginManager: Mounting plugin PluginBrowser
LogPluginManager: Mounting plugin SpeedTreeImporter
LogPluginManager: Mounting plugin DatasmithContent
LogPluginManager: Mounting plugin VariantManagerContent
LogPluginManager: Mounting plugin Niagara
LogPluginManager: Mounting plugin AlembicImporter
LogPluginManager: Mounting plugin AISupport
LogPluginManager: Mounting plugin ChaosEditor
LogPluginManager: Mounting plugin ChaosClothEditor
LogPluginManager: Mounting plugin ChaosSolverPlugin
LogPluginManager: Mounting plugin BackChannel
LogPluginManager: Mounting plugin AutomationUtils
LogPluginManager: Mounting plugin CharacterAI
LogPluginManager: Mounting plugin ChaosNiagara
LogPluginManager: Mounting plugin ChaosCloth
LogPluginManager: Mounting plugin LuminPlatformFeatures
LogPluginManager: Mounting plugin MagicLeap
LogPluginManager: Mounting plugin MagicLeapLightEstimation
LogPluginManager: Mounting plugin MagicLeapMedia
LogPluginManager: Mounting plugin MagicLeapPassableWorld
LogPluginManager: Mounting plugin MLSDK
LogPluginManager: Mounting plugin AndroidMedia
LogPluginManager: Mounting plugin AvfMedia
LogPluginManager: Mounting plugin ImgMedia
LogPluginManager: Mounting plugin MediaCompositing
LogPluginManager: Mounting plugin MediaPlayerEditor
LogPluginManager: Mounting plugin WebMMedia
LogPluginManager: Mounting plugin WmfMedia
LogPluginManager: Mounting plugin UdpMessaging
LogPluginManager: Mounting plugin TcpMessaging
LogPluginManager: Mounting plugin ActorSequence
LogPluginManager: Mounting plugin LevelSequenceEditor
LogPluginManager: Mounting plugin MatineeToLevelSequence
LogPluginManager: Mounting plugin TemplateSequence
LogPluginManager: Mounting plugin OnlineSubsystem
LogPluginManager: Mounting plugin OnlineSubsystemNull
LogPluginManager: Mounting plugin OnlineSubsystemUtils
LogPluginManager: Mounting plugin LauncherChunkInstaller
LogPluginManager: Mounting plugin ActorLayerUtilities
LogPluginManager: Mounting plugin AndroidDeviceProfileSelector
LogPluginManager: Mounting plugin AndroidMoviePlayer
LogPluginManager: Mounting plugin AndroidPermission
LogPluginManager: Mounting plugin AppleImageUtils
LogPluginManager: Mounting plugin AppleMoviePlayer
LogPluginManager: Mounting plugin ArchVisCharacter
LogPluginManager: Mounting plugin AssetTags
LogPluginManager: Mounting plugin AudioCapture
LogPluginManager: Mounting plugin AudioSynesthesia
LogPluginManager: Mounting plugin CableComponent
LogPluginManager: Mounting plugin ChunkDownloader
LogPluginManager: Mounting plugin CustomMeshComponent
LogPluginManager: Mounting plugin EditableMesh
LogPluginManager: Mounting plugin ExampleDeviceProfileSelector
LogPluginManager: Mounting plugin GeometryCache
LogPluginManager: Mounting plugin GeometryProcessing
LogPluginManager: Mounting plugin GeometryCollectionPlugin
LogPluginManager: Mounting plugin MotoSynth
LogPluginManager: Mounting plugin OpenImageDenoise
LogPluginManager: Mounting plugin PlatformCrypto
LogPluginManager: Mounting plugin PlanarCut
LogPluginManager: Mounting plugin ProxyLODPlugin
LogPluginManager: Mounting plugin PythonScriptPlugin
LogPluginManager: Mounting plugin ScreenshotTools
LogPluginManager: Mounting plugin SkeletalReduction
LogPluginManager: Mounting plugin GoogleCloudMessaging
LogPluginManager: Mounting plugin GooglePAD
LogPluginManager: Mounting plugin LinuxDeviceProfileSelector
LogPluginManager: Mounting plugin LocationServicesBPLibrary
LogPluginManager: Mounting plugin IOSDeviceProfileSelector
LogPluginManager: Mounting plugin MobilePatchingUtils
LogPluginManager: Mounting plugin OpenXR
LogPluginManager: Mounting plugin OpenXREyeTracker
LogPluginManager: Mounting plugin OpenXRHandTracking
LogPluginManager: Mounting plugin PhysXVehicles
LogPluginManager: Mounting plugin PostSplashScreen
LogPluginManager: Mounting plugin ProceduralMeshComponent
LogPluginManager: Mounting plugin PropertyAccessEditor
LogPluginManager: Mounting plugin RuntimePhysXCooking
LogPluginManager: Mounting plugin SignificanceManager
LogPluginManager: Mounting plugin SoundFields
LogPluginManager: Mounting plugin Synthesis
LogPluginManager: Mounting plugin WebMMoviePlayer
LogPluginManager: Mounting plugin WindowsMoviePlayer
LogPluginManager: Mounting plugin Takes
LogPluginManager: Mounting plugin ContentBrowserAssetDataSource
LogPluginManager: Mounting plugin ContentBrowserClassDataSource
LogPluginManager: Mounting plugin ContentBrowserFileDataSource
LogPluginManager: Mounting plugin OnlineSubsystemGooglePlay
LogPluginManager: Mounting plugin OnlineSubsystemIOS
LogPluginManager: Mounting plugin OculusVR
LogPluginManager: Mounting plugin SteamVR
PixWinPlugin: PIX capture plugin failed to initialize! Check that the process is launched from PIX.
LogInit: Using libcurl 7.55.1-DEV
LogInit:  - built for x86_64-pc-win32
LogInit:  - supports SSL with OpenSSL/1.1.1
LogInit:  - supports HTTP deflate (compression) using libz 1.2.8
LogInit:  - other features:
LogInit:      CURL_VERSION_SSL
LogInit:      CURL_VERSION_LIBZ
LogInit:      CURL_VERSION_IPV6
LogInit:      CURL_VERSION_ASYNCHDNS
LogInit:      CURL_VERSION_LARGEFILE
LogInit:      CURL_VERSION_IDN
LogInit:  CurlRequestOptions (configurable via config and command line):
LogInit:  - bVerifyPeer = true  - Libcurl will verify peer certificate
LogInit:  - bUseHttpProxy = false  - Libcurl will NOT use HTTP proxy
LogInit:  - bDontReuseConnections = false  - Libcurl will reuse connections
LogInit:  - MaxHostConnections = 16  - Libcurl will limit the number of connections to a host
LogInit:  - LocalHostAddr = Default
LogInit:  - BufferSize = 65536
LogOnline: OSS: Creating online subsystem instance for: NULL
LogInit: WinSock: version 1.1 (2.2), MaxSocks=32767, MaxUdp=65467
LogOnline: OSS: TryLoadSubsystemAndSetDefault: Loaded subsystem for module [NULL]
LogOculusPluginWrapper: OculusPlugin initialized successfully
LogHMD: Failed initializing OVRPlugin 1.59.0
LogInit: Build: ++UE4+Release-4.27-CL-18319896
LogInit: Engine Version: 4.27.2-18319896+++UE4+Release-4.27
LogInit: Compatible Engine Version: 4.27.0-17155196+++UE4+Release-4.27
LogInit: Net CL: 17155196
LogInit: OS: Windows 10 (Release 2009) (), CPU: Intel(R) Core(TM) i5-9300H CPU @ 2.40GHz, GPU: Intel(R) UHD Graphics 630
LogInit: Compiled (64-bit): Nov 30 2021 07:12:08
LogInit: Compiled with Visual C++: 19.24.28315.00
LogInit: Build Configuration: Development
LogInit: Branch Name: ++UE4+Release-4.27
LogInit: Command Line: 
LogInit: Base Directory: C:/Program Files/UE/UE_4.27/Engine/Binaries/Win64/
LogInit: Allocator: TBB
LogInit: Installed Engine Build: 1
LogDevObjectVersion: Number of dev versions registered: 29
LogDevObjectVersion:   Dev-Blueprints (B0D832E4-1F89-4F0D-ACCF-7EB736FD4AA2): 10
LogDevObjectVersion:   Dev-Build (E1C64328-A22C-4D53-A36C-8E866417BD8C): 0
LogDevObjectVersion:   Dev-Core (375EC13C-06E4-48FB-B500-84F0262A717E): 4
LogDevObjectVersion:   Dev-Editor (E4B068ED-F494-42E9-A231-DA0B2E46BB41): 40
LogDevObjectVersion:   Dev-Framework (CFFC743F-43B0-4480-9391-14DF171D2073): 37
LogDevObjectVersion:   Dev-Mobile (B02B49B5-BB20-44E9-A304-32B752E40360): 3
LogDevObjectVersion:   Dev-Networking (A4E4105C-59A1-49B5-A7C5-40C4547EDFEE): 0
LogDevObjectVersion:   Dev-Online (39C831C9-5AE6-47DC-9A44-9C173E1C8E7C): 0
LogDevObjectVersion:   Dev-Physics (78F01B33-EBEA-4F98-B9B4-84EACCB95AA2): 14
LogDevObjectVersion:   Dev-Platform (6631380F-2D4D-43E0-8009-CF276956A95A): 0
LogDevObjectVersion:   Dev-Rendering (12F88B9F-8875-4AFC-A67C-D90C383ABD29): 45
LogDevObjectVersion:   Dev-Sequencer (7B5AE74C-D270-4C10-A958-57980B212A5A): 13
LogDevObjectVersion:   Dev-VR (D7296918-1DD6-4BDD-9DE2-64A83CC13884): 3
LogDevObjectVersion:   Dev-LoadTimes (C2A15278-BFE7-4AFE-6C17-90FF531DF755): 1
LogDevObjectVersion:   Private-Geometry (6EACA3D4-40EC-4CC1-B786-8BED09428FC5): 3
LogDevObjectVersion:   Dev-AnimPhys (29E575DD-E0A3-4627-9D10-D276232CDCEA): 17
LogDevObjectVersion:   Dev-Anim (AF43A65D-7FD3-4947-9873-3E8ED9C1BB05): 15
LogDevObjectVersion:   Dev-ReflectionCapture (6B266CEC-1EC7-4B8F-A30B-E4D90942FC07): 1
LogDevObjectVersion:   Dev-Automation (0DF73D61-A23F-47EA-B727-89E90C41499A): 1
LogDevObjectVersion:   FortniteMain (601D1886-AC64-4F84-AA16-D3DE0DEAC7D6): 47
LogDevObjectVersion:   FortniteRelease (E7086368-6B23-4C58-8439-1B7016265E91): 1
LogDevObjectVersion:   Dev-Enterprise (9DFFBCD6-494F-0158-E221-12823C92A888): 10
LogDevObjectVersion:   Dev-Niagara (F2AED0AC-9AFE-416F-8664-AA7FFA26D6FC): 1
LogDevObjectVersion:   Dev-Destruction (174F1F0B-B4C6-45A5-B13F-2EE8D0FB917D): 10
LogDevObjectVersion:   Dev-Physics-Ext (35F94A83-E258-406C-A318-09F59610247C): 41
LogDevObjectVersion:   Dev-PhysicsMaterial-Chaos (B68FC16E-8B1B-42E2-B453-215C058844FE): 1
LogDevObjectVersion:   Dev-CineCamera (B2E18506-4273-CFC2-A54E-F4BB758BBA07): 1
LogDevObjectVersion:   Dev-VirtualProduction (64F58936-FD1B-42BA-BA96-7289D5D0FA4E): 1
LogDevObjectVersion:   Dev-MediaFramework (6F0ED827-A609-4895-9C91-998D90180EA4): 2
LogInit: Presizing for max 25165824 objects, including 0 objects not considered by GC, pre-allocating 0 bytes for permanent pool.
LogConfig: Applying CVar settings from Section [/Script/Engine.StreamingSettings] File [C:/Unreal Projects/Top-Down-Puzzle/TopDownPuzzle/Saved/Config/Windows/Engine.ini]
LogConfig: Setting CVar [[s.MinBulkDataSizeForAsyncLoading:131072]]
LogConfig: Setting CVar [[s.AsyncLoadingThreadEnabled:0]]
LogConfig: Setting CVar [[s.EventDrivenLoaderEnabled:1]]
LogConfig: Setting CVar [[s.WarnIfTimeLimitExceeded:0]]
LogConfig: Setting CVar [[s.TimeLimitExceededMultiplier:1.5]]
LogConfig: Setting CVar [[s.TimeLimitExceededMinTime:0.005]]
LogConfig: Setting CVar [[s.UseBackgroundLevelStreaming:1]]
LogConfig: Setting CVar [[s.PriorityAsyncLoadingExtraTime:15.0]]
LogConfig: Setting CVar [[s.LevelStreamingActorsUpdateTimeLimit:5.0]]
LogConfig: Setting CVar [[s.PriorityLevelStreamingActorsUpdateExtraTime:5.0]]
LogConfig: Setting CVar [[s.LevelStreamingComponentsRegistrationGranularity:10]]
LogConfig: Setting CVar [[s.UnregisterComponentsTimeLimit:1.0]]
LogConfig: Setting CVar [[s.LevelStreamingComponentsUnregistrationGranularity:5]]
LogConfig: Setting CVar [[s.FlushStreamingOnExit:1]]
LogInit: Object subsystem initialized
LogConfig: Setting CVar [[con.DebugEarlyDefault:1]]
LogConfig: Setting CVar [[r.setres:1280x720]]
[2025.04.08-16.20.35:143][  0]LogConfig: Setting CVar [[r.VSync:0]]
[2025.04.08-16.20.35:143][  0]LogConfig: Setting CVar [[r.RHICmdBypass:0]]
[2025.04.08-16.20.35:143][  0]LogConfig: Applying CVar settings from Section [/Script/Engine.RendererSettings] File [C:/Unreal Projects/Top-Down-Puzzle/TopDownPuzzle/Saved/Config/Windows/Engine.ini]
[2025.04.08-16.20.35:143][  0]LogConfig: Setting CVar [[r.GPUCrashDebugging:0]]
[2025.04.08-16.20.35:143][  0]LogConfig: Setting CVar [[r.Mobile.DisableVertexFog:1]]
[2025.04.08-16.20.35:143][  0]LogConfig: Setting CVar [[r.Shadow.CSM.MaxMobileCascades:2]]
[2025.04.08-16.20.35:143][  0]LogConfig: Setting CVar [[r.MobileMSAA:1]]
[2025.04.08-16.20.35:143][  0]LogConfig: Setting CVar [[r.Mobile.AllowDitheredLODTransition:0]]
[2025.04.08-16.20.35:143][  0]LogConfig: Setting CVar [[r.Mobile.AllowSoftwareOcclusion:0]]
[2025.04.08-16.20.35:143][  0]LogConfig: Setting CVar [[r.Mobile.VirtualTextures:0]]
[2025.04.08-16.20.35:143][  0]LogConfig: Setting CVar [[r.DiscardUnusedQuality:0]]
[2025.04.08-16.20.35:143][  0]LogConfig: Setting CVar [[r.AllowOcclusionQueries:1]]
[2025.04.08-16.20.35:143][  0]LogConfig: Setting CVar [[r.MinScreenRadiusForLights:0.030000]]
[2025.04.08-16.20.35:143][  0]LogConfig: Setting CVar [[r.MinScreenRadiusForDepthPrepass:0.030000]]
[2025.04.08-16.20.35:143][  0]LogConfig: Setting CVar [[r.MinScreenRadiusForCSMDepth:0.010000]]
[2025.04.08-16.20.35:143][  0]LogConfig: Setting CVar [[r.PrecomputedVisibilityWarning:0]]
[2025.04.08-16.20.35:143][  0]LogConfig: Setting CVar [[r.TextureStreaming:1]]
[2025.04.08-16.20.35:143][  0]LogConfig: Setting CVar [[Compat.UseDXT5NormalMaps:0]]
[2025.04.08-16.20.35:143][  0]LogConfig: Setting CVar [[r.VirtualTextures:0]]
[2025.04.08-16.20.35:143][  0]LogConfig: Setting CVar [[r.VT.EnableAutoImport:1]]
[2025.04.08-16.20.35:143][  0]LogConfig: Setting CVar [[r.VirtualTexturedLightmaps:0]]
[2025.04.08-16.20.35:143][  0]LogConfig: Setting CVar [[r.VT.TileSize:128]]
[2025.04.08-16.20.35:143][  0]LogConfig: Setting CVar [[r.VT.TileBorderSize:4]]
[2025.04.08-16.20.35:143][  0]LogConfig: Setting CVar [[r.vt.FeedbackFactor:16]]
[2025.04.08-16.20.35:143][  0]LogConfig: Setting CVar [[r.VT.EnableCompressZlib:1]]
[2025.04.08-16.20.35:143][  0]LogConfig: Setting CVar [[r.VT.EnableCompressCrunch:0]]
[2025.04.08-16.20.35:143][  0]LogConfig: Setting CVar [[r.ClearCoatNormal:0]]
[2025.04.08-16.20.35:143][  0]LogConfig: Setting CVar [[r.ReflectionCaptureResolution:128]]
[2025.04.08-16.20.35:143][  0]LogConfig: Setting CVar [[r.Mobile.ReflectionCaptureCompression:0]]
[2025.04.08-16.20.35:143][  0]LogConfig: Setting CVar [[r.ReflectionEnvironmentLightmapMixBasedOnRoughness:1]]
[2025.04.08-16.20.35:143][  0]LogConfig: Setting CVar [[r.ForwardShading:0]]
[2025.04.08-16.20.35:143][  0]LogConfig: Setting CVar [[r.VertexFoggingForOpaque:1]]
[2025.04.08-16.20.35:143][  0]LogConfig: Setting CVar [[r.AllowStaticLighting:1]]
[2025.04.08-16.20.35:143][  0]LogConfig: Setting CVar [[r.NormalMapsForStaticLighting:0]]
[2025.04.08-16.20.35:143][  0]LogConfig: Setting CVar [[r.GenerateMeshDistanceFields:0]]
[2025.04.08-16.20.35:143][  0]LogConfig: Setting CVar [[r.DistanceFieldBuild.EightBit:0]]
[2025.04.08-16.20.35:143][  0]LogConfig: Setting CVar [[r.GenerateLandscapeGIData:0]]
[2025.04.08-16.20.35:143][  0]LogConfig: Setting CVar [[r.DistanceFieldBuild.Compress:0]]
[2025.04.08-16.20.35:143][  0]LogConfig: Setting CVar [[r.TessellationAdaptivePixelsPerTriangle:48.000000]]
[2025.04.08-16.20.35:143][  0]LogConfig: Setting CVar [[r.SeparateTranslucency:1]]
[2025.04.08-16.20.35:143][  0]LogConfig: Setting CVar [[r.TranslucentSortPolicy:0]]
[2025.04.08-16.20.35:143][  0]LogConfig: Setting CVar [[vr.VRS.HMDFixedFoveationLevel:0]]
[2025.04.08-16.20.35:143][  0]LogConfig: Setting CVar [[r.CustomDepth:1]]
[2025.04.08-16.20.35:143][  0]LogConfig: Setting CVar [[r.CustomDepthTemporalAAJitter:1]]
[2025.04.08-16.20.35:143][  0]LogConfig: Setting CVar [[r.PostProcessing.PropagateAlpha:0]]
[2025.04.08-16.20.35:143][  0]LogConfig: Setting CVar [[r.DefaultFeature.Bloom:1]]
[2025.04.08-16.20.35:143][  0]LogConfig: Setting CVar [[r.DefaultFeature.AmbientOcclusion:1]]
[2025.04.08-16.20.35:143][  0]LogConfig: Setting CVar [[r.DefaultFeature.AmbientOcclusionStaticFraction:1]]
[2025.04.08-16.20.35:143][  0]LogConfig: Setting CVar [[r.DefaultFeature.AutoExposure:0]]
[2025.04.08-16.20.35:143][  0]LogConfig: Setting CVar [[r.DefaultFeature.AutoExposure.Method:0]]
[2025.04.08-16.20.35:143][  0]LogConfig: Setting CVar [[r.DefaultFeature.AutoExposure.Bias:1.000000]]
[2025.04.08-16.20.35:143][  0]LogConfig: Setting CVar [[r.DefaultFeature.AutoExposure.ExtendDefaultLuminanceRange:0]]
[2025.04.08-16.20.35:143][  0]LogConfig: Setting CVar [[r.UsePreExposure:1]]
[2025.04.08-16.20.35:143][  0]LogConfig: Setting CVar [[r.EyeAdaptation.EditorOnly:0]]
[2025.04.08-16.20.35:143][  0]LogConfig: Setting CVar [[r.DefaultFeature.MotionBlur:0]]
[2025.04.08-16.20.35:143][  0]LogConfig: Setting CVar [[r.DefaultFeature.LensFlare:0]]
[2025.04.08-16.20.35:143][  0]LogConfig: Setting CVar [[r.TemporalAA.Upsampling:0]]
[2025.04.08-16.20.35:143][  0]LogConfig: Setting CVar [[r.SSGI.Enable:0]]
[2025.04.08-16.20.35:143][  0]LogConfig: Setting CVar [[r.DefaultFeature.AntiAliasing:0]]
[2025.04.08-16.20.35:143][  0]LogConfig: Setting CVar [[r.DefaultFeature.LightUnits:1]]
[2025.04.08-16.20.35:143][  0]LogConfig: Setting CVar [[r.DefaultBackBufferPixelFormat:4]]
[2025.04.08-16.20.35:143][  0]LogConfig: Setting CVar [[r.Shadow.UnbuiltPreviewInGame:1]]
[2025.04.08-16.20.35:143][  0]LogConfig: Setting CVar [[r.StencilForLODDither:0]]
[2025.04.08-16.20.35:143][  0]LogConfig: Setting CVar [[r.EarlyZPass:3]]
[2025.04.08-16.20.35:144][  0]LogConfig: Setting CVar [[r.EarlyZPassOnlyMaterialMasking:0]]
[2025.04.08-16.20.35:144][  0]LogConfig: Setting CVar [[r.DBuffer:1]]
[2025.04.08-16.20.35:144][  0]LogConfig: Setting CVar [[r.ClearSceneMethod:1]]
[2025.04.08-16.20.35:144][  0]LogConfig: Setting CVar [[r.BasePassOutputsVelocity:0]]
[2025.04.08-16.20.35:144][  0]LogConfig: Setting CVar [[r.VertexDeformationOutputsVelocity:0]]
[2025.04.08-16.20.35:144][  0]LogConfig: Setting CVar [[r.SelectiveBasePassOutputs:0]]
[2025.04.08-16.20.35:144][  0]LogConfig: Setting CVar [[fx.GPUSimulationTextureSizeX:1024]]
[2025.04.08-16.20.35:144][  0]LogConfig: Setting CVar [[fx.GPUSimulationTextureSizeY:1024]]
[2025.04.08-16.20.35:144][  0]LogConfig: Setting CVar [[r.AllowGlobalClipPlane:0]]
[2025.04.08-16.20.35:144][  0]LogConfig: Setting CVar [[r.GBufferFormat:1]]
[2025.04.08-16.20.35:144][  0]LogConfig: Setting CVar [[r.MorphTarget.Mode:1]]
[2025.04.08-16.20.35:144][  0]LogConfig: Setting CVar [[vr.InstancedStereo:0]]
[2025.04.08-16.20.35:144][  0]LogConfig: Setting CVar [[r.MobileHDR:1]]
[2025.04.08-16.20.35:144][  0]LogConfig: Setting CVar [[vr.MobileMultiView:0]]
[2025.04.08-16.20.35:144][  0]LogConfig: Setting CVar [[r.Mobile.UseHWsRGBEncoding:0]]
[2025.04.08-16.20.35:144][  0]LogConfig: Setting CVar [[vr.RoundRobinOcclusion:0]]
[2025.04.08-16.20.35:144][  0]LogConfig: Setting CVar [[vr.ODSCapture:0]]
[2025.04.08-16.20.35:144][  0]LogConfig: Setting CVar [[r.MeshStreaming:0]]
[2025.04.08-16.20.35:144][  0]LogConfig: Setting CVar [[r.WireframeCullThreshold:5.000000]]
[2025.04.08-16.20.35:144][  0]LogConfig: Setting CVar [[r.RayTracing:0]]
[2025.04.08-16.20.35:144][  0]LogConfig: Setting CVar [[r.RayTracing.UseTextureLod:0]]
[2025.04.08-16.20.35:144][  0]LogConfig: Setting CVar [[r.SupportStationarySkylight:1]]
[2025.04.08-16.20.35:144][  0]LogConfig: Setting CVar [[r.SupportLowQualityLightmaps:1]]
[2025.04.08-16.20.35:144][  0]LogConfig: Setting CVar [[r.SupportPointLightWholeSceneShadows:1]]
[2025.04.08-16.20.35:144][  0]LogConfig: Setting CVar [[r.SupportAtmosphericFog:1]]
[2025.04.08-16.20.35:144][  0]LogConfig: Setting CVar [[r.SupportSkyAtmosphere:1]]
[2025.04.08-16.20.35:144][  0]LogConfig: Setting CVar [[r.SupportSkyAtmosphereAffectsHeightFog:0]]
[2025.04.08-16.20.35:144][  0]LogConfig: Setting CVar [[r.SkinCache.CompileShaders:0]]
[2025.04.08-16.20.35:144][  0]LogConfig: Setting CVar [[r.SkinCache.DefaultBehavior:1]]
[2025.04.08-16.20.35:144][  0]LogConfig: Setting CVar [[r.SkinCache.SceneMemoryLimitInMB:128.000000]]
[2025.04.08-16.20.35:144][  0]LogConfig: Setting CVar [[r.Mobile.EnableStaticAndCSMShadowReceivers:1]]
[2025.04.08-16.20.35:144][  0]LogConfig: Setting CVar [[r.Mobile.EnableMovableLightCSMShaderCulling:1]]
[2025.04.08-16.20.35:144][  0]LogConfig: Setting CVar [[r.Mobile.AllowDistanceFieldShadows:1]]
[2025.04.08-16.20.35:144][  0]LogConfig: Setting CVar [[r.Mobile.AllowMovableDirectionalLights:1]]
[2025.04.08-16.20.35:144][  0]LogConfig: Setting CVar [[r.MobileNumDynamicPointLights:4]]
[2025.04.08-16.20.35:144][  0]LogConfig: Setting CVar [[r.MobileDynamicPointLightsUseStaticBranch:1]]
[2025.04.08-16.20.35:144][  0]LogConfig: Setting CVar [[r.Mobile.EnableMovableSpotlights:0]]
[2025.04.08-16.20.35:144][  0]LogConfig: Setting CVar [[r.Mobile.EnableMovableSpotlightsShadow:0]]
[2025.04.08-16.20.35:144][  0]LogConfig: Setting CVar [[r.GPUSkin.Support16BitBoneIndex:0]]
[2025.04.08-16.20.35:144][  0]LogConfig: Setting CVar [[r.GPUSkin.Limit2BoneInfluences:0]]
[2025.04.08-16.20.35:144][  0]LogConfig: Setting CVar [[r.SupportDepthOnlyIndexBuffers:1]]
[2025.04.08-16.20.35:144][  0]LogConfig: Setting CVar [[r.SupportReversedIndexBuffers:1]]
[2025.04.08-16.20.35:144][  0]LogConfig: Setting CVar [[r.LightPropagationVolume:0]]
[2025.04.08-16.20.35:144][  0]LogConfig: Setting CVar [[r.Mobile.AmbientOcclusion:0]]
[2025.04.08-16.20.35:144][  0]LogConfig: Setting CVar [[r.GPUSkin.UnlimitedBoneInfluences:0]]
[2025.04.08-16.20.35:144][  0]LogConfig: Setting CVar [[r.GPUSkin.UnlimitedBoneInfluencesThreshold:8]]
[2025.04.08-16.20.35:144][  0]LogConfig: Setting CVar [[r.Mobile.PlanarReflectionMode:0]]
[2025.04.08-16.20.35:144][  0]LogConfig: Setting CVar [[r.Mobile.SupportsGen4TAA:0]]
[2025.04.08-16.20.35:144][  0]LogConfig: Applying CVar settings from Section [/Script/Engine.RendererOverrideSettings] File [C:/Unreal Projects/Top-Down-Puzzle/TopDownPuzzle/Saved/Config/Windows/Engine.ini]
[2025.04.08-16.20.35:144][  0]LogConfig: Applying CVar settings from Section [/Script/Engine.StreamingSettings] File [C:/Unreal Projects/Top-Down-Puzzle/TopDownPuzzle/Saved/Config/Windows/Engine.ini]
[2025.04.08-16.20.35:144][  0]LogConfig: Setting CVar [[s.MinBulkDataSizeForAsyncLoading:131072]]
[2025.04.08-16.20.35:144][  0]LogConfig: Setting CVar [[s.AsyncLoadingThreadEnabled:0]]
[2025.04.08-16.20.35:144][  0]LogConfig: Setting CVar [[s.EventDrivenLoaderEnabled:1]]
[2025.04.08-16.20.35:144][  0]LogConfig: Setting CVar [[s.WarnIfTimeLimitExceeded:0]]
[2025.04.08-16.20.35:145][  0]LogConfig: Setting CVar [[s.TimeLimitExceededMultiplier:1.5]]
[2025.04.08-16.20.35:145][  0]LogConfig: Setting CVar [[s.TimeLimitExceededMinTime:0.005]]
[2025.04.08-16.20.35:145][  0]LogConfig: Setting CVar [[s.UseBackgroundLevelStreaming:1]]
[2025.04.08-16.20.35:145][  0]LogConfig: Setting CVar [[s.PriorityAsyncLoadingExtraTime:15.0]]
[2025.04.08-16.20.35:145][  0]LogConfig: Setting CVar [[s.LevelStreamingActorsUpdateTimeLimit:5.0]]
[2025.04.08-16.20.35:145][  0]LogConfig: Setting CVar [[s.PriorityLevelStreamingActorsUpdateExtraTime:5.0]]
[2025.04.08-16.20.35:145][  0]LogConfig: Setting CVar [[s.LevelStreamingComponentsRegistrationGranularity:10]]
[2025.04.08-16.20.35:145][  0]LogConfig: Setting CVar [[s.UnregisterComponentsTimeLimit:1.0]]
[2025.04.08-16.20.35:145][  0]LogConfig: Setting CVar [[s.LevelStreamingComponentsUnregistrationGranularity:5]]
[2025.04.08-16.20.35:145][  0]LogConfig: Setting CVar [[s.FlushStreamingOnExit:1]]
[2025.04.08-16.20.35:145][  0]LogConfig: Applying CVar settings from Section [/Script/Engine.GarbageCollectionSettings] File [C:/Unreal Projects/Top-Down-Puzzle/TopDownPuzzle/Saved/Config/Windows/Engine.ini]
[2025.04.08-16.20.35:145][  0]LogConfig: Setting CVar [[gc.MaxObjectsNotConsideredByGC:1]]
[2025.04.08-16.20.35:145][  0]LogConfig: Setting CVar [[gc.SizeOfPermanentObjectPool:0]]
[2025.04.08-16.20.35:145][  0]LogConfig: Setting CVar [[gc.FlushStreamingOnGC:0]]
[2025.04.08-16.20.35:145][  0]LogConfig: Setting CVar [[gc.NumRetriesBeforeForcingGC:10]]
[2025.04.08-16.20.35:145][  0]LogConfig: Setting CVar [[gc.AllowParallelGC:1]]
[2025.04.08-16.20.35:145][  0]LogConfig: Setting CVar [[gc.TimeBetweenPurgingPendingKillObjects:61.1]]
[2025.04.08-16.20.35:145][  0]LogConfig: Setting CVar [[gc.MaxObjectsInEditor:25165824]]
[2025.04.08-16.20.35:145][  0]LogConfig: Setting CVar [[gc.IncrementalBeginDestroyEnabled:1]]
[2025.04.08-16.20.35:145][  0]LogConfig: Setting CVar [[gc.CreateGCClusters:1]]
[2025.04.08-16.20.35:145][  0]LogConfig: Setting CVar [[gc.MinGCClusterSize:5]]
[2025.04.08-16.20.35:145][  0]LogConfig: Setting CVar [[gc.ActorClusteringEnabled:0]]
[2025.04.08-16.20.35:145][  0]LogConfig: Setting CVar [[gc.BlueprintClusteringEnabled:0]]
[2025.04.08-16.20.35:145][  0]LogConfig: Setting CVar [[gc.UseDisregardForGCOnDedicatedServers:0]]
[2025.04.08-16.20.35:145][  0]LogConfig: Setting CVar [[gc.MultithreadedDestructionEnabled:1]]
[2025.04.08-16.20.35:145][  0]LogConfig: Applying CVar settings from Section [/Script/Engine.NetworkSettings] File [C:/Unreal Projects/Top-Down-Puzzle/TopDownPuzzle/Saved/Config/Windows/Engine.ini]
[2025.04.08-16.20.35:145][  0]LogConfig: Applying CVar settings from Section [/Script/UnrealEd.CookerSettings] File [C:/Unreal Projects/Top-Down-Puzzle/TopDownPuzzle/Saved/Config/Windows/Engine.ini]
[2025.04.08-16.20.35:155][  0]LogConfig: Applying CVar settings from Section [ViewDistanceQuality@3] File [C:/Unreal Projects/Top-Down-Puzzle/TopDownPuzzle/Saved/Config/Windows/Scalability.ini]
[2025.04.08-16.20.35:155][  0]LogConfig: Setting CVar [[r.SkeletalMeshLODBias:0]]
[2025.04.08-16.20.35:155][  0]LogConfig: Setting CVar [[r.ViewDistanceScale:1.0]]
[2025.04.08-16.20.35:155][  0]LogConfig: Applying CVar settings from Section [AntiAliasingQuality@3] File [C:/Unreal Projects/Top-Down-Puzzle/TopDownPuzzle/Saved/Config/Windows/Scalability.ini]
[2025.04.08-16.20.35:155][  0]LogConfig: Setting CVar [[r.PostProcessAAQuality:4]]
[2025.04.08-16.20.35:155][  0]LogConfig: Applying CVar settings from Section [ShadowQuality@3] File [C:/Unreal Projects/Top-Down-Puzzle/TopDownPuzzle/Saved/Config/Windows/Scalability.ini]
[2025.04.08-16.20.35:155][  0]LogConfig: Setting CVar [[r.LightFunctionQuality:1]]
[2025.04.08-16.20.35:155][  0]LogConfig: Setting CVar [[r.ShadowQuality:5]]
[2025.04.08-16.20.35:155][  0]LogConfig: Setting CVar [[r.Shadow.CSM.MaxCascades:10]]
[2025.04.08-16.20.35:155][  0]LogConfig: Setting CVar [[r.Shadow.MaxResolution:2048]]
[2025.04.08-16.20.35:155][  0]LogConfig: Setting CVar [[r.Shadow.MaxCSMResolution:2048]]
[2025.04.08-16.20.35:155][  0]LogConfig: Setting CVar [[r.Shadow.RadiusThreshold:0.01]]
[2025.04.08-16.20.35:155][  0]LogConfig: Setting CVar [[r.Shadow.DistanceScale:1.0]]
[2025.04.08-16.20.35:155][  0]LogConfig: Setting CVar [[r.Shadow.CSM.TransitionScale:1.0]]
[2025.04.08-16.20.35:155][  0]LogConfig: Setting CVar [[r.Shadow.PreShadowResolutionFactor:1.0]]
[2025.04.08-16.20.35:155][  0]LogConfig: Setting CVar [[r.DistanceFieldShadowing:1]]
[2025.04.08-16.20.35:155][  0]LogConfig: Setting CVar [[r.DistanceFieldAO:1]]
[2025.04.08-16.20.35:155][  0]LogConfig: Setting CVar [[r.AOQuality:2]]
[2025.04.08-16.20.35:155][  0]LogConfig: Setting CVar [[r.VolumetricFog:1]]
[2025.04.08-16.20.35:155][  0]LogConfig: Setting CVar [[r.VolumetricFog.GridPixelSize:8]]
[2025.04.08-16.20.35:155][  0]LogConfig: Setting CVar [[r.VolumetricFog.GridSizeZ:128]]
[2025.04.08-16.20.35:155][  0]LogConfig: Setting CVar [[r.VolumetricFog.HistoryMissSupersampleCount:4]]
[2025.04.08-16.20.35:155][  0]LogConfig: Setting CVar [[r.LightMaxDrawDistanceScale:1]]
[2025.04.08-16.20.35:155][  0]LogConfig: Setting CVar [[r.CapsuleShadows:1]]
[2025.04.08-16.20.35:155][  0]LogConfig: Applying CVar settings from Section [PostProcessQuality@3] File [C:/Unreal Projects/Top-Down-Puzzle/TopDownPuzzle/Saved/Config/Windows/Scalability.ini]
[2025.04.08-16.20.35:155][  0]LogConfig: Setting CVar [[r.MotionBlurQuality:4]]
[2025.04.08-16.20.35:155][  0]LogConfig: Setting CVar [[r.AmbientOcclusionMipLevelFactor:0.4]]
[2025.04.08-16.20.35:155][  0]LogConfig: Setting CVar [[r.AmbientOcclusionMaxQuality:100]]
[2025.04.08-16.20.35:155][  0]LogConfig: Setting CVar [[r.AmbientOcclusionLevels:-1]]
[2025.04.08-16.20.35:155][  0]LogConfig: Setting CVar [[r.AmbientOcclusionRadiusScale:1.0]]
[2025.04.08-16.20.35:155][  0]LogConfig: Setting CVar [[r.DepthOfFieldQuality:2]]
[2025.04.08-16.20.35:155][  0]LogConfig: Setting CVar [[r.RenderTargetPoolMin:400]]
[2025.04.08-16.20.35:155][  0]LogConfig: Setting CVar [[r.LensFlareQuality:2]]
[2025.04.08-16.20.35:155][  0]LogConfig: Setting CVar [[r.SceneColorFringeQuality:1]]
[2025.04.08-16.20.35:155][  0]LogConfig: Setting CVar [[r.EyeAdaptationQuality:2]]
[2025.04.08-16.20.35:155][  0]LogConfig: Setting CVar [[r.BloomQuality:5]]
[2025.04.08-16.20.35:155][  0]LogConfig: Setting CVar [[r.FastBlurThreshold:100]]
[2025.04.08-16.20.35:155][  0]LogConfig: Setting CVar [[r.Upscale.Quality:3]]
[2025.04.08-16.20.35:155][  0]LogConfig: Setting CVar [[r.Tonemapper.GrainQuantization:1]]
[2025.04.08-16.20.35:155][  0]LogConfig: Setting CVar [[r.LightShaftQuality:1]]
[2025.04.08-16.20.35:155][  0]LogConfig: Setting CVar [[r.Filter.SizeScale:1]]
[2025.04.08-16.20.35:155][  0]LogConfig: Setting CVar [[r.Tonemapper.Quality:5]]
[2025.04.08-16.20.35:155][  0]LogConfig: Setting CVar [[r.DOF.Gather.AccumulatorQuality:1        ; higher gathering accumulator quality]]
[2025.04.08-16.20.35:155][  0]LogConfig: Setting CVar [[r.DOF.Gather.PostfilterMethod:1          ; Median3x3 postfilering method]]
[2025.04.08-16.20.35:155][  0]LogConfig: Setting CVar [[r.DOF.Gather.EnableBokehSettings:0       ; no bokeh simulation when gathering]]
[2025.04.08-16.20.35:155][  0]LogConfig: Setting CVar [[r.DOF.Gather.RingCount:4                 ; medium number of samples when gathering]]
[2025.04.08-16.20.35:155][  0]LogConfig: Setting CVar [[r.DOF.Scatter.ForegroundCompositing:1    ; additive foreground scattering]]
[2025.04.08-16.20.35:155][  0]LogConfig: Setting CVar [[r.DOF.Scatter.BackgroundCompositing:2    ; additive background scattering]]
[2025.04.08-16.20.35:155][  0]LogConfig: Setting CVar [[r.DOF.Scatter.EnableBokehSettings:1      ; bokeh simulation when scattering]]
[2025.04.08-16.20.35:155][  0]LogConfig: Setting CVar [[r.DOF.Scatter.MaxSpriteRatio:0.1         ; only a maximum of 10% of scattered bokeh]]
[2025.04.08-16.20.35:155][  0]LogConfig: Setting CVar [[r.DOF.Recombine.Quality:1                ; cheap slight out of focus]]
[2025.04.08-16.20.35:155][  0]LogConfig: Setting CVar [[r.DOF.Recombine.EnableBokehSettings:0    ; no bokeh simulation on slight out of focus]]
[2025.04.08-16.20.35:155][  0]LogConfig: Setting CVar [[r.DOF.TemporalAAQuality:1                ; more stable temporal accumulation]]
[2025.04.08-16.20.35:155][  0]LogConfig: Setting CVar [[r.DOF.Kernel.MaxForegroundRadius:0.025]]
[2025.04.08-16.20.35:155][  0]LogConfig: Setting CVar [[r.DOF.Kernel.MaxBackgroundRadius:0.025]]
[2025.04.08-16.20.35:155][  0]LogConfig: Applying CVar settings from Section [TextureQuality@3] File [C:/Unreal Projects/Top-Down-Puzzle/TopDownPuzzle/Saved/Config/Windows/Scalability.ini]
[2025.04.08-16.20.35:155][  0]LogConfig: Setting CVar [[r.Streaming.MipBias:0]]
[2025.04.08-16.20.35:155][  0]LogConfig: Setting CVar [[r.Streaming.AmortizeCPUToGPUCopy:0]]
[2025.04.08-16.20.35:155][  0]LogConfig: Setting CVar [[r.Streaming.MaxNumTexturesToStreamPerFrame:0]]
[2025.04.08-16.20.35:155][  0]LogConfig: Setting CVar [[r.Streaming.Boost:1]]
[2025.04.08-16.20.35:156][  0]LogConfig: Setting CVar [[r.MaxAnisotropy:8]]
[2025.04.08-16.20.35:156][  0]LogConfig: Setting CVar [[r.VT.MaxAnisotropy:8]]
[2025.04.08-16.20.35:156][  0]LogConfig: Setting CVar [[r.Streaming.LimitPoolSizeToVRAM:0]]
[2025.04.08-16.20.35:156][  0]LogConfig: Setting CVar [[r.Streaming.PoolSize:1000]]
[2025.04.08-16.20.35:156][  0]LogConfig: Setting CVar [[r.Streaming.MaxEffectiveScreenSize:0]]
[2025.04.08-16.20.35:156][  0]LogConfig: Applying CVar settings from Section [EffectsQuality@3] File [C:/Unreal Projects/Top-Down-Puzzle/TopDownPuzzle/Saved/Config/Windows/Scalability.ini]
[2025.04.08-16.20.35:156][  0]LogConfig: Setting CVar [[r.TranslucencyLightingVolumeDim:64]]
[2025.04.08-16.20.35:156][  0]LogConfig: Setting CVar [[r.RefractionQuality:2]]
[2025.04.08-16.20.35:156][  0]LogConfig: Setting CVar [[r.SSR.Quality:3]]
[2025.04.08-16.20.35:156][  0]LogConfig: Setting CVar [[r.SSR.HalfResSceneColor:0]]
[2025.04.08-16.20.35:156][  0]LogConfig: Setting CVar [[r.SceneColorFormat:4]]
[2025.04.08-16.20.35:156][  0]LogConfig: Setting CVar [[r.DetailMode:2]]
[2025.04.08-16.20.35:156][  0]LogConfig: Setting CVar [[r.TranslucencyVolumeBlur:1]]
[2025.04.08-16.20.35:156][  0]LogConfig: Setting CVar [[r.MaterialQualityLevel:1 ; High quality]]
[2025.04.08-16.20.35:156][  0]LogConfig: Setting CVar [[r.AnisotropicMaterials:1]]
[2025.04.08-16.20.35:156][  0]LogConfig: Setting CVar [[r.SSS.Scale:1]]
[2025.04.08-16.20.35:156][  0]LogConfig: Setting CVar [[r.SSS.SampleSet:2]]
[2025.04.08-16.20.35:156][  0]LogConfig: Setting CVar [[r.SSS.Quality:1]]
[2025.04.08-16.20.35:156][  0]LogConfig: Setting CVar [[r.SSS.HalfRes:0]]
[2025.04.08-16.20.35:156][  0]LogConfig: Setting CVar [[r.SSGI.Quality:3]]
[2025.04.08-16.20.35:156][  0]LogConfig: Setting CVar [[r.EmitterSpawnRateScale:1.0]]
[2025.04.08-16.20.35:156][  0]LogConfig: Setting CVar [[r.ParticleLightQuality:2]]
[2025.04.08-16.20.35:156][  0]LogConfig: Setting CVar [[r.SkyAtmosphere.AerialPerspectiveLUT.FastApplyOnOpaque:1 ; Always have FastSkyLUT 1 in this case to avoid wrong sky]]
[2025.04.08-16.20.35:156][  0]LogConfig: Setting CVar [[r.SkyAtmosphere.AerialPerspectiveLUT.SampleCountMaxPerSlice:4]]
[2025.04.08-16.20.35:156][  0]LogConfig: Setting CVar [[r.SkyAtmosphere.AerialPerspectiveLUT.DepthResolution:16.0]]
[2025.04.08-16.20.35:156][  0]LogConfig: Setting CVar [[r.SkyAtmosphere.FastSkyLUT:1]]
[2025.04.08-16.20.35:156][  0]LogConfig: Setting CVar [[r.SkyAtmosphere.FastSkyLUT.SampleCountMin:4.0]]
[2025.04.08-16.20.35:156][  0]LogConfig: Setting CVar [[r.SkyAtmosphere.FastSkyLUT.SampleCountMax:128.0]]
[2025.04.08-16.20.35:156][  0]LogConfig: Setting CVar [[r.SkyAtmosphere.SampleCountMin:4.0]]
[2025.04.08-16.20.35:156][  0]LogConfig: Setting CVar [[r.SkyAtmosphere.SampleCountMax:128.0]]
[2025.04.08-16.20.35:156][  0]LogConfig: Setting CVar [[r.SkyAtmosphere.TransmittanceLUT.UseSmallFormat:0]]
[2025.04.08-16.20.35:156][  0]LogConfig: Setting CVar [[r.SkyAtmosphere.TransmittanceLUT.SampleCount:10.0]]
[2025.04.08-16.20.35:156][  0]LogConfig: Setting CVar [[r.SkyAtmosphere.MultiScatteringLUT.SampleCount:15.0]]
[2025.04.08-16.20.35:156][  0]LogConfig: Setting CVar [[r.SkyLight.RealTimeReflectionCapture:1]]
[2025.04.08-16.20.35:156][  0]LogConfig: Applying CVar settings from Section [FoliageQuality@3] File [C:/Unreal Projects/Top-Down-Puzzle/TopDownPuzzle/Saved/Config/Windows/Scalability.ini]
[2025.04.08-16.20.35:156][  0]LogConfig: Setting CVar [[foliage.DensityScale:1.0]]
[2025.04.08-16.20.35:156][  0]LogConfig: Setting CVar [[grass.DensityScale:1.0]]
[2025.04.08-16.20.35:156][  0]LogConfig: Applying CVar settings from Section [ShadingQuality@3] File [C:/Unreal Projects/Top-Down-Puzzle/TopDownPuzzle/Saved/Config/Windows/Scalability.ini]
[2025.04.08-16.20.35:156][  0]LogConfig: Setting CVar [[r.HairStrands.SkyLighting.IntegrationType:2]]
[2025.04.08-16.20.35:156][  0]LogConfig: Setting CVar [[r.HairStrands.SkyAO.SampleCount:4]]
[2025.04.08-16.20.35:156][  0]LogConfig: Setting CVar [[r.HairStrands.Visibility.MSAA.SamplePerPixel:4]]
[2025.04.08-16.20.35:156][  0]LogInit: Selected Device Profile: [Windows]
[2025.04.08-16.20.35:156][  0]LogInit: Applying CVar settings loaded from the selected device profile: [Windows]
[2025.04.08-16.20.35:156][  0]LogHAL: Display: Platform has ~ 16 GB [17013329920 / 17179869184 / 16], which maps to Larger [LargestMinGB=32, LargerMinGB=12, DefaultMinGB=8, SmallerMinGB=6, SmallestMinGB=0)
[2025.04.08-16.20.35:156][  0]LogInit: Going up to parent DeviceProfile []
[2025.04.08-16.20.35:156][  0]LogConfig: Applying CVar settings from Section [ViewDistanceQuality@3] File [C:/Unreal Projects/Top-Down-Puzzle/TopDownPuzzle/Saved/Config/Windows/Scalability.ini]
[2025.04.08-16.20.35:156][  0]LogConfig: Setting CVar [[r.SkeletalMeshLODBias:0]]
[2025.04.08-16.20.35:156][  0]LogConfig: Setting CVar [[r.ViewDistanceScale:1.0]]
[2025.04.08-16.20.35:156][  0]LogConfig: Applying CVar settings from Section [AntiAliasingQuality@3] File [C:/Unreal Projects/Top-Down-Puzzle/TopDownPuzzle/Saved/Config/Windows/Scalability.ini]
[2025.04.08-16.20.35:156][  0]LogConfig: Setting CVar [[r.PostProcessAAQuality:4]]
[2025.04.08-16.20.35:156][  0]LogConfig: Applying CVar settings from Section [ShadowQuality@3] File [C:/Unreal Projects/Top-Down-Puzzle/TopDownPuzzle/Saved/Config/Windows/Scalability.ini]
[2025.04.08-16.20.35:156][  0]LogConfig: Setting CVar [[r.LightFunctionQuality:1]]
[2025.04.08-16.20.35:156][  0]LogConfig: Setting CVar [[r.ShadowQuality:5]]
[2025.04.08-16.20.35:156][  0]LogConfig: Setting CVar [[r.Shadow.CSM.MaxCascades:10]]
[2025.04.08-16.20.35:156][  0]LogConfig: Setting CVar [[r.Shadow.MaxResolution:2048]]
[2025.04.08-16.20.35:156][  0]LogConfig: Setting CVar [[r.Shadow.MaxCSMResolution:2048]]
[2025.04.08-16.20.35:156][  0]LogConfig: Setting CVar [[r.Shadow.RadiusThreshold:0.01]]
[2025.04.08-16.20.35:156][  0]LogConfig: Setting CVar [[r.Shadow.DistanceScale:1.0]]
[2025.04.08-16.20.35:156][  0]LogConfig: Setting CVar [[r.Shadow.CSM.TransitionScale:1.0]]
[2025.04.08-16.20.35:156][  0]LogConfig: Setting CVar [[r.Shadow.PreShadowResolutionFactor:1.0]]
[2025.04.08-16.20.35:156][  0]LogConfig: Setting CVar [[r.DistanceFieldShadowing:1]]
[2025.04.08-16.20.35:156][  0]LogConfig: Setting CVar [[r.DistanceFieldAO:1]]
[2025.04.08-16.20.35:156][  0]LogConfig: Setting CVar [[r.AOQuality:2]]
[2025.04.08-16.20.35:156][  0]LogConfig: Setting CVar [[r.VolumetricFog:1]]
[2025.04.08-16.20.35:156][  0]LogConfig: Setting CVar [[r.VolumetricFog.GridPixelSize:8]]
[2025.04.08-16.20.35:156][  0]LogConfig: Setting CVar [[r.VolumetricFog.GridSizeZ:128]]
[2025.04.08-16.20.35:156][  0]LogConfig: Setting CVar [[r.VolumetricFog.HistoryMissSupersampleCount:4]]
[2025.04.08-16.20.35:156][  0]LogConfig: Setting CVar [[r.LightMaxDrawDistanceScale:1]]
[2025.04.08-16.20.35:156][  0]LogConfig: Setting CVar [[r.CapsuleShadows:1]]
[2025.04.08-16.20.35:156][  0]LogConfig: Applying CVar settings from Section [PostProcessQuality@3] File [C:/Unreal Projects/Top-Down-Puzzle/TopDownPuzzle/Saved/Config/Windows/Scalability.ini]
[2025.04.08-16.20.35:156][  0]LogConfig: Setting CVar [[r.MotionBlurQuality:4]]
[2025.04.08-16.20.35:156][  0]LogConfig: Setting CVar [[r.AmbientOcclusionMipLevelFactor:0.4]]
[2025.04.08-16.20.35:156][  0]LogConfig: Setting CVar [[r.AmbientOcclusionMaxQuality:100]]
[2025.04.08-16.20.35:156][  0]LogConfig: Setting CVar [[r.AmbientOcclusionLevels:-1]]
[2025.04.08-16.20.35:156][  0]LogConfig: Setting CVar [[r.AmbientOcclusionRadiusScale:1.0]]
[2025.04.08-16.20.35:156][  0]LogConfig: Setting CVar [[r.DepthOfFieldQuality:2]]
[2025.04.08-16.20.35:156][  0]LogConfig: Setting CVar [[r.RenderTargetPoolMin:400]]
[2025.04.08-16.20.35:156][  0]LogConfig: Setting CVar [[r.LensFlareQuality:2]]
[2025.04.08-16.20.35:156][  0]LogConfig: Setting CVar [[r.SceneColorFringeQuality:1]]
[2025.04.08-16.20.35:156][  0]LogConfig: Setting CVar [[r.EyeAdaptationQuality:2]]
[2025.04.08-16.20.35:156][  0]LogConfig: Setting CVar [[r.BloomQuality:5]]
[2025.04.08-16.20.35:156][  0]LogConfig: Setting CVar [[r.FastBlurThreshold:100]]
[2025.04.08-16.20.35:157][  0]LogConfig: Setting CVar [[r.Upscale.Quality:3]]
[2025.04.08-16.20.35:157][  0]LogConfig: Setting CVar [[r.Tonemapper.GrainQuantization:1]]
[2025.04.08-16.20.35:157][  0]LogConfig: Setting CVar [[r.LightShaftQuality:1]]
[2025.04.08-16.20.35:157][  0]LogConfig: Setting CVar [[r.Filter.SizeScale:1]]
[2025.04.08-16.20.35:157][  0]LogConfig: Setting CVar [[r.Tonemapper.Quality:5]]
[2025.04.08-16.20.35:157][  0]LogConfig: Setting CVar [[r.DOF.Gather.AccumulatorQuality:1        ; higher gathering accumulator quality]]
[2025.04.08-16.20.35:157][  0]LogConfig: Setting CVar [[r.DOF.Gather.PostfilterMethod:1          ; Median3x3 postfilering method]]
[2025.04.08-16.20.35:157][  0]LogConfig: Setting CVar [[r.DOF.Gather.EnableBokehSettings:0       ; no bokeh simulation when gathering]]
[2025.04.08-16.20.35:157][  0]LogConfig: Setting CVar [[r.DOF.Gather.RingCount:4                 ; medium number of samples when gathering]]
[2025.04.08-16.20.35:157][  0]LogConfig: Setting CVar [[r.DOF.Scatter.ForegroundCompositing:1    ; additive foreground scattering]]
[2025.04.08-16.20.35:157][  0]LogConfig: Setting CVar [[r.DOF.Scatter.BackgroundCompositing:2    ; additive background scattering]]
[2025.04.08-16.20.35:157][  0]LogConfig: Setting CVar [[r.DOF.Scatter.EnableBokehSettings:1      ; bokeh simulation when scattering]]
[2025.04.08-16.20.35:157][  0]LogConfig: Setting CVar [[r.DOF.Scatter.MaxSpriteRatio:0.1         ; only a maximum of 10% of scattered bokeh]]
[2025.04.08-16.20.35:157][  0]LogConfig: Setting CVar [[r.DOF.Recombine.Quality:1                ; cheap slight out of focus]]
[2025.04.08-16.20.35:157][  0]LogConfig: Setting CVar [[r.DOF.Recombine.EnableBokehSettings:0    ; no bokeh simulation on slight out of focus]]
[2025.04.08-16.20.35:157][  0]LogConfig: Setting CVar [[r.DOF.TemporalAAQuality:1                ; more stable temporal accumulation]]
[2025.04.08-16.20.35:157][  0]LogConfig: Setting CVar [[r.DOF.Kernel.MaxForegroundRadius:0.025]]
[2025.04.08-16.20.35:157][  0]LogConfig: Setting CVar [[r.DOF.Kernel.MaxBackgroundRadius:0.025]]
[2025.04.08-16.20.35:157][  0]LogConfig: Applying CVar settings from Section [TextureQuality@3] File [C:/Unreal Projects/Top-Down-Puzzle/TopDownPuzzle/Saved/Config/Windows/Scalability.ini]
[2025.04.08-16.20.35:157][  0]LogConfig: Setting CVar [[r.Streaming.MipBias:0]]
[2025.04.08-16.20.35:157][  0]LogConfig: Setting CVar [[r.Streaming.AmortizeCPUToGPUCopy:0]]
[2025.04.08-16.20.35:157][  0]LogConfig: Setting CVar [[r.Streaming.MaxNumTexturesToStreamPerFrame:0]]
[2025.04.08-16.20.35:157][  0]LogConfig: Setting CVar [[r.Streaming.Boost:1]]
[2025.04.08-16.20.35:157][  0]LogConfig: Setting CVar [[r.MaxAnisotropy:8]]
[2025.04.08-16.20.35:157][  0]LogConfig: Setting CVar [[r.VT.MaxAnisotropy:8]]
[2025.04.08-16.20.35:157][  0]LogConfig: Setting CVar [[r.Streaming.LimitPoolSizeToVRAM:0]]
[2025.04.08-16.20.35:157][  0]LogConfig: Setting CVar [[r.Streaming.PoolSize:1000]]
[2025.04.08-16.20.35:157][  0]LogConfig: Setting CVar [[r.Streaming.MaxEffectiveScreenSize:0]]
[2025.04.08-16.20.35:157][  0]LogConfig: Applying CVar settings from Section [EffectsQuality@3] File [C:/Unreal Projects/Top-Down-Puzzle/TopDownPuzzle/Saved/Config/Windows/Scalability.ini]
[2025.04.08-16.20.35:157][  0]LogConfig: Setting CVar [[r.TranslucencyLightingVolumeDim:64]]
[2025.04.08-16.20.35:157][  0]LogConfig: Setting CVar [[r.RefractionQuality:2]]
[2025.04.08-16.20.35:157][  0]LogConfig: Setting CVar [[r.SSR.Quality:3]]
[2025.04.08-16.20.35:157][  0]LogConfig: Setting CVar [[r.SSR.HalfResSceneColor:0]]
[2025.04.08-16.20.35:157][  0]LogConfig: Setting CVar [[r.SceneColorFormat:4]]
[2025.04.08-16.20.35:157][  0]LogConfig: Setting CVar [[r.DetailMode:2]]
[2025.04.08-16.20.35:157][  0]LogConfig: Setting CVar [[r.TranslucencyVolumeBlur:1]]
[2025.04.08-16.20.35:157][  0]LogConfig: Setting CVar [[r.MaterialQualityLevel:1 ; High quality]]
[2025.04.08-16.20.35:157][  0]LogConfig: Setting CVar [[r.AnisotropicMaterials:1]]
[2025.04.08-16.20.35:157][  0]LogConfig: Setting CVar [[r.SSS.Scale:1]]
[2025.04.08-16.20.35:157][  0]LogConfig: Setting CVar [[r.SSS.SampleSet:2]]
[2025.04.08-16.20.35:157][  0]LogConfig: Setting CVar [[r.SSS.Quality:1]]
[2025.04.08-16.20.35:157][  0]LogConfig: Setting CVar [[r.SSS.HalfRes:0]]
[2025.04.08-16.20.35:157][  0]LogConfig: Setting CVar [[r.SSGI.Quality:3]]
[2025.04.08-16.20.35:157][  0]LogConfig: Setting CVar [[r.EmitterSpawnRateScale:1.0]]
[2025.04.08-16.20.35:157][  0]LogConfig: Setting CVar [[r.ParticleLightQuality:2]]
[2025.04.08-16.20.35:157][  0]LogConfig: Setting CVar [[r.SkyAtmosphere.AerialPerspectiveLUT.FastApplyOnOpaque:1 ; Always have FastSkyLUT 1 in this case to avoid wrong sky]]
[2025.04.08-16.20.35:157][  0]LogConfig: Setting CVar [[r.SkyAtmosphere.AerialPerspectiveLUT.SampleCountMaxPerSlice:4]]
[2025.04.08-16.20.35:157][  0]LogConfig: Setting CVar [[r.SkyAtmosphere.AerialPerspectiveLUT.DepthResolution:16.0]]
[2025.04.08-16.20.35:157][  0]LogConfig: Setting CVar [[r.SkyAtmosphere.FastSkyLUT:1]]
[2025.04.08-16.20.35:157][  0]LogConfig: Setting CVar [[r.SkyAtmosphere.FastSkyLUT.SampleCountMin:4.0]]
[2025.04.08-16.20.35:157][  0]LogConfig: Setting CVar [[r.SkyAtmosphere.FastSkyLUT.SampleCountMax:128.0]]
[2025.04.08-16.20.35:157][  0]LogConfig: Setting CVar [[r.SkyAtmosphere.SampleCountMin:4.0]]
[2025.04.08-16.20.35:157][  0]LogConfig: Setting CVar [[r.SkyAtmosphere.SampleCountMax:128.0]]
[2025.04.08-16.20.35:157][  0]LogConfig: Setting CVar [[r.SkyAtmosphere.TransmittanceLUT.UseSmallFormat:0]]
[2025.04.08-16.20.35:157][  0]LogConfig: Setting CVar [[r.SkyAtmosphere.TransmittanceLUT.SampleCount:10.0]]
[2025.04.08-16.20.35:157][  0]LogConfig: Setting CVar [[r.SkyAtmosphere.MultiScatteringLUT.SampleCount:15.0]]
[2025.04.08-16.20.35:157][  0]LogConfig: Setting CVar [[r.SkyLight.RealTimeReflectionCapture:1]]
[2025.04.08-16.20.35:157][  0]LogConfig: Applying CVar settings from Section [FoliageQuality@3] File [C:/Unreal Projects/Top-Down-Puzzle/TopDownPuzzle/Saved/Config/Windows/Scalability.ini]
[2025.04.08-16.20.35:157][  0]LogConfig: Setting CVar [[foliage.DensityScale:1.0]]
[2025.04.08-16.20.35:157][  0]LogConfig: Setting CVar [[grass.DensityScale:1.0]]
[2025.04.08-16.20.35:157][  0]LogConfig: Applying CVar settings from Section [ShadingQuality@3] File [C:/Unreal Projects/Top-Down-Puzzle/TopDownPuzzle/Saved/Config/Windows/Scalability.ini]
[2025.04.08-16.20.35:157][  0]LogConfig: Setting CVar [[r.HairStrands.SkyLighting.IntegrationType:2]]
[2025.04.08-16.20.35:157][  0]LogConfig: Setting CVar [[r.HairStrands.SkyAO.SampleCount:4]]
[2025.04.08-16.20.35:157][  0]LogConfig: Setting CVar [[r.HairStrands.Visibility.MSAA.SamplePerPixel:4]]
[2025.04.08-16.20.35:157][  0]LogConfig: Applying CVar settings from Section [Startup] File [../../../Engine/Config/ConsoleVariables.ini]
[2025.04.08-16.20.35:158][  0]LogConfig: Setting CVar [[net.UseAdaptiveNetUpdateFrequency:0]]
[2025.04.08-16.20.35:158][  0]LogConfig: Setting CVar [[p.chaos.AllowCreatePhysxBodies:1]]
[2025.04.08-16.20.35:158][  0]LogConfig: Setting CVar [[fx.SkipVectorVMBackendOptimizations:1]]
[2025.04.08-16.20.35:158][  0]LogConfig: Applying CVar settings from Section [ConsoleVariables] File [C:/Unreal Projects/Top-Down-Puzzle/TopDownPuzzle/Saved/Config/Windows/Engine.ini]
[2025.04.08-16.20.35:158][  0]LogConfig: Applying CVar settings from Section [ConsoleVariables] File [C:/Unreal Projects/Top-Down-Puzzle/TopDownPuzzle/Saved/Config/Windows/Editor.ini]
[2025.04.08-16.20.35:158][  0]LogInit: Computer: LAPTOP-EJ2DB2HV
[2025.04.08-16.20.35:158][  0]LogInit: User: patel
[2025.04.08-16.20.35:158][  0]LogInit: CPU Page size=4096, Cores=4
[2025.04.08-16.20.35:158][  0]LogInit: High frequency timer resolution =10.000000 MHz
[2025.04.08-16.20.35:158][  0]LogMemory: Memory total: Physical=15.8GB (16GB approx)
[2025.04.08-16.20.35:158][  0]LogMemory: Platform Memory Stats for Windows
[2025.04.08-16.20.35:158][  0]LogMemory: Process Physical Memory: 143.91 MB used, 143.91 MB peak
[2025.04.08-16.20.35:158][  0]LogMemory: Process Virtual Memory: 114.46 MB used, 114.46 MB peak
[2025.04.08-16.20.35:158][  0]LogMemory: Physical Memory: 11655.17 MB used,  4570.00 MB free, 16225.18 MB total
[2025.04.08-16.20.35:158][  0]LogMemory: Virtual Memory: 134199472.00 MB used,  18258.33 MB free, 134217728.00 MB total
[2025.04.08-16.20.35:164][  0]LogWindows: WindowsPlatformFeatures enabled
[2025.04.08-16.20.35:224][  0]LogInit: Physics initialised using underlying interface: PhysX
[2025.04.08-16.20.35:224][  0]LogInit: Using OS detected language (en-US).
[2025.04.08-16.20.35:224][  0]LogInit: Using OS detected locale (en-IN).
[2025.04.08-16.20.35:232][  0]LogTextLocalizationManager: No specific localization for 'en-US' exists, so the 'en' localization will be used.
[2025.04.08-16.20.35:454][  0]LogInit: Setting process to per monitor DPI aware
[2025.04.08-16.20.35:477][  0]LogWindowsTextInputMethodSystem: Display: IME system deactivated.
[2025.04.08-16.20.35:496][  0]LogSlate: New Slate User Created.  User Index 0, Is Virtual User: 0
[2025.04.08-16.20.35:496][  0]LogSlate: Slate User Registered.  User Index 0, Is Virtual User: 0
[2025.04.08-16.20.35:723][  0]LogD3D11RHI: Loaded GFSDK_Aftermath_Lib.x64.dll
[2025.04.08-16.20.35:797][  0]LogHMD: Failed to initialize OpenVR with code 110
[2025.04.08-16.20.35:797][  0]LogD3D11RHI: D3D11 min allowed feature level: 11_0
[2025.04.08-16.20.35:797][  0]LogD3D11RHI: D3D11 max allowed feature level: 11_0
[2025.04.08-16.20.35:797][  0]LogD3D11RHI: D3D11 adapters:
[2025.04.08-16.20.35:945][  0]LogD3D11RHI:    0. 'NVIDIA GeForce GTX 1650' (Feature Level 11_0)
[2025.04.08-16.20.35:945][  0]LogD3D11RHI:       3935/0/8112 MB DedicatedVideo/DedicatedSystem/SharedSystem, Outputs:1, VendorId:0x10de
[2025.04.08-16.20.36:010][  0]LogD3D11RHI:    1. 'Intel(R) UHD Graphics 630' (Feature Level 11_0)
[2025.04.08-16.20.36:010][  0]LogD3D11RHI:       128/0/8112 MB DedicatedVideo/DedicatedSystem/SharedSystem, Outputs:0, VendorId:0x8086
[2025.04.08-16.20.36:013][  0]LogD3D11RHI:    2. 'Microsoft Basic Render Driver' (Feature Level 11_0)
[2025.04.08-16.20.36:013][  0]LogD3D11RHI:       0/0/8112 MB DedicatedVideo/DedicatedSystem/SharedSystem, Outputs:0, VendorId:0x1414
[2025.04.08-16.20.36:013][  0]LogD3D11RHI: Chosen D3D11 Adapter:
[2025.04.08-16.20.36:013][  0]LogD3D11RHI:     Description : NVIDIA GeForce GTX 1650
[2025.04.08-16.20.36:013][  0]LogD3D11RHI:     VendorId    : 10de
[2025.04.08-16.20.36:013][  0]LogD3D11RHI:     DeviceId    : 1f91
[2025.04.08-16.20.36:013][  0]LogD3D11RHI:     SubSysId    : 85fc103c
[2025.04.08-16.20.36:013][  0]LogD3D11RHI:     Revision    : 00a1
[2025.04.08-16.20.36:013][  0]LogD3D11RHI:     DedicatedVideoMemory : 4126146560 bytes
[2025.04.08-16.20.36:013][  0]LogD3D11RHI:     DedicatedSystemMemory : 0 bytes
[2025.04.08-16.20.36:013][  0]LogD3D11RHI:     SharedSystemMemory : 8506664960 bytes
[2025.04.08-16.20.36:013][  0]LogD3D11RHI:     AdapterLuid : 0 80285
[2025.04.08-16.20.36:019][  0]LogD3D11RHI: Creating new Direct3DDevice
[2025.04.08-16.20.36:019][  0]LogD3D11RHI:     GPU DeviceId: 0x1f91 (for the marketing name, search the web for "GPU Device Id")
[2025.04.08-16.20.36:019][  0]LogWindows: EnumDisplayDevices:
[2025.04.08-16.20.36:019][  0]LogWindows:    0. 'Intel(R) UHD Graphics 630' (P:1 D:1)
[2025.04.08-16.20.36:021][  0]LogWindows:    1. 'Intel(R) UHD Graphics 630' (P:0 D:0)
[2025.04.08-16.20.36:021][  0]LogWindows:    2. 'Intel(R) UHD Graphics 630' (P:0 D:0)
[2025.04.08-16.20.36:021][  0]LogWindows:    3. 'NVIDIA GeForce GTX 1650' (P:0 D:0)
[2025.04.08-16.20.36:021][  0]LogWindows:    4. 'NVIDIA GeForce GTX 1650' (P:0 D:0)
[2025.04.08-16.20.36:022][  0]LogWindows:    5. 'NVIDIA GeForce GTX 1650' (P:0 D:0)
[2025.04.08-16.20.36:022][  0]LogWindows:    6. 'NVIDIA GeForce GTX 1650' (P:0 D:0)
[2025.04.08-16.20.36:022][  0]LogWindows: DebugString: PrimaryIsNotTheChoosenAdapter PrimaryIsNotTheChoosenAdapter PrimaryIsNotTheChoosenAdapter FoundDriverCount:4 
[2025.04.08-16.20.36:022][  0]LogD3D11RHI:     Adapter Name: NVIDIA GeForce GTX 1650
[2025.04.08-16.20.36:022][  0]LogD3D11RHI:   Driver Version: 561.19 (internal:32.0.15.6119, unified:561.19)
[2025.04.08-16.20.36:022][  0]LogD3D11RHI:      Driver Date: 11-11-2024
[2025.04.08-16.20.36:022][  0]LogRHI: Texture pool is 2754 MB (70% of 3935 MB)
[2025.04.08-16.20.36:022][  0]LogD3D11RHI: Creating D3DDevice using adapter:
[2025.04.08-16.20.36:022][  0]LogD3D11RHI:     Description : NVIDIA GeForce GTX 1650
[2025.04.08-16.20.36:022][  0]LogD3D11RHI:     VendorId    : 10de
[2025.04.08-16.20.36:022][  0]LogD3D11RHI:     DeviceId    : 1f91
[2025.04.08-16.20.36:022][  0]LogD3D11RHI:     SubSysId    : 85fc103c
[2025.04.08-16.20.36:022][  0]LogD3D11RHI:     Revision    : 00a1
[2025.04.08-16.20.36:022][  0]LogD3D11RHI:     DedicatedVideoMemory : 4126146560 bytes
[2025.04.08-16.20.36:022][  0]LogD3D11RHI:     DedicatedSystemMemory : 0 bytes
[2025.04.08-16.20.36:022][  0]LogD3D11RHI:     SharedSystemMemory : 8506664960 bytes
[2025.04.08-16.20.36:022][  0]LogD3D11RHI:     AdapterLuid : 0 80285
[2025.04.08-16.20.36:117][  0]LogD3D11RHI: RHI has support for 64 bit atomics
[2025.04.08-16.20.36:117][  0]LogD3D11RHI: Async texture creation enabled
[2025.04.08-16.20.36:117][  0]LogD3D11RHI: Array index from any shader is supported
[2025.04.08-16.20.36:167][  0]LogD3D11RHI: GPU Timing Frequency: 1000.000000 (Debug: 2 2)
[2025.04.08-16.20.36:233][  0]LogRHI: GeForceNow SDK initialized: 1
[2025.04.08-16.20.36:633][  0]LogTargetPlatformManager: Display: Loaded TargetPlatform 'AllDesktop'
[2025.04.08-16.20.36:669][  0]LogTargetPlatformManager: Display: Loaded TargetPlatform 'Android'
[2025.04.08-16.20.36:669][  0]LogTargetPlatformManager: Display: Loaded TargetPlatform 'Android_ASTC'
[2025.04.08-16.20.36:669][  0]LogTargetPlatformManager: Display: Loaded TargetPlatform 'Android_DXT'
[2025.04.08-16.20.36:669][  0]LogTargetPlatformManager: Display: Loaded TargetPlatform 'Android_ETC2'
[2025.04.08-16.20.36:669][  0]LogTargetPlatformManager: Display: Loaded TargetPlatform 'AndroidClient'
[2025.04.08-16.20.36:669][  0]LogTargetPlatformManager: Display: Loaded TargetPlatform 'Android_ASTCClient'
[2025.04.08-16.20.36:669][  0]LogTargetPlatformManager: Display: Loaded TargetPlatform 'Android_DXTClient'
[2025.04.08-16.20.36:669][  0]LogTargetPlatformManager: Display: Loaded TargetPlatform 'Android_ETC2Client'
[2025.04.08-16.20.36:669][  0]LogTargetPlatformManager: Display: Loaded TargetPlatform 'Android_Multi'
[2025.04.08-16.20.36:669][  0]LogTargetPlatformManager: Display: Loaded TargetPlatform 'Android_MultiClient'
[2025.04.08-16.20.36:695][  0]LogTargetPlatformManager: Display: Loaded TargetPlatform 'IOSClient'
[2025.04.08-16.20.36:695][  0]LogTargetPlatformManager: Display: Loaded TargetPlatform 'IOS'
[2025.04.08-16.20.36:709][  0]LogTargetPlatformManager: Display: Loaded TargetPlatform 'Linux'
[2025.04.08-16.20.36:717][  0]LogTargetPlatformManager: Display: Loaded TargetPlatform 'LinuxNoEditor'
[2025.04.08-16.20.36:725][  0]LogTargetPlatformManager: Display: Loaded TargetPlatform 'LinuxClient'
[2025.04.08-16.20.36:732][  0]LogTargetPlatformManager: Display: Loaded TargetPlatform 'LinuxServer'
[2025.04.08-16.20.36:749][  0]LogTargetPlatformManager: Display: Loaded TargetPlatform 'LinuxAArch64NoEditor'
[2025.04.08-16.20.36:756][  0]LogTargetPlatformManager: Display: Loaded TargetPlatform 'LinuxAArch64Client'
[2025.04.08-16.20.36:764][  0]LogTargetPlatformManager: Display: Loaded TargetPlatform 'LinuxAArch64Server'
[2025.04.08-16.20.36:808][  0]LogTargetPlatformManager: Display: Loaded TargetPlatform 'Lumin'
[2025.04.08-16.20.36:808][  0]LogTargetPlatformManager: Display: Loaded TargetPlatform 'LuminClient'
[2025.04.08-16.20.36:823][  0]LogTargetPlatformManager: Display: Loaded TargetPlatform 'MacNoEditor'
[2025.04.08-16.20.36:830][  0]LogTargetPlatformManager: Display: Loaded TargetPlatform 'Mac'
[2025.04.08-16.20.36:839][  0]LogTargetPlatformManager: Display: Loaded TargetPlatform 'MacClient'
[2025.04.08-16.20.36:845][  0]LogTargetPlatformManager: Display: Loaded TargetPlatform 'MacServer'
[2025.04.08-16.20.36:859][  0]LogTargetPlatformManager: Display: Loaded TargetPlatform 'TVOSClient'
[2025.04.08-16.20.36:859][  0]LogTargetPlatformManager: Display: Loaded TargetPlatform 'TVOS'
[2025.04.08-16.20.36:871][  0]LogTargetPlatformManager: Display: Loaded TargetPlatform 'WindowsNoEditor'
[2025.04.08-16.20.36:877][  0]LogTargetPlatformManager: Display: Loaded TargetPlatform 'Windows'
[2025.04.08-16.20.36:883][  0]LogTargetPlatformManager: Display: Loaded TargetPlatform 'WindowsClient'
[2025.04.08-16.20.36:889][  0]LogTargetPlatformManager: Display: Loaded TargetPlatform 'WindowsServer'
[2025.04.08-16.20.36:889][  0]LogTargetPlatformManager: Display: Building Assets For Windows
[2025.04.08-16.20.36:904][  0]LogAudioDebug: Display: Lib vorbis DLL was dynamically loaded.
[2025.04.08-16.20.36:976][  0]LogTextureFormatOodle: Display: Oodle Texture 2.9.0 init RDO Off
[2025.04.08-16.20.37:058][  0]LogRendererCore: Ray tracing is disabled. Reason: r.RayTracing=0.
[2025.04.08-16.20.37:058][  0]LogShaderCompilers: Guid format shader working directory is -18 characters bigger than the processId version (../../../../../../Unreal Projects/Top-Down-Puzzle/TopDownPuzzle/Intermediate/Shaders/WorkingDirectory/13720/).
[2025.04.08-16.20.37:059][  0]LogShaderCompilers: Cleaned the shader compiler working directory 'C:/Users/patel/AppData/Local/Temp/UnrealShaderWorkingDir/70B42773444C6610A7E403BF26C0884D/'.
[2025.04.08-16.20.37:059][  0]LogXGEController: Cannot use XGE Controller as Incredibuild is not installed on this machine.
[2025.04.08-16.20.37:059][  0]LogShaderCompilers: Cannot use XGE Shader Compiler as Incredibuild is not installed on this machine.
[2025.04.08-16.20.37:059][  0]LogShaderCompilers: Display: Using Local Shader Compiler.
[2025.04.08-16.20.38:309][  0]LogDerivedDataCache: Display: Max Cache Size: 512 MB
[2025.04.08-16.20.38:419][  0]LogDerivedDataCache: Loaded boot cache 0.11s 103MB C:/Users/patel/AppData/Local/UnrealEngine/4.27/DerivedDataCache/Boot.ddc.
[2025.04.08-16.20.38:420][  0]LogDerivedDataCache: Display: Loaded Boot cache: C:/Users/patel/AppData/Local/UnrealEngine/4.27/DerivedDataCache/Boot.ddc
[2025.04.08-16.20.38:420][  0]LogDerivedDataCache: FDerivedDataBackendGraph:  Pak pak cache file ../../../../../../Unreal Projects/Top-Down-Puzzle/TopDownPuzzle/DerivedDataCache/DDC.ddp not found, will not use a pak cache.
[2025.04.08-16.20.38:420][  0]LogDerivedDataCache: Unable to find inner node Pak for hierarchical cache Hierarchy.
[2025.04.08-16.20.38:421][  0]LogDerivedDataCache: FDerivedDataBackendGraph:  CompressedPak pak cache file ../../../../../../Unreal Projects/Top-Down-Puzzle/TopDownPuzzle/DerivedDataCache/Compressed.ddp not found, will not use a pak cache.
[2025.04.08-16.20.38:421][  0]LogDerivedDataCache: Unable to find inner node CompressedPak for hierarchical cache Hierarchy.
[2025.04.08-16.20.38:444][  0]LogDerivedDataCache: Display: Pak cache opened for reading ../../../Engine/DerivedDataCache/Compressed.ddp.
[2025.04.08-16.20.38:444][  0]LogDerivedDataCache: FDerivedDataBackendGraph:  EnterprisePak pak cache file ../../../Enterprise/DerivedDataCache/Compressed.ddp not found, will not use a pak cache.
[2025.04.08-16.20.38:444][  0]LogDerivedDataCache: Unable to find inner node EnterprisePak for hierarchical cache Hierarchy.
[2025.04.08-16.20.38:460][  0]LogDerivedDataCache: Speed tests for C:/Users/patel/AppData/Local/UnrealEngine/Common/DerivedDataCache took 0.02 seconds
[2025.04.08-16.20.38:460][  0]LogDerivedDataCache: Display: Performance to C:/Users/patel/AppData/Local/UnrealEngine/Common/DerivedDataCache: Latency=0.05ms. RandomReadSpeed=555.83MBs, RandomWriteSpeed=71.96MBs. Assigned SpeedClass 'Local'
[2025.04.08-16.20.38:469][  0]LogDerivedDataCache: Using Local data cache path C:/Users/patel/AppData/Local/UnrealEngine/Common/DerivedDataCache: Writable
[2025.04.08-16.20.38:469][  0]LogDerivedDataCache: Shared data cache path not found in *engine.ini, will not use an Shared cache.
[2025.04.08-16.20.38:469][  0]LogDerivedDataCache: Unable to find inner node Shared for hierarchical cache Hierarchy.
[2025.04.08-16.20.38:548][  0]LogSlate: Using FreeType 2.10.0
[2025.04.08-16.20.38:549][  0]LogSlate: SlateFontServices - WITH_FREETYPE: 1, WITH_HARFBUZZ: 1
[2025.04.08-16.20.38:586][  0]LogAssetRegistry: FAssetRegistry took 0.0043 seconds to start up
[2025.04.08-16.20.39:013][  0]LogInit: Selected Device Profile: [Windows]
[2025.04.08-16.20.39:013][  0]LogInit: Active device profile: [000001B1924E5400][000001B190AC7740 49] Windows
[2025.04.08-16.20.39:013][  0]LogInit: Profiles: [000001B1924E5400][000001B190AC7740 49] Windows, [000001B1923B7F00][000001B18A7CD8C0 49] WindowsNoEditor, [000001B192487E00][000001B18C94FA40 49] WindowsServer, [000001B1923B5500][000001B18C95FBC0 49] WindowsClient, [000001B192485800][000001B18C9621C0 49] IOS, [000001B1923B5000][000001B18ABE4340 49] iPadAir, [000001B192484C00][000001B18ABE84C0 49] iPadAir2, [000001B192308100][000001B18ABF0780 49] IPadPro, [000001B192308200][000001B18ABEC7C0 49] iPadAir3, [000001B1923B5600][000001B18ABF4940 49] iPadAir4, [000001B19230AC00][000001B18ABF8AC0 49] iPadMini2, [000001B1923B5300][000001B190ACAC00 49] iPadMini3, [000001B192484100][000001B18CA14D40 49] iPadMini4, [000001B1923B5700][000001B18CA18E80 49] iPadMini5, [000001B19210F900][000001B18CA29100 49] iPhone6, [000001B19210FA00][000001B18CA1D140 49] iPodTouch6, [000001B192485200][000001B19083F400 49] iPhone7, [000001B192485100][000001B18CA31440 49] iPodTouch7, [000001B19210C400][000001B1908435C0 49] iPhone5S, [000001B19230BD00][000001B19086D740 49] iPhone6Plus, [000001B19210DF00][000001B18CA498C0 49] iPhone6S, [000001B192485600][000001B18CA75A40 49] iPhone6SPlus, [000001B19210D300][000001B192D3FBC0 49] iPhone7Plus, [000001B192484200][000001B192D7C1C0 49] iPhoneSE, [000001B19210CD00][000001B192D80340 49] iPhone8, [000001B192484A00][000001B18C9204C0 49] iPhone8Plus, [000001B19210FC00][000001B18CB2A640 49] iPhoneX, [000001B192487500][000001B18CB2E7C0 49] iPhoneXS, [000001B19210E800][000001B18C9FC940 49] iPhoneXSMax, [000001B192486700][000001B18CB32AC0 49] iPhoneXR, [000001B19210EA00][000001B18CB36C40 49] iPhone11, [000001B192486E00][000001B18CA20D80 49] iPhone11Pro, [000001B19210F300][000001B18CB3AEC0 49] iPhone11ProMax, [000001B192486100][000001B18CB43000 49] iPhoneSE2, [000001B19210EF00][000001B18CB47140 49] iPhone12Mini, [000001B192486B00][000001B192EDB2C0 49] iPhone12, [000001B19210FF00][000001B19306F440 49] iPhone12Pro, [000001B192486C00][000001B19307D5C0 49] iPhone12ProMax, [000001B19210DE00][000001B193081740 49] iPadPro105, [000001B192487000][000001B1930858C0 49] iPadPro129, [000001B19210E400][000001B193089A40 49] iPadPro97, [000001B192484D00][000001B19308DBC0 49] iPadPro2_129, [000001B19210CF00][000001B18C8D01C0 49] iPad5, [000001B192484800][000001B18C8D4340 49] iPad6, [000001B19210C300][000001B18C8D84C0 49] iPad7, [000001B192486500][000001B193114640 49] iPad8, [000001B19210C800][000001B1931187C0 49] iPadPro11, [000001B192485000][000001B19311C940 49] iPadPro2_11, [000001B19210C700][000001B193128AC0 49] iPadPro3_129, [000001B192485700][000001B19312CC40 49] iPadPro4_129, [000001B19210F000][000001B18C8FEDC0 49] AppleTV, [000001B192487300][000001B18C906F40 49] AppleTV4K, [000001B19210D200][000001B192ED7080 49] TVOS, [000001B192485A00][000001B18C90F1C0 49] Mac, [000001B19210D000][000001B18C913300 49] MacClient, [000001B192487A00][000001B18C91B480 49] MacNoEditor, [000001B19210D100][000001B1932C5600 49] MacServer, [000001B192484400][000001B18C90B780 49] Linux, [000001B19210C500][000001B18C903900 49] LinuxAArch64, [000001B192486300][000001B1932D5A80 49] LinuxNoEditor, [000001B19210CC00][000001B1932D9C00 49] LinuxAArch64NoEditor, [000001B192486D00][000001B18CB3E200 49] LinuxClient, [000001B19210F100][000001B18CA40380 49] LinuxAArch64Client, [000001B192487C00][000001B18CA44500 49] LinuxServer, [000001B19210F600][000001B1932DC680 49] LinuxAArch64Server, [000001B192487800][000001B1932E0800 49] Android, [000001B1924E7000][000001B18CA4C980 49] Android_Low, [000001B19230A700][000001B18CA50B00 49] Android_Mid, [000001B1924E6D00][000001B18CA54C80 49] Android_High, [000001B192308A00][000001B18CA58E00 49] Android_Default, [000001B1924E4200][000001B18CA5CF80 49] Android_Adreno4xx, [000001B192309200][000001B18CA61100 49] Android_Adreno5xx_Low, [000001B1924E5000][000001B18C917240 49] Android_Adreno5xx, [000001B192308300][000001B18CA65380 49] Android_Adreno6xx, [000001B1924E7700][000001B18CA694C0 49] Android_Adreno6xx_Vulkan, [000001B19230A300][000001B18CA71640 49] Android_Mali_T6xx, [000001B1924E7400][000001B1935ED7C0 49] Android_Mali_T7xx, [000001B19230AE00][000001B1935F1940 49] Android_Mali_T8xx, [000001B1924E7500][000001B1935F5AC0 49] Android_Mali_G71, [000001B192308500][000001B1935F80C0 49] Android_Mali_G72, [000001B1924E4500][000001B1935FC240 49] Android_Mali_G72_Vulkan, [000001B192309500][000001B1936003C0 49] Android_Mali_G76, [000001B1924E7300][000001B193604540 49] Android_Mali_G76_Vulkan, [000001B19230BB00][000001B1936086C0 49] Android_Mali_G77, [000001B1924E5900][000001B19360C840 49] Android_Mali_G77_Vulkan, [000001B19230AD00][000001B1936109C0 49] Android_Mali_G78, [000001B1924E6300][000001B193614B40 49] Android_Mali_G78_Vulkan, [000001B19230B000][000001B193618CC0 49] Android_Mali_G710, [000001B1924E6F00][000001B19361CE40 49] Android_Mali_G710_Vulkan, [000001B192308F00][000001B193620FC0 49] Android_Vulkan_SM5, [000001B1924E4900][000001B193625140 49] Android_PowerVR_G6xxx, [000001B192485300][000001B1936C32C0 49] Android_PowerVR_GT7xxx, [000001B1924E4C00][000001B18CA6D400 49] Android_PowerVR_GE8xxx, [000001B192484B00][000001B1936C7540 49] Android_PowerVR_GM9xxx, [000001B1924E4700][000001B1936CB680 49] Android_PowerVR_GM9xxx_Vulkan, [000001B192484E00][000001B1936CF7C0 49] Android_TegraK1, [000001B1924E6C00][000001B1936D7940 49] Android_Unknown_Vulkan, [000001B192486600][000001B1936DBAC0 49] Lumin, [000001B1924E6A00][000001B1936DE0C0 49] Lumin_Desktop, [000001B192486900][000001B1936E2240 49] HoloLens, 
[2025.04.08-16.20.39:283][  0]LogMeshReduction: Using QuadricMeshReduction for automatic static mesh reduction
[2025.04.08-16.20.39:283][  0]LogMeshReduction: Using SimplygonMeshReduction for automatic skeletal mesh reduction
[2025.04.08-16.20.39:283][  0]LogMeshReduction: Using ProxyLODMeshReduction for automatic mesh merging
[2025.04.08-16.20.39:283][  0]LogMeshReduction: No distributed automatic mesh merging module available
[2025.04.08-16.20.39:283][  0]LogMeshMerging: No distributed automatic mesh merging module available
[2025.04.08-16.20.39:316][  0]LogNetVersion: TopDownPuzzle 1.0.0, NetCL: 17155196, EngineNetVer: 17, GameNetVer: 0 (Checksum: 565499533)
[2025.04.08-16.20.39:994][  0]LogTexture: Default maximum texture size for cubemaps generated from long-lat sources has been changed from 512 to unlimited. In order to preserve old behaiour for '/Engine/MapTemplates/Sky/DaylightAmbientCubemap.DaylightAmbientCubemap', its maximum texture size has been explicitly set to 512.
[2025.04.08-16.20.40:115][  0]LogHMD: PokeAHoleMaterial loaded successfully
[2025.04.08-16.20.40:127][  0]LogUObjectArray: 17178 objects as part of root set at end of initial load.
[2025.04.08-16.20.40:127][  0]LogUObjectAllocator: 4302048 out of 0 bytes used by permanent object pool.
[2025.04.08-16.20.40:127][  0]LogUObjectArray: CloseDisregardForGC: 0/0 objects in disregard for GC pool
[2025.04.08-16.20.40:706][  0]LogNiagaraDebuggerClient: Niagara Debugger Client Initialized | Session: 39347A62492B52E98310FD9E152606C7 | Instance: E09D4E344799F258FBB507A94AC31795 (LAPTOP-EJ2DB2HV-13720).
[2025.04.08-16.20.40:871][  0]LogUdpMessaging: Initializing bridge on interface 0.0.0.0:0 to multicast group 230.0.0.1:6666.
[2025.04.08-16.20.40:879][  0]LogTcpMessaging: Initializing TcpMessaging bridge
[2025.04.08-16.20.40:911][  0]LogPython: Using Python 3.7.7
[2025.04.08-16.20.42:378][  0]SourceControl: Source control is disabled
[2025.04.08-16.20.42:378][  0]SourceControl: Source control is disabled
[2025.04.08-16.20.42:382][  0]SourceControl: Source control is disabled
[2025.04.08-16.20.42:387][  0]SourceControl: Source control is disabled
[2025.04.08-16.20.42:402][  0]SourceControl: Source control is disabled
[2025.04.08-16.20.42:412][  0]LogUProjectInfo: Found projects:
[2025.04.08-16.20.42:726][  0]LogAndroidPermission: UAndroidPermissionCallbackProxy::GetInstance
[2025.04.08-16.20.42:761][  0]LogAudioCaptureCore: Display: No Audio Capture implementations found. Audio input will be silent.
[2025.04.08-16.20.42:761][  0]LogAudioCaptureCore: Display: No Audio Capture implementations found. Audio input will be silent.
[2025.04.08-16.20.42:843][  0]LogOpenImageDenoise: OIDN starting up
[2025.04.08-16.20.42:995][  0]LogCollectionManager: Loaded 0 collections in 0.001555 seconds
[2025.04.08-16.20.43:027][  0]LogFileCache: Scanning file cache for directory 'C:/Unreal Projects/Top-Down-Puzzle/TopDownPuzzle/Saved/Collections/' took 0.00s
[2025.04.08-16.20.43:027][  0]LogFileCache: Scanning file cache for directory 'C:/Unreal Projects/Top-Down-Puzzle/TopDownPuzzle/Content/Developers/patel/Collections/' took 0.00s
[2025.04.08-16.20.43:027][  0]LogFileCache: Scanning file cache for directory 'C:/Unreal Projects/Top-Down-Puzzle/TopDownPuzzle/Content/Collections/' took 0.00s
[2025.04.08-16.20.43:027][  0]LogOcInput: OculusInput pre-init called
[2025.04.08-16.20.43:329][  0]LogEngine: Initializing Engine...
[2025.04.08-16.20.43:405][  0]LogHMD: Failed to enumerate extensions. Please check that you have a valid OpenXR runtime installed.
[2025.04.08-16.20.43:406][  0]LogHMD: Failed to initialize OpenVR with code 110
[2025.04.08-16.20.43:406][  0]LogMagicLeap: Warning: VR disabled because ZI is not enabled.  To enable, in the editor, Edit -> Project Settings -> Plugins -> Magic Leap Plugin -> Enable Zero Iteration
[2025.04.08-16.20.43:408][  0]LogStats: UGameplayTagsManager::InitializeManager -  0.000 s
[2025.04.08-16.20.43:584][  0]LogInit: Initializing FReadOnlyCVARCache
[2025.04.08-16.20.43:606][  0]LogAIModule: Creating AISystem for world Untitled
[2025.04.08-16.20.43:656][  0]LogAudio: Display: Initializing Audio Device Manager...
[2025.04.08-16.20.43:663][  0]LogAudio: Display: Loading Default Audio Settings Objects...
[2025.04.08-16.20.43:664][  0]LogAudio: Display: No default SoundConcurrencyObject specified (or failed to load).
[2025.04.08-16.20.43:665][  0]LogAudio: Display: Audio Device Manager Initialized
[2025.04.08-16.20.43:665][  0]LogAudio: Display: Creating Audio Device:                 Id: 1, Scope: Shared, Realtime: True
[2025.04.08-16.20.43:665][  0]LogAudioMixer: Display: Audio Mixer Platform Settings:
[2025.04.08-16.20.43:665][  0]LogAudioMixer: Display: 	Sample Rate:						  48000
[2025.04.08-16.20.43:665][  0]LogAudioMixer: Display: 	Callback Buffer Frame Size Requested: 1024
[2025.04.08-16.20.43:665][  0]LogAudioMixer: Display: 	Callback Buffer Frame Size To Use:	  1024
[2025.04.08-16.20.43:665][  0]LogAudioMixer: Display: 	Number of buffers to queue:			  2
[2025.04.08-16.20.43:665][  0]LogAudioMixer: Display: 	Max Channels (voices):				  32
[2025.04.08-16.20.43:665][  0]LogAudioMixer: Display: 	Number of Async Source Workers:		  0
[2025.04.08-16.20.43:665][  0]LogAudio: Display: AudioDevice MaxSources: 32
[2025.04.08-16.20.43:665][  0]LogAudio: Display: Audio Spatialization Plugin: None (built-in).
[2025.04.08-16.20.43:666][  0]LogAudio: Display: Audio Reverb Plugin: None (built-in).
[2025.04.08-16.20.43:666][  0]LogAudio: Display: Audio Occlusion Plugin: None (built-in).
[2025.04.08-16.20.43:666][  0]LogAudioMixer: Display: Initializing audio mixer.
[2025.04.08-16.20.43:698][  0]LogAudioMixer: Display: 0: FrontLeft
[2025.04.08-16.20.43:698][  0]LogAudioMixer: Display: 1: FrontRight
[2025.04.08-16.20.43:737][  0]LogAudioMixer: Display: Using Audio Device Headphone (Realtek(R) Audio)
[2025.04.08-16.20.43:738][  0]LogAudioMixer: Display: Initializing Sound Submixes...
[2025.04.08-16.20.43:742][  0]LogAudioMixer: Display: Creating Master Submix 'MasterSubmixDefault'
[2025.04.08-16.20.43:742][  0]LogAudioMixer: Display: Creating Master Submix 'MasterReverbSubmixDefault'
[2025.04.08-16.20.43:744][  0]LogAudioMixer: Display: Creating Master Submix 'MasterEQSubmixDefault'
[2025.04.08-16.20.43:744][  0]LogAudioMixer: FMixerPlatformXAudio2::StartAudioStream() called
[2025.04.08-16.20.43:744][  0]LogAudioMixer: Display: Output buffers initialized: Frames=1024, Channels=2, Samples=2048
[2025.04.08-16.20.43:746][  0]LogAudioMixer: Display: Starting AudioMixerPlatformInterface::RunInternal()
[2025.04.08-16.20.43:746][  0]LogAudioMixer: Display: FMixerPlatformXAudio2::SubmitBuffer() called for the first time
[2025.04.08-16.20.43:746][  0]LogInit: FAudioDevice initialized.
[2025.04.08-16.20.43:747][  0]LogAudio: Display: Audio Device (ID: 1) registered with world 'Untitled'.
[2025.04.08-16.20.43:747][  0]LogNetVersion: Set ProjectVersion to 1.0.0.0. Version Checksum will be recalculated on next use.
[2025.04.08-16.20.43:817][  0]LogDerivedDataCache: Saved boot cache 0.07s 103MB C:/Users/patel/AppData/Local/UnrealEngine/4.27/DerivedDataCache/Boot.ddc.
[2025.04.08-16.20.43:818][  0]LogInit: Texture streaming: Enabled
[2025.04.08-16.20.43:843][  0]LogAnalytics: Display: [UEEditor.Rocket.Release] APIServer = https://datarouter.ol.epicgames.com/. AppVersion = 4.27.2-18319896+++UE4+Release-4.27
[2025.04.08-16.20.43:852][  0]LogEngineSessionManager: EngineSessionManager initialized
[2025.04.08-16.20.43:852][  0]LogEditorSessionSummary: Verbose: Initializing EditorSessionSummaryWriter for editor session tracking
[2025.04.08-16.20.43:861][  0]LogEditorSessionSummary: EditorSessionSummaryWriter initialized
[2025.04.08-16.20.43:913][  0]LogInit: Transaction tracking system initialized
[2025.04.08-16.20.43:952][  0]BlueprintLog: New page: Editor Load
[2025.04.08-16.20.44:059][  0]LocalizationService: Localization service is disabled
[2025.04.08-16.20.44:101][  0]TimingProfiler: Initialize
[2025.04.08-16.20.44:101][  0]TimingProfiler: OnSessionChanged
[2025.04.08-16.20.44:101][  0]LoadingProfiler: Initialize
[2025.04.08-16.20.44:101][  0]LoadingProfiler: OnSessionChanged
[2025.04.08-16.20.44:101][  0]NetworkingProfiler: Initialize
[2025.04.08-16.20.44:101][  0]NetworkingProfiler: OnSessionChanged
[2025.04.08-16.20.44:101][  0]MemoryProfiler: Initialize
[2025.04.08-16.20.44:101][  0]MemoryProfiler: OnSessionChanged
[2025.04.08-16.20.44:346][  0]LogCook: Display: CookSettings for Memory: MemoryMaxUsedVirtual 0MiB, MemoryMaxUsedPhysical 16384MiB, MemoryMinFreeVirtual 0MiB, MemoryMinFreePhysical 1024MiB
[2025.04.08-16.20.44:346][  0]LogCook: Display: Mobile HDR setting 1
[2025.04.08-16.20.44:638][  0]LogFileCache: Scanning file cache for directory 'C:/Unreal Projects/Top-Down-Puzzle/TopDownPuzzle/Content/' took 0.02s
[2025.04.08-16.20.44:872][  0]LogInit: Display: Engine is initialized. Leaving FEngineLoop::Init()
[2025.04.08-16.20.44:881][  0]SourceControl: Source control is disabled
[2025.04.08-16.20.44:881][  0]LogUnrealEdMisc: Loading editor; pre map load, took 11.658
[2025.04.08-16.20.44:881][  0]Cmd: MAP LOAD FILE="../../../../../../Unreal Projects/Top-Down-Puzzle/TopDownPuzzle/Content/TopDownCPP/Maps/TopDownExampleMap.umap" TEMPLATE=0 SHOWPROGRESS=1 FEATURELEVEL=3
[2025.04.08-16.20.44:881][  0]LogEditorServer: Warning: Can't find file '../../../../../../Unreal Projects/Top-Down-Puzzle/TopDownPuzzle/Content/TopDownCPP/Maps/TopDownExampleMap.umap'
[2025.04.08-16.20.44:881][  0]Cmd: MAP CHECKDEP NOCLEARLOG
[2025.04.08-16.20.44:882][  0]MapCheck: Map check complete: 0 Error(s), 0 Warning(s), took 0.271ms to complete.
[2025.04.08-16.20.44:882][  0]LogFileHelpers: Loading map 'TopDownExampleMap' took 0.001
[2025.04.08-16.20.44:885][  0]LogUnrealEdMisc: Total Editor Startup Time, took 11.663
[2025.04.08-16.20.45:146][  0]LogSlate: Updating window title bar state: overlay mode, drag disabled, window buttons hidden, title bar hidden
[2025.04.08-16.20.45:169][  0]LogSlate: Updating window title bar state: overlay mode, drag disabled, window buttons hidden, title bar hidden
[2025.04.08-16.20.45:189][  0]LogSlate: Updating window title bar state: overlay mode, drag disabled, window buttons hidden, title bar hidden
[2025.04.08-16.20.45:213][  0]LogSlate: Updating window title bar state: overlay mode, drag disabled, window buttons hidden, title bar hidden
[2025.04.08-16.20.45:290][  0]LogNativeClassHierarchy: Verbose: Native class hierarchy populated in 0.0191 seconds. Added 3826 classes and 930 folders.
[2025.04.08-16.20.45:302][  0]LogNativeClassHierarchy: Verbose: Native class hierarchy updated for 'WidgetCarousel' in 0.0006 seconds. Added 0 classes and 0 folders.
[2025.04.08-16.20.45:330][  0]LogPakFile: PakFile PrimaryIndexSize=187
[2025.04.08-16.20.45:330][  0]LogPakFile: PakFile PathHashIndexSize=101
[2025.04.08-16.20.45:330][  0]LogPakFile: PakFile FullDirectoryIndexSize=148
[2025.04.08-16.20.45:331][  0]LogShaderLibrary: Display: ShaderCodeLibraryPakFileMountedCallback: PakFile 'C:/Program Files/UE/UE_4.27/FeaturePacks/FP_FirstPerson.upack' (chunk index -1, root 'root:/') mounted
[2025.04.08-16.20.45:331][  0]LogShaderLibrary: Display: ShaderCodeLibraryPakFileMountedCallback: pending pak file info (ChunkID:-1 Root:root:/ File:C:/Program Files/UE/UE_4.27/FeaturePacks/FP_FirstPerson.upack)
[2025.04.08-16.20.45:331][  0]LogPakFile: OnPakFileMounted2Time == 0.001199
[2025.04.08-16.20.45:354][  0]LogPakFile: PakFile PrimaryIndexSize=189
[2025.04.08-16.20.45:354][  0]LogPakFile: PakFile PathHashIndexSize=101
[2025.04.08-16.20.45:354][  0]LogPakFile: PakFile FullDirectoryIndexSize=152
[2025.04.08-16.20.45:354][  0]LogShaderLibrary: Display: ShaderCodeLibraryPakFileMountedCallback: PakFile 'C:/Program Files/UE/UE_4.27/FeaturePacks/FP_FirstPersonBP.upack' (chunk index -1, root 'root:/') mounted
[2025.04.08-16.20.45:354][  0]LogShaderLibrary: Display: ShaderCodeLibraryPakFileMountedCallback: pending pak file info (ChunkID:-1 Root:root:/ File:C:/Program Files/UE/UE_4.27/FeaturePacks/FP_FirstPersonBP.upack)
[2025.04.08-16.20.45:354][  0]LogPakFile: OnPakFileMounted2Time == 0.000109
[2025.04.08-16.20.45:374][  0]LogPakFile: PakFile PrimaryIndexSize=191
[2025.04.08-16.20.45:374][  0]LogPakFile: PakFile PathHashIndexSize=101
[2025.04.08-16.20.45:374][  0]LogPakFile: PakFile FullDirectoryIndexSize=160
[2025.04.08-16.20.45:374][  0]LogShaderLibrary: Display: ShaderCodeLibraryPakFileMountedCallback: PakFile 'C:/Program Files/UE/UE_4.27/FeaturePacks/MobileStarterContent.upack' (chunk index -1, root 'root:/') mounted
[2025.04.08-16.20.45:374][  0]LogShaderLibrary: Display: ShaderCodeLibraryPakFileMountedCallback: pending pak file info (ChunkID:-1 Root:root:/ File:C:/Program Files/UE/UE_4.27/FeaturePacks/MobileStarterContent.upack)
[2025.04.08-16.20.45:374][  0]LogPakFile: OnPakFileMounted2Time == 0.000075
[2025.04.08-16.20.45:391][  0]LogPakFile: PakFile PrimaryIndexSize=185
[2025.04.08-16.20.45:391][  0]LogPakFile: PakFile PathHashIndexSize=101
[2025.04.08-16.20.45:391][  0]LogPakFile: PakFile FullDirectoryIndexSize=148
[2025.04.08-16.20.45:391][  0]LogShaderLibrary: Display: ShaderCodeLibraryPakFileMountedCallback: PakFile 'C:/Program Files/UE/UE_4.27/FeaturePacks/StarterContent.upack' (chunk index -1, root 'root:/') mounted
[2025.04.08-16.20.45:391][  0]LogShaderLibrary: Display: ShaderCodeLibraryPakFileMountedCallback: pending pak file info (ChunkID:-1 Root:root:/ File:C:/Program Files/UE/UE_4.27/FeaturePacks/StarterContent.upack)
[2025.04.08-16.20.45:391][  0]LogPakFile: OnPakFileMounted2Time == 0.000063
[2025.04.08-16.20.45:410][  0]LogPakFile: PakFile PrimaryIndexSize=190
[2025.04.08-16.20.45:410][  0]LogPakFile: PakFile PathHashIndexSize=101
[2025.04.08-16.20.45:410][  0]LogPakFile: PakFile FullDirectoryIndexSize=154
[2025.04.08-16.20.45:410][  0]LogShaderLibrary: Display: ShaderCodeLibraryPakFileMountedCallback: PakFile 'C:/Program Files/UE/UE_4.27/FeaturePacks/TP_2DSideScroller.upack' (chunk index -1, root 'root:/') mounted
[2025.04.08-16.20.45:410][  0]LogShaderLibrary: Display: ShaderCodeLibraryPakFileMountedCallback: pending pak file info (ChunkID:-1 Root:root:/ File:C:/Program Files/UE/UE_4.27/FeaturePacks/TP_2DSideScroller.upack)
[2025.04.08-16.20.45:410][  0]LogPakFile: OnPakFileMounted2Time == 0.000084
[2025.04.08-16.20.45:437][  0]LogPakFile: PakFile PrimaryIndexSize=192
[2025.04.08-16.20.45:437][  0]LogPakFile: PakFile PathHashIndexSize=101
[2025.04.08-16.20.45:437][  0]LogPakFile: PakFile FullDirectoryIndexSize=158
[2025.04.08-16.20.45:437][  0]LogShaderLibrary: Display: ShaderCodeLibraryPakFileMountedCallback: PakFile 'C:/Program Files/UE/UE_4.27/FeaturePacks/TP_2DSideScrollerBP.upack' (chunk index -1, root 'root:/') mounted
[2025.04.08-16.20.45:437][  0]LogShaderLibrary: Display: ShaderCodeLibraryPakFileMountedCallback: pending pak file info (ChunkID:-1 Root:root:/ File:C:/Program Files/UE/UE_4.27/FeaturePacks/TP_2DSideScrollerBP.upack)
[2025.04.08-16.20.45:437][  0]LogPakFile: OnPakFileMounted2Time == 0.000154
[2025.04.08-16.20.45:458][  0]LogPakFile: PakFile PrimaryIndexSize=182
[2025.04.08-16.20.45:458][  0]LogPakFile: PakFile PathHashIndexSize=101
[2025.04.08-16.20.45:458][  0]LogPakFile: PakFile FullDirectoryIndexSize=138
[2025.04.08-16.20.45:458][  0]LogShaderLibrary: Display: ShaderCodeLibraryPakFileMountedCallback: PakFile 'C:/Program Files/UE/UE_4.27/FeaturePacks/TP_Flying.upack' (chunk index -1, root 'root:/') mounted
[2025.04.08-16.20.45:458][  0]LogShaderLibrary: Display: ShaderCodeLibraryPakFileMountedCallback: pending pak file info (ChunkID:-1 Root:root:/ File:C:/Program Files/UE/UE_4.27/FeaturePacks/TP_Flying.upack)
[2025.04.08-16.20.45:459][  0]LogPakFile: OnPakFileMounted2Time == 0.000144
[2025.04.08-16.20.45:479][  0]LogPakFile: PakFile PrimaryIndexSize=184
[2025.04.08-16.20.45:479][  0]LogPakFile: PakFile PathHashIndexSize=101
[2025.04.08-16.20.45:479][  0]LogPakFile: PakFile FullDirectoryIndexSize=142
[2025.04.08-16.20.45:479][  0]LogShaderLibrary: Display: ShaderCodeLibraryPakFileMountedCallback: PakFile 'C:/Program Files/UE/UE_4.27/FeaturePacks/TP_FlyingBP.upack' (chunk index -1, root 'root:/') mounted
[2025.04.08-16.20.45:479][  0]LogShaderLibrary: Display: ShaderCodeLibraryPakFileMountedCallback: pending pak file info (ChunkID:-1 Root:root:/ File:C:/Program Files/UE/UE_4.27/FeaturePacks/TP_FlyingBP.upack)
[2025.04.08-16.20.45:479][  0]LogPakFile: OnPakFileMounted2Time == 0.000065
[2025.04.08-16.20.45:499][  0]LogPakFile: PakFile PrimaryIndexSize=188
[2025.04.08-16.20.45:499][  0]LogPakFile: PakFile PathHashIndexSize=101
[2025.04.08-16.20.45:499][  0]LogPakFile: PakFile FullDirectoryIndexSize=150
[2025.04.08-16.20.45:499][  0]LogShaderLibrary: Display: ShaderCodeLibraryPakFileMountedCallback: PakFile 'C:/Program Files/UE/UE_4.27/FeaturePacks/TP_HandheldARBP.upack' (chunk index -1, root 'root:/') mounted
[2025.04.08-16.20.45:499][  0]LogShaderLibrary: Display: ShaderCodeLibraryPakFileMountedCallback: pending pak file info (ChunkID:-1 Root:root:/ File:C:/Program Files/UE/UE_4.27/FeaturePacks/TP_HandheldARBP.upack)
[2025.04.08-16.20.45:499][  0]LogPakFile: OnPakFileMounted2Time == 0.000078
[2025.04.08-16.20.45:519][  0]LogPakFile: PakFile PrimaryIndexSize=182
[2025.04.08-16.20.45:519][  0]LogPakFile: PakFile PathHashIndexSize=101
[2025.04.08-16.20.45:519][  0]LogPakFile: PakFile FullDirectoryIndexSize=138
[2025.04.08-16.20.45:519][  0]LogShaderLibrary: Display: ShaderCodeLibraryPakFileMountedCallback: PakFile 'C:/Program Files/UE/UE_4.27/FeaturePacks/TP_Puzzle.upack' (chunk index -1, root 'root:/') mounted
[2025.04.08-16.20.45:519][  0]LogShaderLibrary: Display: ShaderCodeLibraryPakFileMountedCallback: pending pak file info (ChunkID:-1 Root:root:/ File:C:/Program Files/UE/UE_4.27/FeaturePacks/TP_Puzzle.upack)
[2025.04.08-16.20.45:519][  0]LogPakFile: OnPakFileMounted2Time == 0.000066
[2025.04.08-16.20.45:536][  0]LogPakFile: PakFile PrimaryIndexSize=184
[2025.04.08-16.20.45:536][  0]LogPakFile: PakFile PathHashIndexSize=101
[2025.04.08-16.20.45:536][  0]LogPakFile: PakFile FullDirectoryIndexSize=142
[2025.04.08-16.20.45:536][  0]LogShaderLibrary: Display: ShaderCodeLibraryPakFileMountedCallback: PakFile 'C:/Program Files/UE/UE_4.27/FeaturePacks/TP_PuzzleBP.upack' (chunk index -1, root 'root:/') mounted
[2025.04.08-16.20.45:536][  0]LogShaderLibrary: Display: ShaderCodeLibraryPakFileMountedCallback: pending pak file info (ChunkID:-1 Root:root:/ File:C:/Program Files/UE/UE_4.27/FeaturePacks/TP_PuzzleBP.upack)
[2025.04.08-16.20.45:536][  0]LogPakFile: OnPakFileMounted2Time == 0.000076
[2025.04.08-16.20.45:553][  0]LogPakFile: PakFile PrimaryIndexSize=183
[2025.04.08-16.20.45:554][  0]LogPakFile: PakFile PathHashIndexSize=101
[2025.04.08-16.20.45:554][  0]LogPakFile: PakFile FullDirectoryIndexSize=140
[2025.04.08-16.20.45:554][  0]LogShaderLibrary: Display: ShaderCodeLibraryPakFileMountedCallback: PakFile 'C:/Program Files/UE/UE_4.27/FeaturePacks/TP_Rolling.upack' (chunk index -1, root 'root:/') mounted
[2025.04.08-16.20.45:554][  0]LogShaderLibrary: Display: ShaderCodeLibraryPakFileMountedCallback: pending pak file info (ChunkID:-1 Root:root:/ File:C:/Program Files/UE/UE_4.27/FeaturePacks/TP_Rolling.upack)
[2025.04.08-16.20.45:554][  0]LogPakFile: OnPakFileMounted2Time == 0.000067
[2025.04.08-16.20.45:572][  0]LogPakFile: PakFile PrimaryIndexSize=185
[2025.04.08-16.20.45:572][  0]LogPakFile: PakFile PathHashIndexSize=101
[2025.04.08-16.20.45:572][  0]LogPakFile: PakFile FullDirectoryIndexSize=144
[2025.04.08-16.20.45:572][  0]LogShaderLibrary: Display: ShaderCodeLibraryPakFileMountedCallback: PakFile 'C:/Program Files/UE/UE_4.27/FeaturePacks/TP_RollingBP.upack' (chunk index -1, root 'root:/') mounted
[2025.04.08-16.20.45:572][  0]LogShaderLibrary: Display: ShaderCodeLibraryPakFileMountedCallback: pending pak file info (ChunkID:-1 Root:root:/ File:C:/Program Files/UE/UE_4.27/FeaturePacks/TP_RollingBP.upack)
[2025.04.08-16.20.45:572][  0]LogPakFile: OnPakFileMounted2Time == 0.000083
[2025.04.08-16.20.45:590][  0]LogPakFile: PakFile PrimaryIndexSize=188
[2025.04.08-16.20.45:590][  0]LogPakFile: PakFile PathHashIndexSize=101
[2025.04.08-16.20.45:590][  0]LogPakFile: PakFile FullDirectoryIndexSize=150
[2025.04.08-16.20.45:590][  0]LogShaderLibrary: Display: ShaderCodeLibraryPakFileMountedCallback: PakFile 'C:/Program Files/UE/UE_4.27/FeaturePacks/TP_SideScroller.upack' (chunk index -1, root 'root:/') mounted
[2025.04.08-16.20.45:590][  0]LogShaderLibrary: Display: ShaderCodeLibraryPakFileMountedCallback: pending pak file info (ChunkID:-1 Root:root:/ File:C:/Program Files/UE/UE_4.27/FeaturePacks/TP_SideScroller.upack)
[2025.04.08-16.20.45:590][  0]LogPakFile: OnPakFileMounted2Time == 0.000070
[2025.04.08-16.20.45:608][  0]LogPakFile: PakFile PrimaryIndexSize=190
[2025.04.08-16.20.45:608][  0]LogPakFile: PakFile PathHashIndexSize=101
[2025.04.08-16.20.45:608][  0]LogPakFile: PakFile FullDirectoryIndexSize=154
[2025.04.08-16.20.45:609][  0]LogShaderLibrary: Display: ShaderCodeLibraryPakFileMountedCallback: PakFile 'C:/Program Files/UE/UE_4.27/FeaturePacks/TP_SideScrollerBP.upack' (chunk index -1, root 'root:/') mounted
[2025.04.08-16.20.45:609][  0]LogShaderLibrary: Display: ShaderCodeLibraryPakFileMountedCallback: pending pak file info (ChunkID:-1 Root:root:/ File:C:/Program Files/UE/UE_4.27/FeaturePacks/TP_SideScrollerBP.upack)
[2025.04.08-16.20.45:609][  0]LogPakFile: OnPakFileMounted2Time == 0.000100
[2025.04.08-16.20.45:629][  0]LogPakFile: PakFile PrimaryIndexSize=187
[2025.04.08-16.20.45:629][  0]LogPakFile: PakFile PathHashIndexSize=101
[2025.04.08-16.20.45:629][  0]LogPakFile: PakFile FullDirectoryIndexSize=148
[2025.04.08-16.20.45:629][  0]LogShaderLibrary: Display: ShaderCodeLibraryPakFileMountedCallback: PakFile 'C:/Program Files/UE/UE_4.27/FeaturePacks/TP_ThirdPerson.upack' (chunk index -1, root 'root:/') mounted
[2025.04.08-16.20.45:629][  0]LogShaderLibrary: Display: ShaderCodeLibraryPakFileMountedCallback: pending pak file info (ChunkID:-1 Root:root:/ File:C:/Program Files/UE/UE_4.27/FeaturePacks/TP_ThirdPerson.upack)
[2025.04.08-16.20.45:629][  0]LogPakFile: OnPakFileMounted2Time == 0.000068
[2025.04.08-16.20.45:650][  0]LogPakFile: PakFile PrimaryIndexSize=189
[2025.04.08-16.20.45:650][  0]LogPakFile: PakFile PathHashIndexSize=101
[2025.04.08-16.20.45:650][  0]LogPakFile: PakFile FullDirectoryIndexSize=152
[2025.04.08-16.20.45:650][  0]LogShaderLibrary: Display: ShaderCodeLibraryPakFileMountedCallback: PakFile 'C:/Program Files/UE/UE_4.27/FeaturePacks/TP_ThirdPersonBP.upack' (chunk index -1, root 'root:/') mounted
[2025.04.08-16.20.45:650][  0]LogShaderLibrary: Display: ShaderCodeLibraryPakFileMountedCallback: pending pak file info (ChunkID:-1 Root:root:/ File:C:/Program Files/UE/UE_4.27/FeaturePacks/TP_ThirdPersonBP.upack)
[2025.04.08-16.20.45:650][  0]LogPakFile: OnPakFileMounted2Time == 0.000065
[2025.04.08-16.20.45:668][  0]LogPakFile: PakFile PrimaryIndexSize=183
[2025.04.08-16.20.45:668][  0]LogPakFile: PakFile PathHashIndexSize=101
[2025.04.08-16.20.45:668][  0]LogPakFile: PakFile FullDirectoryIndexSize=140
[2025.04.08-16.20.45:668][  0]LogShaderLibrary: Display: ShaderCodeLibraryPakFileMountedCallback: PakFile 'C:/Program Files/UE/UE_4.27/FeaturePacks/TP_TopDown.upack' (chunk index -1, root 'root:/') mounted
[2025.04.08-16.20.45:668][  0]LogShaderLibrary: Display: ShaderCodeLibraryPakFileMountedCallback: pending pak file info (ChunkID:-1 Root:root:/ File:C:/Program Files/UE/UE_4.27/FeaturePacks/TP_TopDown.upack)
[2025.04.08-16.20.45:668][  0]LogPakFile: OnPakFileMounted2Time == 0.000126
[2025.04.08-16.20.45:686][  0]LogPakFile: PakFile PrimaryIndexSize=185
[2025.04.08-16.20.45:686][  0]LogPakFile: PakFile PathHashIndexSize=101
[2025.04.08-16.20.45:686][  0]LogPakFile: PakFile FullDirectoryIndexSize=144
[2025.04.08-16.20.45:687][  0]LogShaderLibrary: Display: ShaderCodeLibraryPakFileMountedCallback: PakFile 'C:/Program Files/UE/UE_4.27/FeaturePacks/TP_TopDownBP.upack' (chunk index -1, root 'root:/') mounted
[2025.04.08-16.20.45:687][  0]LogShaderLibrary: Display: ShaderCodeLibraryPakFileMountedCallback: pending pak file info (ChunkID:-1 Root:root:/ File:C:/Program Files/UE/UE_4.27/FeaturePacks/TP_TopDownBP.upack)
[2025.04.08-16.20.45:687][  0]LogPakFile: OnPakFileMounted2Time == 0.000073
[2025.04.08-16.20.45:711][  0]LogPakFile: PakFile PrimaryIndexSize=185
[2025.04.08-16.20.45:711][  0]LogPakFile: PakFile PathHashIndexSize=101
[2025.04.08-16.20.45:711][  0]LogPakFile: PakFile FullDirectoryIndexSize=144
[2025.04.08-16.20.45:711][  0]LogShaderLibrary: Display: ShaderCodeLibraryPakFileMountedCallback: PakFile 'C:/Program Files/UE/UE_4.27/FeaturePacks/TP_TwinStick.upack' (chunk index -1, root 'root:/') mounted
[2025.04.08-16.20.45:711][  0]LogShaderLibrary: Display: ShaderCodeLibraryPakFileMountedCallback: pending pak file info (ChunkID:-1 Root:root:/ File:C:/Program Files/UE/UE_4.27/FeaturePacks/TP_TwinStick.upack)
[2025.04.08-16.20.45:711][  0]LogPakFile: OnPakFileMounted2Time == 0.000096
[2025.04.08-16.20.45:727][  0]LogPakFile: PakFile PrimaryIndexSize=187
[2025.04.08-16.20.45:727][  0]LogPakFile: PakFile PathHashIndexSize=101
[2025.04.08-16.20.45:727][  0]LogPakFile: PakFile FullDirectoryIndexSize=148
[2025.04.08-16.20.45:727][  0]LogShaderLibrary: Display: ShaderCodeLibraryPakFileMountedCallback: PakFile 'C:/Program Files/UE/UE_4.27/FeaturePacks/TP_TwinStickBP.upack' (chunk index -1, root 'root:/') mounted
[2025.04.08-16.20.45:727][  0]LogShaderLibrary: Display: ShaderCodeLibraryPakFileMountedCallback: pending pak file info (ChunkID:-1 Root:root:/ File:C:/Program Files/UE/UE_4.27/FeaturePacks/TP_TwinStickBP.upack)
[2025.04.08-16.20.45:727][  0]LogPakFile: OnPakFileMounted2Time == 0.000080
[2025.04.08-16.20.45:744][  0]LogPakFile: PakFile PrimaryIndexSize=183
[2025.04.08-16.20.45:744][  0]LogPakFile: PakFile PathHashIndexSize=101
[2025.04.08-16.20.45:744][  0]LogPakFile: PakFile FullDirectoryIndexSize=140
[2025.04.08-16.20.45:745][  0]LogShaderLibrary: Display: ShaderCodeLibraryPakFileMountedCallback: PakFile 'C:/Program Files/UE/UE_4.27/FeaturePacks/TP_Vehicle.upack' (chunk index -1, root 'root:/') mounted
[2025.04.08-16.20.45:745][  0]LogShaderLibrary: Display: ShaderCodeLibraryPakFileMountedCallback: pending pak file info (ChunkID:-1 Root:root:/ File:C:/Program Files/UE/UE_4.27/FeaturePacks/TP_Vehicle.upack)
[2025.04.08-16.20.45:745][  0]LogPakFile: OnPakFileMounted2Time == 0.000102
[2025.04.08-16.20.45:759][  0]LogPakFile: PakFile PrimaryIndexSize=186
[2025.04.08-16.20.45:759][  0]LogPakFile: PakFile PathHashIndexSize=101
[2025.04.08-16.20.45:759][  0]LogPakFile: PakFile FullDirectoryIndexSize=146
[2025.04.08-16.20.45:759][  0]LogShaderLibrary: Display: ShaderCodeLibraryPakFileMountedCallback: PakFile 'C:/Program Files/UE/UE_4.27/FeaturePacks/TP_VehicleAdv.upack' (chunk index -1, root 'root:/') mounted
[2025.04.08-16.20.45:759][  0]LogShaderLibrary: Display: ShaderCodeLibraryPakFileMountedCallback: pending pak file info (ChunkID:-1 Root:root:/ File:C:/Program Files/UE/UE_4.27/FeaturePacks/TP_VehicleAdv.upack)
[2025.04.08-16.20.45:759][  0]LogPakFile: OnPakFileMounted2Time == 0.000042
[2025.04.08-16.20.45:774][  0]LogPakFile: PakFile PrimaryIndexSize=188
[2025.04.08-16.20.45:774][  0]LogPakFile: PakFile PathHashIndexSize=101
[2025.04.08-16.20.45:774][  0]LogPakFile: PakFile FullDirectoryIndexSize=150
[2025.04.08-16.20.45:774][  0]LogShaderLibrary: Display: ShaderCodeLibraryPakFileMountedCallback: PakFile 'C:/Program Files/UE/UE_4.27/FeaturePacks/TP_VehicleAdvBP.upack' (chunk index -1, root 'root:/') mounted
[2025.04.08-16.20.45:774][  0]LogShaderLibrary: Display: ShaderCodeLibraryPakFileMountedCallback: pending pak file info (ChunkID:-1 Root:root:/ File:C:/Program Files/UE/UE_4.27/FeaturePacks/TP_VehicleAdvBP.upack)
[2025.04.08-16.20.45:774][  0]LogPakFile: OnPakFileMounted2Time == 0.000064
[2025.04.08-16.20.45:790][  0]LogPakFile: PakFile PrimaryIndexSize=185
[2025.04.08-16.20.45:790][  0]LogPakFile: PakFile PathHashIndexSize=101
[2025.04.08-16.20.45:790][  0]LogPakFile: PakFile FullDirectoryIndexSize=144
[2025.04.08-16.20.45:790][  0]LogShaderLibrary: Display: ShaderCodeLibraryPakFileMountedCallback: PakFile 'C:/Program Files/UE/UE_4.27/FeaturePacks/TP_VehicleBP.upack' (chunk index -1, root 'root:/') mounted
[2025.04.08-16.20.45:791][  0]LogShaderLibrary: Display: ShaderCodeLibraryPakFileMountedCallback: pending pak file info (ChunkID:-1 Root:root:/ File:C:/Program Files/UE/UE_4.27/FeaturePacks/TP_VehicleBP.upack)
[2025.04.08-16.20.45:791][  0]LogPakFile: OnPakFileMounted2Time == 0.000092
[2025.04.08-16.20.45:804][  0]LogPakFile: PakFile PrimaryIndexSize=192
[2025.04.08-16.20.45:804][  0]LogPakFile: PakFile PathHashIndexSize=101
[2025.04.08-16.20.45:804][  0]LogPakFile: PakFile FullDirectoryIndexSize=158
[2025.04.08-16.20.45:804][  0]LogShaderLibrary: Display: ShaderCodeLibraryPakFileMountedCallback: PakFile 'C:/Program Files/UE/UE_4.27/FeaturePacks/TP_VirtualRealityBP.upack' (chunk index -1, root 'root:/') mounted
[2025.04.08-16.20.45:804][  0]LogShaderLibrary: Display: ShaderCodeLibraryPakFileMountedCallback: pending pak file info (ChunkID:-1 Root:root:/ File:C:/Program Files/UE/UE_4.27/FeaturePacks/TP_VirtualRealityBP.upack)
[2025.04.08-16.20.45:804][  0]LogPakFile: OnPakFileMounted2Time == 0.000044
[2025.04.08-16.20.46:234][  0]LogNativeClassHierarchy: Verbose: Native class hierarchy updated for 'AddContentDialog' in 0.0004 seconds. Added 0 classes and 0 folders.
[2025.04.08-16.20.46:250][  0]LogNativeClassHierarchy: Verbose: Native class hierarchy updated for 'SceneOutliner' in 0.0004 seconds. Added 2 classes and 0 folders.
[2025.04.08-16.20.46:394][  0]LogSlate: Took 0.000264 seconds to synchronously load lazily loaded font '../../../Engine/Content/Slate/Fonts/Roboto-Regular.ttf' (155K)
[2025.04.08-16.20.46:410][  0]LogSlate: Took 0.013640 seconds to synchronously load lazily loaded font '../../../Engine/Content/Editor/Slate/Fonts/FontAwesome.ttf' (139K)
[2025.04.08-16.20.46:412][  0]LogSlate: Took 0.000293 seconds to synchronously load lazily loaded font '../../../Engine/Content/Slate/Fonts/Roboto-Bold.ttf' (160K)
[2025.04.08-16.20.46:724][  0]LogRenderer: Reallocating scene render targets to support 892x380 Format 10 NumSamples 1 (Frame:1).
[2025.04.08-16.20.46:862][  0]LogSlate: Took 0.015354 seconds to synchronously load lazily loaded font '../../../Engine/Content/Slate/Fonts/Roboto-Light.ttf' (167K)
[2025.04.08-16.20.47:224][  0]LogNativeClassHierarchy: Verbose: Native class hierarchy updated for 'HierarchicalLODOutliner' in 0.0004 seconds. Added 0 classes and 0 folders.
[2025.04.08-16.20.47:224][  0]LogInput: Warning: Action SetDestination uses invalid key OculusGo_Left_Trigger_Click.
[2025.04.08-16.20.47:224][  0]LogInput: Warning: Action ResetVR uses invalid key OculusGo_Left_Back_Click.
[2025.04.08-16.20.47:224][  0]LogInput: Warning: Use -RemoveInvalidKeys to remove instances of these keys from the action mapping.
[2025.04.08-16.20.47:224][  0]LogLoad: (Engine Initialization) Total time: 14.00 seconds
[2025.04.08-16.20.47:224][  0]LogLoad: (Engine Initialization) Total Blueprint compile time: 0.00 seconds
[2025.04.08-16.20.47:293][  0]LogAssetRegistry: Asset discovery search completed in 8.7085 seconds
[2025.04.08-16.20.47:304][  0]LogCollectionManager: Fixed up redirectors for 0 collections in 0.000005 seconds (updated 0 objects)
[2025.04.08-16.20.47:306][  0]LogContentStreaming: Texture pool size now 1000 MB
[2025.04.08-16.20.48:245][ 51]LogSlate: Took 0.000299 seconds to synchronously load lazily loaded font '../../../Engine/Content/Slate/Fonts/Roboto-Light.ttf' (167K)
[2025.04.08-16.20.52:170][272]LogUObjectHash: Compacting FUObjectHashTables data took   0.89ms
[2025.04.08-16.20.52:250][272]LogAssetEditorSubsystem: Opening Asset editor for World /Game/TopDownCPP/Maps/Ui/MainMenuLev.MainMenuLev
[2025.04.08-16.20.52:250][272]Cmd: MAP LOAD FILE="../../../../../../Unreal Projects/Top-Down-Puzzle/TopDownPuzzle/Content/TopDownCPP/Maps/Ui/MainMenuLev.umap" TEMPLATE=0 SHOWPROGRESS=1 FEATURELEVEL=3
[2025.04.08-16.20.52:250][272]LightingResults: New page: Lighting Build
[2025.04.08-16.20.52:252][272]LogNativeClassHierarchy: Verbose: Native class hierarchy updated for 'StatsViewer' in 0.0003 seconds. Added 6 classes and 0 folders.
[2025.04.08-16.20.52:252][272]LoadErrors: New page: Loading map: MainMenuLev.umap
[2025.04.08-16.20.52:253][272]LogWorld: UWorld::CleanupWorld for Untitled, bSessionEnded=true, bCleanupResources=true
[2025.04.08-16.20.52:253][272]LogSlate: InvalidateAllWidgets triggered.  All widgets were invalidated
[2025.04.08-16.20.52:254][272]MapCheck: New page: Map Check
[2025.04.08-16.20.52:254][272]LightingResults: New page: Lighting Build
[2025.04.08-16.20.52:259][272]LogAudio: Display: Audio Device unregistered from world 'None'.
[2025.04.08-16.20.52:261][272]LogUObjectHash: Compacting FUObjectHashTables data took   0.99ms
[2025.04.08-16.20.52:262][272]LogAudio: Display: Audio Device (ID: 1) registered with world 'MainMenuLev'.
[2025.04.08-16.20.52:271][272]LogEditorServer: Finished looking for orphan Actors (0.000 secs)
[2025.04.08-16.20.52:271][272]LogAIModule: Creating AISystem for world MainMenuLev
[2025.04.08-16.20.52:279][272]LogUObjectHash: Compacting FUObjectHashTables data took   0.67ms
[2025.04.08-16.20.52:294][272]Cmd: MAP CHECKDEP NOCLEARLOG
[2025.04.08-16.20.52:294][272]MapCheck: Map check complete: 0 Error(s), 0 Warning(s), took 0.198ms to complete.
[2025.04.08-16.20.52:294][272]LogFileHelpers: Loading map 'MainMenuLev' took 0.044
[2025.04.08-16.20.57:039][552]Cmd: DELETE
[2025.04.08-16.20.57:040][552]Cmd: ACTOR DELETE
[2025.04.08-16.20.57:051][552]LogUObjectHash: Compacting FUObjectHashTables data took   0.24ms
[2025.04.08-16.20.57:052][552]LogEditorActor: Deleted 0 Actors (0.006 secs)
[2025.04.08-16.21.00:554][753]Cmd: DELETE
[2025.04.08-16.21.00:555][753]Cmd: ACTOR DELETE
[2025.04.08-16.21.00:558][753]LogEditorActor: Deleted Actor: SkyLight
[2025.04.08-16.21.00:559][753]LogEditorActor: Deleted Actor: DirectionalLight
[2025.04.08-16.21.00:561][753]LogEditorActor: Deleted Actor: PostProcessVolume
[2025.04.08-16.21.00:566][753]LogUObjectHash: Compacting FUObjectHashTables data took   0.27ms
[2025.04.08-16.21.00:566][753]LogEditorActor: Deleted 3 Actors (0.012 secs)
[2025.04.08-16.21.01:537][804]Cmd: DELETE
[2025.04.08-16.21.01:537][804]Cmd: ACTOR DELETE
[2025.04.08-16.21.01:538][804]LogEditorActor: Deleted Actor: StaticMeshActor
[2025.04.08-16.21.01:544][804]LogUObjectHash: Compacting FUObjectHashTables data took   0.38ms
[2025.04.08-16.21.01:544][804]LogEditorActor: Deleted 1 Actors (0.007 secs)
[2025.04.08-16.21.04:028][948]LogActorFactory: Actor Factory created Cube
[2025.04.08-16.21.04:343][966]LogActorFactory: Actor Factory created Cube
[2025.04.08-16.21.21:836][727]LogEditorViewport: Clicking on Actor (LMB): StaticMeshActor (Cube)
[2025.04.08-16.21.22:834][787]Cmd: DELETE
[2025.04.08-16.21.22:834][787]Cmd: ACTOR DELETE
[2025.04.08-16.21.22:835][787]LogEditorActor: Deleted Actor: StaticMeshActor
[2025.04.08-16.21.22:841][787]LogUObjectHash: Compacting FUObjectHashTables data took   0.44ms
[2025.04.08-16.21.22:841][787]LogEditorActor: Deleted 1 Actors (0.007 secs)
[2025.04.08-16.21.27:983][ 90]LogActorFactory: Actor Factory created Cube
[2025.04.08-16.21.28:402][115]LogActorFactory: Actor Factory created Cube
[2025.04.08-16.23.28:718][197]LogSlate: Took 0.006862 seconds to synchronously load lazily loaded font '../../../Engine/Content/Slate/Fonts/Roboto-Italic.ttf' (157K)
[2025.04.08-16.23.41:748][915]LogEditorClassViewer: Warning: Class /Engine/Tutorial/InWorldBlueprintEditing/TutorialAssets/IWBE_Blutility.IWBE_Blutility_C has parent /Script/Blutility.PlacedEditorUtilityBase, but this parent is not found. The Class will not be shown in ClassViewer.
[2025.04.08-16.24.28:176][687]Cmd: DELETE
[2025.04.08-16.24.28:176][687]Cmd: ACTOR DELETE
[2025.04.08-16.24.28:178][687]LogEditorActor: Deleted Actor: DirectionalLight
[2025.04.08-16.24.28:178][687]LogEditorActor: Deleted Actor: SkyLight
[2025.04.08-16.24.28:187][687]LogUObjectHash: Compacting FUObjectHashTables data took   0.81ms
[2025.04.08-16.24.28:188][687]LogEditorActor: Deleted 2 Actors (0.011 secs)
[2025.04.08-16.24.31:657][893]LogUObjectHash: Compacting FUObjectHashTables data took   0.42ms
[2025.04.08-16.24.31:668][893]LogSavePackage: Moving '../../../../../../Unreal Projects/Top-Down-Puzzle/TopDownPuzzle/Saved/MainMenuLev1CA078FA405DB26D0FCFEC80399903C1.tmp' to '../../../../../../Unreal Projects/Top-Down-Puzzle/TopDownPuzzle/Content/TopDownCPP/Maps/Ui/MainMenuLev.umap'
[2025.04.08-16.24.31:695][893]LogSavePackage: Moving '../../../../../../Unreal Projects/Top-Down-Puzzle/TopDownPuzzle/Saved/MainMenuLev_BuiltData66F3C6094EDF71BC9469BBA97FE19E31.tmp' to '../../../../../../Unreal Projects/Top-Down-Puzzle/TopDownPuzzle/Content/TopDownCPP/Maps/Ui/MainMenuLev_BuiltData.uasset'
[2025.04.08-16.24.31:717][893]AssetCheck: New page: Asset Save: multiple assets
[2025.04.08-16.24.31:717][893]LogContentValidation: Display: Validating World /Game/TopDownCPP/Maps/Ui/MainMenuLev.MainMenuLev
[2025.04.08-16.24.31:717][893]LogContentValidation: Display: Validating MapBuildDataRegistry /Game/TopDownCPP/Maps/Ui/MainMenuLev_BuiltData.MainMenuLev_BuiltData
[2025.04.08-16.25.27:725][251]Cmd: DELETE
[2025.04.08-16.25.27:725][251]Cmd: ACTOR DELETE
[2025.04.08-16.25.27:726][251]LogEditorActor: Deleted Actor: StaticMeshActor
[2025.04.08-16.25.27:733][251]LogUObjectHash: Compacting FUObjectHashTables data took   0.71ms
[2025.04.08-16.25.27:734][251]LogEditorActor: Deleted 1 Actors (0.008 secs)
[2025.04.08-16.25.30:690][425]Cmd: BRUSH ADD SELECTNEWBRUSH
[2025.04.08-16.25.38:199][870]LogUObjectHash: Compacting FUObjectHashTables data took   1.35ms
[2025.04.08-16.25.38:205][870]LogSavePackage: Moving '../../../../../../Unreal Projects/Top-Down-Puzzle/TopDownPuzzle/Saved/MainMenuLevC2A17384457C547D7E761AA831D73F0D.tmp' to '../../../../../../Unreal Projects/Top-Down-Puzzle/TopDownPuzzle/Content/TopDownCPP/Maps/Ui/MainMenuLev.umap'
[2025.04.08-16.25.38:228][870]LogSavePackage: Moving '../../../../../../Unreal Projects/Top-Down-Puzzle/TopDownPuzzle/Saved/MainMenuLev_BuiltDataD46B86174695AE58540E23B93B629143.tmp' to '../../../../../../Unreal Projects/Top-Down-Puzzle/TopDownPuzzle/Content/TopDownCPP/Maps/Ui/MainMenuLev_BuiltData.uasset'
[2025.04.08-16.25.38:248][870]AssetCheck: New page: Asset Save: multiple assets
[2025.04.08-16.25.38:248][870]LogContentValidation: Display: Validating World /Game/TopDownCPP/Maps/Ui/MainMenuLev.MainMenuLev
[2025.04.08-16.25.38:248][870]LogContentValidation: Display: Validating MapBuildDataRegistry /Game/TopDownCPP/Maps/Ui/MainMenuLev_BuiltData.MainMenuLev_BuiltData
[2025.04.08-16.25.49:112][100]LogEditorViewport: Clicking on Actor (context menu): Brush (Box Brush)
[2025.04.08-16.25.50:198][163]LogEditorViewport: Clicking Background
[2025.04.08-16.28.57:784][574]LogEditorViewport: Clicking Background
[2025.04.08-16.29.00:860][748]Cmd: DELETE
[2025.04.08-16.29.00:860][748]Cmd: ACTOR DELETE
[2025.04.08-16.29.00:933][748]LogEditorActor: Deleted Actor: SkyAtmosphere
[2025.04.08-16.29.01:003][748]LogUObjectHash: Compacting FUObjectHashTables data took   1.44ms
[2025.04.08-16.29.01:021][748]LogEditorActor: Deleted 1 Actors (0.131 secs)
[2025.04.08-16.29.25:075][126]LogEditorViewport: Clicking on Actor (LMB): AtmosphericFog (AtmosphericFog)
[2025.04.08-16.29.35:631][755]LogUObjectHash: Compacting FUObjectHashTables data took   0.85ms
[2025.04.08-16.29.35:667][755]LogSavePackage: Moving '../../../../../../Unreal Projects/Top-Down-Puzzle/TopDownPuzzle/Saved/MainMenuLevE796DDAC445648E711351898A39E5914.tmp' to '../../../../../../Unreal Projects/Top-Down-Puzzle/TopDownPuzzle/Content/TopDownCPP/Maps/Ui/MainMenuLev.umap'
[2025.04.08-16.29.35:708][755]LogSavePackage: Moving '../../../../../../Unreal Projects/Top-Down-Puzzle/TopDownPuzzle/Saved/MainMenuLev_BuiltDataDD1A0D3F4D49E3E941DAB391208075FE.tmp' to '../../../../../../Unreal Projects/Top-Down-Puzzle/TopDownPuzzle/Content/TopDownCPP/Maps/Ui/MainMenuLev_BuiltData.uasset'
[2025.04.08-16.29.35:725][755]AssetCheck: New page: Asset Save: multiple assets
[2025.04.08-16.29.35:725][755]LogContentValidation: Display: Validating World /Game/TopDownCPP/Maps/Ui/MainMenuLev.MainMenuLev
[2025.04.08-16.29.35:726][755]LogContentValidation: Display: Validating MapBuildDataRegistry /Game/TopDownCPP/Maps/Ui/MainMenuLev_BuiltData.MainMenuLev_BuiltData
[2025.04.08-16.31.24:821][160]LogEditorViewport: Clicking Background
[2025.04.08-16.31.38:361][965]LogUObjectHash: Compacting FUObjectHashTables data took   1.84ms
[2025.04.08-16.31.38:368][965]LogSavePackage: Moving '../../../../../../Unreal Projects/Top-Down-Puzzle/TopDownPuzzle/Saved/MainMenuLev08EB24BC4769F2490E0C91B52579588D.tmp' to '../../../../../../Unreal Projects/Top-Down-Puzzle/TopDownPuzzle/Content/TopDownCPP/Maps/Ui/MainMenuLev.umap'
[2025.04.08-16.31.38:391][965]LogSavePackage: Moving '../../../../../../Unreal Projects/Top-Down-Puzzle/TopDownPuzzle/Saved/MainMenuLev_BuiltDataFFFA32214A212CD299E2EDA7417C486D.tmp' to '../../../../../../Unreal Projects/Top-Down-Puzzle/TopDownPuzzle/Content/TopDownCPP/Maps/Ui/MainMenuLev_BuiltData.uasset'
[2025.04.08-16.31.38:408][965]AssetCheck: New page: Asset Save: multiple assets
[2025.04.08-16.31.38:408][965]LogContentValidation: Display: Validating World /Game/TopDownCPP/Maps/Ui/MainMenuLev.MainMenuLev
[2025.04.08-16.31.38:408][965]LogContentValidation: Display: Validating MapBuildDataRegistry /Game/TopDownCPP/Maps/Ui/MainMenuLev_BuiltData.MainMenuLev_BuiltData
[2025.04.08-16.32.22:524][603]LogUObjectHash: Compacting FUObjectHashTables data took   0.69ms
[2025.04.08-16.32.22:532][603]LogSavePackage: Moving '../../../../../../Unreal Projects/Top-Down-Puzzle/TopDownPuzzle/Saved/MainMenuLevC28045304E64D12FC8315498BA33BAB4.tmp' to '../../../../../../Unreal Projects/Top-Down-Puzzle/TopDownPuzzle/Content/TopDownCPP/Maps/Ui/MainMenuLev.umap'
[2025.04.08-16.32.22:553][603]LogSavePackage: Moving '../../../../../../Unreal Projects/Top-Down-Puzzle/TopDownPuzzle/Saved/MainMenuLev_BuiltData600335E049CC997A8ADEE597EFE96E56.tmp' to '../../../../../../Unreal Projects/Top-Down-Puzzle/TopDownPuzzle/Content/TopDownCPP/Maps/Ui/MainMenuLev_BuiltData.uasset'
[2025.04.08-16.32.22:571][603]AssetCheck: New page: Asset Save: multiple assets
[2025.04.08-16.32.22:571][603]LogContentValidation: Display: Validating World /Game/TopDownCPP/Maps/Ui/MainMenuLev.MainMenuLev
[2025.04.08-16.32.22:571][603]LogContentValidation: Display: Validating MapBuildDataRegistry /Game/TopDownCPP/Maps/Ui/MainMenuLev_BuiltData.MainMenuLev_BuiltData
[2025.04.08-16.32.25:848][796]LogUObjectHash: Compacting FUObjectHashTables data took   0.33ms
[2025.04.08-16.32.25:856][796]LogSavePackage: Moving '../../../../../../Unreal Projects/Top-Down-Puzzle/TopDownPuzzle/Saved/MainMenuLev2AB382D34799C178E8791E84FB11D7CD.tmp' to '../../../../../../Unreal Projects/Top-Down-Puzzle/TopDownPuzzle/Content/TopDownCPP/Maps/Ui/MainMenuLev.umap'
[2025.04.08-16.32.25:879][796]LogSavePackage: Moving '../../../../../../Unreal Projects/Top-Down-Puzzle/TopDownPuzzle/Saved/MainMenuLev_BuiltData6FA38BC546B1323A1B0567BE18BEABF3.tmp' to '../../../../../../Unreal Projects/Top-Down-Puzzle/TopDownPuzzle/Content/TopDownCPP/Maps/Ui/MainMenuLev_BuiltData.uasset'
[2025.04.08-16.32.25:896][796]AssetCheck: New page: Asset Save: multiple assets
[2025.04.08-16.32.25:896][796]LogContentValidation: Display: Validating World /Game/TopDownCPP/Maps/Ui/MainMenuLev.MainMenuLev
[2025.04.08-16.32.25:896][796]LogContentValidation: Display: Validating MapBuildDataRegistry /Game/TopDownCPP/Maps/Ui/MainMenuLev_BuiltData.MainMenuLev_BuiltData
[2025.04.08-16.32.31:909][148]LogUObjectHash: Compacting FUObjectHashTables data took   1.19ms
[2025.04.08-16.32.31:915][148]LogSavePackage: Moving '../../../../../../Unreal Projects/Top-Down-Puzzle/TopDownPuzzle/Saved/MainMenuLev5013F45B47F333B68D46A79CF407F65F.tmp' to '../../../../../../Unreal Projects/Top-Down-Puzzle/TopDownPuzzle/Content/TopDownCPP/Maps/Ui/MainMenuLev.umap'
[2025.04.08-16.32.31:940][148]LogSavePackage: Moving '../../../../../../Unreal Projects/Top-Down-Puzzle/TopDownPuzzle/Saved/MainMenuLev_BuiltData7A7E56FA40FB1E70B3856B8F51AD4C4F.tmp' to '../../../../../../Unreal Projects/Top-Down-Puzzle/TopDownPuzzle/Content/TopDownCPP/Maps/Ui/MainMenuLev_BuiltData.uasset'
[2025.04.08-16.32.31:958][148]AssetCheck: New page: Asset Save: multiple assets
[2025.04.08-16.32.31:958][148]LogContentValidation: Display: Validating World /Game/TopDownCPP/Maps/Ui/MainMenuLev.MainMenuLev
[2025.04.08-16.32.31:958][148]LogContentValidation: Display: Validating MapBuildDataRegistry /Game/TopDownCPP/Maps/Ui/MainMenuLev_BuiltData.MainMenuLev_BuiltData
[2025.04.08-16.32.51:918][335]LogAssetEditorSubsystem: Opening Asset editor for WidgetBlueprint /Game/TopDownCPP/Maps/Ui/MainMenu.MainMenu
[2025.04.08-16.32.53:014][335]LogNativeClassHierarchy: Verbose: Native class hierarchy updated for 'BlueprintGraph' in 0.0018 seconds. Added 126 classes and 0 folders.
[2025.04.08-16.32.54:478][335]LogSlate: Took 0.006710 seconds to synchronously load lazily loaded font '../../../Engine/Content/Slate/Fonts/Roboto-BoldCondensed.ttf' (158K)
[2025.04.08-16.34.20:256][633]LogSlate: Prevented a slow task dialog from being summoned while a context menu was open
[2025.04.08-16.34.20:276][633]LogEditorClassViewer: Warning: Class /Engine/Tutorial/InWorldBlueprintEditing/TutorialAssets/IWBE_Blutility.IWBE_Blutility_C has parent /Script/Blutility.PlacedEditorUtilityBase, but this parent is not found. The Class will not be shown in ClassViewer.
[2025.04.08-16.34.43:528][791]LogSlate: Window 'Create New GameMode' being destroyed
[2025.04.08-16.35.07:224][314]LogSlate: Window 'Pick Parent Class' being destroyed
[2025.04.08-16.35.07:236][314]LogContentBrowser: Deferred new asset file creation: NewBlueprint
[2025.04.08-16.35.07:253][314]LogContentBrowser: Creating deferred item: NewBlueprint
[2025.04.08-16.35.13:409][684]LogContentBrowser: Attempting asset rename: NewBlueprint -> MainMenuCharacter
[2025.04.08-16.35.13:422][684]LogContentBrowser: End creating deferred item NewBlueprint
[2025.04.08-16.35.14:937][774]LogAssetEditorSubsystem: Opening Asset editor for Blueprint /Game/TopDownCPP/Maps/Ui/MainMenuCharacter.MainMenuCharacter
[2025.04.08-16.35.15:748][774]LogRenderer: Reallocating scene render targets to support 908x576 Format 10 NumSamples 1 (Frame:1).
[2025.04.08-16.35.38:033][435]LogSlate: Prevented a slow task dialog from being summoned while a context menu was open
[2025.04.08-16.35.38:053][435]LogEditorClassViewer: Warning: Class /Engine/Tutorial/InWorldBlueprintEditing/TutorialAssets/IWBE_Blutility.IWBE_Blutility_C has parent /Script/Blutility.PlacedEditorUtilityBase, but this parent is not found. The Class will not be shown in ClassViewer.
[2025.04.08-16.36.53:595][812]LogVSAccessor: Warning: Couldn't goto line number '1' in 'C:/Program Files/UE/UE_4.27/Engine/Source/Runtime/Engine/Classes/GameFramework/PlayerController.h'
[2025.04.08-16.37.53:483][ 72]BlueprintLog: New page: Compile MainMenuCharacter
[2025.04.08-16.37.53:560][ 72]LogUObjectHash: Compacting FUObjectHashTables data took   4.51ms
[2025.04.08-16.37.54:411][118]LogSavePackage: Moving '../../../../../../Unreal Projects/Top-Down-Puzzle/TopDownPuzzle/Saved/MainMenuCharacter89143B5E48476214E42373B85B968676.tmp' to '../../../../../../Unreal Projects/Top-Down-Puzzle/TopDownPuzzle/Content/TopDownCPP/Maps/Ui/MainMenuCharacter.uasset'
[2025.04.08-16.37.54:436][118]AssetCheck: New page: Asset Save: MainMenuCharacter
[2025.04.08-16.37.54:436][118]LogContentValidation: Display: Validating Blueprint /Game/TopDownCPP/Maps/Ui/MainMenuCharacter.MainMenuCharacter
[2025.04.08-16.38.05:226][741]LogSlate: Prevented a slow task dialog from being summoned while a context menu was open
[2025.04.08-16.38.05:246][741]LogEditorClassViewer: Warning: Class /Engine/Tutorial/InWorldBlueprintEditing/TutorialAssets/IWBE_Blutility.IWBE_Blutility_C has parent /Script/Blutility.PlacedEditorUtilityBase, but this parent is not found. The Class will not be shown in ClassViewer.
[2025.04.08-16.38.43:572][447]LogUObjectHash: Compacting FUObjectHashTables data took   3.36ms
[2025.04.08-16.38.43:581][447]LogSavePackage: Moving '../../../../../../Unreal Projects/Top-Down-Puzzle/TopDownPuzzle/Saved/MainMenuLevFD41E8D14FC78BB51FB1FC8615E9DBC7.tmp' to '../../../../../../Unreal Projects/Top-Down-Puzzle/TopDownPuzzle/Content/TopDownCPP/Maps/Ui/MainMenuLev.umap'
[2025.04.08-16.38.43:602][447]LogSavePackage: Moving '../../../../../../Unreal Projects/Top-Down-Puzzle/TopDownPuzzle/Saved/MainMenuLev_BuiltDataBEC627A7437D0E8DB6779FB3FA47CA19.tmp' to '../../../../../../Unreal Projects/Top-Down-Puzzle/TopDownPuzzle/Content/TopDownCPP/Maps/Ui/MainMenuLev_BuiltData.uasset'
[2025.04.08-16.38.43:622][447]AssetCheck: New page: Asset Save: multiple assets
[2025.04.08-16.38.43:622][447]LogContentValidation: Display: Validating World /Game/TopDownCPP/Maps/Ui/MainMenuLev.MainMenuLev
[2025.04.08-16.38.43:622][447]LogContentValidation: Display: Validating MapBuildDataRegistry /Game/TopDownCPP/Maps/Ui/MainMenuLev_BuiltData.MainMenuLev_BuiltData
[2025.04.08-16.38.56:616][701]LogUObjectHash: Compacting FUObjectHashTables data took   1.67ms
[2025.04.08-16.38.56:625][701]LogSavePackage: Moving '../../../../../../Unreal Projects/Top-Down-Puzzle/TopDownPuzzle/Saved/MainMenuLevCDAD567E4E9F625EA56456838261C74F.tmp' to '../../../../../../Unreal Projects/Top-Down-Puzzle/TopDownPuzzle/Content/TopDownCPP/Maps/Ui/MainMenuLev.umap'
[2025.04.08-16.38.56:648][701]LogSavePackage: Moving '../../../../../../Unreal Projects/Top-Down-Puzzle/TopDownPuzzle/Saved/MainMenuLev_BuiltDataFE6F4AB240F0390A9800E0A2E50C752B.tmp' to '../../../../../../Unreal Projects/Top-Down-Puzzle/TopDownPuzzle/Content/TopDownCPP/Maps/Ui/MainMenuLev_BuiltData.uasset'
[2025.04.08-16.38.56:675][701]AssetCheck: New page: Asset Save: multiple assets
[2025.04.08-16.38.56:675][701]LogContentValidation: Display: Validating World /Game/TopDownCPP/Maps/Ui/MainMenuLev.MainMenuLev
[2025.04.08-16.38.56:675][701]LogContentValidation: Display: Validating MapBuildDataRegistry /Game/TopDownCPP/Maps/Ui/MainMenuLev_BuiltData.MainMenuLev_BuiltData
[2025.04.08-16.38.58:742][817]LogTemp: Repeating last play command: Selected Viewport
[2025.04.08-16.38.58:757][817]LogPlayLevel: PlayLevel: No blueprints needed recompiling
[2025.04.08-16.38.58:758][817]PIE: New page: PIE session: MainMenuLev (08-Apr-2025, 8:38:58 am)
[2025.04.08-16.38.58:767][817]LogOnline: OSS: Creating online subsystem instance for: NULL
[2025.04.08-16.38.58:772][817]LogOnline: OSS: TryLoadSubsystemAndSetDefault: Loaded subsystem for module [NULL]
[2025.04.08-16.38.58:773][817]LogPlayLevel: Creating play world package: /Game/TopDownCPP/Maps/Ui/UEDPIE_0_MainMenuLev
[2025.04.08-16.38.58:777][817]LogPlayLevel: PIE: StaticDuplicateObject took: (0.004450s)
[2025.04.08-16.38.58:780][817]LogAIModule: Creating AISystem for world MainMenuLev
[2025.04.08-16.38.58:784][817]LogPlayLevel: PIE: World Init took: (0.006605s)
[2025.04.08-16.38.58:784][817]LogPlayLevel: PIE: Created PIE world by copying editor world from /Game/TopDownCPP/Maps/Ui/MainMenuLev.MainMenuLev to /Game/TopDownCPP/Maps/Ui/UEDPIE_0_MainMenuLev.MainMenuLev (0.011429s)
[2025.04.08-16.38.58:814][817]LogUObjectHash: Compacting FUObjectHashTables data took   2.57ms
[2025.04.08-16.38.58:817][817]LogAudio: Display: Creating Audio Device:                 Id: 2, Scope: Unique, Realtime: True
[2025.04.08-16.38.58:819][817]LogAudioMixer: Display: Audio Mixer Platform Settings:
[2025.04.08-16.38.58:819][817]LogAudioMixer: Display: 	Sample Rate:						  48000
[2025.04.08-16.38.58:819][817]LogAudioMixer: Display: 	Callback Buffer Frame Size Requested: 1024
[2025.04.08-16.38.58:819][817]LogAudioMixer: Display: 	Callback Buffer Frame Size To Use:	  1024
[2025.04.08-16.38.58:819][817]LogAudioMixer: Display: 	Number of buffers to queue:			  2
[2025.04.08-16.38.58:819][817]LogAudioMixer: Display: 	Max Channels (voices):				  32
[2025.04.08-16.38.58:819][817]LogAudioMixer: Display: 	Number of Async Source Workers:		  0
[2025.04.08-16.38.58:820][817]LogAudio: Display: AudioDevice MaxSources: 32
[2025.04.08-16.38.58:822][817]LogAudio: Display: Audio Spatialization Plugin: None (built-in).
[2025.04.08-16.38.58:822][817]LogAudio: Display: Audio Reverb Plugin: None (built-in).
[2025.04.08-16.38.58:822][817]LogAudio: Display: Audio Occlusion Plugin: None (built-in).
[2025.04.08-16.38.58:822][817]LogAudioMixer: Display: Initializing audio mixer.
[2025.04.08-16.38.58:833][817]LogAudioMixer: Display: 0: FrontLeft
[2025.04.08-16.38.58:833][817]LogAudioMixer: Display: 1: FrontRight
[2025.04.08-16.38.58:851][817]LogAudioMixer: Display: Using Audio Device Headphone (Realtek(R) Audio)
[2025.04.08-16.38.58:853][817]LogAudioMixer: Display: Initializing Sound Submixes...
[2025.04.08-16.38.58:853][817]LogAudioMixer: Display: Creating Master Submix 'MasterSubmixDefault'
[2025.04.08-16.38.58:853][817]LogAudioMixer: Display: Creating Master Submix 'MasterReverbSubmixDefault'
[2025.04.08-16.38.58:854][817]LogAudioMixer: Display: Creating Master Submix 'MasterEQSubmixDefault'
[2025.04.08-16.38.58:854][817]LogAudioMixer: FMixerPlatformXAudio2::StartAudioStream() called
[2025.04.08-16.38.58:854][817]LogAudioMixer: Display: Output buffers initialized: Frames=1024, Channels=2, Samples=2048
[2025.04.08-16.38.58:856][817]LogAudioMixer: Display: Starting AudioMixerPlatformInterface::RunInternal()
[2025.04.08-16.38.58:856][817]LogAudioMixer: Display: FMixerPlatformXAudio2::SubmitBuffer() called for the first time
[2025.04.08-16.38.58:856][817]LogInit: FAudioDevice initialized.
[2025.04.08-16.38.58:856][817]LogAudio: Display: Audio Device (ID: 2) registered with world 'MainMenuLev'.
[2025.04.08-16.38.58:869][817]LogLoad: Game class is 'NewGameModeGM_C'
[2025.04.08-16.38.58:871][817]LogWorld: Bringing World /Game/TopDownCPP/Maps/Ui/UEDPIE_0_MainMenuLev.MainMenuLev up for play (max tick rate 60) at 2025.04.08-12.38.58
[2025.04.08-16.38.58:872][817]LogWorld: Bringing up level for play took: 0.001442
[2025.04.08-16.38.58:876][817]LogOnline: OSS: Creating online subsystem instance for: :Context_7
[2025.04.08-16.38.58:897][817]LogNativeClassHierarchy: Verbose: Native class hierarchy updated for 'MovieSceneCapture' in 0.0004 seconds. Added 20 classes and 0 folders.
[2025.04.08-16.38.58:904][817]PIE: Server logged in
[2025.04.08-16.38.58:904][817]PIE: Play in editor total start time 0.153 seconds.
[2025.04.08-16.39.07:775][326]LogSlate: Updating window title bar state: overlay mode, drag disabled, window buttons hidden, title bar hidden
[2025.04.08-16.39.07:775][326]LogWorld: BeginTearingDown for /Game/TopDownCPP/Maps/Ui/UEDPIE_0_MainMenuLev
[2025.04.08-16.39.07:777][326]LogWorld: UWorld::CleanupWorld for MainMenuLev, bSessionEnded=true, bCleanupResources=true
[2025.04.08-16.39.07:777][326]LogSlate: InvalidateAllWidgets triggered.  All widgets were invalidated
[2025.04.08-16.39.07:789][326]LogPlayLevel: Display: Shutting down PIE online subsystems
[2025.04.08-16.39.07:808][326]LogSlate: InvalidateAllWidgets triggered.  All widgets were invalidated
[2025.04.08-16.39.07:836][326]LogSlate: Updating window title bar state: overlay mode, drag disabled, window buttons hidden, title bar hidden
[2025.04.08-16.39.07:843][326]LogAudioMixer: FMixerPlatformXAudio2::StopAudioStream() called
[2025.04.08-16.39.07:845][326]LogAudioMixer: FMixerPlatformXAudio2::StopAudioStream() called
[2025.04.08-16.39.07:877][326]LogUObjectHash: Compacting FUObjectHashTables data took   5.68ms
[2025.04.08-16.39.07:902][327]LogPlayLevel: Display: Destroying online subsystem :Context_7
[2025.04.08-16.39.15:551][760]LogPlayLevel: PlayLevel: No blueprints needed recompiling
[2025.04.08-16.39.15:551][760]PIE: New page: PIE session: MainMenuLev (08-Apr-2025, 8:39:15 am)
[2025.04.08-16.39.15:551][760]LogPlayLevel: Creating play world package: /Game/TopDownCPP/Maps/Ui/UEDPIE_0_MainMenuLev
[2025.04.08-16.39.15:554][760]LogPlayLevel: PIE: StaticDuplicateObject took: (0.003008s)
[2025.04.08-16.39.15:555][760]LogAIModule: Creating AISystem for world MainMenuLev
[2025.04.08-16.39.15:556][760]LogPlayLevel: PIE: World Init took: (0.001763s)
[2025.04.08-16.39.15:556][760]LogPlayLevel: PIE: Created PIE world by copying editor world from /Game/TopDownCPP/Maps/Ui/MainMenuLev.MainMenuLev to /Game/TopDownCPP/Maps/Ui/UEDPIE_0_MainMenuLev.MainMenuLev (0.004953s)
[2025.04.08-16.39.15:600][760]LogUObjectHash: Compacting FUObjectHashTables data took   4.03ms
[2025.04.08-16.39.15:603][760]LogAudio: Display: Creating Audio Device:                 Id: 3, Scope: Unique, Realtime: True
[2025.04.08-16.39.15:603][760]LogAudioMixer: Display: Audio Mixer Platform Settings:
[2025.04.08-16.39.15:603][760]LogAudioMixer: Display: 	Sample Rate:						  48000
[2025.04.08-16.39.15:603][760]LogAudioMixer: Display: 	Callback Buffer Frame Size Requested: 1024
[2025.04.08-16.39.15:603][760]LogAudioMixer: Display: 	Callback Buffer Frame Size To Use:	  1024
[2025.04.08-16.39.15:603][760]LogAudioMixer: Display: 	Number of buffers to queue:			  2
[2025.04.08-16.39.15:603][760]LogAudioMixer: Display: 	Max Channels (voices):				  32
[2025.04.08-16.39.15:603][760]LogAudioMixer: Display: 	Number of Async Source Workers:		  0
[2025.04.08-16.39.15:603][760]LogAudio: Display: AudioDevice MaxSources: 32
[2025.04.08-16.39.15:604][760]LogAudio: Display: Audio Spatialization Plugin: None (built-in).
[2025.04.08-16.39.15:604][760]LogAudio: Display: Audio Reverb Plugin: None (built-in).
[2025.04.08-16.39.15:604][760]LogAudio: Display: Audio Occlusion Plugin: None (built-in).
[2025.04.08-16.39.15:604][760]LogAudioMixer: Display: Initializing audio mixer.
[2025.04.08-16.39.15:608][760]LogAudioMixer: Display: 0: FrontLeft
[2025.04.08-16.39.15:608][760]LogAudioMixer: Display: 1: FrontRight
[2025.04.08-16.39.15:624][760]LogAudioMixer: Display: Using Audio Device Headphone (Realtek(R) Audio)
[2025.04.08-16.39.15:624][760]LogAudioMixer: Display: Initializing Sound Submixes...
[2025.04.08-16.39.15:624][760]LogAudioMixer: Display: Creating Master Submix 'MasterSubmixDefault'
[2025.04.08-16.39.15:624][760]LogAudioMixer: Display: Creating Master Submix 'MasterReverbSubmixDefault'
[2025.04.08-16.39.15:625][760]LogAudioMixer: Display: Creating Master Submix 'MasterEQSubmixDefault'
[2025.04.08-16.39.15:625][760]LogAudioMixer: FMixerPlatformXAudio2::StartAudioStream() called
[2025.04.08-16.39.15:625][760]LogAudioMixer: Display: Output buffers initialized: Frames=1024, Channels=2, Samples=2048
[2025.04.08-16.39.15:626][760]LogAudioMixer: Display: Starting AudioMixerPlatformInterface::RunInternal()
[2025.04.08-16.39.15:626][760]LogAudioMixer: Display: FMixerPlatformXAudio2::SubmitBuffer() called for the first time
[2025.04.08-16.39.15:626][760]LogInit: FAudioDevice initialized.
[2025.04.08-16.39.15:626][760]LogAudio: Display: Audio Device (ID: 3) registered with world 'MainMenuLev'.
[2025.04.08-16.39.15:648][760]LogSlate: Updating window title bar state: overlay mode, drag disabled, window buttons hidden, title bar hidden
[2025.04.08-16.39.15:648][760]LogLoad: Game class is 'NewGameModeGM_C'
[2025.04.08-16.39.15:650][760]LogWorld: Bringing World /Game/TopDownCPP/Maps/Ui/UEDPIE_0_MainMenuLev.MainMenuLev up for play (max tick rate 60) at 2025.04.08-12.39.15
[2025.04.08-16.39.15:650][760]LogWorld: Bringing up level for play took: 0.000714
[2025.04.08-16.39.15:650][760]LogOnline: OSS: Creating online subsystem instance for: :Context_8
[2025.04.08-16.39.15:657][760]PIE: Server logged in
[2025.04.08-16.39.15:659][760]PIE: Play in editor total start time 0.113 seconds.
[2025.04.08-16.39.15:696][761]LogRenderer: Reallocating scene render targets to support 1024x576 Format 10 NumSamples 1 (Frame:1).
[2025.04.08-16.39.17:282][848]LogRenderer: Reallocating scene render targets to support 1536x792 Format 10 NumSamples 1 (Frame:89).
[2025.04.08-16.39.21:163][ 77]LogSlate: Window 'TopDownPuzzle Preview [NetMode: Standalone]  (64-bit/Windows) ' being destroyed
[2025.04.08-16.39.21:180][ 77]LogWorld: BeginTearingDown for /Game/TopDownCPP/Maps/Ui/UEDPIE_0_MainMenuLev
[2025.04.08-16.39.21:180][ 77]LogWorld: UWorld::CleanupWorld for MainMenuLev, bSessionEnded=true, bCleanupResources=true
[2025.04.08-16.39.21:180][ 77]LogSlate: InvalidateAllWidgets triggered.  All widgets were invalidated
[2025.04.08-16.39.21:191][ 77]LogPlayLevel: Display: Shutting down PIE online subsystems
[2025.04.08-16.39.21:214][ 77]LogSlate: InvalidateAllWidgets triggered.  All widgets were invalidated
[2025.04.08-16.39.21:261][ 77]LogAudio: Display: Audio Device unregistered from world 'None'.
[2025.04.08-16.39.21:261][ 77]LogAudioMixer: FMixerPlatformXAudio2::StopAudioStream() called
[2025.04.08-16.39.21:263][ 77]LogAudioMixer: FMixerPlatformXAudio2::StopAudioStream() called
[2025.04.08-16.39.21:274][ 77]LogUObjectHash: Compacting FUObjectHashTables data took   6.38ms
[2025.04.08-16.39.21:304][ 78]LogPlayLevel: Display: Destroying online subsystem :Context_8
[2025.04.08-16.42.37:651][525]LogSlate: Only BGRA pngs, bmps or icos are supported in by External Image Picker
[2025.04.08-16.43.17:734][595]LogSlate: Window 'Project Settings' being destroyed
[2025.04.08-16.43.17:743][595]LogSlate: Window 'Project Settings' being destroyed
[2025.04.08-16.52.34:798][830]LogEditorClassViewer: Warning: Class /Engine/Tutorial/InWorldBlueprintEditing/TutorialAssets/IWBE_Blutility.IWBE_Blutility_C has parent /Script/Blutility.PlacedEditorUtilityBase, but this parent is not found. The Class will not be shown in ClassViewer.
[2025.04.08-16.52.34:801][830]LogSlate: Warning: Slate: Had to block on waiting for a draw buffer
[2025.04.08-16.52.57:547][ 90]Running C:/Program Files/UE/UE_4.27/Engine/Binaries/DotNET/UnrealBuildTool.exe  -projectfiles -project="C:/Unreal Projects/Top-Down-Puzzle/TopDownPuzzle/TopDownPuzzle.uproject" -game -rocket -progress
[2025.04.08-16.52.59:854][ 90]Discovering modules, targets and source code for project...
[2025.04.08-16.53.28:428][ 90]Binding IntelliSense data...
[2025.04.08-16.53.46:352][ 90]Binding IntelliSense data... 50%
[2025.04.08-16.53.46:352][ 90]Binding IntelliSense data... 100%
[2025.04.08-16.53.46:352][ 90]Writing project files...
[2025.04.08-16.53.51:912][ 90]Writing project files... 100%
[2025.04.08-16.53.52:234][ 90]LogVSAccessor: Warning: Couldn't access Visual Studio
[2025.04.08-16.53.52:550][ 90]Candidate modules for hot reload:
[2025.04.08-16.53.52:550][ 90]  TopDownPuzzle
[2025.04.08-16.53.52:572][ 90]Launching UnrealBuildTool... [C:/Program Files/UE/UE_4.27/Engine/Binaries/DotNET/UnrealBuildTool.exe  -ModuleWithSuffix=TopDownPuzzle,0523 TopDownPuzzleEditor Win64 Development -Project="C:/Unreal Projects/Top-Down-Puzzle/TopDownPuzzle/TopDownPuzzle.uproject" "C:/Unreal Projects/Top-Down-Puzzle/TopDownPuzzle/TopDownPuzzle.uproject"  -IgnoreJunk]
[2025.04.08-16.54.29:417][ 90]CompilerResultsLog: New page: Compilation - 08-Apr-2025, 8:54:29 am
[2025.04.08-16.54.29:417][ 90]CompilerResultsLog: Using 'git status' to determine working set for adaptive non-unity build (C:\Unreal Projects\Top-Down-Puzzle).
[2025.04.08-16.54.29:417][ 90]CompilerResultsLog: Creating makefile for TopDownPuzzleEditor (no existing makefile)
[2025.04.08-16.54.29:417][ 90]CompilerResultsLog: Parsing headers for TopDownPuzzleEditor
[2025.04.08-16.54.29:417][ 90]CompilerResultsLog:   Running UnrealHeaderTool "C:\Unreal Projects\Top-Down-Puzzle\TopDownPuzzle\TopDownPuzzle.uproject" "C:\Unreal Projects\Top-Down-Puzzle\TopDownPuzzle\Intermediate\Build\Win64\TopDownPuzzleEditor\Development\TopDownPuzzleEditor.uhtmanifest" -LogCmds="loginit warning, logexit warning, logdatabase error" -Unattended -WarningsAsErrors -abslog="C:\Users\patel\AppData\Local\UnrealBuildTool\Log_UHT.txt" -installed
[2025.04.08-16.54.29:418][ 90]CompilerResultsLog: LogInit: Display: Loading text-based GConfig....
[2025.04.08-16.54.29:418][ 90]CompilerResultsLog: Reflection code generated for TopDownPuzzleEditor in 25.8085707 seconds
[2025.04.08-16.54.29:418][ 90]CompilerResultsLog: Building TopDownPuzzleEditor...
[2025.04.08-16.54.29:418][ 90]CompilerResultsLog: Using Visual Studio 2022 14.43.34808 toolchain (C:\Program Files\Microsoft Visual Studio\2022\Community\VC\Tools\MSVC\14.43.34808) and Windows 10.0.22621.0 SDK (C:\Program Files (x86)\Windows Kits\10).
[2025.04.08-16.54.29:418][ 90]CompilerResultsLog: Building 8 actions with 8 processes...
[2025.04.08-16.54.29:418][ 90]CompilerResultsLog:   [1/8] TopDownPuzzle.init.gen.cpp
[2025.04.08-16.54.29:418][ 90]CompilerResultsLog:   [2/8] DoorTrigger.cpp
[2025.04.08-16.54.29:418][ 90]CompilerResultsLog:   [3/8] DoorTrigger.gen.cpp
[2025.04.08-16.54.29:418][ 90]CompilerResultsLog:   [4/8] MainMenuWidget.cpp
[2025.04.08-16.54.29:418][ 90]CompilerResultsLog:   [5/8] MainMenuWidget.gen.cpp
[2025.04.08-16.54.29:418][ 90]CompilerResultsLog:   [6/8] UE4Editor-TopDownPuzzle-0523.lib
[2025.04.08-16.54.29:418][ 90]CompilerResultsLog:      Creating library C:\Unreal Projects\Top-Down-Puzzle\TopDownPuzzle\Intermediate\Build\Win64\UE4Editor\Development\TopDownPuzzle\UE4Editor-TopDownPuzzle-0523.lib and object C:\Unreal Projects\Top-Down-Puzzle\TopDownPuzzle\Intermediate\Build\Win64\UE4Editor\Development\TopDownPuzzle\UE4Editor-TopDownPuzzle-0523.exp
[2025.04.08-16.54.29:418][ 90]CompilerResultsLog:   [7/8] UE4Editor-TopDownPuzzle-0523.dll
[2025.04.08-16.54.29:418][ 90]CompilerResultsLog:      Creating library C:\Unreal Projects\Top-Down-Puzzle\TopDownPuzzle\Intermediate\Build\Win64\UE4Editor\Development\TopDownPuzzle\UE4Editor-TopDownPuzzle-0523.suppressed.lib and object C:\Unreal Projects\Top-Down-Puzzle\TopDownPuzzle\Intermediate\Build\Win64\UE4Editor\Development\TopDownPuzzle\UE4Editor-TopDownPuzzle-0523.suppressed.exp
[2025.04.08-16.54.29:418][ 90]CompilerResultsLog:   [8/8] TopDownPuzzleEditor.target
[2025.04.08-16.54.29:418][ 90]CompilerResultsLog: Total time in Parallel executor: 8.04 seconds
[2025.04.08-16.54.29:418][ 90]CompilerResultsLog: Total execution time: 36.75 seconds
[2025.04.08-16.54.29:426][ 90]LogMainFrame: MainFrame: Module compiling took 37.173 seconds
[2025.04.08-16.54.29:991][ 90]LogClass: Could not find existing class MainMenuWidget in package /Script/TopDownPuzzle for HotReload, assuming new class
[2025.04.08-16.54.30:109][ 90]LogNativeClassHierarchy: Verbose: Native class hierarchy updated for 'TopDownPuzzle' in 0.0012 seconds. Added 5 classes and 2 folders.
[2025.04.08-16.54.30:652][ 90]Display: HotReload successful (2 functions remapped  0 scriptstructs remapped)
[2025.04.08-16.54.32:654][ 90]LogNativeClassHierarchy: Verbose: Native class hierarchy populated in 0.0944 seconds. Added 3827 classes and 930 folders.
[2025.04.08-16.54.32:764][ 90]Display: HotReload took 40.5s.
[2025.04.08-16.54.32:769][ 90]Warning: HotReload operation took 40.5s.
[2025.04.08-16.54.32:984][ 90]LogSlate: Window 'Add C++ Class' being destroyed
[2025.04.08-16.54.33:589][ 91]LogHotReload: New module detected: UE4Editor-TopDownPuzzle-0523.dll
[2025.04.08-16.54.33:657][ 92]LogAudioMixer: Display: Audio Buffer Underrun (starvation) detected.
[2025.04.08-16.54.33:673][ 92]LogHotReload: Starting Hot-Reload from IDE
[2025.04.08-16.54.33:751][ 92]LogNativeClassHierarchy: Verbose: Native class hierarchy updated for 'TopDownPuzzle' in 0.0003 seconds. Added 5 classes and 2 folders.
[2025.04.08-16.54.33:763][ 92]Display: HotReload successful (0 functions remapped  0 scriptstructs remapped)
[2025.04.08-16.54.33:775][ 92]LogNativeClassHierarchy: Verbose: Native class hierarchy populated in 0.0100 seconds. Added 3827 classes and 930 folders.
[2025.04.08-16.54.33:784][ 92]Display: HotReload took  0.1s.
[2025.04.08-16.54.47:860][ 95]LogVSAccessor: Warning: Couldn't goto line number '1' in 'C:/Unreal Projects/Top-Down-Puzzle/TopDownPuzzle/Source/TopDownPuzzle/MainMenuWidget.h'
[2025.04.08-16.54.47:987][ 95]LogVSAccessor: Warning: Couldn't goto line number '1' in 'C:/Unreal Projects/Top-Down-Puzzle/TopDownPuzzle/Source/TopDownPuzzle/MainMenuWidget.cpp'
[2025.04.08-17.01.42:452][329]LogAudioMixer: Display: Audio Buffer Underrun (starvation) detected.
[2025.04.08-17.09.07:050][589]LogUObjectHash: Compacting FUObjectHashTables data took  22.81ms
[2025.04.08-17.09.07:740][589]LogSavePackage: Moving '../../../../../../Unreal Projects/Top-Down-Puzzle/TopDownPuzzle/Saved/MainMenuLevF1FA5AD94AD9999C0C225FB22A267062.tmp' to '../../../../../../Unreal Projects/Top-Down-Puzzle/TopDownPuzzle/Content/TopDownCPP/Maps/Ui/MainMenuLev.umap'
[2025.04.08-17.09.07:968][589]LogSavePackage: Moving '../../../../../../Unreal Projects/Top-Down-Puzzle/TopDownPuzzle/Saved/MainMenuLev_BuiltDataB4D326AD4B9B150868D67EB4850422AD.tmp' to '../../../../../../Unreal Projects/Top-Down-Puzzle/TopDownPuzzle/Content/TopDownCPP/Maps/Ui/MainMenuLev_BuiltData.uasset'
[2025.04.08-17.09.08:038][589]AssetCheck: New page: Asset Save: multiple assets
[2025.04.08-17.09.08:038][589]LogContentValidation: Display: Validating World /Game/TopDownCPP/Maps/Ui/MainMenuLev.MainMenuLev
[2025.04.08-17.09.08:039][589]LogContentValidation: Display: Validating MapBuildDataRegistry /Game/TopDownCPP/Maps/Ui/MainMenuLev_BuiltData.MainMenuLev_BuiltData
[2025.04.08-17.09.15:855][923]Candidate modules for hot reload:
[2025.04.08-17.09.15:855][923]  TopDownPuzzle
[2025.04.08-17.09.15:855][923]Launching UnrealBuildTool... [C:/Program Files/UE/UE_4.27/Engine/Binaries/DotNET/UnrealBuildTool.exe  -ModuleWithSuffix=TopDownPuzzle,5856 TopDownPuzzleEditor Win64 Development -Project="C:/Unreal Projects/Top-Down-Puzzle/TopDownPuzzle/TopDownPuzzle.uproject" "C:/Unreal Projects/Top-Down-Puzzle/TopDownPuzzle/TopDownPuzzle.uproject"  -IgnoreJunk]
[2025.04.08-17.09.15:864][923]Warning: Starting HotReload took  0.1s.
[2025.04.08-17.09.48:278][771]CompilerResultsLog: New page: Compilation - 08-Apr-2025, 9:09:48 am
[2025.04.08-17.09.48:279][771]CompilerResultsLog: Using 'git status' to determine working set for adaptive non-unity build (C:\Unreal Projects\Top-Down-Puzzle).
[2025.04.08-17.09.48:280][771]CompilerResultsLog: Parsing headers for TopDownPuzzleEditor
[2025.04.08-17.09.48:280][771]CompilerResultsLog:   Running UnrealHeaderTool "C:\Unreal Projects\Top-Down-Puzzle\TopDownPuzzle\TopDownPuzzle.uproject" "C:\Unreal Projects\Top-Down-Puzzle\TopDownPuzzle\Intermediate\Build\Win64\TopDownPuzzleEditor\Development\TopDownPuzzleEditor.uhtmanifest" -LogCmds="loginit warning, logexit warning, logdatabase error" -Unattended -WarningsAsErrors -abslog="C:\Users\patel\AppData\Local\UnrealBuildTool\Log_UHT.txt" -installed
[2025.04.08-17.09.48:355][771]CompilerResultsLog: LogInit: Display: Loading text-based GConfig....
[2025.04.08-17.09.48:355][771]CompilerResultsLog: Reflection code generated for TopDownPuzzleEditor in 11.1183339 seconds
[2025.04.08-17.09.48:355][771]CompilerResultsLog: Building TopDownPuzzleEditor...
[2025.04.08-17.09.48:356][771]CompilerResultsLog: Using Visual Studio 2022 14.43.34808 toolchain (C:\Program Files\Microsoft Visual Studio\2022\Community\VC\Tools\MSVC\14.43.34808) and Windows 10.0.22621.0 SDK (C:\Program Files (x86)\Windows Kits\10).
[2025.04.08-17.09.48:356][771]CompilerResultsLog: Building 6 actions with 8 processes...
[2025.04.08-17.09.48:356][771]CompilerResultsLog:   [1/6] TopDownPuzzle.init.gen.cpp
[2025.04.08-17.09.48:356][771]CompilerResultsLog:   [2/6] MainMenuWidget.gen.cpp
[2025.04.08-17.09.48:356][771]CompilerResultsLog:   [3/6] MainMenuWidget.cpp
[2025.04.08-17.09.48:356][771]CompilerResultsLog:   [4/6] UE4Editor-TopDownPuzzle-5856.lib
[2025.04.08-17.09.48:356][771]CompilerResultsLog:      Creating library C:\Unreal Projects\Top-Down-Puzzle\TopDownPuzzle\Intermediate\Build\Win64\UE4Editor\Development\TopDownPuzzle\UE4Editor-TopDownPuzzle-5856.lib and object C:\Unreal Projects\Top-Down-Puzzle\TopDownPuzzle\Intermediate\Build\Win64\UE4Editor\Development\TopDownPuzzle\UE4Editor-TopDownPuzzle-5856.exp
[2025.04.08-17.09.48:356][771]CompilerResultsLog:   [5/6] UE4Editor-TopDownPuzzle-5856.dll
[2025.04.08-17.09.48:356][771]CompilerResultsLog:      Creating library C:\Unreal Projects\Top-Down-Puzzle\TopDownPuzzle\Intermediate\Build\Win64\UE4Editor\Development\TopDownPuzzle\UE4Editor-TopDownPuzzle-5856.suppressed.lib and object C:\Unreal Projects\Top-Down-Puzzle\TopDownPuzzle\Intermediate\Build\Win64\UE4Editor\Development\TopDownPuzzle\UE4Editor-TopDownPuzzle-5856.suppressed.exp
[2025.04.08-17.09.48:356][771]CompilerResultsLog:   [6/6] TopDownPuzzleEditor.target
[2025.04.08-17.09.48:356][771]CompilerResultsLog: Total time in Parallel executor: 19.57 seconds
[2025.04.08-17.09.48:356][771]CompilerResultsLog: Total execution time: 32.21 seconds
[2025.04.08-17.09.48:356][771]LogMainFrame: MainFrame: Module compiling took 32.511 seconds
[2025.04.08-17.09.48:472][771]LogClass: Could not find existing class MainMenuWidget in package /Script/TopDownPuzzle for HotReload, assuming new class
[2025.04.08-17.09.48:498][771]LogHotReload: Re-instancing MainMenuWidget after hot-reload.
[2025.04.08-17.09.48:655][771]LogNativeClassHierarchy: Verbose: Native class hierarchy updated for 'TopDownPuzzle' in 0.0012 seconds. Added 5 classes and 2 folders.
[2025.04.08-17.09.48:915][771]Display: HotReload successful (2 functions remapped  0 scriptstructs remapped)
[2025.04.08-17.09.49:187][771]LogNativeClassHierarchy: Verbose: Native class hierarchy populated in 0.0111 seconds. Added 3827 classes and 930 folders.
[2025.04.08-17.09.49:200][771]Display: HotReload took 33.5s.
[2025.04.08-17.09.56:601][173]LogSlate: Took 0.011810 seconds to synchronously load lazily loaded font '../../../Engine/Content/Slate/Fonts/DroidSansFallback.ttf' (3848K)
[2025.04.08-17.11.56:338][ 71]BlueprintLog: New page: Compile MainMenu
[2025.04.08-17.11.58:110][ 71]LogUObjectHash: Compacting FUObjectHashTables data took   6.73ms
[2025.04.08-17.12.15:414][821]LogWorld: UWorld::CleanupWorld for World_5, bSessionEnded=true, bCleanupResources=true
[2025.04.08-17.12.15:415][821]LogSlate: InvalidateAllWidgets triggered.  All widgets were invalidated
[2025.04.08-17.12.18:906][928]Cmd: OBJ SAVEPACKAGE PACKAGE="/Game/TopDownCPP/Maps/Ui/MainMenu" FILE="../../../../../../Unreal Projects/Top-Down-Puzzle/TopDownPuzzle/Content/TopDownCPP/Maps/Ui/MainMenu.uasset" SILENT=true
[2025.04.08-17.12.19:196][928]LogSavePackage: Moving '../../../../../../Unreal Projects/Top-Down-Puzzle/TopDownPuzzle/Saved/MainMenu3CB4FC9F4BBB0D77158DF396F83C4C31.tmp' to '../../../../../../Unreal Projects/Top-Down-Puzzle/TopDownPuzzle/Content/TopDownCPP/Maps/Ui/MainMenu.uasset'
[2025.04.08-17.12.19:241][928]AssetCheck: New page: Asset Save: MainMenu
[2025.04.08-17.12.19:242][928]LogContentValidation: Display: Validating WidgetBlueprint /Game/TopDownCPP/Maps/Ui/MainMenu.MainMenu
[2025.04.08-17.12.57:399][716]LogSlate: Took 0.045160 seconds to synchronously load lazily loaded font '../../../Engine/Content/Slate/Fonts/DroidSansMono.ttf' (77K)
[2025.04.08-17.13.50:644][ 57]LogEditorClassViewer: Warning: Class /Engine/Tutorial/InWorldBlueprintEditing/TutorialAssets/IWBE_Blutility.IWBE_Blutility_C has parent /Script/Blutility.PlacedEditorUtilityBase, but this parent is not found. The Class will not be shown in ClassViewer.
[2025.04.08-17.13.50:662][ 57]LogSlate: Warning: Slate: Had to block on waiting for a draw buffer
[2025.04.08-17.14.05:285][ 57]LogSlate: Window 'Pick Parent Class' being destroyed
[2025.04.08-17.14.05:299][ 57]LogContentBrowser: Deferred new asset file creation: NewBlueprint
[2025.04.08-17.14.05:468][ 57]LogContentBrowser: Creating deferred item: NewBlueprint
[2025.04.08-17.14.36:888][ 29]LogContentBrowser: Attempting asset rename: NewBlueprint -> WBP_MainMenu
[2025.04.08-17.14.37:062][ 29]LogBlueprint: Warning: [AssetLog] /Game/TopDownCPP/Maps/Ui/WBP_MainMenu.WBP_MainMenu (no disk path found): [Compiler] A required widget binding "PlayButton" of type  Button  was not found.
[2025.04.08-17.14.37:063][ 29]LogBlueprint: Warning: [AssetLog] /Game/TopDownCPP/Maps/Ui/WBP_MainMenu.WBP_MainMenu (no disk path found): [Compiler] A required widget binding "ExitButton" of type  Button  was not found.
[2025.04.08-17.14.37:064][ 29]LogBlueprint: Warning: [AssetLog] /Game/TopDownCPP/Maps/Ui/WBP_MainMenu.WBP_MainMenu (no disk path found): [Compiler] A required widget binding "CreditButton" of type  Button  was not found.
[2025.04.08-17.14.37:121][ 29]LogBlueprint: Warning: [AssetLog] /Game/TopDownCPP/Maps/Ui/WBP_MainMenu.WBP_MainMenu (no disk path found): [Compiler] A required widget binding "PlayButton" of type  Button  was not found.
[2025.04.08-17.14.37:122][ 29]LogBlueprint: Warning: [AssetLog] /Game/TopDownCPP/Maps/Ui/WBP_MainMenu.WBP_MainMenu (no disk path found): [Compiler] A required widget binding "ExitButton" of type  Button  was not found.
[2025.04.08-17.14.37:122][ 29]LogBlueprint: Warning: [AssetLog] /Game/TopDownCPP/Maps/Ui/WBP_MainMenu.WBP_MainMenu (no disk path found): [Compiler] A required widget binding "CreditButton" of type  Button  was not found.
[2025.04.08-17.14.37:283][ 29]LogContentBrowser: End creating deferred item NewBlueprint
[2025.04.08-17.14.46:229][201]LogUObjectHash: Compacting FUObjectHashTables data took  15.11ms
[2025.04.08-17.14.46:891][201]LogSavePackage: Moving '../../../../../../Unreal Projects/Top-Down-Puzzle/TopDownPuzzle/Saved/MainMenuLev955E36524B0088945F525A89634A99E5.tmp' to '../../../../../../Unreal Projects/Top-Down-Puzzle/TopDownPuzzle/Content/TopDownCPP/Maps/Ui/MainMenuLev.umap'
[2025.04.08-17.14.47:006][201]LogSavePackage: Moving '../../../../../../Unreal Projects/Top-Down-Puzzle/TopDownPuzzle/Saved/MainMenuLev_BuiltDataD6CA87064086F21B7023FF91172520C7.tmp' to '../../../../../../Unreal Projects/Top-Down-Puzzle/TopDownPuzzle/Content/TopDownCPP/Maps/Ui/MainMenuLev_BuiltData.uasset'
[2025.04.08-17.14.47:038][201]AssetCheck: New page: Asset Save: multiple assets
[2025.04.08-17.14.47:038][201]LogContentValidation: Display: Validating World /Game/TopDownCPP/Maps/Ui/MainMenuLev.MainMenuLev
[2025.04.08-17.14.47:038][201]LogContentValidation: Display: Validating MapBuildDataRegistry /Game/TopDownCPP/Maps/Ui/MainMenuLev_BuiltData.MainMenuLev_BuiltData
[2025.04.08-17.14.48:640][272]LogAssetEditorSubsystem: Opening Asset editor for WidgetBlueprint /Game/TopDownCPP/Maps/Ui/WBP_MainMenu.WBP_MainMenu
[2025.04.08-17.14.59:592][806]LogBlueprint: Error: [AssetLog] /Game/TopDownCPP/Maps/Ui/WBP_MainMenu.WBP_MainMenu (no disk path found): [Compiler] A required widget binding "PlayButton" of type  Button  was not found.
[2025.04.08-17.14.59:593][806]LogBlueprint: Error: [AssetLog] /Game/TopDownCPP/Maps/Ui/WBP_MainMenu.WBP_MainMenu (no disk path found): [Compiler] A required widget binding "ExitButton" of type  Button  was not found.
[2025.04.08-17.14.59:605][806]LogBlueprint: Error: [AssetLog] /Game/TopDownCPP/Maps/Ui/WBP_MainMenu.WBP_MainMenu (no disk path found): [Compiler] A required widget binding "CreditButton" of type  Button  was not found.
[2025.04.08-17.15.02:822][991]Cmd: OBJ SAVEPACKAGE PACKAGE="/Game/TopDownCPP/Maps/Ui/WBP_MainMenu" FILE="../../../../../../Unreal Projects/Top-Down-Puzzle/TopDownPuzzle/Content/TopDownCPP/Maps/Ui/WBP_MainMenu.uasset" SILENT=true
[2025.04.08-17.15.03:585][991]LogSavePackage: Moving '../../../../../../Unreal Projects/Top-Down-Puzzle/TopDownPuzzle/Saved/WBP_MainMenu272FE1A34D387EFDB21D8CA43E533439.tmp' to '../../../../../../Unreal Projects/Top-Down-Puzzle/TopDownPuzzle/Content/TopDownCPP/Maps/Ui/WBP_MainMenu.uasset'
[2025.04.08-17.15.03:740][991]AssetCheck: New page: Asset Save: WBP_MainMenu
[2025.04.08-17.15.03:740][991]LogContentValidation: Display: Validating WidgetBlueprint /Game/TopDownCPP/Maps/Ui/WBP_MainMenu.WBP_MainMenu
[2025.04.08-17.15.05:221][ 65]BlueprintLog: New page: Compile WBP_MainMenu
[2025.04.08-17.15.05:222][ 65]LogBlueprint: Error: [AssetLog] C:\Unreal Projects\Top-Down-Puzzle\TopDownPuzzle\Content\TopDownCPP\Maps\Ui\WBP_MainMenu.uasset: [Compiler] A required widget binding "PlayButton" of type  Button  was not found.
[2025.04.08-17.15.05:222][ 65]LogBlueprint: Error: [AssetLog] C:\Unreal Projects\Top-Down-Puzzle\TopDownPuzzle\Content\TopDownCPP\Maps\Ui\WBP_MainMenu.uasset: [Compiler] A required widget binding "ExitButton" of type  Button  was not found.
[2025.04.08-17.15.05:222][ 65]LogBlueprint: Error: [AssetLog] C:\Unreal Projects\Top-Down-Puzzle\TopDownPuzzle\Content\TopDownCPP\Maps\Ui\WBP_MainMenu.uasset: [Compiler] A required widget binding "CreditButton" of type  Button  was not found.
[2025.04.08-17.15.05:225][ 65]LogBlueprint: Error: [AssetLog] C:\Unreal Projects\Top-Down-Puzzle\TopDownPuzzle\Content\TopDownCPP\Maps\Ui\WBP_MainMenu.uasset: [Compiler] A required widget binding "PlayButton" of type  Button  was not found.
[2025.04.08-17.15.05:225][ 65]LogBlueprint: Error: [AssetLog] C:\Unreal Projects\Top-Down-Puzzle\TopDownPuzzle\Content\TopDownCPP\Maps\Ui\WBP_MainMenu.uasset: [Compiler] A required widget binding "ExitButton" of type  Button  was not found.
[2025.04.08-17.15.05:225][ 65]LogBlueprint: Error: [AssetLog] C:\Unreal Projects\Top-Down-Puzzle\TopDownPuzzle\Content\TopDownCPP\Maps\Ui\WBP_MainMenu.uasset: [Compiler] A required widget binding "CreditButton" of type  Button  was not found.
[2025.04.08-17.15.08:315][ 65]LogUObjectHash: Compacting FUObjectHashTables data took   4.38ms
[2025.04.08-17.15.13:262][279]BlueprintLog: New page: Compile WBP_MainMenu
[2025.04.08-17.15.13:289][279]LogBlueprint: Error: [AssetLog] C:\Unreal Projects\Top-Down-Puzzle\TopDownPuzzle\Content\TopDownCPP\Maps\Ui\WBP_MainMenu.uasset: [Compiler] A required widget binding "PlayButton" of type  Button  was not found.
[2025.04.08-17.15.13:289][279]LogBlueprint: Error: [AssetLog] C:\Unreal Projects\Top-Down-Puzzle\TopDownPuzzle\Content\TopDownCPP\Maps\Ui\WBP_MainMenu.uasset: [Compiler] A required widget binding "ExitButton" of type  Button  was not found.
[2025.04.08-17.15.13:290][279]LogBlueprint: Error: [AssetLog] C:\Unreal Projects\Top-Down-Puzzle\TopDownPuzzle\Content\TopDownCPP\Maps\Ui\WBP_MainMenu.uasset: [Compiler] A required widget binding "CreditButton" of type  Button  was not found.
[2025.04.08-17.15.13:293][279]LogBlueprint: Error: [AssetLog] C:\Unreal Projects\Top-Down-Puzzle\TopDownPuzzle\Content\TopDownCPP\Maps\Ui\WBP_MainMenu.uasset: [Compiler] A required widget binding "PlayButton" of type  Button  was not found.
[2025.04.08-17.15.13:293][279]LogBlueprint: Error: [AssetLog] C:\Unreal Projects\Top-Down-Puzzle\TopDownPuzzle\Content\TopDownCPP\Maps\Ui\WBP_MainMenu.uasset: [Compiler] A required widget binding "ExitButton" of type  Button  was not found.
[2025.04.08-17.15.13:293][279]LogBlueprint: Error: [AssetLog] C:\Unreal Projects\Top-Down-Puzzle\TopDownPuzzle\Content\TopDownCPP\Maps\Ui\WBP_MainMenu.uasset: [Compiler] A required widget binding "CreditButton" of type  Button  was not found.
[2025.04.08-17.15.13:350][279]LogUObjectHash: Compacting FUObjectHashTables data took   3.84ms
[2025.04.08-17.15.16:609][465]LogBlueprint: Warning: Unknown type of hyperlinked object (Button), cannot focus it
[2025.04.08-17.15.34:299][956]LogSlate: Window 'WBP_MainMenu' being destroyed
[2025.04.08-17.15.34:372][956]LogSlate: Window 'WBP_MainMenu' being destroyed
[2025.04.08-17.15.34:447][956]LogWorld: UWorld::CleanupWorld for World_4, bSessionEnded=true, bCleanupResources=true
[2025.04.08-17.15.34:447][956]LogSlate: InvalidateAllWidgets triggered.  All widgets were invalidated
[2025.04.08-17.15.35:002][956]LogWorld: UWorld::CleanupWorld for World_3, bSessionEnded=true, bCleanupResources=true
[2025.04.08-17.15.35:002][956]LogSlate: InvalidateAllWidgets triggered.  All widgets were invalidated
[2025.04.08-17.15.37:281][956]LogWorld: UWorld::CleanupWorld for World_8, bSessionEnded=true, bCleanupResources=true
[2025.04.08-17.15.37:281][956]LogSlate: InvalidateAllWidgets triggered.  All widgets were invalidated
[2025.04.08-17.15.37:294][956]LogWorld: UWorld::CleanupWorld for World_7, bSessionEnded=true, bCleanupResources=true
[2025.04.08-17.15.37:294][956]LogSlate: InvalidateAllWidgets triggered.  All widgets were invalidated
[2025.04.08-17.15.50:136][ 36]LogAssetEditorSubsystem: Opening Asset editor for WidgetBlueprint /Game/TopDownCPP/Maps/Ui/WBP_MainMenu.WBP_MainMenu
[2025.04.08-17.16.08:374][ 75]LogBlueprint: Error: [AssetLog] C:\Unreal Projects\Top-Down-Puzzle\TopDownPuzzle\Content\TopDownCPP\Maps\Ui\WBP_MainMenu.uasset: [Compiler] A required widget binding "PlayButton" of type  Button  was not found.
[2025.04.08-17.16.08:374][ 75]LogBlueprint: Error: [AssetLog] C:\Unreal Projects\Top-Down-Puzzle\TopDownPuzzle\Content\TopDownCPP\Maps\Ui\WBP_MainMenu.uasset: [Compiler] A required widget binding "ExitButton" of type  Button  was not found.
[2025.04.08-17.16.08:374][ 75]LogBlueprint: Error: [AssetLog] C:\Unreal Projects\Top-Down-Puzzle\TopDownPuzzle\Content\TopDownCPP\Maps\Ui\WBP_MainMenu.uasset: [Compiler] A required widget binding "CreditButton" of type  Button  was not found.
[2025.04.08-17.16.08:410][ 75]LogBlueprint: Error: [AssetLog] C:\Unreal Projects\Top-Down-Puzzle\TopDownPuzzle\Content\TopDownCPP\Maps\Ui\WBP_MainMenu.uasset: [Compiler] A required widget binding "PlayButton" of type  Button  was not found.
[2025.04.08-17.16.08:410][ 75]LogBlueprint: Error: [AssetLog] C:\Unreal Projects\Top-Down-Puzzle\TopDownPuzzle\Content\TopDownCPP\Maps\Ui\WBP_MainMenu.uasset: [Compiler] A required widget binding "ExitButton" of type  Button  was not found.
[2025.04.08-17.16.08:410][ 75]LogBlueprint: Error: [AssetLog] C:\Unreal Projects\Top-Down-Puzzle\TopDownPuzzle\Content\TopDownCPP\Maps\Ui\WBP_MainMenu.uasset: [Compiler] A required widget binding "CreditButton" of type  Button  was not found.
[2025.04.08-17.18.09:683][947]Cmd: OBJ SAVEPACKAGE PACKAGE="/Game/TopDownCPP/Maps/Ui/WBP_MainMenu" FILE="../../../../../../Unreal Projects/Top-Down-Puzzle/TopDownPuzzle/Content/TopDownCPP/Maps/Ui/WBP_MainMenu.uasset" SILENT=true
[2025.04.08-17.18.10:622][947]LogSavePackage: Moving '../../../../../../Unreal Projects/Top-Down-Puzzle/TopDownPuzzle/Saved/WBP_MainMenuFB9A224640DF036F3082B7B3C52B5C76.tmp' to '../../../../../../Unreal Projects/Top-Down-Puzzle/TopDownPuzzle/Content/TopDownCPP/Maps/Ui/WBP_MainMenu.uasset'
[2025.04.08-17.18.10:769][947]AssetCheck: New page: Asset Save: WBP_MainMenu
[2025.04.08-17.18.10:769][947]LogContentValidation: Display: Validating WidgetBlueprint /Game/TopDownCPP/Maps/Ui/WBP_MainMenu.WBP_MainMenu
[2025.04.08-17.18.13:454][100]Candidate modules for hot reload:
[2025.04.08-17.18.13:454][100]  TopDownPuzzle
[2025.04.08-17.18.13:455][100]Launching UnrealBuildTool... [C:/Program Files/UE/UE_4.27/Engine/Binaries/DotNET/UnrealBuildTool.exe  -ModuleWithSuffix=TopDownPuzzle,7655 TopDownPuzzleEditor Win64 Development -Project="C:/Unreal Projects/Top-Down-Puzzle/TopDownPuzzle/TopDownPuzzle.uproject" "C:/Unreal Projects/Top-Down-Puzzle/TopDownPuzzle/TopDownPuzzle.uproject"  -IgnoreJunk]
[2025.04.08-17.18.13:462][100]Warning: Starting HotReload took  0.0s.
[2025.04.08-17.18.33:314][264]CompilerResultsLog: New page: Compilation - 08-Apr-2025, 9:18:33 am
[2025.04.08-17.18.33:314][264]CompilerResultsLog: Using 'git status' to determine working set for adaptive non-unity build (C:\Unreal Projects\Top-Down-Puzzle).
[2025.04.08-17.18.33:315][264]CompilerResultsLog: Parsing headers for TopDownPuzzleEditor
[2025.04.08-17.18.33:315][264]CompilerResultsLog:   Running UnrealHeaderTool "C:\Unreal Projects\Top-Down-Puzzle\TopDownPuzzle\TopDownPuzzle.uproject" "C:\Unreal Projects\Top-Down-Puzzle\TopDownPuzzle\Intermediate\Build\Win64\TopDownPuzzleEditor\Development\TopDownPuzzleEditor.uhtmanifest" -LogCmds="loginit warning, logexit warning, logdatabase error" -Unattended -WarningsAsErrors -abslog="C:\Users\patel\AppData\Local\UnrealBuildTool\Log_UHT.txt" -installed
[2025.04.08-17.18.33:315][264]CompilerResultsLog: LogInit: Display: Loading text-based GConfig....
[2025.04.08-17.18.33:315][264]CompilerResultsLog: Reflection code generated for TopDownPuzzleEditor in 9.0753361 seconds
[2025.04.08-17.18.33:315][264]CompilerResultsLog: Building TopDownPuzzleEditor...
[2025.04.08-17.18.33:315][264]CompilerResultsLog: Using Visual Studio 2022 14.43.34808 toolchain (C:\Program Files\Microsoft Visual Studio\2022\Community\VC\Tools\MSVC\14.43.34808) and Windows 10.0.22621.0 SDK (C:\Program Files (x86)\Windows Kits\10).
[2025.04.08-17.18.33:315][264]CompilerResultsLog: Building 6 actions with 8 processes...
[2025.04.08-17.18.33:315][264]CompilerResultsLog:   [1/6] TopDownPuzzle.init.gen.cpp
[2025.04.08-17.18.33:315][264]CompilerResultsLog:   [2/6] MainMenuWidget.gen.cpp
[2025.04.08-17.18.33:315][264]CompilerResultsLog:   [3/6] MainMenuWidget.cpp
[2025.04.08-17.18.33:316][264]CompilerResultsLog:   [4/6] UE4Editor-TopDownPuzzle-7655.lib
[2025.04.08-17.18.33:316][264]CompilerResultsLog:      Creating library C:\Unreal Projects\Top-Down-Puzzle\TopDownPuzzle\Intermediate\Build\Win64\UE4Editor\Development\TopDownPuzzle\UE4Editor-TopDownPuzzle-7655.lib and object C:\Unreal Projects\Top-Down-Puzzle\TopDownPuzzle\Intermediate\Build\Win64\UE4Editor\Development\TopDownPuzzle\UE4Editor-TopDownPuzzle-7655.exp
[2025.04.08-17.18.33:316][264]CompilerResultsLog:   [5/6] UE4Editor-TopDownPuzzle-7655.dll
[2025.04.08-17.18.33:316][264]CompilerResultsLog:      Creating library C:\Unreal Projects\Top-Down-Puzzle\TopDownPuzzle\Intermediate\Build\Win64\UE4Editor\Development\TopDownPuzzle\UE4Editor-TopDownPuzzle-7655.suppressed.lib and object C:\Unreal Projects\Top-Down-Puzzle\TopDownPuzzle\Intermediate\Build\Win64\UE4Editor\Development\TopDownPuzzle\UE4Editor-TopDownPuzzle-7655.suppressed.exp
[2025.04.08-17.18.33:316][264]CompilerResultsLog:   [6/6] TopDownPuzzleEditor.target
[2025.04.08-17.18.33:316][264]CompilerResultsLog: Total time in Parallel executor: 8.77 seconds
[2025.04.08-17.18.33:316][264]CompilerResultsLog: Total execution time: 19.68 seconds
[2025.04.08-17.18.33:316][264]LogMainFrame: MainFrame: Module compiling took 19.869 seconds
[2025.04.08-17.18.33:439][264]LogClass: Could not find existing class MainMenuWidget in package /Script/TopDownPuzzle for HotReload, assuming new class
[2025.04.08-17.18.33:522][264]LogHotReload: Re-instancing MainMenuWidget after hot-reload.
[2025.04.08-17.18.33:738][264]LogNativeClassHierarchy: Verbose: Native class hierarchy updated for 'TopDownPuzzle' in 0.0011 seconds. Added 5 classes and 2 folders.
[2025.04.08-17.18.33:953][264]Display: HotReload successful (2 functions remapped  0 scriptstructs remapped)
[2025.04.08-17.18.34:098][264]LogNativeClassHierarchy: Verbose: Native class hierarchy populated in 0.0218 seconds. Added 3827 classes and 930 folders.
[2025.04.08-17.18.34:106][264]Display: HotReload took 20.7s.
[2025.04.08-17.18.34:804][278]LogAudioMixer: Display: Audio Buffer Underrun (starvation) detected.
[2025.04.08-17.18.41:287][644]Cmd: OBJ SAVEPACKAGE PACKAGE="/Game/TopDownCPP/Maps/Ui/WBP_MainMenu" FILE="../../../../../../Unreal Projects/Top-Down-Puzzle/TopDownPuzzle/Content/TopDownCPP/Maps/Ui/WBP_MainMenu.uasset" SILENT=true
[2025.04.08-17.18.41:358][644]LogSavePackage: Moving '../../../../../../Unreal Projects/Top-Down-Puzzle/TopDownPuzzle/Saved/WBP_MainMenuEBE2C4CC4300C0F3AF17708124FE053A.tmp' to '../../../../../../Unreal Projects/Top-Down-Puzzle/TopDownPuzzle/Content/TopDownCPP/Maps/Ui/WBP_MainMenu.uasset'
[2025.04.08-17.18.41:383][644]AssetCheck: New page: Asset Save: WBP_MainMenu
[2025.04.08-17.18.41:383][644]LogContentValidation: Display: Validating WidgetBlueprint /Game/TopDownCPP/Maps/Ui/WBP_MainMenu.WBP_MainMenu
[2025.04.08-17.18.46:360][934]LogTemp: Repeating last play command: New Editor Window (PIE)
[2025.04.08-17.18.46:375][934]LogPlayLevel: PlayLevel: No blueprints needed recompiling
[2025.04.08-17.18.46:375][934]PIE: New page: PIE session: MainMenuLev (08-Apr-2025, 9:18:46 am)
[2025.04.08-17.18.46:379][934]LogPlayLevel: Creating play world package: /Game/TopDownCPP/Maps/Ui/UEDPIE_0_MainMenuLev
[2025.04.08-17.18.46:444][934]LogPlayLevel: PIE: StaticDuplicateObject took: (0.064635s)
[2025.04.08-17.18.46:446][934]LogAIModule: Creating AISystem for world MainMenuLev
[2025.04.08-17.18.46:454][934]LogPlayLevel: PIE: World Init took: (0.010240s)
[2025.04.08-17.18.46:454][934]LogPlayLevel: PIE: Created PIE world by copying editor world from /Game/TopDownCPP/Maps/Ui/MainMenuLev.MainMenuLev to /Game/TopDownCPP/Maps/Ui/UEDPIE_0_MainMenuLev.MainMenuLev (0.075364s)
[2025.04.08-17.18.47:260][934]LogUObjectHash: Compacting FUObjectHashTables data took   5.09ms
[2025.04.08-17.18.47:276][934]LogAudio: Display: Creating Audio Device:                 Id: 4, Scope: Unique, Realtime: True
[2025.04.08-17.18.47:277][934]LogAudioMixer: Display: Audio Mixer Platform Settings:
[2025.04.08-17.18.47:277][934]LogAudioMixer: Display: 	Sample Rate:						  48000
[2025.04.08-17.18.47:277][934]LogAudioMixer: Display: 	Callback Buffer Frame Size Requested: 1024
[2025.04.08-17.18.47:277][934]LogAudioMixer: Display: 	Callback Buffer Frame Size To Use:	  1024
[2025.04.08-17.18.47:277][934]LogAudioMixer: Display: 	Number of buffers to queue:			  2
[2025.04.08-17.18.47:277][934]LogAudioMixer: Display: 	Max Channels (voices):				  32
[2025.04.08-17.18.47:277][934]LogAudioMixer: Display: 	Number of Async Source Workers:		  0
[2025.04.08-17.18.47:277][934]LogAudio: Display: AudioDevice MaxSources: 32
[2025.04.08-17.18.47:309][934]LogAudio: Display: Audio Spatialization Plugin: None (built-in).
[2025.04.08-17.18.47:309][934]LogAudio: Display: Audio Reverb Plugin: None (built-in).
[2025.04.08-17.18.47:309][934]LogAudio: Display: Audio Occlusion Plugin: None (built-in).
[2025.04.08-17.18.47:309][934]LogAudioMixer: Display: Initializing audio mixer.
[2025.04.08-17.18.47:326][934]LogAudioMixer: Display: 0: FrontLeft
[2025.04.08-17.18.47:326][934]LogAudioMixer: Display: 1: FrontRight
[2025.04.08-17.18.47:368][934]LogAudioMixer: Display: Using Audio Device Headphone (Realtek(R) Audio)
[2025.04.08-17.18.47:401][934]LogAudioMixer: Display: Initializing Sound Submixes...
[2025.04.08-17.18.47:402][934]LogAudioMixer: Display: Creating Master Submix 'MasterSubmixDefault'
[2025.04.08-17.18.47:402][934]LogAudioMixer: Display: Creating Master Submix 'MasterReverbSubmixDefault'
[2025.04.08-17.18.47:405][934]LogAudioMixer: Display: Creating Master Submix 'MasterEQSubmixDefault'
[2025.04.08-17.18.47:406][934]LogAudioMixer: FMixerPlatformXAudio2::StartAudioStream() called
[2025.04.08-17.18.47:406][934]LogAudioMixer: Display: Output buffers initialized: Frames=1024, Channels=2, Samples=2048
[2025.04.08-17.18.47:470][934]LogAudioMixer: Display: Starting AudioMixerPlatformInterface::RunInternal()
[2025.04.08-17.18.47:471][934]LogAudioMixer: Display: FMixerPlatformXAudio2::SubmitBuffer() called for the first time
[2025.04.08-17.18.47:471][934]LogInit: FAudioDevice initialized.
[2025.04.08-17.18.47:471][934]LogAudio: Display: Audio Device (ID: 4) registered with world 'MainMenuLev'.
[2025.04.08-17.18.47:518][934]LogSlate: Updating window title bar state: overlay mode, drag disabled, window buttons hidden, title bar hidden
[2025.04.08-17.18.47:519][934]LogLoad: Game class is 'NewGameModeGM_C'
[2025.04.08-17.18.47:524][934]LogWorld: Bringing World /Game/TopDownCPP/Maps/Ui/UEDPIE_0_MainMenuLev.MainMenuLev up for play (max tick rate 60) at 2025.04.08-13.18.47
[2025.04.08-17.18.47:525][934]LogWorld: Bringing up level for play took: 0.004476
[2025.04.08-17.18.47:530][934]LogOnline: OSS: Creating online subsystem instance for: :Context_13
[2025.04.08-17.18.47:635][934]PIE: Server logged in
[2025.04.08-17.18.47:637][934]PIE: Play in editor total start time 1.269 seconds.
[2025.04.08-17.18.55:784][403]LogSlate: Window 'TopDownPuzzle Preview [NetMode: Standalone]  (64-bit/Windows) ' being destroyed
[2025.04.08-17.18.55:797][403]LogWorld: BeginTearingDown for /Game/TopDownCPP/Maps/Ui/UEDPIE_0_MainMenuLev
[2025.04.08-17.18.55:798][403]LogWorld: UWorld::CleanupWorld for MainMenuLev, bSessionEnded=true, bCleanupResources=true
[2025.04.08-17.18.55:799][403]LogSlate: InvalidateAllWidgets triggered.  All widgets were invalidated
[2025.04.08-17.18.55:983][403]LogPlayLevel: Display: Shutting down PIE online subsystems
[2025.04.08-17.18.56:007][403]LogSlate: InvalidateAllWidgets triggered.  All widgets were invalidated
[2025.04.08-17.18.56:075][403]LogAudioMixer: FMixerPlatformXAudio2::StopAudioStream() called
[2025.04.08-17.18.56:112][403]LogAudioMixer: FMixerPlatformXAudio2::StopAudioStream() called
[2025.04.08-17.18.56:189][403]LogUObjectHash: Compacting FUObjectHashTables data took   4.19ms
[2025.04.08-17.18.56:238][404]LogPlayLevel: Display: Destroying online subsystem :Context_13
[2025.04.08-17.19.05:218][930]LogPlayLevel: PlayLevel: No blueprints needed recompiling
[2025.04.08-17.19.05:218][930]PIE: New page: PIE session: MainMenuLev (08-Apr-2025, 9:19:05 am)
[2025.04.08-17.19.05:218][930]LogPlayLevel: Creating play world package: /Game/TopDownCPP/Maps/Ui/UEDPIE_0_MainMenuLev
[2025.04.08-17.19.05:221][930]LogPlayLevel: PIE: StaticDuplicateObject took: (0.002938s)
[2025.04.08-17.19.05:222][930]LogAIModule: Creating AISystem for world MainMenuLev
[2025.04.08-17.19.05:223][930]LogPlayLevel: PIE: World Init took: (0.001178s)
[2025.04.08-17.19.05:223][930]LogPlayLevel: PIE: Created PIE world by copying editor world from /Game/TopDownCPP/Maps/Ui/MainMenuLev.MainMenuLev to /Game/TopDownCPP/Maps/Ui/UEDPIE_0_MainMenuLev.MainMenuLev (0.004270s)
[2025.04.08-17.19.05:253][930]LogUObjectHash: Compacting FUObjectHashTables data took   3.04ms
[2025.04.08-17.19.05:253][930]LogAudio: Display: Creating Audio Device:                 Id: 5, Scope: Unique, Realtime: True
[2025.04.08-17.19.05:253][930]LogAudioMixer: Display: Audio Mixer Platform Settings:
[2025.04.08-17.19.05:254][930]LogAudioMixer: Display: 	Sample Rate:						  48000
[2025.04.08-17.19.05:254][930]LogAudioMixer: Display: 	Callback Buffer Frame Size Requested: 1024
[2025.04.08-17.19.05:254][930]LogAudioMixer: Display: 	Callback Buffer Frame Size To Use:	  1024
[2025.04.08-17.19.05:254][930]LogAudioMixer: Display: 	Number of buffers to queue:			  2
[2025.04.08-17.19.05:254][930]LogAudioMixer: Display: 	Max Channels (voices):				  32
[2025.04.08-17.19.05:254][930]LogAudioMixer: Display: 	Number of Async Source Workers:		  0
[2025.04.08-17.19.05:254][930]LogAudio: Display: AudioDevice MaxSources: 32
[2025.04.08-17.19.05:254][930]LogAudio: Display: Audio Spatialization Plugin: None (built-in).
[2025.04.08-17.19.05:254][930]LogAudio: Display: Audio Reverb Plugin: None (built-in).
[2025.04.08-17.19.05:254][930]LogAudio: Display: Audio Occlusion Plugin: None (built-in).
[2025.04.08-17.19.05:254][930]LogAudioMixer: Display: Initializing audio mixer.
[2025.04.08-17.19.05:258][930]LogAudioMixer: Display: 0: FrontLeft
[2025.04.08-17.19.05:258][930]LogAudioMixer: Display: 1: FrontRight
[2025.04.08-17.19.05:335][930]LogAudioMixer: Display: Using Audio Device Headphone (Realtek(R) Audio)
[2025.04.08-17.19.05:335][930]LogAudioMixer: Display: Initializing Sound Submixes...
[2025.04.08-17.19.05:335][930]LogAudioMixer: Display: Creating Master Submix 'MasterSubmixDefault'
[2025.04.08-17.19.05:335][930]LogAudioMixer: Display: Creating Master Submix 'MasterReverbSubmixDefault'
[2025.04.08-17.19.05:335][930]LogAudioMixer: Display: Creating Master Submix 'MasterEQSubmixDefault'
[2025.04.08-17.19.05:335][930]LogAudioMixer: FMixerPlatformXAudio2::StartAudioStream() called
[2025.04.08-17.19.05:335][930]LogAudioMixer: Display: Output buffers initialized: Frames=1024, Channels=2, Samples=2048
[2025.04.08-17.19.05:337][930]LogAudioMixer: Display: Starting AudioMixerPlatformInterface::RunInternal()
[2025.04.08-17.19.05:337][930]LogAudioMixer: Display: FMixerPlatformXAudio2::SubmitBuffer() called for the first time
[2025.04.08-17.19.05:337][930]LogInit: FAudioDevice initialized.
[2025.04.08-17.19.05:337][930]LogAudio: Display: Audio Device (ID: 5) registered with world 'MainMenuLev'.
[2025.04.08-17.19.05:346][930]LogLoad: Game class is 'NewGameModeGM_C'
[2025.04.08-17.19.05:348][930]LogWorld: Bringing World /Game/TopDownCPP/Maps/Ui/UEDPIE_0_MainMenuLev.MainMenuLev up for play (max tick rate 60) at 2025.04.08-13.19.05
[2025.04.08-17.19.05:348][930]LogWorld: Bringing up level for play took: 0.000416
[2025.04.08-17.19.05:348][930]LogOnline: OSS: Creating online subsystem instance for: :Context_14
[2025.04.08-17.19.05:351][930]PIE: Server logged in
[2025.04.08-17.19.05:352][930]PIE: Play in editor total start time 0.138 seconds.
[2025.04.08-17.19.31:528][139]LogUObjectHash: Compacting FUObjectHashTables data took   2.69ms
[2025.04.08-17.19.31:534][139]LogSavePackage: Moving '../../../../../../Unreal Projects/Top-Down-Puzzle/TopDownPuzzle/Saved/MainMenuLevCBF048C74B9C1E95F011C88A02735F4F.tmp' to '../../../../../../Unreal Projects/Top-Down-Puzzle/TopDownPuzzle/Content/TopDownCPP/Maps/Ui/MainMenuLev.umap'
[2025.04.08-17.19.31:559][139]LogSavePackage: Moving '../../../../../../Unreal Projects/Top-Down-Puzzle/TopDownPuzzle/Saved/MainMenuLev_BuiltData1C8BA290477CFCE8CAF268AAB4152E23.tmp' to '../../../../../../Unreal Projects/Top-Down-Puzzle/TopDownPuzzle/Content/TopDownCPP/Maps/Ui/MainMenuLev_BuiltData.uasset'
[2025.04.08-17.19.31:572][139]AssetCheck: New page: Asset Save: multiple assets
[2025.04.08-17.19.31:572][139]LogContentValidation: Display: Validating World /Game/TopDownCPP/Maps/Ui/MainMenuLev.MainMenuLev
[2025.04.08-17.19.31:572][139]LogContentValidation: Display: Validating MapBuildDataRegistry /Game/TopDownCPP/Maps/Ui/MainMenuLev_BuiltData.MainMenuLev_BuiltData
[2025.04.08-17.19.34:804][332]Cmd: SELECT NONE
[2025.04.08-17.19.35:782][387]LogSlate: Updating window title bar state: overlay mode, drag disabled, window buttons hidden, title bar hidden
[2025.04.08-17.19.35:782][387]LogWorld: BeginTearingDown for /Game/TopDownCPP/Maps/Ui/UEDPIE_0_MainMenuLev
[2025.04.08-17.19.35:783][387]LogWorld: UWorld::CleanupWorld for MainMenuLev, bSessionEnded=true, bCleanupResources=true
[2025.04.08-17.19.35:783][387]LogSlate: InvalidateAllWidgets triggered.  All widgets were invalidated
[2025.04.08-17.19.35:791][387]LogPlayLevel: Display: Shutting down PIE online subsystems
[2025.04.08-17.19.35:807][387]LogSlate: InvalidateAllWidgets triggered.  All widgets were invalidated
[2025.04.08-17.19.35:829][387]LogAudio: Display: Audio Device unregistered from world 'None'.
[2025.04.08-17.19.35:829][387]LogAudioMixer: FMixerPlatformXAudio2::StopAudioStream() called
[2025.04.08-17.19.35:830][387]LogAudioMixer: FMixerPlatformXAudio2::StopAudioStream() called
[2025.04.08-17.19.35:833][387]LogSlate: Updating window title bar state: overlay mode, drag disabled, window buttons hidden, title bar hidden
[2025.04.08-17.19.35:840][387]LogUObjectHash: Compacting FUObjectHashTables data took   2.83ms
[2025.04.08-17.19.35:860][388]LogPlayLevel: Display: Destroying online subsystem :Context_14
[2025.04.08-17.19.39:795][603]Cmd: OBJ SAVEPACKAGE PACKAGE="/Game/TopDownCPP/Maps/Ui/WBP_MainMenu" FILE="../../../../../../Unreal Projects/Top-Down-Puzzle/TopDownPuzzle/Content/TopDownCPP/Maps/Ui/WBP_MainMenu.uasset" SILENT=true
[2025.04.08-17.19.39:874][603]LogSavePackage: Moving '../../../../../../Unreal Projects/Top-Down-Puzzle/TopDownPuzzle/Saved/WBP_MainMenuC546046545A191FAA2D094A9E5901D09.tmp' to '../../../../../../Unreal Projects/Top-Down-Puzzle/TopDownPuzzle/Content/TopDownCPP/Maps/Ui/WBP_MainMenu.uasset'
[2025.04.08-17.19.39:893][603]AssetCheck: New page: Asset Save: WBP_MainMenu
[2025.04.08-17.19.39:893][603]LogContentValidation: Display: Validating WidgetBlueprint /Game/TopDownCPP/Maps/Ui/WBP_MainMenu.WBP_MainMenu
[2025.04.08-17.19.40:854][661]LogTemp: Repeating last play command: Selected Viewport
[2025.04.08-17.19.40:866][661]LogPlayLevel: PlayLevel: No blueprints needed recompiling
[2025.04.08-17.19.40:866][661]PIE: New page: PIE session: MainMenuLev (08-Apr-2025, 9:19:40 am)
[2025.04.08-17.19.40:908][661]LogPlayLevel: Creating play world package: /Game/TopDownCPP/Maps/Ui/UEDPIE_0_MainMenuLev
[2025.04.08-17.19.40:911][661]LogPlayLevel: PIE: StaticDuplicateObject took: (0.002794s)
[2025.04.08-17.19.40:912][661]LogAIModule: Creating AISystem for world MainMenuLev
[2025.04.08-17.19.40:912][661]LogPlayLevel: PIE: World Init took: (0.000937s)
[2025.04.08-17.19.40:912][661]LogPlayLevel: PIE: Created PIE world by copying editor world from /Game/TopDownCPP/Maps/Ui/MainMenuLev.MainMenuLev to /Game/TopDownCPP/Maps/Ui/UEDPIE_0_MainMenuLev.MainMenuLev (0.003874s)
[2025.04.08-17.19.40:939][661]LogUObjectHash: Compacting FUObjectHashTables data took   2.80ms
[2025.04.08-17.19.40:940][661]LogAudio: Display: Creating Audio Device:                 Id: 6, Scope: Unique, Realtime: True
[2025.04.08-17.19.40:940][661]LogAudioMixer: Display: Audio Mixer Platform Settings:
[2025.04.08-17.19.40:940][661]LogAudioMixer: Display: 	Sample Rate:						  48000
[2025.04.08-17.19.40:940][661]LogAudioMixer: Display: 	Callback Buffer Frame Size Requested: 1024
[2025.04.08-17.19.40:940][661]LogAudioMixer: Display: 	Callback Buffer Frame Size To Use:	  1024
[2025.04.08-17.19.40:940][661]LogAudioMixer: Display: 	Number of buffers to queue:			  2
[2025.04.08-17.19.40:940][661]LogAudioMixer: Display: 	Max Channels (voices):				  32
[2025.04.08-17.19.40:940][661]LogAudioMixer: Display: 	Number of Async Source Workers:		  0
[2025.04.08-17.19.40:940][661]LogAudio: Display: AudioDevice MaxSources: 32
[2025.04.08-17.19.40:941][661]LogAudio: Display: Audio Spatialization Plugin: None (built-in).
[2025.04.08-17.19.40:941][661]LogAudio: Display: Audio Reverb Plugin: None (built-in).
[2025.04.08-17.19.40:941][661]LogAudio: Display: Audio Occlusion Plugin: None (built-in).
[2025.04.08-17.19.40:941][661]LogAudioMixer: Display: Initializing audio mixer.
[2025.04.08-17.19.40:944][661]LogAudioMixer: Display: 0: FrontLeft
[2025.04.08-17.19.40:944][661]LogAudioMixer: Display: 1: FrontRight
[2025.04.08-17.19.40:959][661]LogAudioMixer: Display: Using Audio Device Headphone (Realtek(R) Audio)
[2025.04.08-17.19.40:959][661]LogAudioMixer: Display: Initializing Sound Submixes...
[2025.04.08-17.19.40:959][661]LogAudioMixer: Display: Creating Master Submix 'MasterSubmixDefault'
[2025.04.08-17.19.40:959][661]LogAudioMixer: Display: Creating Master Submix 'MasterReverbSubmixDefault'
[2025.04.08-17.19.40:976][661]LogAudioMixer: Display: Creating Master Submix 'MasterEQSubmixDefault'
[2025.04.08-17.19.40:976][661]LogAudioMixer: FMixerPlatformXAudio2::StartAudioStream() called
[2025.04.08-17.19.40:976][661]LogAudioMixer: Display: Output buffers initialized: Frames=1024, Channels=2, Samples=2048
[2025.04.08-17.19.40:979][661]LogAudioMixer: Display: Starting AudioMixerPlatformInterface::RunInternal()
[2025.04.08-17.19.40:979][661]LogAudioMixer: Display: FMixerPlatformXAudio2::SubmitBuffer() called for the first time
[2025.04.08-17.19.40:979][661]LogInit: FAudioDevice initialized.
[2025.04.08-17.19.40:979][661]LogAudio: Display: Audio Device (ID: 6) registered with world 'MainMenuLev'.
[2025.04.08-17.19.40:990][661]LogLoad: Game class is 'NewGameModeGM_C'
[2025.04.08-17.19.40:991][661]LogWorld: Bringing World /Game/TopDownCPP/Maps/Ui/UEDPIE_0_MainMenuLev.MainMenuLev up for play (max tick rate 60) at 2025.04.08-13.19.40
[2025.04.08-17.19.40:992][661]LogWorld: Bringing up level for play took: 0.000500
[2025.04.08-17.19.40:992][661]LogOnline: OSS: Creating online subsystem instance for: :Context_15
[2025.04.08-17.19.40:995][661]PIE: Server logged in
[2025.04.08-17.19.40:996][661]PIE: Play in editor total start time 0.133 seconds.
[2025.04.08-17.19.43:911][830]LogSlate: Updating window title bar state: overlay mode, drag disabled, window buttons hidden, title bar hidden
[2025.04.08-17.19.43:911][830]LogWorld: BeginTearingDown for /Game/TopDownCPP/Maps/Ui/UEDPIE_0_MainMenuLev
[2025.04.08-17.19.43:911][830]LogWorld: UWorld::CleanupWorld for MainMenuLev, bSessionEnded=true, bCleanupResources=true
[2025.04.08-17.19.43:912][830]LogSlate: InvalidateAllWidgets triggered.  All widgets were invalidated
[2025.04.08-17.19.43:920][830]LogPlayLevel: Display: Shutting down PIE online subsystems
[2025.04.08-17.19.43:934][830]LogSlate: InvalidateAllWidgets triggered.  All widgets were invalidated
[2025.04.08-17.19.43:999][830]LogAudio: Display: Audio Device unregistered from world 'None'.
[2025.04.08-17.19.44:000][830]LogAudioMixer: FMixerPlatformXAudio2::StopAudioStream() called
[2025.04.08-17.19.44:001][830]LogAudioMixer: FMixerPlatformXAudio2::StopAudioStream() called
[2025.04.08-17.19.44:004][830]LogSlate: Updating window title bar state: overlay mode, drag disabled, window buttons hidden, title bar hidden
[2025.04.08-17.19.44:007][830]LogUObjectHash: Compacting FUObjectHashTables data took   2.65ms
[2025.04.08-17.19.44:034][831]LogPlayLevel: Display: Destroying online subsystem :Context_15
[2025.04.08-17.19.44:746][871]BlueprintLog: New page: Compile WBP_MainMenu
[2025.04.08-17.19.44:775][871]LogUObjectHash: Compacting FUObjectHashTables data took   2.84ms
[2025.04.08-17.19.45:895][929]Cmd: OBJ SAVEPACKAGE PACKAGE="/Game/TopDownCPP/Maps/Ui/WBP_MainMenu" FILE="../../../../../../Unreal Projects/Top-Down-Puzzle/TopDownPuzzle/Content/TopDownCPP/Maps/Ui/WBP_MainMenu.uasset" SILENT=true
[2025.04.08-17.19.45:962][929]LogSavePackage: Moving '../../../../../../Unreal Projects/Top-Down-Puzzle/TopDownPuzzle/Saved/WBP_MainMenu1ED5DF984A576A537420AE86F3ABABAC.tmp' to '../../../../../../Unreal Projects/Top-Down-Puzzle/TopDownPuzzle/Content/TopDownCPP/Maps/Ui/WBP_MainMenu.uasset'
[2025.04.08-17.19.45:983][929]AssetCheck: New page: Asset Save: WBP_MainMenu
[2025.04.08-17.19.45:983][929]LogContentValidation: Display: Validating WidgetBlueprint /Game/TopDownCPP/Maps/Ui/WBP_MainMenu.WBP_MainMenu
[2025.04.08-17.19.49:512][136]Candidate modules for hot reload:
[2025.04.08-17.19.49:512][136]  TopDownPuzzle
[2025.04.08-17.19.49:512][136]Launching UnrealBuildTool... [C:/Program Files/UE/UE_4.27/Engine/Binaries/DotNET/UnrealBuildTool.exe  -ModuleWithSuffix=TopDownPuzzle,3805 TopDownPuzzleEditor Win64 Development -Project="C:/Unreal Projects/Top-Down-Puzzle/TopDownPuzzle/TopDownPuzzle.uproject" "C:/Unreal Projects/Top-Down-Puzzle/TopDownPuzzle/TopDownPuzzle.uproject"  -IgnoreJunk]
[2025.04.08-17.19.49:516][136]Warning: Starting HotReload took  0.0s.
[2025.04.08-17.19.51:739][261]CompilerResultsLog: New page: Compilation - 08-Apr-2025, 9:19:51 am
[2025.04.08-17.19.51:739][261]CompilerResultsLog: Using 'git status' to determine working set for adaptive non-unity build (C:\Unreal Projects\Top-Down-Puzzle).
[2025.04.08-17.19.51:739][261]CompilerResultsLog: Building TopDownPuzzleEditor...
[2025.04.08-17.19.51:739][261]CompilerResultsLog: Using Visual Studio 2022 14.43.34808 toolchain (C:\Program Files\Microsoft Visual Studio\2022\Community\VC\Tools\MSVC\14.43.34808) and Windows 10.0.22621.0 SDK (C:\Program Files (x86)\Windows Kits\10).
[2025.04.08-17.19.51:739][261]CompilerResultsLog: Building 3 actions with 8 processes...
[2025.04.08-17.19.51:739][261]CompilerResultsLog:   [1/3] UE4Editor-TopDownPuzzle-3805.lib
[2025.04.08-17.19.51:739][261]CompilerResultsLog:      Creating library C:\Unreal Projects\Top-Down-Puzzle\TopDownPuzzle\Intermediate\Build\Win64\UE4Editor\Development\TopDownPuzzle\UE4Editor-TopDownPuzzle-3805.lib and object C:\Unreal Projects\Top-Down-Puzzle\TopDownPuzzle\Intermediate\Build\Win64\UE4Editor\Development\TopDownPuzzle\UE4Editor-TopDownPuzzle-3805.exp
[2025.04.08-17.19.51:739][261]CompilerResultsLog:   [2/3] UE4Editor-TopDownPuzzle-3805.dll
[2025.04.08-17.19.51:739][261]CompilerResultsLog:      Creating library C:\Unreal Projects\Top-Down-Puzzle\TopDownPuzzle\Intermediate\Build\Win64\UE4Editor\Development\TopDownPuzzle\UE4Editor-TopDownPuzzle-3805.suppressed.lib and object C:\Unreal Projects\Top-Down-Puzzle\TopDownPuzzle\Intermediate\Build\Win64\UE4Editor\Development\TopDownPuzzle\UE4Editor-TopDownPuzzle-3805.suppressed.exp
[2025.04.08-17.19.51:739][261]CompilerResultsLog:   [3/3] TopDownPuzzleEditor.target
[2025.04.08-17.19.51:739][261]CompilerResultsLog: Total time in Parallel executor: 0.97 seconds
[2025.04.08-17.19.51:739][261]CompilerResultsLog: Total execution time: 2.11 seconds
[2025.04.08-17.19.51:739][261]LogMainFrame: MainFrame: Module compiling took 2.232 seconds
[2025.04.08-17.19.51:799][261]LogNativeClassHierarchy: Verbose: Native class hierarchy updated for 'TopDownPuzzle' in 0.0003 seconds. Added 5 classes and 2 folders.
[2025.04.08-17.19.51:805][261]Display: HotReload successful (2 functions remapped  0 scriptstructs remapped)
[2025.04.08-17.19.51:931][261]LogNativeClassHierarchy: Verbose: Native class hierarchy populated in 0.0255 seconds. Added 3827 classes and 930 folders.
[2025.04.08-17.19.51:937][261]Display: HotReload took  2.5s.
[2025.04.08-17.19.57:513][574]LogTemp: Repeating last play command: Selected Viewport
[2025.04.08-17.19.57:523][574]LogPlayLevel: PlayLevel: No blueprints needed recompiling
[2025.04.08-17.19.57:524][574]PIE: New page: PIE session: MainMenuLev (08-Apr-2025, 9:19:57 am)
[2025.04.08-17.19.57:524][574]LogPlayLevel: Creating play world package: /Game/TopDownCPP/Maps/Ui/UEDPIE_0_MainMenuLev
[2025.04.08-17.19.57:526][574]LogPlayLevel: PIE: StaticDuplicateObject took: (0.002417s)
[2025.04.08-17.19.57:527][574]LogAIModule: Creating AISystem for world MainMenuLev
[2025.04.08-17.19.57:527][574]LogPlayLevel: PIE: World Init took: (0.001101s)
[2025.04.08-17.19.57:527][574]LogPlayLevel: PIE: Created PIE world by copying editor world from /Game/TopDownCPP/Maps/Ui/MainMenuLev.MainMenuLev to /Game/TopDownCPP/Maps/Ui/UEDPIE_0_MainMenuLev.MainMenuLev (0.003660s)
[2025.04.08-17.19.57:758][574]LogUObjectHash: Compacting FUObjectHashTables data took   4.71ms
[2025.04.08-17.19.57:758][574]LogAudio: Display: Creating Audio Device:                 Id: 7, Scope: Unique, Realtime: True
[2025.04.08-17.19.57:758][574]LogAudioMixer: Display: Audio Mixer Platform Settings:
[2025.04.08-17.19.57:758][574]LogAudioMixer: Display: 	Sample Rate:						  48000
[2025.04.08-17.19.57:758][574]LogAudioMixer: Display: 	Callback Buffer Frame Size Requested: 1024
[2025.04.08-17.19.57:758][574]LogAudioMixer: Display: 	Callback Buffer Frame Size To Use:	  1024
[2025.04.08-17.19.57:758][574]LogAudioMixer: Display: 	Number of buffers to queue:			  2
[2025.04.08-17.19.57:758][574]LogAudioMixer: Display: 	Max Channels (voices):				  32
[2025.04.08-17.19.57:758][574]LogAudioMixer: Display: 	Number of Async Source Workers:		  0
[2025.04.08-17.19.57:758][574]LogAudio: Display: AudioDevice MaxSources: 32
[2025.04.08-17.19.57:759][574]LogAudio: Display: Audio Spatialization Plugin: None (built-in).
[2025.04.08-17.19.57:759][574]LogAudio: Display: Audio Reverb Plugin: None (built-in).
[2025.04.08-17.19.57:759][574]LogAudio: Display: Audio Occlusion Plugin: None (built-in).
[2025.04.08-17.19.57:759][574]LogAudioMixer: Display: Initializing audio mixer.
[2025.04.08-17.19.57:762][574]LogAudioMixer: Display: 0: FrontLeft
[2025.04.08-17.19.57:762][574]LogAudioMixer: Display: 1: FrontRight
[2025.04.08-17.19.57:777][574]LogAudioMixer: Display: Using Audio Device Headphone (Realtek(R) Audio)
[2025.04.08-17.19.57:777][574]LogAudioMixer: Display: Initializing Sound Submixes...
[2025.04.08-17.19.57:777][574]LogAudioMixer: Display: Creating Master Submix 'MasterSubmixDefault'
[2025.04.08-17.19.57:777][574]LogAudioMixer: Display: Creating Master Submix 'MasterReverbSubmixDefault'
[2025.04.08-17.19.57:777][574]LogAudioMixer: Display: Creating Master Submix 'MasterEQSubmixDefault'
[2025.04.08-17.19.57:777][574]LogAudioMixer: FMixerPlatformXAudio2::StartAudioStream() called
[2025.04.08-17.19.57:778][574]LogAudioMixer: Display: Output buffers initialized: Frames=1024, Channels=2, Samples=2048
[2025.04.08-17.19.57:779][574]LogAudioMixer: Display: Starting AudioMixerPlatformInterface::RunInternal()
[2025.04.08-17.19.57:779][574]LogAudioMixer: Display: FMixerPlatformXAudio2::SubmitBuffer() called for the first time
[2025.04.08-17.19.57:779][574]LogInit: FAudioDevice initialized.
[2025.04.08-17.19.57:779][574]LogAudio: Display: Audio Device (ID: 7) registered with world 'MainMenuLev'.
[2025.04.08-17.19.57:789][574]LogLoad: Game class is 'NewGameModeGM_C'
[2025.04.08-17.19.57:790][574]LogWorld: Bringing World /Game/TopDownCPP/Maps/Ui/UEDPIE_0_MainMenuLev.MainMenuLev up for play (max tick rate 60) at 2025.04.08-13.19.57
[2025.04.08-17.19.57:790][574]LogWorld: Bringing up level for play took: 0.000396
[2025.04.08-17.19.57:790][574]LogOnline: OSS: Creating online subsystem instance for: :Context_16
[2025.04.08-17.19.57:792][574]PIE: Server logged in
[2025.04.08-17.19.57:793][574]PIE: Play in editor total start time 0.273 seconds.
[2025.04.08-17.20.13:702][523]LogSlate: Updating window title bar state: overlay mode, drag disabled, window buttons hidden, title bar hidden
[2025.04.08-17.20.13:702][523]LogWorld: BeginTearingDown for /Game/TopDownCPP/Maps/Ui/UEDPIE_0_MainMenuLev
[2025.04.08-17.20.13:702][523]LogWorld: UWorld::CleanupWorld for MainMenuLev, bSessionEnded=true, bCleanupResources=true
[2025.04.08-17.20.13:702][523]LogSlate: InvalidateAllWidgets triggered.  All widgets were invalidated
[2025.04.08-17.20.13:712][523]LogPlayLevel: Display: Shutting down PIE online subsystems
[2025.04.08-17.20.13:728][523]LogSlate: InvalidateAllWidgets triggered.  All widgets were invalidated
[2025.04.08-17.20.13:749][523]LogAudio: Display: Audio Device unregistered from world 'None'.
[2025.04.08-17.20.13:749][523]LogAudioMixer: FMixerPlatformXAudio2::StopAudioStream() called
[2025.04.08-17.20.13:751][523]LogAudioMixer: FMixerPlatformXAudio2::StopAudioStream() called
[2025.04.08-17.20.13:754][523]LogSlate: Updating window title bar state: overlay mode, drag disabled, window buttons hidden, title bar hidden
[2025.04.08-17.20.13:758][523]LogUObjectHash: Compacting FUObjectHashTables data took   3.26ms
[2025.04.08-17.20.13:784][524]LogPlayLevel: Display: Destroying online subsystem :Context_16
[2025.04.08-17.20.40:527][479]LogSlate: Prevented a slow task dialog from being summoned while a context menu was open
[2025.04.08-17.20.40:548][479]LogEditorClassViewer: Warning: Class /Engine/Tutorial/InWorldBlueprintEditing/TutorialAssets/IWBE_Blutility.IWBE_Blutility_C has parent /Script/Blutility.PlacedEditorUtilityBase, but this parent is not found. The Class will not be shown in ClassViewer.
[2025.04.08-17.20.46:093][799]LogAssetEditorSubsystem: Opening Asset editor for Blueprint /Game/TopDownCPP/Maps/Ui/MainMenuCharacter.MainMenuCharacter
[2025.04.08-17.20.55:923][319]LogSavePackage: Moving '../../../../../../Unreal Projects/Top-Down-Puzzle/TopDownPuzzle/Saved/MainMenuCharacterEE3C098445E88476DC6903AF9C0E4DBC.tmp' to '../../../../../../Unreal Projects/Top-Down-Puzzle/TopDownPuzzle/Content/TopDownCPP/Maps/Ui/MainMenuCharacter.uasset'
[2025.04.08-17.20.55:951][319]AssetCheck: New page: Asset Save: MainMenuCharacter
[2025.04.08-17.20.55:951][319]LogContentValidation: Display: Validating Blueprint /Game/TopDownCPP/Maps/Ui/MainMenuCharacter.MainMenuCharacter
[2025.04.08-17.20.57:050][384]BlueprintLog: New page: Compile MainMenuCharacter
[2025.04.08-17.20.57:110][384]LogUObjectHash: Compacting FUObjectHashTables data took   3.00ms
[2025.04.08-17.20.58:002][433]LogSavePackage: Moving '../../../../../../Unreal Projects/Top-Down-Puzzle/TopDownPuzzle/Saved/MainMenuCharacterAD4098EC4E7537A511B9499388EB0EFD.tmp' to '../../../../../../Unreal Projects/Top-Down-Puzzle/TopDownPuzzle/Content/TopDownCPP/Maps/Ui/MainMenuCharacter.uasset'
[2025.04.08-17.20.58:023][433]AssetCheck: New page: Asset Save: MainMenuCharacter
[2025.04.08-17.20.58:023][433]LogContentValidation: Display: Validating Blueprint /Game/TopDownCPP/Maps/Ui/MainMenuCharacter.MainMenuCharacter
[2025.04.08-17.21.02:668][699]Candidate modules for hot reload:
[2025.04.08-17.21.02:668][699]  TopDownPuzzle
[2025.04.08-17.21.02:668][699]Launching UnrealBuildTool... [C:/Program Files/UE/UE_4.27/Engine/Binaries/DotNET/UnrealBuildTool.exe  -ModuleWithSuffix=TopDownPuzzle,4539 TopDownPuzzleEditor Win64 Development -Project="C:/Unreal Projects/Top-Down-Puzzle/TopDownPuzzle/TopDownPuzzle.uproject" "C:/Unreal Projects/Top-Down-Puzzle/TopDownPuzzle/TopDownPuzzle.uproject"  -IgnoreJunk]
[2025.04.08-17.21.02:672][699]Warning: Starting HotReload took  0.0s.
[2025.04.08-17.21.04:937][823]CompilerResultsLog: New page: Compilation - 08-Apr-2025, 9:21:04 am
[2025.04.08-17.21.04:937][823]CompilerResultsLog: Using 'git status' to determine working set for adaptive non-unity build (C:\Unreal Projects\Top-Down-Puzzle).
[2025.04.08-17.21.04:937][823]CompilerResultsLog: Building TopDownPuzzleEditor...
[2025.04.08-17.21.04:937][823]CompilerResultsLog: Using Visual Studio 2022 14.43.34808 toolchain (C:\Program Files\Microsoft Visual Studio\2022\Community\VC\Tools\MSVC\14.43.34808) and Windows 10.0.22621.0 SDK (C:\Program Files (x86)\Windows Kits\10).
[2025.04.08-17.21.04:937][823]CompilerResultsLog: Building 3 actions with 8 processes...
[2025.04.08-17.21.04:937][823]CompilerResultsLog:   [1/3] UE4Editor-TopDownPuzzle-4539.lib
[2025.04.08-17.21.04:937][823]CompilerResultsLog:      Creating library C:\Unreal Projects\Top-Down-Puzzle\TopDownPuzzle\Intermediate\Build\Win64\UE4Editor\Development\TopDownPuzzle\UE4Editor-TopDownPuzzle-4539.lib and object C:\Unreal Projects\Top-Down-Puzzle\TopDownPuzzle\Intermediate\Build\Win64\UE4Editor\Development\TopDownPuzzle\UE4Editor-TopDownPuzzle-4539.exp
[2025.04.08-17.21.04:937][823]CompilerResultsLog:   [2/3] UE4Editor-TopDownPuzzle-4539.dll
[2025.04.08-17.21.04:937][823]CompilerResultsLog:      Creating library C:\Unreal Projects\Top-Down-Puzzle\TopDownPuzzle\Intermediate\Build\Win64\UE4Editor\Development\TopDownPuzzle\UE4Editor-TopDownPuzzle-4539.suppressed.lib and object C:\Unreal Projects\Top-Down-Puzzle\TopDownPuzzle\Intermediate\Build\Win64\UE4Editor\Development\TopDownPuzzle\UE4Editor-TopDownPuzzle-4539.suppressed.exp
[2025.04.08-17.21.04:937][823]CompilerResultsLog:   [3/3] TopDownPuzzleEditor.target
[2025.04.08-17.21.04:937][823]CompilerResultsLog: Total time in Parallel executor: 1.09 seconds
[2025.04.08-17.21.04:937][823]CompilerResultsLog: Total execution time: 2.15 seconds
[2025.04.08-17.21.04:937][823]LogMainFrame: MainFrame: Module compiling took 2.274 seconds
[2025.04.08-17.21.05:116][823]LogNativeClassHierarchy: Verbose: Native class hierarchy updated for 'TopDownPuzzle' in 0.0003 seconds. Added 5 classes and 2 folders.
[2025.04.08-17.21.05:122][823]Display: HotReload successful (2 functions remapped  0 scriptstructs remapped)
[2025.04.08-17.21.05:234][823]LogNativeClassHierarchy: Verbose: Native class hierarchy populated in 0.0090 seconds. Added 3827 classes and 930 folders.
[2025.04.08-17.21.05:239][823]Display: HotReload took  2.6s.
[2025.04.08-17.21.06:638][890]LogTemp: Repeating last play command: Selected Viewport
[2025.04.08-17.21.06:652][890]LogPlayLevel: PlayLevel: No blueprints needed recompiling
[2025.04.08-17.21.06:652][890]PIE: New page: PIE session: MainMenuLev (08-Apr-2025, 9:21:06 am)
[2025.04.08-17.21.06:652][890]LogPlayLevel: Creating play world package: /Game/TopDownCPP/Maps/Ui/UEDPIE_0_MainMenuLev
[2025.04.08-17.21.06:655][890]LogPlayLevel: PIE: StaticDuplicateObject took: (0.002846s)
[2025.04.08-17.21.06:656][890]LogAIModule: Creating AISystem for world MainMenuLev
[2025.04.08-17.21.06:656][890]LogPlayLevel: PIE: World Init took: (0.001171s)
[2025.04.08-17.21.06:656][890]LogPlayLevel: PIE: Created PIE world by copying editor world from /Game/TopDownCPP/Maps/Ui/MainMenuLev.MainMenuLev to /Game/TopDownCPP/Maps/Ui/UEDPIE_0_MainMenuLev.MainMenuLev (0.004206s)
[2025.04.08-17.21.06:716][890]LogUObjectHash: Compacting FUObjectHashTables data took   4.86ms
[2025.04.08-17.21.06:719][890]LogAudio: Display: Creating Audio Device:                 Id: 8, Scope: Unique, Realtime: True
[2025.04.08-17.21.06:719][890]LogAudioMixer: Display: Audio Mixer Platform Settings:
[2025.04.08-17.21.06:719][890]LogAudioMixer: Display: 	Sample Rate:						  48000
[2025.04.08-17.21.06:719][890]LogAudioMixer: Display: 	Callback Buffer Frame Size Requested: 1024
[2025.04.08-17.21.06:719][890]LogAudioMixer: Display: 	Callback Buffer Frame Size To Use:	  1024
[2025.04.08-17.21.06:719][890]LogAudioMixer: Display: 	Number of buffers to queue:			  2
[2025.04.08-17.21.06:719][890]LogAudioMixer: Display: 	Max Channels (voices):				  32
[2025.04.08-17.21.06:719][890]LogAudioMixer: Display: 	Number of Async Source Workers:		  0
[2025.04.08-17.21.06:719][890]LogAudio: Display: AudioDevice MaxSources: 32
[2025.04.08-17.21.06:719][890]LogAudio: Display: Audio Spatialization Plugin: None (built-in).
[2025.04.08-17.21.06:719][890]LogAudio: Display: Audio Reverb Plugin: None (built-in).
[2025.04.08-17.21.06:719][890]LogAudio: Display: Audio Occlusion Plugin: None (built-in).
[2025.04.08-17.21.06:719][890]LogAudioMixer: Display: Initializing audio mixer.
[2025.04.08-17.21.06:723][890]LogAudioMixer: Display: 0: FrontLeft
[2025.04.08-17.21.06:723][890]LogAudioMixer: Display: 1: FrontRight
[2025.04.08-17.21.06:737][890]LogAudioMixer: Display: Using Audio Device Headphone (Realtek(R) Audio)
[2025.04.08-17.21.06:737][890]LogAudioMixer: Display: Initializing Sound Submixes...
[2025.04.08-17.21.06:737][890]LogAudioMixer: Display: Creating Master Submix 'MasterSubmixDefault'
[2025.04.08-17.21.06:737][890]LogAudioMixer: Display: Creating Master Submix 'MasterReverbSubmixDefault'
[2025.04.08-17.21.06:737][890]LogAudioMixer: Display: Creating Master Submix 'MasterEQSubmixDefault'
[2025.04.08-17.21.06:737][890]LogAudioMixer: FMixerPlatformXAudio2::StartAudioStream() called
[2025.04.08-17.21.06:737][890]LogAudioMixer: Display: Output buffers initialized: Frames=1024, Channels=2, Samples=2048
[2025.04.08-17.21.06:739][890]LogAudioMixer: Display: Starting AudioMixerPlatformInterface::RunInternal()
[2025.04.08-17.21.06:739][890]LogAudioMixer: Display: FMixerPlatformXAudio2::SubmitBuffer() called for the first time
[2025.04.08-17.21.06:739][890]LogInit: FAudioDevice initialized.
[2025.04.08-17.21.06:739][890]LogAudio: Display: Audio Device (ID: 8) registered with world 'MainMenuLev'.
[2025.04.08-17.21.06:746][890]LogLoad: Game class is 'NewGameModeGM_C'
[2025.04.08-17.21.06:747][890]LogWorld: Bringing World /Game/TopDownCPP/Maps/Ui/UEDPIE_0_MainMenuLev.MainMenuLev up for play (max tick rate 60) at 2025.04.08-13.21.06
[2025.04.08-17.21.06:747][890]LogWorld: Bringing up level for play took: 0.000395
[2025.04.08-17.21.06:747][890]LogOnline: OSS: Creating online subsystem instance for: :Context_18
[2025.04.08-17.21.06:750][890]LogOutputDevice: Warning: 

Script Stack (2 frames):
MainMenuCharacter_C.ExecuteUbergraph_MainMenuCharacter
MainMenuCharacter_C.ReceiveBeginPlay

[2025.04.08-17.21.07:012][890]LogStats: FPlatformStackWalk::StackWalkAndDump -  0.248 s
[2025.04.08-17.21.07:012][890]LogOutputDevice: Error: === Handled ensure: ===
[2025.04.08-17.21.07:012][890]LogOutputDevice: Error: 
[2025.04.08-17.21.07:012][890]LogOutputDevice: Error: Ensure condition failed: this->IsBound() [File:C:\Program Files\UE\UE_4.27\Engine\Source\Runtime\Core\Public\Delegates/DelegateSignatureImpl.inl] [Line: 1028]
[2025.04.08-17.21.07:012][890]LogOutputDevice: Error: Unable to bind delegate to 'StartGame' (function might not be marked as a UFUNCTION or object may be pending kill)
[2025.04.08-17.21.07:012][890]LogOutputDevice: Error: Stack: 
[2025.04.08-17.21.07:012][890]LogOutputDevice: Error: [Callstack] 0x00007ffe7dbbe378 UE4Editor-TopDownPuzzle-4539.dll!DispatchCheckVerify<bool,<lambda_1434da94854223d7c4b7f3a04f630c04> >() [C:\Program Files\UE\UE_4.27\Engine\Source\Runtime\Core\Public\Misc\AssertionMacros.h:164]
[2025.04.08-17.21.07:013][890]LogOutputDevice: Error: [Callstack] 0x00007ffe7dbb2c0c UE4Editor-TopDownPuzzle-4539.dll!TBaseDynamicMulticastDelegate<FWeakObjectPtr,void>::__Internal_AddUniqueDynamic<UMainMenuWidget>() [C:\Program Files\UE\UE_4.27\Engine\Source\Runtime\Core\Public\Delegates\DelegateSignatureImpl.inl:1131]
[2025.04.08-17.21.07:013][890]LogOutputDevice: Error: [Callstack] 0x00007ffe7dbb31e2 UE4Editor-TopDownPuzzle-4539.dll!UMainMenuWidget::NativeConstruct() [C:\Unreal Projects\Top-Down-Puzzle\TopDownPuzzle\Source\TopDownPuzzle\MainMenuWidget.cpp:15]
[2025.04.08-17.21.07:013][890]LogOutputDevice: Error: [Callstack] 0x00007ffdd35fb56a UE4Editor-UMG.dll!UnknownFunction []
[2025.04.08-17.21.07:013][890]LogOutputDevice: Error: [Callstack] 0x00007ffdd35fabf9 UE4Editor-UMG.dll!UnknownFunction []
[2025.04.08-17.21.07:013][890]LogOutputDevice: Error: [Callstack] 0x00007ffdd3513e98 UE4Editor-UMG.dll!UnknownFunction []
[2025.04.08-17.21.07:013][890]LogOutputDevice: Error: [Callstack] 0x00007ffdd363fcd6 UE4Editor-UMG.dll!UnknownFunction []
[2025.04.08-17.21.07:013][890]LogOutputDevice: Error: [Callstack] 0x00007ffe033419c4 UE4Editor-CoreUObject.dll!UnknownFunction []
[2025.04.08-17.21.07:013][890]LogOutputDevice: Error: [Callstack] 0x00007ffe035ff37b UE4Editor-CoreUObject.dll!UnknownFunction []
[2025.04.08-17.21.07:013][890]LogOutputDevice: Error: [Callstack] 0x00007ffe03622573 UE4Editor-CoreUObject.dll!UnknownFunction []
[2025.04.08-17.21.07:013][890]LogOutputDevice: Error: [Callstack] 0x00007ffe03624d8d UE4Editor-CoreUObject.dll!UnknownFunction []
[2025.04.08-17.21.07:013][890]LogOutputDevice: Error: [Callstack] 0x00007ffe035f341a UE4Editor-CoreUObject.dll!UnknownFunction []
[2025.04.08-17.21.07:013][890]LogOutputDevice: Error: [Callstack] 0x00007ffe0362497c UE4Editor-CoreUObject.dll!UnknownFunction []
[2025.04.08-17.21.07:013][890]LogOutputDevice: Error: [Callstack] 0x00007ffe03624d8d UE4Editor-CoreUObject.dll!UnknownFunction []
[2025.04.08-17.21.07:013][890]LogOutputDevice: Error: [Callstack] 0x00007ffe03624184 UE4Editor-CoreUObject.dll!UnknownFunction []
[2025.04.08-17.21.07:013][890]LogOutputDevice: Error: [Callstack] 0x00007ffe033419c4 UE4Editor-CoreUObject.dll!UnknownFunction []
[2025.04.08-17.21.07:013][890]LogOutputDevice: Error: [Callstack] 0x00007ffe03623ca3 UE4Editor-CoreUObject.dll!UnknownFunction []
[2025.04.08-17.21.07:013][890]LogOutputDevice: Error: [Callstack] 0x00007ffdedce942a UE4Editor-Engine.dll!UnknownFunction []
[2025.04.08-17.21.07:013][890]LogOutputDevice: Error: [Callstack] 0x00007ffdedcb7435 UE4Editor-Engine.dll!UnknownFunction []
[2025.04.08-17.21.07:013][890]LogOutputDevice: Error: [Callstack] 0x00007ffdedcc0c1f UE4Editor-Engine.dll!UnknownFunction []
[2025.04.08-17.21.07:013][890]LogOutputDevice: Error: [Callstack] 0x00007ffdef0cba95 UE4Editor-Engine.dll!UnknownFunction []
[2025.04.08-17.21.07:013][890]LogOutputDevice: Error: [Callstack] 0x00007ffdee40ca31 UE4Editor-Engine.dll!UnknownFunction []
[2025.04.08-17.21.07:013][890]LogOutputDevice: Error: [Callstack] 0x00007ffdef06fb3e UE4Editor-Engine.dll!UnknownFunction []
[2025.04.08-17.21.07:013][890]LogOutputDevice: Error: [Callstack] 0x00007ffdee42eb09 UE4Editor-Engine.dll!UnknownFunction []
[2025.04.08-17.21.07:013][890]LogOutputDevice: Error: [Callstack] 0x00007ffde0cb2c45 UE4Editor-UnrealEd.dll!UnknownFunction []
[2025.04.08-17.21.07:014][890]LogOutputDevice: Error: [Callstack] 0x00007ffde0cd622f UE4Editor-UnrealEd.dll!UnknownFunction []
[2025.04.08-17.21.07:014][890]LogOutputDevice: Error: [Callstack] 0x00007ffde0cb397d UE4Editor-UnrealEd.dll!UnknownFunction []
[2025.04.08-17.21.07:014][890]LogOutputDevice: Error: [Callstack] 0x00007ffde0cf3772 UE4Editor-UnrealEd.dll!UnknownFunction []
[2025.04.08-17.21.07:014][890]LogOutputDevice: Error: [Callstack] 0x00007ffde0cf6d31 UE4Editor-UnrealEd.dll!UnknownFunction []
[2025.04.08-17.21.07:014][890]LogOutputDevice: Error: [Callstack] 0x00007ffde0cf65f8 UE4Editor-UnrealEd.dll!UnknownFunction []
[2025.04.08-17.21.07:014][890]LogOutputDevice: Error: [Callstack] 0x00007ffde0750c8c UE4Editor-UnrealEd.dll!UnknownFunction []
[2025.04.08-17.21.07:014][890]LogOutputDevice: Error: [Callstack] 0x00007ffde1052ba6 UE4Editor-UnrealEd.dll!UnknownFunction []
[2025.04.08-17.21.07:014][890]LogOutputDevice: Error: [Callstack] 0x00007ff6b76587a0 UE4Editor.exe!UnknownFunction []
[2025.04.08-17.21.07:014][890]LogOutputDevice: Error: [Callstack] 0x00007ff6b7670fcc UE4Editor.exe!UnknownFunction []
[2025.04.08-17.21.07:014][890]LogOutputDevice: Error: [Callstack] 0x00007ff6b76710ba UE4Editor.exe!UnknownFunction []
[2025.04.08-17.21.07:014][890]LogOutputDevice: Error: [Callstack] 0x00007ff6b76740dd UE4Editor.exe!UnknownFunction []
[2025.04.08-17.21.07:014][890]LogOutputDevice: Error: [Callstack] 0x00007ff6b7685984 UE4Editor.exe!UnknownFunction []
[2025.04.08-17.21.07:014][890]LogOutputDevice: Error: [Callstack] 0x00007ff6b768853a UE4Editor.exe!UnknownFunction []
[2025.04.08-17.21.07:014][890]LogOutputDevice: Error: [Callstack] 0x00007ffeb8b3259d KERNEL32.DLL!UnknownFunction []
[2025.04.08-17.21.07:014][890]LogOutputDevice: Error: [Callstack] 0x00007ffeb9a4af38 ntdll.dll!UnknownFunction []
[2025.04.08-17.21.07:014][890]LogOutputDevice: Error: 
[2025.04.08-17.21.07:019][890]LogStats:                SubmitErrorReport -  0.000 s
[2025.04.08-17.21.11:237][890]LogStats:                    SendNewReport -  4.218 s
[2025.04.08-17.21.11:237][890]LogStats:             FDebug::EnsureFailed -  4.487 s
[2025.04.08-17.21.11:237][890]PIE: Server logged in
[2025.04.08-17.21.11:238][890]PIE: Play in editor total start time 4.59 seconds.
[2025.04.08-17.21.11:240][890]LogAudioMixer: Resetting audio stream to device id 
[2025.04.08-17.21.11:246][890]LogAudioMixer: Display: 0: FrontLeft
[2025.04.08-17.21.11:246][890]LogAudioMixer: Display: 1: FrontRight
[2025.04.08-17.21.20:602][441]LogSlate: Updating window title bar state: overlay mode, drag disabled, window buttons hidden, title bar hidden
[2025.04.08-17.21.20:602][441]LogWorld: BeginTearingDown for /Game/TopDownCPP/Maps/Ui/UEDPIE_0_MainMenuLev
[2025.04.08-17.21.20:602][441]LogWorld: UWorld::CleanupWorld for MainMenuLev, bSessionEnded=true, bCleanupResources=true
[2025.04.08-17.21.20:603][441]LogSlate: InvalidateAllWidgets triggered.  All widgets were invalidated
[2025.04.08-17.21.20:610][441]LogPlayLevel: Display: Shutting down PIE online subsystems
[2025.04.08-17.21.20:627][441]LogSlate: InvalidateAllWidgets triggered.  All widgets were invalidated
[2025.04.08-17.21.20:656][441]LogAudio: Display: Audio Device unregistered from world 'None'.
[2025.04.08-17.21.20:657][441]LogAudioMixer: FMixerPlatformXAudio2::StopAudioStream() called
[2025.04.08-17.21.20:659][441]LogAudioMixer: FMixerPlatformXAudio2::StopAudioStream() called
[2025.04.08-17.21.20:663][441]LogSlate: Updating window title bar state: overlay mode, drag disabled, window buttons hidden, title bar hidden
[2025.04.08-17.21.20:671][441]LogUObjectHash: Compacting FUObjectHashTables data took   4.25ms
[2025.04.08-17.21.20:694][442]LogPlayLevel: Display: Destroying online subsystem :Context_18
[2025.04.08-17.21.32:967][172]LogSlate: Prevented a slow task dialog from being summoned while a context menu was open
[2025.04.08-17.21.32:987][172]LogEditorClassViewer: Warning: Class /Engine/Tutorial/InWorldBlueprintEditing/TutorialAssets/IWBE_Blutility.IWBE_Blutility_C has parent /Script/Blutility.PlacedEditorUtilityBase, but this parent is not found. The Class will not be shown in ClassViewer.
[2025.04.08-17.25.37:164][533]LogSavePackage: Moving '../../../../../../Unreal Projects/Top-Down-Puzzle/TopDownPuzzle/Saved/MainMenuCharacterA2B967CA4066B6A760BE78922B6BE4FA.tmp' to '../../../../../../Unreal Projects/Top-Down-Puzzle/TopDownPuzzle/Content/TopDownCPP/Maps/Ui/MainMenuCharacter.uasset'
[2025.04.08-17.25.37:221][533]AssetCheck: New page: Asset Save: MainMenuCharacter
[2025.04.08-17.25.37:222][533]LogContentValidation: Display: Validating Blueprint /Game/TopDownCPP/Maps/Ui/MainMenuCharacter.MainMenuCharacter
[2025.04.08-17.25.39:207][650]BlueprintLog: New page: Compile MainMenuCharacter
[2025.04.08-17.25.39:347][650]LogUObjectHash: Compacting FUObjectHashTables data took   6.60ms
[2025.04.08-17.25.41:133][732]LogSavePackage: Moving '../../../../../../Unreal Projects/Top-Down-Puzzle/TopDownPuzzle/Saved/MainMenuCharacterB8E46C4E4189695D7EB66CB0A47B1B74.tmp' to '../../../../../../Unreal Projects/Top-Down-Puzzle/TopDownPuzzle/Content/TopDownCPP/Maps/Ui/MainMenuCharacter.uasset'
[2025.04.08-17.25.41:157][732]AssetCheck: New page: Asset Save: MainMenuCharacter
[2025.04.08-17.25.41:157][732]LogContentValidation: Display: Validating Blueprint /Game/TopDownCPP/Maps/Ui/MainMenuCharacter.MainMenuCharacter
[2025.04.08-17.25.44:094][887]LogSlate: Window 'MainMenuCharacter' being destroyed
[2025.04.08-17.25.44:104][887]LogSlate: Window 'MainMenuCharacter' being destroyed
[2025.04.08-17.25.44:136][887]LogWorld: UWorld::CleanupWorld for World_11, bSessionEnded=true, bCleanupResources=true
[2025.04.08-17.25.44:137][887]LogSlate: InvalidateAllWidgets triggered.  All widgets were invalidated
[2025.04.08-17.25.44:163][887]LogWorld: UWorld::CleanupWorld for World_10, bSessionEnded=true, bCleanupResources=true
[2025.04.08-17.25.44:163][887]LogSlate: InvalidateAllWidgets triggered.  All widgets were invalidated
[2025.04.08-17.25.44:452][887]LogWorld: UWorld::CleanupWorld for World_16, bSessionEnded=true, bCleanupResources=true
[2025.04.08-17.25.44:452][887]LogSlate: InvalidateAllWidgets triggered.  All widgets were invalidated
[2025.04.08-17.25.56:973][602]LogTemp: Repeating last play command: Selected Viewport
[2025.04.08-17.25.56:984][602]LogPlayLevel: PlayLevel: No blueprints needed recompiling
[2025.04.08-17.25.56:984][602]PIE: New page: PIE session: MainMenuLev (08-Apr-2025, 9:25:56 am)
[2025.04.08-17.25.57:018][602]LogPlayLevel: Creating play world package: /Game/TopDownCPP/Maps/Ui/UEDPIE_0_MainMenuLev
[2025.04.08-17.25.57:025][602]LogPlayLevel: PIE: StaticDuplicateObject took: (0.006866s)
[2025.04.08-17.25.57:026][602]LogAIModule: Creating AISystem for world MainMenuLev
[2025.04.08-17.25.57:027][602]LogPlayLevel: PIE: World Init took: (0.001767s)
[2025.04.08-17.25.57:027][602]LogPlayLevel: PIE: Created PIE world by copying editor world from /Game/TopDownCPP/Maps/Ui/MainMenuLev.MainMenuLev to /Game/TopDownCPP/Maps/Ui/UEDPIE_0_MainMenuLev.MainMenuLev (0.008818s)
[2025.04.08-17.25.58:049][602]LogUObjectHash: Compacting FUObjectHashTables data took   5.73ms
[2025.04.08-17.25.58:087][602]LogAudio: Display: Creating Audio Device:                 Id: 9, Scope: Unique, Realtime: True
[2025.04.08-17.25.58:087][602]LogAudioMixer: Display: Audio Mixer Platform Settings:
[2025.04.08-17.25.58:087][602]LogAudioMixer: Display: 	Sample Rate:						  48000
[2025.04.08-17.25.58:087][602]LogAudioMixer: Display: 	Callback Buffer Frame Size Requested: 1024
[2025.04.08-17.25.58:087][602]LogAudioMixer: Display: 	Callback Buffer Frame Size To Use:	  1024
[2025.04.08-17.25.58:087][602]LogAudioMixer: Display: 	Number of buffers to queue:			  2
[2025.04.08-17.25.58:087][602]LogAudioMixer: Display: 	Max Channels (voices):				  32
[2025.04.08-17.25.58:087][602]LogAudioMixer: Display: 	Number of Async Source Workers:		  0
[2025.04.08-17.25.58:087][602]LogAudio: Display: AudioDevice MaxSources: 32
[2025.04.08-17.25.58:088][602]LogAudio: Display: Audio Spatialization Plugin: None (built-in).
[2025.04.08-17.25.58:088][602]LogAudio: Display: Audio Reverb Plugin: None (built-in).
[2025.04.08-17.25.58:088][602]LogAudio: Display: Audio Occlusion Plugin: None (built-in).
[2025.04.08-17.25.58:088][602]LogAudioMixer: Display: Initializing audio mixer.
[2025.04.08-17.25.58:094][602]LogAudioMixer: Display: 0: FrontLeft
[2025.04.08-17.25.58:094][602]LogAudioMixer: Display: 1: FrontRight
[2025.04.08-17.25.58:216][602]LogAudioMixer: Display: Using Audio Device Headphone (Realtek(R) Audio)
[2025.04.08-17.25.58:216][602]LogAudioMixer: Display: Initializing Sound Submixes...
[2025.04.08-17.25.58:216][602]LogAudioMixer: Display: Creating Master Submix 'MasterSubmixDefault'
[2025.04.08-17.25.58:216][602]LogAudioMixer: Display: Creating Master Submix 'MasterReverbSubmixDefault'
[2025.04.08-17.25.58:217][602]LogAudioMixer: Display: Creating Master Submix 'MasterEQSubmixDefault'
[2025.04.08-17.25.58:217][602]LogAudioMixer: FMixerPlatformXAudio2::StartAudioStream() called
[2025.04.08-17.25.58:217][602]LogAudioMixer: Display: Output buffers initialized: Frames=1024, Channels=2, Samples=2048
[2025.04.08-17.25.58:218][602]LogAudioMixer: Display: Starting AudioMixerPlatformInterface::RunInternal()
[2025.04.08-17.25.58:218][602]LogAudioMixer: Display: FMixerPlatformXAudio2::SubmitBuffer() called for the first time
[2025.04.08-17.25.58:218][602]LogInit: FAudioDevice initialized.
[2025.04.08-17.25.58:218][602]LogAudio: Display: Audio Device (ID: 9) registered with world 'MainMenuLev'.
[2025.04.08-17.25.58:225][602]LogLoad: Game class is 'NewGameModeGM_C'
[2025.04.08-17.25.58:228][602]LogWorld: Bringing World /Game/TopDownCPP/Maps/Ui/UEDPIE_0_MainMenuLev.MainMenuLev up for play (max tick rate 60) at 2025.04.08-13.25.58
[2025.04.08-17.25.58:228][602]LogWorld: Bringing up level for play took: 0.000578
[2025.04.08-17.25.58:228][602]LogOnline: OSS: Creating online subsystem instance for: :Context_19
[2025.04.08-17.25.58:231][602]PIE: Server logged in
[2025.04.08-17.25.58:232][602]PIE: Play in editor total start time 1.251 seconds.
[2025.04.08-17.26.20:180][915]LogSlate: Updating window title bar state: overlay mode, drag disabled, window buttons hidden, title bar hidden
[2025.04.08-17.26.20:180][915]LogWorld: BeginTearingDown for /Game/TopDownCPP/Maps/Ui/UEDPIE_0_MainMenuLev
[2025.04.08-17.26.20:180][915]LogWorld: UWorld::CleanupWorld for MainMenuLev, bSessionEnded=true, bCleanupResources=true
[2025.04.08-17.26.20:180][915]LogSlate: InvalidateAllWidgets triggered.  All widgets were invalidated
[2025.04.08-17.26.20:190][915]LogPlayLevel: Display: Shutting down PIE online subsystems
[2025.04.08-17.26.20:204][915]LogSlate: InvalidateAllWidgets triggered.  All widgets were invalidated
[2025.04.08-17.26.20:297][915]LogAudio: Display: Audio Device unregistered from world 'None'.
[2025.04.08-17.26.20:302][915]LogAudioMixer: FMixerPlatformXAudio2::StopAudioStream() called
[2025.04.08-17.26.20:304][915]LogAudioMixer: FMixerPlatformXAudio2::StopAudioStream() called
[2025.04.08-17.26.20:308][915]LogSlate: Updating window title bar state: overlay mode, drag disabled, window buttons hidden, title bar hidden
[2025.04.08-17.26.20:995][915]LogUObjectHash: Compacting FUObjectHashTables data took  10.60ms
[2025.04.08-17.26.21:224][916]LogEditorViewport: Clicking Background
[2025.04.08-17.26.21:235][916]LogPlayLevel: Display: Destroying online subsystem :Context_19
[2025.04.08-17.28.13:521][150]Candidate modules for hot reload:
[2025.04.08-17.28.13:522][150]  TopDownPuzzle
[2025.04.08-17.28.13:522][150]Launching UnrealBuildTool... [C:/Program Files/UE/UE_4.27/Engine/Binaries/DotNET/UnrealBuildTool.exe  -ModuleWithSuffix=TopDownPuzzle,1436 TopDownPuzzleEditor Win64 Development -Project="C:/Unreal Projects/Top-Down-Puzzle/TopDownPuzzle/TopDownPuzzle.uproject" "C:/Unreal Projects/Top-Down-Puzzle/TopDownPuzzle/TopDownPuzzle.uproject"  -IgnoreJunk]
[2025.04.08-17.28.13:527][150]Warning: Starting HotReload took  0.0s.
[2025.04.08-17.28.26:962][901]CompilerResultsLog: New page: Compilation - 08-Apr-2025, 9:28:26 am
[2025.04.08-17.28.26:962][901]CompilerResultsLog: Using 'git status' to determine working set for adaptive non-unity build (C:\Unreal Projects\Top-Down-Puzzle).
[2025.04.08-17.28.26:962][901]CompilerResultsLog: Building TopDownPuzzleEditor...
[2025.04.08-17.28.26:962][901]CompilerResultsLog: Using Visual Studio 2022 14.43.34808 toolchain (C:\Program Files\Microsoft Visual Studio\2022\Community\VC\Tools\MSVC\14.43.34808) and Windows 10.0.22621.0 SDK (C:\Program Files (x86)\Windows Kits\10).
[2025.04.08-17.28.26:962][901]CompilerResultsLog: Building 4 actions with 8 processes...
[2025.04.08-17.28.26:962][901]CompilerResultsLog:   [1/4] MainMenuWidget.cpp
[2025.04.08-17.28.26:962][901]CompilerResultsLog:   [2/4] UE4Editor-TopDownPuzzle-1436.lib
[2025.04.08-17.28.26:962][901]CompilerResultsLog:      Creating library C:\Unreal Projects\Top-Down-Puzzle\TopDownPuzzle\Intermediate\Build\Win64\UE4Editor\Development\TopDownPuzzle\UE4Editor-TopDownPuzzle-1436.lib and object C:\Unreal Projects\Top-Down-Puzzle\TopDownPuzzle\Intermediate\Build\Win64\UE4Editor\Development\TopDownPuzzle\UE4Editor-TopDownPuzzle-1436.exp
[2025.04.08-17.28.26:962][901]CompilerResultsLog:   [3/4] UE4Editor-TopDownPuzzle-1436.dll
[2025.04.08-17.28.26:962][901]CompilerResultsLog:      Creating library C:\Unreal Projects\Top-Down-Puzzle\TopDownPuzzle\Intermediate\Build\Win64\UE4Editor\Development\TopDownPuzzle\UE4Editor-TopDownPuzzle-1436.suppressed.lib and object C:\Unreal Projects\Top-Down-Puzzle\TopDownPuzzle\Intermediate\Build\Win64\UE4Editor\Development\TopDownPuzzle\UE4Editor-TopDownPuzzle-1436.suppressed.exp
[2025.04.08-17.28.26:962][901]CompilerResultsLog:   [4/4] TopDownPuzzleEditor.target
[2025.04.08-17.28.26:962][901]CompilerResultsLog: Total time in Parallel executor: 11.98 seconds
[2025.04.08-17.28.26:962][901]CompilerResultsLog: Total execution time: 13.30 seconds
[2025.04.08-17.28.26:962][901]LogMainFrame: MainFrame: Module compiling took 13.445 seconds
[2025.04.08-17.28.27:077][901]LogNativeClassHierarchy: Verbose: Native class hierarchy updated for 'TopDownPuzzle' in 0.0004 seconds. Added 5 classes and 2 folders.
[2025.04.08-17.28.27:083][901]Display: HotReload successful (2 functions remapped  0 scriptstructs remapped)
[2025.04.08-17.28.27:182][901]LogNativeClassHierarchy: Verbose: Native class hierarchy populated in 0.0097 seconds. Added 3827 classes and 930 folders.
[2025.04.08-17.28.27:189][901]Display: HotReload took 13.7s.
[2025.04.08-17.28.30:610][ 77]LogTemp: Repeating last play command: Selected Viewport
[2025.04.08-17.28.30:620][ 77]LogPlayLevel: PlayLevel: No blueprints needed recompiling
[2025.04.08-17.28.30:621][ 77]PIE: New page: PIE session: MainMenuLev (08-Apr-2025, 9:28:30 am)
[2025.04.08-17.28.30:621][ 77]LogPlayLevel: Creating play world package: /Game/TopDownCPP/Maps/Ui/UEDPIE_0_MainMenuLev
[2025.04.08-17.28.30:624][ 77]LogPlayLevel: PIE: StaticDuplicateObject took: (0.003215s)
[2025.04.08-17.28.30:626][ 77]LogAIModule: Creating AISystem for world MainMenuLev
[2025.04.08-17.28.30:626][ 77]LogPlayLevel: PIE: World Init took: (0.001809s)
[2025.04.08-17.28.30:626][ 77]LogPlayLevel: PIE: Created PIE world by copying editor world from /Game/TopDownCPP/Maps/Ui/MainMenuLev.MainMenuLev to /Game/TopDownCPP/Maps/Ui/UEDPIE_0_MainMenuLev.MainMenuLev (0.005318s)
[2025.04.08-17.28.30:687][ 77]LogUObjectHash: Compacting FUObjectHashTables data took   3.26ms
[2025.04.08-17.28.30:707][ 77]LogAudio: Display: Creating Audio Device:                 Id: 10, Scope: Unique, Realtime: True
[2025.04.08-17.28.30:707][ 77]LogAudioMixer: Display: Audio Mixer Platform Settings:
[2025.04.08-17.28.30:707][ 77]LogAudioMixer: Display: 	Sample Rate:						  48000
[2025.04.08-17.28.30:707][ 77]LogAudioMixer: Display: 	Callback Buffer Frame Size Requested: 1024
[2025.04.08-17.28.30:707][ 77]LogAudioMixer: Display: 	Callback Buffer Frame Size To Use:	  1024
[2025.04.08-17.28.30:707][ 77]LogAudioMixer: Display: 	Number of buffers to queue:			  2
[2025.04.08-17.28.30:707][ 77]LogAudioMixer: Display: 	Max Channels (voices):				  32
[2025.04.08-17.28.30:707][ 77]LogAudioMixer: Display: 	Number of Async Source Workers:		  0
[2025.04.08-17.28.30:707][ 77]LogAudio: Display: AudioDevice MaxSources: 32
[2025.04.08-17.28.30:708][ 77]LogAudio: Display: Audio Spatialization Plugin: None (built-in).
[2025.04.08-17.28.30:708][ 77]LogAudio: Display: Audio Reverb Plugin: None (built-in).
[2025.04.08-17.28.30:708][ 77]LogAudio: Display: Audio Occlusion Plugin: None (built-in).
[2025.04.08-17.28.30:708][ 77]LogAudioMixer: Display: Initializing audio mixer.
[2025.04.08-17.28.30:712][ 77]LogAudioMixer: Display: 0: FrontLeft
[2025.04.08-17.28.30:712][ 77]LogAudioMixer: Display: 1: FrontRight
[2025.04.08-17.28.30:727][ 77]LogAudioMixer: Display: Using Audio Device Headphone (Realtek(R) Audio)
[2025.04.08-17.28.30:727][ 77]LogAudioMixer: Display: Initializing Sound Submixes...
[2025.04.08-17.28.30:727][ 77]LogAudioMixer: Display: Creating Master Submix 'MasterSubmixDefault'
[2025.04.08-17.28.30:727][ 77]LogAudioMixer: Display: Creating Master Submix 'MasterReverbSubmixDefault'
[2025.04.08-17.28.30:728][ 77]LogAudioMixer: Display: Creating Master Submix 'MasterEQSubmixDefault'
[2025.04.08-17.28.30:728][ 77]LogAudioMixer: FMixerPlatformXAudio2::StartAudioStream() called
[2025.04.08-17.28.30:728][ 77]LogAudioMixer: Display: Output buffers initialized: Frames=1024, Channels=2, Samples=2048
[2025.04.08-17.28.30:729][ 77]LogAudioMixer: Display: Starting AudioMixerPlatformInterface::RunInternal()
[2025.04.08-17.28.30:729][ 77]LogAudioMixer: Display: FMixerPlatformXAudio2::SubmitBuffer() called for the first time
[2025.04.08-17.28.30:729][ 77]LogInit: FAudioDevice initialized.
[2025.04.08-17.28.30:729][ 77]LogAudio: Display: Audio Device (ID: 10) registered with world 'MainMenuLev'.
[2025.04.08-17.28.30:738][ 77]LogLoad: Game class is 'NewGameModeGM_C'
[2025.04.08-17.28.30:740][ 77]LogWorld: Bringing World /Game/TopDownCPP/Maps/Ui/UEDPIE_0_MainMenuLev.MainMenuLev up for play (max tick rate 60) at 2025.04.08-13.28.30
[2025.04.08-17.28.30:740][ 77]LogWorld: Bringing up level for play took: 0.000567
[2025.04.08-17.28.30:740][ 77]LogOnline: OSS: Creating online subsystem instance for: :Context_20
[2025.04.08-17.28.30:743][ 77]LogOutputDevice: Warning: 

Script Stack (2 frames):
MainMenuCharacter_C.ExecuteUbergraph_MainMenuCharacter
MainMenuCharacter_C.ReceiveBeginPlay

[2025.04.08-17.28.32:812][ 77]LogStats: FPlatformStackWalk::StackWalkAndDump -  2.070 s
[2025.04.08-17.28.32:812][ 77]LogOutputDevice: Error: === Handled ensure: ===
[2025.04.08-17.28.32:812][ 77]LogOutputDevice: Error: 
[2025.04.08-17.28.32:812][ 77]LogOutputDevice: Error: Ensure condition failed: this->IsBound() [File:C:\Program Files\UE\UE_4.27\Engine\Source\Runtime\Core\Public\Delegates/DelegateSignatureImpl.inl] [Line: 1028]
[2025.04.08-17.28.32:812][ 77]LogOutputDevice: Error: Unable to bind delegate to 'StartGame' (function might not be marked as a UFUNCTION or object may be pending kill)
[2025.04.08-17.28.32:812][ 77]LogOutputDevice: Error: Stack: 
[2025.04.08-17.28.32:812][ 77]LogOutputDevice: Error: [Callstack] 0x00007ffe7db4e378 UE4Editor-TopDownPuzzle-1436.dll!DispatchCheckVerify<bool,<lambda_1434da94854223d7c4b7f3a04f630c04> >() [C:\Program Files\UE\UE_4.27\Engine\Source\Runtime\Core\Public\Misc\AssertionMacros.h:164]
[2025.04.08-17.28.32:812][ 77]LogOutputDevice: Error: [Callstack] 0x00007ffe7db42c0c UE4Editor-TopDownPuzzle-1436.dll!TBaseDynamicMulticastDelegate<FWeakObjectPtr,void>::__Internal_AddUniqueDynamic<UMainMenuWidget>() [C:\Program Files\UE\UE_4.27\Engine\Source\Runtime\Core\Public\Delegates\DelegateSignatureImpl.inl:1131]
[2025.04.08-17.28.32:812][ 77]LogOutputDevice: Error: [Callstack] 0x00007ffe7db431e2 UE4Editor-TopDownPuzzle-1436.dll!UMainMenuWidget::NativeConstruct() [C:\Unreal Projects\Top-Down-Puzzle\TopDownPuzzle\Source\TopDownPuzzle\MainMenuWidget.cpp:15]
[2025.04.08-17.28.32:812][ 77]LogOutputDevice: Error: [Callstack] 0x00007ffdd35fb56a UE4Editor-UMG.dll!UnknownFunction []
[2025.04.08-17.28.32:812][ 77]LogOutputDevice: Error: [Callstack] 0x00007ffdd35fabf9 UE4Editor-UMG.dll!UnknownFunction []
[2025.04.08-17.28.32:812][ 77]LogOutputDevice: Error: [Callstack] 0x00007ffdd3513e98 UE4Editor-UMG.dll!UnknownFunction []
[2025.04.08-17.28.32:812][ 77]LogOutputDevice: Error: [Callstack] 0x00007ffdd363fcd6 UE4Editor-UMG.dll!UnknownFunction []
[2025.04.08-17.28.32:813][ 77]LogOutputDevice: Error: [Callstack] 0x00007ffe033419c4 UE4Editor-CoreUObject.dll!UnknownFunction []
[2025.04.08-17.28.32:813][ 77]LogOutputDevice: Error: [Callstack] 0x00007ffe035ff37b UE4Editor-CoreUObject.dll!UnknownFunction []
[2025.04.08-17.28.32:813][ 77]LogOutputDevice: Error: [Callstack] 0x00007ffe03622573 UE4Editor-CoreUObject.dll!UnknownFunction []
[2025.04.08-17.28.32:813][ 77]LogOutputDevice: Error: [Callstack] 0x00007ffe03624d8d UE4Editor-CoreUObject.dll!UnknownFunction []
[2025.04.08-17.28.32:813][ 77]LogOutputDevice: Error: [Callstack] 0x00007ffe035f341a UE4Editor-CoreUObject.dll!UnknownFunction []
[2025.04.08-17.28.32:813][ 77]LogOutputDevice: Error: [Callstack] 0x00007ffe0362497c UE4Editor-CoreUObject.dll!UnknownFunction []
[2025.04.08-17.28.32:813][ 77]LogOutputDevice: Error: [Callstack] 0x00007ffe03624d8d UE4Editor-CoreUObject.dll!UnknownFunction []
[2025.04.08-17.28.32:813][ 77]LogOutputDevice: Error: [Callstack] 0x00007ffe03624184 UE4Editor-CoreUObject.dll!UnknownFunction []
[2025.04.08-17.28.32:813][ 77]LogOutputDevice: Error: [Callstack] 0x00007ffe033419c4 UE4Editor-CoreUObject.dll!UnknownFunction []
[2025.04.08-17.28.32:813][ 77]LogOutputDevice: Error: [Callstack] 0x00007ffe03623ca3 UE4Editor-CoreUObject.dll!UnknownFunction []
[2025.04.08-17.28.32:813][ 77]LogOutputDevice: Error: [Callstack] 0x00007ffdedce942a UE4Editor-Engine.dll!UnknownFunction []
[2025.04.08-17.28.32:813][ 77]LogOutputDevice: Error: [Callstack] 0x00007ffdedcb7435 UE4Editor-Engine.dll!UnknownFunction []
[2025.04.08-17.28.32:813][ 77]LogOutputDevice: Error: [Callstack] 0x00007ffdedcc0c1f UE4Editor-Engine.dll!UnknownFunction []
[2025.04.08-17.28.32:813][ 77]LogOutputDevice: Error: [Callstack] 0x00007ffdef0cba95 UE4Editor-Engine.dll!UnknownFunction []
[2025.04.08-17.28.32:813][ 77]LogOutputDevice: Error: [Callstack] 0x00007ffdee40ca31 UE4Editor-Engine.dll!UnknownFunction []
[2025.04.08-17.28.32:813][ 77]LogOutputDevice: Error: [Callstack] 0x00007ffdef06fb3e UE4Editor-Engine.dll!UnknownFunction []
[2025.04.08-17.28.32:813][ 77]LogOutputDevice: Error: [Callstack] 0x00007ffdee42eb09 UE4Editor-Engine.dll!UnknownFunction []
[2025.04.08-17.28.32:813][ 77]LogOutputDevice: Error: [Callstack] 0x00007ffde0cb2c45 UE4Editor-UnrealEd.dll!UnknownFunction []
[2025.04.08-17.28.32:813][ 77]LogOutputDevice: Error: [Callstack] 0x00007ffde0cd622f UE4Editor-UnrealEd.dll!UnknownFunction []
[2025.04.08-17.28.32:813][ 77]LogOutputDevice: Error: [Callstack] 0x00007ffde0cb397d UE4Editor-UnrealEd.dll!UnknownFunction []
[2025.04.08-17.28.32:813][ 77]LogOutputDevice: Error: [Callstack] 0x00007ffde0cf3772 UE4Editor-UnrealEd.dll!UnknownFunction []
[2025.04.08-17.28.32:813][ 77]LogOutputDevice: Error: [Callstack] 0x00007ffde0cf6d31 UE4Editor-UnrealEd.dll!UnknownFunction []
[2025.04.08-17.28.32:813][ 77]LogOutputDevice: Error: [Callstack] 0x00007ffde0cf65f8 UE4Editor-UnrealEd.dll!UnknownFunction []
[2025.04.08-17.28.32:813][ 77]LogOutputDevice: Error: [Callstack] 0x00007ffde0750c8c UE4Editor-UnrealEd.dll!UnknownFunction []
[2025.04.08-17.28.32:813][ 77]LogOutputDevice: Error: [Callstack] 0x00007ffde1052ba6 UE4Editor-UnrealEd.dll!UnknownFunction []
[2025.04.08-17.28.32:813][ 77]LogOutputDevice: Error: [Callstack] 0x00007ff6b76587a0 UE4Editor.exe!UnknownFunction []
[2025.04.08-17.28.32:813][ 77]LogOutputDevice: Error: [Callstack] 0x00007ff6b7670fcc UE4Editor.exe!UnknownFunction []
[2025.04.08-17.28.32:813][ 77]LogOutputDevice: Error: [Callstack] 0x00007ff6b76710ba UE4Editor.exe!UnknownFunction []
[2025.04.08-17.28.32:813][ 77]LogOutputDevice: Error: [Callstack] 0x00007ff6b76740dd UE4Editor.exe!UnknownFunction []
[2025.04.08-17.28.32:813][ 77]LogOutputDevice: Error: [Callstack] 0x00007ff6b7685984 UE4Editor.exe!UnknownFunction []
[2025.04.08-17.28.32:813][ 77]LogOutputDevice: Error: [Callstack] 0x00007ff6b768853a UE4Editor.exe!UnknownFunction []
[2025.04.08-17.28.32:813][ 77]LogOutputDevice: Error: [Callstack] 0x00007ffeb8b3259d KERNEL32.DLL!UnknownFunction []
[2025.04.08-17.28.32:813][ 77]LogOutputDevice: Error: [Callstack] 0x00007ffeb9a4af38 ntdll.dll!UnknownFunction []
[2025.04.08-17.28.32:813][ 77]LogOutputDevice: Error: 
[2025.04.08-17.28.32:816][ 77]LogStats:                SubmitErrorReport -  0.000 s
[2025.04.08-17.28.35:090][ 77]LogStats:                    SendNewReport -  2.275 s
[2025.04.08-17.28.35:091][ 77]LogStats:             FDebug::EnsureFailed -  4.347 s
[2025.04.08-17.28.35:091][ 77]PIE: Server logged in
[2025.04.08-17.28.35:092][ 77]PIE: Play in editor total start time 4.474 seconds.
[2025.04.08-17.28.35:248][ 77]LogAudioMixer: Resetting audio stream to device id 
[2025.04.08-17.28.35:253][ 77]LogAudioMixer: Display: 0: FrontLeft
[2025.04.08-17.28.35:253][ 77]LogAudioMixer: Display: 1: FrontRight
[2025.04.08-17.28.43:080][525]LogSlate: Updating window title bar state: overlay mode, drag disabled, window buttons hidden, title bar hidden
[2025.04.08-17.28.43:080][525]LogWorld: BeginTearingDown for /Game/TopDownCPP/Maps/Ui/UEDPIE_0_MainMenuLev
[2025.04.08-17.28.43:081][525]LogWorld: UWorld::CleanupWorld for MainMenuLev, bSessionEnded=true, bCleanupResources=true
[2025.04.08-17.28.43:081][525]LogSlate: InvalidateAllWidgets triggered.  All widgets were invalidated
[2025.04.08-17.28.43:089][525]LogPlayLevel: Display: Shutting down PIE online subsystems
[2025.04.08-17.28.43:093][525]LogSlate: InvalidateAllWidgets triggered.  All widgets were invalidated
[2025.04.08-17.28.43:107][525]LogAudio: Display: Audio Device unregistered from world 'None'.
[2025.04.08-17.28.43:107][525]LogAudioMixer: FMixerPlatformXAudio2::StopAudioStream() called
[2025.04.08-17.28.43:108][525]LogAudioMixer: FMixerPlatformXAudio2::StopAudioStream() called
[2025.04.08-17.28.43:112][525]LogSlate: Updating window title bar state: overlay mode, drag disabled, window buttons hidden, title bar hidden
[2025.04.08-17.28.43:116][525]LogUObjectHash: Compacting FUObjectHashTables data took   2.80ms
[2025.04.08-17.28.43:147][526]LogPlayLevel: Display: Destroying online subsystem :Context_20
[2025.04.08-17.28.45:165][645]LogTemp: Repeating last play command: Selected Viewport
[2025.04.08-17.28.45:176][645]LogPlayLevel: PlayLevel: No blueprints needed recompiling
[2025.04.08-17.28.45:176][645]PIE: New page: PIE session: MainMenuLev (08-Apr-2025, 9:28:45 am)
[2025.04.08-17.28.45:176][645]LogPlayLevel: Creating play world package: /Game/TopDownCPP/Maps/Ui/UEDPIE_0_MainMenuLev
[2025.04.08-17.28.45:179][645]LogPlayLevel: PIE: StaticDuplicateObject took: (0.003323s)
[2025.04.08-17.28.45:180][645]LogAIModule: Creating AISystem for world MainMenuLev
[2025.04.08-17.28.45:180][645]LogPlayLevel: PIE: World Init took: (0.001092s)
[2025.04.08-17.28.45:180][645]LogPlayLevel: PIE: Created PIE world by copying editor world from /Game/TopDownCPP/Maps/Ui/MainMenuLev.MainMenuLev to /Game/TopDownCPP/Maps/Ui/UEDPIE_0_MainMenuLev.MainMenuLev (0.004609s)
[2025.04.08-17.28.45:196][645]LogUObjectHash: Compacting FUObjectHashTables data took   1.76ms
[2025.04.08-17.28.45:197][645]LogAudio: Display: Creating Audio Device:                 Id: 11, Scope: Unique, Realtime: True
[2025.04.08-17.28.45:197][645]LogAudioMixer: Display: Audio Mixer Platform Settings:
[2025.04.08-17.28.45:197][645]LogAudioMixer: Display: 	Sample Rate:						  48000
[2025.04.08-17.28.45:197][645]LogAudioMixer: Display: 	Callback Buffer Frame Size Requested: 1024
[2025.04.08-17.28.45:197][645]LogAudioMixer: Display: 	Callback Buffer Frame Size To Use:	  1024
[2025.04.08-17.28.45:197][645]LogAudioMixer: Display: 	Number of buffers to queue:			  2
[2025.04.08-17.28.45:197][645]LogAudioMixer: Display: 	Max Channels (voices):				  32
[2025.04.08-17.28.45:197][645]LogAudioMixer: Display: 	Number of Async Source Workers:		  0
[2025.04.08-17.28.45:197][645]LogAudio: Display: AudioDevice MaxSources: 32
[2025.04.08-17.28.45:197][645]LogAudio: Display: Audio Spatialization Plugin: None (built-in).
[2025.04.08-17.28.45:197][645]LogAudio: Display: Audio Reverb Plugin: None (built-in).
[2025.04.08-17.28.45:197][645]LogAudio: Display: Audio Occlusion Plugin: None (built-in).
[2025.04.08-17.28.45:197][645]LogAudioMixer: Display: Initializing audio mixer.
[2025.04.08-17.28.45:201][645]LogAudioMixer: Display: 0: FrontLeft
[2025.04.08-17.28.45:201][645]LogAudioMixer: Display: 1: FrontRight
[2025.04.08-17.28.45:216][645]LogAudioMixer: Display: Using Audio Device Headphone (Realtek(R) Audio)
[2025.04.08-17.28.45:216][645]LogAudioMixer: Display: Initializing Sound Submixes...
[2025.04.08-17.28.45:216][645]LogAudioMixer: Display: Creating Master Submix 'MasterSubmixDefault'
[2025.04.08-17.28.45:216][645]LogAudioMixer: Display: Creating Master Submix 'MasterReverbSubmixDefault'
[2025.04.08-17.28.45:216][645]LogAudioMixer: Display: Creating Master Submix 'MasterEQSubmixDefault'
[2025.04.08-17.28.45:216][645]LogAudioMixer: FMixerPlatformXAudio2::StartAudioStream() called
[2025.04.08-17.28.45:217][645]LogAudioMixer: Display: Output buffers initialized: Frames=1024, Channels=2, Samples=2048
[2025.04.08-17.28.45:218][645]LogAudioMixer: Display: Starting AudioMixerPlatformInterface::RunInternal()
[2025.04.08-17.28.45:218][645]LogAudioMixer: Display: FMixerPlatformXAudio2::SubmitBuffer() called for the first time
[2025.04.08-17.28.45:218][645]LogInit: FAudioDevice initialized.
[2025.04.08-17.28.45:218][645]LogAudio: Display: Audio Device (ID: 11) registered with world 'MainMenuLev'.
[2025.04.08-17.28.45:230][645]LogLoad: Game class is 'NewGameModeGM_C'
[2025.04.08-17.28.45:231][645]LogWorld: Bringing World /Game/TopDownCPP/Maps/Ui/UEDPIE_0_MainMenuLev.MainMenuLev up for play (max tick rate 60) at 2025.04.08-13.28.45
[2025.04.08-17.28.45:231][645]LogWorld: Bringing up level for play took: 0.000460
[2025.04.08-17.28.45:232][645]LogOnline: OSS: Creating online subsystem instance for: :Context_21
[2025.04.08-17.28.45:275][645]PIE: Server logged in
[2025.04.08-17.28.45:276][645]PIE: Play in editor total start time 0.103 seconds.
[2025.04.08-17.28.53:081][110]LogSlate: Updating window title bar state: overlay mode, drag disabled, window buttons hidden, title bar hidden
[2025.04.08-17.28.53:081][110]LogWorld: BeginTearingDown for /Game/TopDownCPP/Maps/Ui/UEDPIE_0_MainMenuLev
[2025.04.08-17.28.53:082][110]LogWorld: UWorld::CleanupWorld for MainMenuLev, bSessionEnded=true, bCleanupResources=true
[2025.04.08-17.28.53:082][110]LogSlate: InvalidateAllWidgets triggered.  All widgets were invalidated
[2025.04.08-17.28.53:094][110]LogPlayLevel: Display: Shutting down PIE online subsystems
[2025.04.08-17.28.53:099][110]LogSlate: InvalidateAllWidgets triggered.  All widgets were invalidated
[2025.04.08-17.28.53:117][110]LogAudio: Display: Audio Device unregistered from world 'None'.
[2025.04.08-17.28.53:117][110]LogAudioMixer: FMixerPlatformXAudio2::StopAudioStream() called
[2025.04.08-17.28.53:118][110]LogAudioMixer: FMixerPlatformXAudio2::StopAudioStream() called
[2025.04.08-17.28.53:121][110]LogSlate: Updating window title bar state: overlay mode, drag disabled, window buttons hidden, title bar hidden
[2025.04.08-17.28.53:124][110]LogUObjectHash: Compacting FUObjectHashTables data took   1.81ms
[2025.04.08-17.28.53:156][112]LogPlayLevel: Display: Destroying online subsystem :Context_21
[2025.04.08-17.29.49:227][391]Candidate modules for hot reload:
[2025.04.08-17.29.49:227][391]  TopDownPuzzle
[2025.04.08-17.29.49:228][391]Launching UnrealBuildTool... [C:/Program Files/UE/UE_4.27/Engine/Binaries/DotNET/UnrealBuildTool.exe  -ModuleWithSuffix=TopDownPuzzle,0396 TopDownPuzzleEditor Win64 Development -Project="C:/Unreal Projects/Top-Down-Puzzle/TopDownPuzzle/TopDownPuzzle.uproject" "C:/Unreal Projects/Top-Down-Puzzle/TopDownPuzzle/TopDownPuzzle.uproject"  -IgnoreJunk]
[2025.04.08-17.29.49:233][391]Warning: Starting HotReload took  0.1s.
[2025.04.08-17.29.54:710][712]CompilerResultsLog: New page: Compilation - 08-Apr-2025, 9:29:54 am
[2025.04.08-17.29.54:710][712]CompilerResultsLog: Using 'git status' to determine working set for adaptive non-unity build (C:\Unreal Projects\Top-Down-Puzzle).
[2025.04.08-17.29.54:711][712]CompilerResultsLog: Building TopDownPuzzleEditor...
[2025.04.08-17.29.54:711][712]CompilerResultsLog: Using Visual Studio 2022 14.43.34808 toolchain (C:\Program Files\Microsoft Visual Studio\2022\Community\VC\Tools\MSVC\14.43.34808) and Windows 10.0.22621.0 SDK (C:\Program Files (x86)\Windows Kits\10).
[2025.04.08-17.29.54:711][712]CompilerResultsLog: Building 4 actions with 8 processes...
[2025.04.08-17.29.54:711][712]CompilerResultsLog:   [1/4] MainMenuWidget.cpp
[2025.04.08-17.29.54:711][712]CompilerResultsLog:   [2/4] UE4Editor-TopDownPuzzle-0396.lib
[2025.04.08-17.29.54:711][712]CompilerResultsLog:      Creating library C:\Unreal Projects\Top-Down-Puzzle\TopDownPuzzle\Intermediate\Build\Win64\UE4Editor\Development\TopDownPuzzle\UE4Editor-TopDownPuzzle-0396.lib and object C:\Unreal Projects\Top-Down-Puzzle\TopDownPuzzle\Intermediate\Build\Win64\UE4Editor\Development\TopDownPuzzle\UE4Editor-TopDownPuzzle-0396.exp
[2025.04.08-17.29.54:711][712]CompilerResultsLog:   [3/4] UE4Editor-TopDownPuzzle-0396.dll
[2025.04.08-17.29.54:711][712]CompilerResultsLog:      Creating library C:\Unreal Projects\Top-Down-Puzzle\TopDownPuzzle\Intermediate\Build\Win64\UE4Editor\Development\TopDownPuzzle\UE4Editor-TopDownPuzzle-0396.suppressed.lib and object C:\Unreal Projects\Top-Down-Puzzle\TopDownPuzzle\Intermediate\Build\Win64\UE4Editor\Development\TopDownPuzzle\UE4Editor-TopDownPuzzle-0396.suppressed.exp
[2025.04.08-17.29.54:711][712]CompilerResultsLog:   [4/4] TopDownPuzzleEditor.target
[2025.04.08-17.29.54:711][712]CompilerResultsLog: Total time in Parallel executor: 4.28 seconds
[2025.04.08-17.29.54:711][712]CompilerResultsLog: Total execution time: 5.36 seconds
[2025.04.08-17.29.54:711][712]LogMainFrame: MainFrame: Module compiling took 5.494 seconds
[2025.04.08-17.29.54:773][712]LogNativeClassHierarchy: Verbose: Native class hierarchy updated for 'TopDownPuzzle' in 0.0003 seconds. Added 5 classes and 2 folders.
[2025.04.08-17.29.54:778][712]Display: HotReload successful (2 functions remapped  0 scriptstructs remapped)
[2025.04.08-17.29.54:856][712]LogNativeClassHierarchy: Verbose: Native class hierarchy populated in 0.0091 seconds. Added 3827 classes and 930 folders.
[2025.04.08-17.29.54:860][712]Display: HotReload took  5.8s.
[2025.04.08-17.29.59:948][993]LogTemp: Repeating last play command: Selected Viewport
[2025.04.08-17.29.59:958][993]LogPlayLevel: PlayLevel: No blueprints needed recompiling
[2025.04.08-17.29.59:959][993]PIE: New page: PIE session: MainMenuLev (08-Apr-2025, 9:29:59 am)
[2025.04.08-17.29.59:959][993]LogPlayLevel: Creating play world package: /Game/TopDownCPP/Maps/Ui/UEDPIE_0_MainMenuLev
[2025.04.08-17.29.59:962][993]LogPlayLevel: PIE: StaticDuplicateObject took: (0.003017s)
[2025.04.08-17.29.59:963][993]LogAIModule: Creating AISystem for world MainMenuLev
[2025.04.08-17.29.59:963][993]LogPlayLevel: PIE: World Init took: (0.001303s)
[2025.04.08-17.29.59:963][993]LogPlayLevel: PIE: Created PIE world by copying editor world from /Game/TopDownCPP/Maps/Ui/MainMenuLev.MainMenuLev to /Game/TopDownCPP/Maps/Ui/UEDPIE_0_MainMenuLev.MainMenuLev (0.004484s)
[2025.04.08-17.30.00:136][993]LogUObjectHash: Compacting FUObjectHashTables data took   7.43ms
[2025.04.08-17.30.00:317][993]LogAudio: Display: Creating Audio Device:                 Id: 12, Scope: Unique, Realtime: True
[2025.04.08-17.30.00:318][993]LogAudioMixer: Display: Audio Mixer Platform Settings:
[2025.04.08-17.30.00:318][993]LogAudioMixer: Display: 	Sample Rate:						  48000
[2025.04.08-17.30.00:318][993]LogAudioMixer: Display: 	Callback Buffer Frame Size Requested: 1024
[2025.04.08-17.30.00:318][993]LogAudioMixer: Display: 	Callback Buffer Frame Size To Use:	  1024
[2025.04.08-17.30.00:318][993]LogAudioMixer: Display: 	Number of buffers to queue:			  2
[2025.04.08-17.30.00:318][993]LogAudioMixer: Display: 	Max Channels (voices):				  32
[2025.04.08-17.30.00:318][993]LogAudioMixer: Display: 	Number of Async Source Workers:		  0
[2025.04.08-17.30.00:318][993]LogAudio: Display: AudioDevice MaxSources: 32
[2025.04.08-17.30.00:319][993]LogAudio: Display: Audio Spatialization Plugin: None (built-in).
[2025.04.08-17.30.00:319][993]LogAudio: Display: Audio Reverb Plugin: None (built-in).
[2025.04.08-17.30.00:319][993]LogAudio: Display: Audio Occlusion Plugin: None (built-in).
[2025.04.08-17.30.00:319][993]LogAudioMixer: Display: Initializing audio mixer.
[2025.04.08-17.30.00:354][993]LogAudioMixer: Display: 0: FrontLeft
[2025.04.08-17.30.00:354][993]LogAudioMixer: Display: 1: FrontRight
[2025.04.08-17.30.00:380][993]LogAudioMixer: Display: Using Audio Device Headphone (Realtek(R) Audio)
[2025.04.08-17.30.00:380][993]LogAudioMixer: Display: Initializing Sound Submixes...
[2025.04.08-17.30.00:381][993]LogAudioMixer: Display: Creating Master Submix 'MasterSubmixDefault'
[2025.04.08-17.30.00:381][993]LogAudioMixer: Display: Creating Master Submix 'MasterReverbSubmixDefault'
[2025.04.08-17.30.00:381][993]LogAudioMixer: Display: Creating Master Submix 'MasterEQSubmixDefault'
[2025.04.08-17.30.00:381][993]LogAudioMixer: FMixerPlatformXAudio2::StartAudioStream() called
[2025.04.08-17.30.00:381][993]LogAudioMixer: Display: Output buffers initialized: Frames=1024, Channels=2, Samples=2048
[2025.04.08-17.30.00:382][993]LogAudioMixer: Display: Starting AudioMixerPlatformInterface::RunInternal()
[2025.04.08-17.30.00:382][993]LogAudioMixer: Display: FMixerPlatformXAudio2::SubmitBuffer() called for the first time
[2025.04.08-17.30.00:382][993]LogInit: FAudioDevice initialized.
[2025.04.08-17.30.00:382][993]LogAudio: Display: Audio Device (ID: 12) registered with world 'MainMenuLev'.
[2025.04.08-17.30.00:391][993]LogLoad: Game class is 'NewGameModeGM_C'
[2025.04.08-17.30.00:393][993]LogWorld: Bringing World /Game/TopDownCPP/Maps/Ui/UEDPIE_0_MainMenuLev.MainMenuLev up for play (max tick rate 60) at 2025.04.08-13.30.00
[2025.04.08-17.30.00:393][993]LogWorld: Bringing up level for play took: 0.000430
[2025.04.08-17.30.00:393][993]LogOnline: OSS: Creating online subsystem instance for: :Context_22
[2025.04.08-17.30.00:396][993]LogOutputDevice: Warning: 

Script Stack (2 frames):
MainMenuCharacter_C.ExecuteUbergraph_MainMenuCharacter
MainMenuCharacter_C.ReceiveBeginPlay

[2025.04.08-17.30.00:917][993]LogStats: FPlatformStackWalk::StackWalkAndDump -  0.522 s
[2025.04.08-17.30.00:917][993]LogOutputDevice: Error: === Handled ensure: ===
[2025.04.08-17.30.00:917][993]LogOutputDevice: Error: 
[2025.04.08-17.30.00:917][993]LogOutputDevice: Error: Ensure condition failed: this->IsBound() [File:C:\Program Files\UE\UE_4.27\Engine\Source\Runtime\Core\Public\Delegates/DelegateSignatureImpl.inl] [Line: 1028]
[2025.04.08-17.30.00:917][993]LogOutputDevice: Error: Unable to bind delegate to 'StartGame' (function might not be marked as a UFUNCTION or object may be pending kill)
[2025.04.08-17.30.00:917][993]LogOutputDevice: Error: Stack: 
[2025.04.08-17.30.00:917][993]LogOutputDevice: Error: [Callstack] 0x00007ffe7db0e378 UE4Editor-TopDownPuzzle-0396.dll!DispatchCheckVerify<bool,<lambda_1434da94854223d7c4b7f3a04f630c04> >() [C:\Program Files\UE\UE_4.27\Engine\Source\Runtime\Core\Public\Misc\AssertionMacros.h:164]
[2025.04.08-17.30.00:917][993]LogOutputDevice: Error: [Callstack] 0x00007ffe7db02c0c UE4Editor-TopDownPuzzle-0396.dll!TBaseDynamicMulticastDelegate<FWeakObjectPtr,void>::__Internal_AddUniqueDynamic<UMainMenuWidget>() [C:\Program Files\UE\UE_4.27\Engine\Source\Runtime\Core\Public\Delegates\DelegateSignatureImpl.inl:1131]
[2025.04.08-17.30.00:917][993]LogOutputDevice: Error: [Callstack] 0x00007ffe7db03202 UE4Editor-TopDownPuzzle-0396.dll!UMainMenuWidget::NativeConstruct() [C:\Unreal Projects\Top-Down-Puzzle\TopDownPuzzle\Source\TopDownPuzzle\MainMenuWidget.cpp:15]
[2025.04.08-17.30.00:917][993]LogOutputDevice: Error: [Callstack] 0x00007ffdd35fb56a UE4Editor-UMG.dll!UnknownFunction []
[2025.04.08-17.30.00:917][993]LogOutputDevice: Error: [Callstack] 0x00007ffdd35fabf9 UE4Editor-UMG.dll!UnknownFunction []
[2025.04.08-17.30.00:917][993]LogOutputDevice: Error: [Callstack] 0x00007ffdd3513e98 UE4Editor-UMG.dll!UnknownFunction []
[2025.04.08-17.30.00:917][993]LogOutputDevice: Error: [Callstack] 0x00007ffdd363fcd6 UE4Editor-UMG.dll!UnknownFunction []
[2025.04.08-17.30.00:917][993]LogOutputDevice: Error: [Callstack] 0x00007ffe033419c4 UE4Editor-CoreUObject.dll!UnknownFunction []
[2025.04.08-17.30.00:917][993]LogOutputDevice: Error: [Callstack] 0x00007ffe035ff37b UE4Editor-CoreUObject.dll!UnknownFunction []
[2025.04.08-17.30.00:917][993]LogOutputDevice: Error: [Callstack] 0x00007ffe03622573 UE4Editor-CoreUObject.dll!UnknownFunction []
[2025.04.08-17.30.00:917][993]LogOutputDevice: Error: [Callstack] 0x00007ffe03624d8d UE4Editor-CoreUObject.dll!UnknownFunction []
[2025.04.08-17.30.00:917][993]LogOutputDevice: Error: [Callstack] 0x00007ffe035f341a UE4Editor-CoreUObject.dll!UnknownFunction []
[2025.04.08-17.30.00:918][993]LogOutputDevice: Error: [Callstack] 0x00007ffe0362497c UE4Editor-CoreUObject.dll!UnknownFunction []
[2025.04.08-17.30.00:918][993]LogOutputDevice: Error: [Callstack] 0x00007ffe03624d8d UE4Editor-CoreUObject.dll!UnknownFunction []
[2025.04.08-17.30.00:918][993]LogOutputDevice: Error: [Callstack] 0x00007ffe03624184 UE4Editor-CoreUObject.dll!UnknownFunction []
[2025.04.08-17.30.00:918][993]LogOutputDevice: Error: [Callstack] 0x00007ffe033419c4 UE4Editor-CoreUObject.dll!UnknownFunction []
[2025.04.08-17.30.00:918][993]LogOutputDevice: Error: [Callstack] 0x00007ffe03623ca3 UE4Editor-CoreUObject.dll!UnknownFunction []
[2025.04.08-17.30.00:918][993]LogOutputDevice: Error: [Callstack] 0x00007ffdedce942a UE4Editor-Engine.dll!UnknownFunction []
[2025.04.08-17.30.00:918][993]LogOutputDevice: Error: [Callstack] 0x00007ffdedcb7435 UE4Editor-Engine.dll!UnknownFunction []
[2025.04.08-17.30.00:918][993]LogOutputDevice: Error: [Callstack] 0x00007ffdedcc0c1f UE4Editor-Engine.dll!UnknownFunction []
[2025.04.08-17.30.00:918][993]LogOutputDevice: Error: [Callstack] 0x00007ffdef0cba95 UE4Editor-Engine.dll!UnknownFunction []
[2025.04.08-17.30.00:918][993]LogOutputDevice: Error: [Callstack] 0x00007ffdee40ca31 UE4Editor-Engine.dll!UnknownFunction []
[2025.04.08-17.30.00:918][993]LogOutputDevice: Error: [Callstack] 0x00007ffdef06fb3e UE4Editor-Engine.dll!UnknownFunction []
[2025.04.08-17.30.00:918][993]LogOutputDevice: Error: [Callstack] 0x00007ffdee42eb09 UE4Editor-Engine.dll!UnknownFunction []
[2025.04.08-17.30.00:918][993]LogOutputDevice: Error: [Callstack] 0x00007ffde0cb2c45 UE4Editor-UnrealEd.dll!UnknownFunction []
[2025.04.08-17.30.00:918][993]LogOutputDevice: Error: [Callstack] 0x00007ffde0cd622f UE4Editor-UnrealEd.dll!UnknownFunction []
[2025.04.08-17.30.00:918][993]LogOutputDevice: Error: [Callstack] 0x00007ffde0cb397d UE4Editor-UnrealEd.dll!UnknownFunction []
[2025.04.08-17.30.00:918][993]LogOutputDevice: Error: [Callstack] 0x00007ffde0cf3772 UE4Editor-UnrealEd.dll!UnknownFunction []
[2025.04.08-17.30.00:918][993]LogOutputDevice: Error: [Callstack] 0x00007ffde0cf6d31 UE4Editor-UnrealEd.dll!UnknownFunction []
[2025.04.08-17.30.00:918][993]LogOutputDevice: Error: [Callstack] 0x00007ffde0cf65f8 UE4Editor-UnrealEd.dll!UnknownFunction []
[2025.04.08-17.30.00:918][993]LogOutputDevice: Error: [Callstack] 0x00007ffde0750c8c UE4Editor-UnrealEd.dll!UnknownFunction []
[2025.04.08-17.30.00:918][993]LogOutputDevice: Error: [Callstack] 0x00007ffde1052ba6 UE4Editor-UnrealEd.dll!UnknownFunction []
[2025.04.08-17.30.00:918][993]LogOutputDevice: Error: [Callstack] 0x00007ff6b76587a0 UE4Editor.exe!UnknownFunction []
[2025.04.08-17.30.00:918][993]LogOutputDevice: Error: [Callstack] 0x00007ff6b7670fcc UE4Editor.exe!UnknownFunction []
[2025.04.08-17.30.00:918][993]LogOutputDevice: Error: [Callstack] 0x00007ff6b76710ba UE4Editor.exe!UnknownFunction []
[2025.04.08-17.30.00:918][993]LogOutputDevice: Error: [Callstack] 0x00007ff6b76740dd UE4Editor.exe!UnknownFunction []
[2025.04.08-17.30.00:918][993]LogOutputDevice: Error: [Callstack] 0x00007ff6b7685984 UE4Editor.exe!UnknownFunction []
[2025.04.08-17.30.00:918][993]LogOutputDevice: Error: [Callstack] 0x00007ff6b768853a UE4Editor.exe!UnknownFunction []
[2025.04.08-17.30.00:918][993]LogOutputDevice: Error: [Callstack] 0x00007ffeb8b3259d KERNEL32.DLL!UnknownFunction []
[2025.04.08-17.30.00:918][993]LogOutputDevice: Error: [Callstack] 0x00007ffeb9a4af38 ntdll.dll!UnknownFunction []
[2025.04.08-17.30.00:918][993]LogOutputDevice: Error: 
[2025.04.08-17.30.00:920][993]LogStats:                SubmitErrorReport -  0.000 s
[2025.04.08-17.30.02:560][993]LogStats:                    SendNewReport -  1.641 s
[2025.04.08-17.30.02:561][993]LogStats:             FDebug::EnsureFailed -  2.165 s
[2025.04.08-17.30.02:561][993]PIE: Server logged in
[2025.04.08-17.30.02:561][993]PIE: Play in editor total start time 2.606 seconds.
[2025.04.08-17.30.02:564][993]LogAudioMixer: Resetting audio stream to device id 
[2025.04.08-17.30.02:570][993]LogAudioMixer: Display: 0: FrontLeft
[2025.04.08-17.30.02:570][993]LogAudioMixer: Display: 1: FrontRight
[2025.04.08-17.30.12:550][586]LogSlate: Updating window title bar state: overlay mode, drag disabled, window buttons hidden, title bar hidden
[2025.04.08-17.30.12:550][586]LogWorld: BeginTearingDown for /Game/TopDownCPP/Maps/Ui/UEDPIE_0_MainMenuLev
[2025.04.08-17.30.12:550][586]LogWorld: UWorld::CleanupWorld for MainMenuLev, bSessionEnded=true, bCleanupResources=true
[2025.04.08-17.30.12:550][586]LogSlate: InvalidateAllWidgets triggered.  All widgets were invalidated
[2025.04.08-17.30.12:557][586]LogPlayLevel: Display: Shutting down PIE online subsystems
[2025.04.08-17.30.12:562][586]LogSlate: InvalidateAllWidgets triggered.  All widgets were invalidated
[2025.04.08-17.30.12:574][586]LogAudio: Display: Audio Device unregistered from world 'None'.
[2025.04.08-17.30.12:582][586]LogAudioMixer: FMixerPlatformXAudio2::StopAudioStream() called
[2025.04.08-17.30.12:583][586]LogAudioMixer: FMixerPlatformXAudio2::StopAudioStream() called
[2025.04.08-17.30.12:587][586]LogSlate: Updating window title bar state: overlay mode, drag disabled, window buttons hidden, title bar hidden
[2025.04.08-17.30.12:607][586]LogUObjectHash: Compacting FUObjectHashTables data took   2.61ms
[2025.04.08-17.30.12:625][587]LogPlayLevel: Display: Destroying online subsystem :Context_22
[2025.04.08-17.31.12:975][936]Candidate modules for hot reload:
[2025.04.08-17.31.12:975][936]  TopDownPuzzle
[2025.04.08-17.31.12:975][936]Launching UnrealBuildTool... [C:/Program Files/UE/UE_4.27/Engine/Binaries/DotNET/UnrealBuildTool.exe  -ModuleWithSuffix=TopDownPuzzle,0951 TopDownPuzzleEditor Win64 Development -Project="C:/Unreal Projects/Top-Down-Puzzle/TopDownPuzzle/TopDownPuzzle.uproject" "C:/Unreal Projects/Top-Down-Puzzle/TopDownPuzzle/TopDownPuzzle.uproject"  -IgnoreJunk]
[2025.04.08-17.31.12:980][936]Warning: Starting HotReload took  0.0s.
[2025.04.08-17.31.17:918][ 15]CompilerResultsLog: New page: Compilation - 08-Apr-2025, 9:31:17 am
[2025.04.08-17.31.17:918][ 15]CompilerResultsLog: Using 'git status' to determine working set for adaptive non-unity build (C:\Unreal Projects\Top-Down-Puzzle).
[2025.04.08-17.31.17:918][ 15]CompilerResultsLog: Building TopDownPuzzleEditor...
[2025.04.08-17.31.17:918][ 15]CompilerResultsLog: Using Visual Studio 2022 14.43.34808 toolchain (C:\Program Files\Microsoft Visual Studio\2022\Community\VC\Tools\MSVC\14.43.34808) and Windows 10.0.22621.0 SDK (C:\Program Files (x86)\Windows Kits\10).
[2025.04.08-17.31.17:918][ 15]CompilerResultsLog: Building 4 actions with 8 processes...
[2025.04.08-17.31.17:918][ 15]CompilerResultsLog:   [1/4] MainMenuWidget.cpp
[2025.04.08-17.31.17:918][ 15]CompilerResultsLog:   [2/4] UE4Editor-TopDownPuzzle-0951.lib
[2025.04.08-17.31.17:918][ 15]CompilerResultsLog:      Creating library C:\Unreal Projects\Top-Down-Puzzle\TopDownPuzzle\Intermediate\Build\Win64\UE4Editor\Development\TopDownPuzzle\UE4Editor-TopDownPuzzle-0951.lib and object C:\Unreal Projects\Top-Down-Puzzle\TopDownPuzzle\Intermediate\Build\Win64\UE4Editor\Development\TopDownPuzzle\UE4Editor-TopDownPuzzle-0951.exp
[2025.04.08-17.31.17:918][ 15]CompilerResultsLog:   [3/4] UE4Editor-TopDownPuzzle-0951.dll
[2025.04.08-17.31.17:918][ 15]CompilerResultsLog:      Creating library C:\Unreal Projects\Top-Down-Puzzle\TopDownPuzzle\Intermediate\Build\Win64\UE4Editor\Development\TopDownPuzzle\UE4Editor-TopDownPuzzle-0951.suppressed.lib and object C:\Unreal Projects\Top-Down-Puzzle\TopDownPuzzle\Intermediate\Build\Win64\UE4Editor\Development\TopDownPuzzle\UE4Editor-TopDownPuzzle-0951.suppressed.exp
[2025.04.08-17.31.17:918][ 15]CompilerResultsLog:   [4/4] TopDownPuzzleEditor.target
[2025.04.08-17.31.17:918][ 15]CompilerResultsLog: Total time in Parallel executor: 3.77 seconds
[2025.04.08-17.31.17:918][ 15]CompilerResultsLog: Total execution time: 4.83 seconds
[2025.04.08-17.31.17:918][ 15]LogMainFrame: MainFrame: Module compiling took 4.947 seconds
[2025.04.08-17.31.18:039][ 15]LogNativeClassHierarchy: Verbose: Native class hierarchy updated for 'TopDownPuzzle' in 0.0004 seconds. Added 5 classes and 2 folders.
[2025.04.08-17.31.18:046][ 15]Display: HotReload successful (2 functions remapped  0 scriptstructs remapped)
[2025.04.08-17.31.18:124][ 15]LogNativeClassHierarchy: Verbose: Native class hierarchy populated in 0.0097 seconds. Added 3827 classes and 930 folders.
[2025.04.08-17.31.18:128][ 15]Display: HotReload took  5.2s.
[2025.04.08-17.31.25:188][174]Candidate modules for hot reload:
[2025.04.08-17.31.25:188][174]  TopDownPuzzle
[2025.04.08-17.31.25:188][174]Launching UnrealBuildTool... [C:/Program Files/UE/UE_4.27/Engine/Binaries/DotNET/UnrealBuildTool.exe  -ModuleWithSuffix=TopDownPuzzle,1335 TopDownPuzzleEditor Win64 Development -Project="C:/Unreal Projects/Top-Down-Puzzle/TopDownPuzzle/TopDownPuzzle.uproject" "C:/Unreal Projects/Top-Down-Puzzle/TopDownPuzzle/TopDownPuzzle.uproject"  -IgnoreJunk]
[2025.04.08-17.31.25:192][174]Warning: Starting HotReload took  0.0s.
[2025.04.08-17.31.27:387][296]CompilerResultsLog: New page: Compilation - 08-Apr-2025, 9:31:27 am
[2025.04.08-17.31.27:387][296]CompilerResultsLog: Using 'git status' to determine working set for adaptive non-unity build (C:\Unreal Projects\Top-Down-Puzzle).
[2025.04.08-17.31.27:387][296]CompilerResultsLog: Building TopDownPuzzleEditor...
[2025.04.08-17.31.27:387][296]CompilerResultsLog: Using Visual Studio 2022 14.43.34808 toolchain (C:\Program Files\Microsoft Visual Studio\2022\Community\VC\Tools\MSVC\14.43.34808) and Windows 10.0.22621.0 SDK (C:\Program Files (x86)\Windows Kits\10).
[2025.04.08-17.31.27:387][296]CompilerResultsLog: Building 3 actions with 8 processes...
[2025.04.08-17.31.27:387][296]CompilerResultsLog:   [1/3] UE4Editor-TopDownPuzzle-1335.lib
[2025.04.08-17.31.27:387][296]CompilerResultsLog:      Creating library C:\Unreal Projects\Top-Down-Puzzle\TopDownPuzzle\Intermediate\Build\Win64\UE4Editor\Development\TopDownPuzzle\UE4Editor-TopDownPuzzle-1335.lib and object C:\Unreal Projects\Top-Down-Puzzle\TopDownPuzzle\Intermediate\Build\Win64\UE4Editor\Development\TopDownPuzzle\UE4Editor-TopDownPuzzle-1335.exp
[2025.04.08-17.31.27:387][296]CompilerResultsLog:   [2/3] UE4Editor-TopDownPuzzle-1335.dll
[2025.04.08-17.31.27:387][296]CompilerResultsLog:      Creating library C:\Unreal Projects\Top-Down-Puzzle\TopDownPuzzle\Intermediate\Build\Win64\UE4Editor\Development\TopDownPuzzle\UE4Editor-TopDownPuzzle-1335.suppressed.lib and object C:\Unreal Projects\Top-Down-Puzzle\TopDownPuzzle\Intermediate\Build\Win64\UE4Editor\Development\TopDownPuzzle\UE4Editor-TopDownPuzzle-1335.suppressed.exp
[2025.04.08-17.31.27:387][296]CompilerResultsLog:   [3/3] TopDownPuzzleEditor.target
[2025.04.08-17.31.27:387][296]CompilerResultsLog: Total time in Parallel executor: 0.98 seconds
[2025.04.08-17.31.27:387][296]CompilerResultsLog: Total execution time: 2.06 seconds
[2025.04.08-17.31.27:387][296]LogMainFrame: MainFrame: Module compiling took 2.203 seconds
[2025.04.08-17.31.27:450][296]LogNativeClassHierarchy: Verbose: Native class hierarchy updated for 'TopDownPuzzle' in 0.0003 seconds. Added 5 classes and 2 folders.
[2025.04.08-17.31.27:455][296]Display: HotReload successful (2 functions remapped  0 scriptstructs remapped)
[2025.04.08-17.31.27:540][296]LogNativeClassHierarchy: Verbose: Native class hierarchy populated in 0.0088 seconds. Added 3827 classes and 930 folders.
[2025.04.08-17.31.27:544][296]Display: HotReload took  2.4s.
[2025.04.08-17.31.29:803][409]LogTemp: Repeating last play command: Selected Viewport
[2025.04.08-17.31.29:814][409]LogPlayLevel: PlayLevel: No blueprints needed recompiling
[2025.04.08-17.31.29:814][409]PIE: New page: PIE session: MainMenuLev (08-Apr-2025, 9:31:29 am)
[2025.04.08-17.31.29:846][409]LogPlayLevel: Creating play world package: /Game/TopDownCPP/Maps/Ui/UEDPIE_0_MainMenuLev
[2025.04.08-17.31.29:849][409]LogPlayLevel: PIE: StaticDuplicateObject took: (0.002496s)
[2025.04.08-17.31.29:850][409]LogAIModule: Creating AISystem for world MainMenuLev
[2025.04.08-17.31.29:850][409]LogPlayLevel: PIE: World Init took: (0.001213s)
[2025.04.08-17.31.29:850][409]LogPlayLevel: PIE: Created PIE world by copying editor world from /Game/TopDownCPP/Maps/Ui/MainMenuLev.MainMenuLev to /Game/TopDownCPP/Maps/Ui/UEDPIE_0_MainMenuLev.MainMenuLev (0.003893s)
[2025.04.08-17.31.29:939][409]LogUObjectHash: Compacting FUObjectHashTables data took   4.05ms
[2025.04.08-17.31.29:940][409]LogAudio: Display: Creating Audio Device:                 Id: 13, Scope: Unique, Realtime: True
[2025.04.08-17.31.29:940][409]LogAudioMixer: Display: Audio Mixer Platform Settings:
[2025.04.08-17.31.29:940][409]LogAudioMixer: Display: 	Sample Rate:						  48000
[2025.04.08-17.31.29:940][409]LogAudioMixer: Display: 	Callback Buffer Frame Size Requested: 1024
[2025.04.08-17.31.29:940][409]LogAudioMixer: Display: 	Callback Buffer Frame Size To Use:	  1024
[2025.04.08-17.31.29:940][409]LogAudioMixer: Display: 	Number of buffers to queue:			  2
[2025.04.08-17.31.29:940][409]LogAudioMixer: Display: 	Max Channels (voices):				  32
[2025.04.08-17.31.29:940][409]LogAudioMixer: Display: 	Number of Async Source Workers:		  0
[2025.04.08-17.31.29:940][409]LogAudio: Display: AudioDevice MaxSources: 32
[2025.04.08-17.31.29:941][409]LogAudio: Display: Audio Spatialization Plugin: None (built-in).
[2025.04.08-17.31.29:941][409]LogAudio: Display: Audio Reverb Plugin: None (built-in).
[2025.04.08-17.31.29:941][409]LogAudio: Display: Audio Occlusion Plugin: None (built-in).
[2025.04.08-17.31.29:941][409]LogAudioMixer: Display: Initializing audio mixer.
[2025.04.08-17.31.29:944][409]LogAudioMixer: Display: 0: FrontLeft
[2025.04.08-17.31.29:944][409]LogAudioMixer: Display: 1: FrontRight
[2025.04.08-17.31.29:959][409]LogAudioMixer: Display: Using Audio Device Headphone (Realtek(R) Audio)
[2025.04.08-17.31.29:959][409]LogAudioMixer: Display: Initializing Sound Submixes...
[2025.04.08-17.31.29:959][409]LogAudioMixer: Display: Creating Master Submix 'MasterSubmixDefault'
[2025.04.08-17.31.29:959][409]LogAudioMixer: Display: Creating Master Submix 'MasterReverbSubmixDefault'
[2025.04.08-17.31.29:959][409]LogAudioMixer: Display: Creating Master Submix 'MasterEQSubmixDefault'
[2025.04.08-17.31.29:959][409]LogAudioMixer: FMixerPlatformXAudio2::StartAudioStream() called
[2025.04.08-17.31.29:959][409]LogAudioMixer: Display: Output buffers initialized: Frames=1024, Channels=2, Samples=2048
[2025.04.08-17.31.29:960][409]LogAudioMixer: Display: Starting AudioMixerPlatformInterface::RunInternal()
[2025.04.08-17.31.29:960][409]LogAudioMixer: Display: FMixerPlatformXAudio2::SubmitBuffer() called for the first time
[2025.04.08-17.31.29:960][409]LogInit: FAudioDevice initialized.
[2025.04.08-17.31.29:961][409]LogAudio: Display: Audio Device (ID: 13) registered with world 'MainMenuLev'.
[2025.04.08-17.31.29:971][409]LogLoad: Game class is 'NewGameModeGM_C'
[2025.04.08-17.31.29:973][409]LogWorld: Bringing World /Game/TopDownCPP/Maps/Ui/UEDPIE_0_MainMenuLev.MainMenuLev up for play (max tick rate 60) at 2025.04.08-13.31.29
[2025.04.08-17.31.29:973][409]LogWorld: Bringing up level for play took: 0.000442
[2025.04.08-17.31.29:973][409]LogOnline: OSS: Creating online subsystem instance for: :Context_23
[2025.04.08-17.31.29:976][409]LogOutputDevice: Warning: 

Script Stack (2 frames):
MainMenuCharacter_C.ExecuteUbergraph_MainMenuCharacter
MainMenuCharacter_C.ReceiveBeginPlay

[2025.04.08-17.31.30:536][409]LogStats: FPlatformStackWalk::StackWalkAndDump -  0.560 s
[2025.04.08-17.31.30:536][409]LogOutputDevice: Error: === Handled ensure: ===
[2025.04.08-17.31.30:536][409]LogOutputDevice: Error: 
[2025.04.08-17.31.30:536][409]LogOutputDevice: Error: Ensure condition failed: this->IsBound() [File:C:\Program Files\UE\UE_4.27\Engine\Source\Runtime\Core\Public\Delegates/DelegateSignatureImpl.inl] [Line: 1028]
[2025.04.08-17.31.30:536][409]LogOutputDevice: Error: Unable to bind delegate to 'StartGame' (function might not be marked as a UFUNCTION or object may be pending kill)
[2025.04.08-17.31.30:536][409]LogOutputDevice: Error: Stack: 
[2025.04.08-17.31.30:536][409]LogOutputDevice: Error: [Callstack] 0x00007ffdf8aee378 UE4Editor-TopDownPuzzle-1335.dll!DispatchCheckVerify<bool,<lambda_1434da94854223d7c4b7f3a04f630c04> >() [C:\Program Files\UE\UE_4.27\Engine\Source\Runtime\Core\Public\Misc\AssertionMacros.h:164]
[2025.04.08-17.31.30:536][409]LogOutputDevice: Error: [Callstack] 0x00007ffdf8ae2c0c UE4Editor-TopDownPuzzle-1335.dll!TBaseDynamicMulticastDelegate<FWeakObjectPtr,void>::__Internal_AddUniqueDynamic<UMainMenuWidget>() [C:\Program Files\UE\UE_4.27\Engine\Source\Runtime\Core\Public\Delegates\DelegateSignatureImpl.inl:1131]
[2025.04.08-17.31.30:536][409]LogOutputDevice: Error: [Callstack] 0x00007ffdf8ae31f2 UE4Editor-TopDownPuzzle-1335.dll!UMainMenuWidget::NativeConstruct() [C:\Unreal Projects\Top-Down-Puzzle\TopDownPuzzle\Source\TopDownPuzzle\MainMenuWidget.cpp:13]
[2025.04.08-17.31.30:536][409]LogOutputDevice: Error: [Callstack] 0x00007ffdd35fb56a UE4Editor-UMG.dll!UnknownFunction []
[2025.04.08-17.31.30:536][409]LogOutputDevice: Error: [Callstack] 0x00007ffdd35fabf9 UE4Editor-UMG.dll!UnknownFunction []
[2025.04.08-17.31.30:536][409]LogOutputDevice: Error: [Callstack] 0x00007ffdd3513e98 UE4Editor-UMG.dll!UnknownFunction []
[2025.04.08-17.31.30:536][409]LogOutputDevice: Error: [Callstack] 0x00007ffdd363fcd6 UE4Editor-UMG.dll!UnknownFunction []
[2025.04.08-17.31.30:536][409]LogOutputDevice: Error: [Callstack] 0x00007ffe033419c4 UE4Editor-CoreUObject.dll!UnknownFunction []
[2025.04.08-17.31.30:536][409]LogOutputDevice: Error: [Callstack] 0x00007ffe035ff37b UE4Editor-CoreUObject.dll!UnknownFunction []
[2025.04.08-17.31.30:536][409]LogOutputDevice: Error: [Callstack] 0x00007ffe03622573 UE4Editor-CoreUObject.dll!UnknownFunction []
[2025.04.08-17.31.30:536][409]LogOutputDevice: Error: [Callstack] 0x00007ffe03624d8d UE4Editor-CoreUObject.dll!UnknownFunction []
[2025.04.08-17.31.30:536][409]LogOutputDevice: Error: [Callstack] 0x00007ffe035f341a UE4Editor-CoreUObject.dll!UnknownFunction []
[2025.04.08-17.31.30:536][409]LogOutputDevice: Error: [Callstack] 0x00007ffe0362497c UE4Editor-CoreUObject.dll!UnknownFunction []
[2025.04.08-17.31.30:536][409]LogOutputDevice: Error: [Callstack] 0x00007ffe03624d8d UE4Editor-CoreUObject.dll!UnknownFunction []
[2025.04.08-17.31.30:536][409]LogOutputDevice: Error: [Callstack] 0x00007ffe03624184 UE4Editor-CoreUObject.dll!UnknownFunction []
[2025.04.08-17.31.30:536][409]LogOutputDevice: Error: [Callstack] 0x00007ffe033419c4 UE4Editor-CoreUObject.dll!UnknownFunction []
[2025.04.08-17.31.30:536][409]LogOutputDevice: Error: [Callstack] 0x00007ffe03623ca3 UE4Editor-CoreUObject.dll!UnknownFunction []
[2025.04.08-17.31.30:536][409]LogOutputDevice: Error: [Callstack] 0x00007ffdedce942a UE4Editor-Engine.dll!UnknownFunction []
[2025.04.08-17.31.30:536][409]LogOutputDevice: Error: [Callstack] 0x00007ffdedcb7435 UE4Editor-Engine.dll!UnknownFunction []
[2025.04.08-17.31.30:536][409]LogOutputDevice: Error: [Callstack] 0x00007ffdedcc0c1f UE4Editor-Engine.dll!UnknownFunction []
[2025.04.08-17.31.30:536][409]LogOutputDevice: Error: [Callstack] 0x00007ffdef0cba95 UE4Editor-Engine.dll!UnknownFunction []
[2025.04.08-17.31.30:536][409]LogOutputDevice: Error: [Callstack] 0x00007ffdee40ca31 UE4Editor-Engine.dll!UnknownFunction []
[2025.04.08-17.31.30:536][409]LogOutputDevice: Error: [Callstack] 0x00007ffdef06fb3e UE4Editor-Engine.dll!UnknownFunction []
[2025.04.08-17.31.30:536][409]LogOutputDevice: Error: [Callstack] 0x00007ffdee42eb09 UE4Editor-Engine.dll!UnknownFunction []
[2025.04.08-17.31.30:536][409]LogOutputDevice: Error: [Callstack] 0x00007ffde0cb2c45 UE4Editor-UnrealEd.dll!UnknownFunction []
[2025.04.08-17.31.30:536][409]LogOutputDevice: Error: [Callstack] 0x00007ffde0cd622f UE4Editor-UnrealEd.dll!UnknownFunction []
[2025.04.08-17.31.30:560][409]LogOutputDevice: Error: [Callstack] 0x00007ffde0cb397d UE4Editor-UnrealEd.dll!UnknownFunction []
[2025.04.08-17.31.30:561][409]LogOutputDevice: Error: [Callstack] 0x00007ffde0cf3772 UE4Editor-UnrealEd.dll!UnknownFunction []
[2025.04.08-17.31.30:561][409]LogOutputDevice: Error: [Callstack] 0x00007ffde0cf6d31 UE4Editor-UnrealEd.dll!UnknownFunction []
[2025.04.08-17.31.30:561][409]LogOutputDevice: Error: [Callstack] 0x00007ffde0cf65f8 UE4Editor-UnrealEd.dll!UnknownFunction []
[2025.04.08-17.31.30:561][409]LogOutputDevice: Error: [Callstack] 0x00007ffde0750c8c UE4Editor-UnrealEd.dll!UnknownFunction []
[2025.04.08-17.31.30:561][409]LogOutputDevice: Error: [Callstack] 0x00007ffde1052ba6 UE4Editor-UnrealEd.dll!UnknownFunction []
[2025.04.08-17.31.30:561][409]LogOutputDevice: Error: [Callstack] 0x00007ff6b76587a0 UE4Editor.exe!UnknownFunction []
[2025.04.08-17.31.30:561][409]LogOutputDevice: Error: [Callstack] 0x00007ff6b7670fcc UE4Editor.exe!UnknownFunction []
[2025.04.08-17.31.30:561][409]LogOutputDevice: Error: [Callstack] 0x00007ff6b76710ba UE4Editor.exe!UnknownFunction []
[2025.04.08-17.31.30:561][409]LogOutputDevice: Error: [Callstack] 0x00007ff6b76740dd UE4Editor.exe!UnknownFunction []
[2025.04.08-17.31.30:561][409]LogOutputDevice: Error: [Callstack] 0x00007ff6b7685984 UE4Editor.exe!UnknownFunction []
[2025.04.08-17.31.30:561][409]LogOutputDevice: Error: [Callstack] 0x00007ff6b768853a UE4Editor.exe!UnknownFunction []
[2025.04.08-17.31.30:561][409]LogOutputDevice: Error: [Callstack] 0x00007ffeb8b3259d KERNEL32.DLL!UnknownFunction []
[2025.04.08-17.31.30:561][409]LogOutputDevice: Error: [Callstack] 0x00007ffeb9a4af38 ntdll.dll!UnknownFunction []
[2025.04.08-17.31.30:561][409]LogOutputDevice: Error: 
[2025.04.08-17.31.30:567][409]LogStats:                SubmitErrorReport -  0.000 s
[2025.04.08-17.31.32:196][409]LogStats:                    SendNewReport -  1.629 s
[2025.04.08-17.31.32:196][409]LogStats:             FDebug::EnsureFailed -  2.221 s
[2025.04.08-17.31.32:196][409]PIE: Server logged in
[2025.04.08-17.31.32:197][409]PIE: Play in editor total start time 2.386 seconds.
[2025.04.08-17.31.32:200][409]LogAudioMixer: Resetting audio stream to device id 
[2025.04.08-17.31.32:205][409]LogAudioMixer: Display: 0: FrontLeft
[2025.04.08-17.31.32:205][409]LogAudioMixer: Display: 1: FrontRight
[2025.04.08-17.31.58:579][976]LogSlate: Updating window title bar state: overlay mode, drag disabled, window buttons hidden, title bar hidden
[2025.04.08-17.31.58:579][976]LogWorld: BeginTearingDown for /Game/TopDownCPP/Maps/Ui/UEDPIE_0_MainMenuLev
[2025.04.08-17.31.58:580][976]LogWorld: UWorld::CleanupWorld for MainMenuLev, bSessionEnded=true, bCleanupResources=true
[2025.04.08-17.31.58:580][976]LogSlate: InvalidateAllWidgets triggered.  All widgets were invalidated
[2025.04.08-17.31.58:596][976]LogPlayLevel: Display: Shutting down PIE online subsystems
[2025.04.08-17.31.58:604][976]LogSlate: InvalidateAllWidgets triggered.  All widgets were invalidated
[2025.04.08-17.31.58:628][976]LogAudio: Display: Audio Device unregistered from world 'None'.
[2025.04.08-17.31.58:631][976]LogAudioMixer: FMixerPlatformXAudio2::StopAudioStream() called
[2025.04.08-17.31.58:632][976]LogAudioMixer: FMixerPlatformXAudio2::StopAudioStream() called
[2025.04.08-17.31.58:635][976]LogSlate: Updating window title bar state: overlay mode, drag disabled, window buttons hidden, title bar hidden
[2025.04.08-17.31.58:659][976]LogUObjectHash: Compacting FUObjectHashTables data took   2.69ms
[2025.04.08-17.31.58:677][977]LogPlayLevel: Display: Destroying online subsystem :Context_23
[2025.04.08-17.33.12:721][310]LogUObjectHash: Compacting FUObjectHashTables data took   1.98ms
[2025.04.08-17.33.12:727][310]LogSavePackage: Moving '../../../../../../Unreal Projects/Top-Down-Puzzle/TopDownPuzzle/Saved/MainMenuLev9A1615D74061723CD3D3248323B2C1A1.tmp' to '../../../../../../Unreal Projects/Top-Down-Puzzle/TopDownPuzzle/Content/TopDownCPP/Maps/Ui/MainMenuLev.umap'
[2025.04.08-17.33.12:750][310]LogSavePackage: Moving '../../../../../../Unreal Projects/Top-Down-Puzzle/TopDownPuzzle/Saved/MainMenuLev_BuiltData356877C540FC32AE68306890CEBD8338.tmp' to '../../../../../../Unreal Projects/Top-Down-Puzzle/TopDownPuzzle/Content/TopDownCPP/Maps/Ui/MainMenuLev_BuiltData.uasset'
[2025.04.08-17.33.12:765][310]AssetCheck: New page: Asset Save: multiple assets
[2025.04.08-17.33.12:765][310]LogContentValidation: Display: Validating World /Game/TopDownCPP/Maps/Ui/MainMenuLev.MainMenuLev
[2025.04.08-17.33.12:766][310]LogContentValidation: Display: Validating MapBuildDataRegistry /Game/TopDownCPP/Maps/Ui/MainMenuLev_BuiltData.MainMenuLev_BuiltData
[2025.04.08-17.33.13:709][365]Candidate modules for hot reload:
[2025.04.08-17.33.13:709][365]  TopDownPuzzle
[2025.04.08-17.33.13:709][365]Launching UnrealBuildTool... [C:/Program Files/UE/UE_4.27/Engine/Binaries/DotNET/UnrealBuildTool.exe  -ModuleWithSuffix=TopDownPuzzle,1666 TopDownPuzzleEditor Win64 Development -Project="C:/Unreal Projects/Top-Down-Puzzle/TopDownPuzzle/TopDownPuzzle.uproject" "C:/Unreal Projects/Top-Down-Puzzle/TopDownPuzzle/TopDownPuzzle.uproject"  -IgnoreJunk]
[2025.04.08-17.33.13:713][365]Warning: Starting HotReload took  0.0s.
[2025.04.08-17.33.26:137][ 97]CompilerResultsLog: New page: Compilation - 08-Apr-2025, 9:33:26 am
[2025.04.08-17.33.26:137][ 97]CompilerResultsLog: Using 'git status' to determine working set for adaptive non-unity build (C:\Unreal Projects\Top-Down-Puzzle).
[2025.04.08-17.33.26:137][ 97]CompilerResultsLog: Parsing headers for TopDownPuzzleEditor
[2025.04.08-17.33.26:138][ 97]CompilerResultsLog:   Running UnrealHeaderTool "C:\Unreal Projects\Top-Down-Puzzle\TopDownPuzzle\TopDownPuzzle.uproject" "C:\Unreal Projects\Top-Down-Puzzle\TopDownPuzzle\Intermediate\Build\Win64\TopDownPuzzleEditor\Development\TopDownPuzzleEditor.uhtmanifest" -LogCmds="loginit warning, logexit warning, logdatabase error" -Unattended -WarningsAsErrors -abslog="C:\Users\patel\AppData\Local\UnrealBuildTool\Log_UHT.txt" -installed
[2025.04.08-17.33.26:138][ 97]CompilerResultsLog: LogInit: Display: Loading text-based GConfig....
[2025.04.08-17.33.26:138][ 97]CompilerResultsLog: Reflection code generated for TopDownPuzzleEditor in 6.1708667 seconds
[2025.04.08-17.33.26:138][ 97]CompilerResultsLog: Building TopDownPuzzleEditor...
[2025.04.08-17.33.26:138][ 97]CompilerResultsLog: Using Visual Studio 2022 14.43.34808 toolchain (C:\Program Files\Microsoft Visual Studio\2022\Community\VC\Tools\MSVC\14.43.34808) and Windows 10.0.22621.0 SDK (C:\Program Files (x86)\Windows Kits\10).
[2025.04.08-17.33.26:138][ 97]CompilerResultsLog: Building 6 actions with 8 processes...
[2025.04.08-17.33.26:138][ 97]CompilerResultsLog:   [1/6] TopDownPuzzle.init.gen.cpp
[2025.04.08-17.33.26:138][ 97]CompilerResultsLog:   [2/6] MainMenuWidget.cpp
[2025.04.08-17.33.26:138][ 97]CompilerResultsLog:   [3/6] MainMenuWidget.gen.cpp
[2025.04.08-17.33.26:138][ 97]CompilerResultsLog:   [4/6] UE4Editor-TopDownPuzzle-1666.lib
[2025.04.08-17.33.26:138][ 97]CompilerResultsLog:      Creating library C:\Unreal Projects\Top-Down-Puzzle\TopDownPuzzle\Intermediate\Build\Win64\UE4Editor\Development\TopDownPuzzle\UE4Editor-TopDownPuzzle-1666.lib and object C:\Unreal Projects\Top-Down-Puzzle\TopDownPuzzle\Intermediate\Build\Win64\UE4Editor\Development\TopDownPuzzle\UE4Editor-TopDownPuzzle-1666.exp
[2025.04.08-17.33.26:138][ 97]CompilerResultsLog:   [5/6] UE4Editor-TopDownPuzzle-1666.dll
[2025.04.08-17.33.26:138][ 97]CompilerResultsLog:      Creating library C:\Unreal Projects\Top-Down-Puzzle\TopDownPuzzle\Intermediate\Build\Win64\UE4Editor\Development\TopDownPuzzle\UE4Editor-TopDownPuzzle-1666.suppressed.lib and object C:\Unreal Projects\Top-Down-Puzzle\TopDownPuzzle\Intermediate\Build\Win64\UE4Editor\Development\TopDownPuzzle\UE4Editor-TopDownPuzzle-1666.suppressed.exp
[2025.04.08-17.33.26:138][ 97]CompilerResultsLog:   [6/6] TopDownPuzzleEditor.target
[2025.04.08-17.33.26:138][ 97]CompilerResultsLog: Total time in Parallel executor: 4.87 seconds
[2025.04.08-17.33.26:138][ 97]CompilerResultsLog: Total execution time: 12.31 seconds
[2025.04.08-17.33.26:138][ 97]LogMainFrame: MainFrame: Module compiling took 12.435 seconds
[2025.04.08-17.33.26:187][ 97]LogClass: Could not find existing class MainMenuWidget in package /Script/TopDownPuzzle for HotReload, assuming new class
[2025.04.08-17.33.26:187][ 97]LogClass: Function ExitGame is new.
[2025.04.08-17.33.26:187][ 97]LogClass: Function ShowCredits is new.
[2025.04.08-17.33.26:187][ 97]LogClass: Function StartGame is new.
[2025.04.08-17.33.26:198][ 97]LogHotReload: Re-instancing MainMenuWidget after hot-reload.
[2025.04.08-17.33.26:221][ 97]LogNativeClassHierarchy: Verbose: Native class hierarchy updated for 'TopDownPuzzle' in 0.0003 seconds. Added 5 classes and 2 folders.
[2025.04.08-17.33.26:227][ 97]Display: HotReload successful (2 functions remapped  0 scriptstructs remapped)
[2025.04.08-17.33.26:301][ 97]LogNativeClassHierarchy: Verbose: Native class hierarchy populated in 0.0090 seconds. Added 3827 classes and 930 folders.
[2025.04.08-17.33.26:307][ 97]Display: HotReload took 12.6s.
[2025.04.08-17.33.33:938][520]LogTemp: Repeating last play command: Selected Viewport
[2025.04.08-17.33.33:949][520]LogPlayLevel: PlayLevel: No blueprints needed recompiling
[2025.04.08-17.33.33:949][520]PIE: New page: PIE session: MainMenuLev (08-Apr-2025, 9:33:33 am)
[2025.04.08-17.33.33:949][520]LogPlayLevel: Creating play world package: /Game/TopDownCPP/Maps/Ui/UEDPIE_0_MainMenuLev
[2025.04.08-17.33.33:952][520]LogPlayLevel: PIE: StaticDuplicateObject took: (0.003328s)
[2025.04.08-17.33.33:953][520]LogAIModule: Creating AISystem for world MainMenuLev
[2025.04.08-17.33.33:955][520]LogPlayLevel: PIE: World Init took: (0.001556s)
[2025.04.08-17.33.33:955][520]LogPlayLevel: PIE: Created PIE world by copying editor world from /Game/TopDownCPP/Maps/Ui/MainMenuLev.MainMenuLev to /Game/TopDownCPP/Maps/Ui/UEDPIE_0_MainMenuLev.MainMenuLev (0.005075s)
[2025.04.08-17.33.34:025][520]LogUObjectHash: Compacting FUObjectHashTables data took   3.47ms
[2025.04.08-17.33.34:037][520]LogAudio: Display: Creating Audio Device:                 Id: 14, Scope: Unique, Realtime: True
[2025.04.08-17.33.34:037][520]LogAudioMixer: Display: Audio Mixer Platform Settings:
[2025.04.08-17.33.34:037][520]LogAudioMixer: Display: 	Sample Rate:						  48000
[2025.04.08-17.33.34:037][520]LogAudioMixer: Display: 	Callback Buffer Frame Size Requested: 1024
[2025.04.08-17.33.34:037][520]LogAudioMixer: Display: 	Callback Buffer Frame Size To Use:	  1024
[2025.04.08-17.33.34:037][520]LogAudioMixer: Display: 	Number of buffers to queue:			  2
[2025.04.08-17.33.34:037][520]LogAudioMixer: Display: 	Max Channels (voices):				  32
[2025.04.08-17.33.34:037][520]LogAudioMixer: Display: 	Number of Async Source Workers:		  0
[2025.04.08-17.33.34:037][520]LogAudio: Display: AudioDevice MaxSources: 32
[2025.04.08-17.33.34:038][520]LogAudio: Display: Audio Spatialization Plugin: None (built-in).
[2025.04.08-17.33.34:038][520]LogAudio: Display: Audio Reverb Plugin: None (built-in).
[2025.04.08-17.33.34:038][520]LogAudio: Display: Audio Occlusion Plugin: None (built-in).
[2025.04.08-17.33.34:038][520]LogAudioMixer: Display: Initializing audio mixer.
[2025.04.08-17.33.34:042][520]LogAudioMixer: Display: 0: FrontLeft
[2025.04.08-17.33.34:042][520]LogAudioMixer: Display: 1: FrontRight
[2025.04.08-17.33.34:056][520]LogAudioMixer: Display: Using Audio Device Headphone (Realtek(R) Audio)
[2025.04.08-17.33.34:056][520]LogAudioMixer: Display: Initializing Sound Submixes...
[2025.04.08-17.33.34:057][520]LogAudioMixer: Display: Creating Master Submix 'MasterSubmixDefault'
[2025.04.08-17.33.34:057][520]LogAudioMixer: Display: Creating Master Submix 'MasterReverbSubmixDefault'
[2025.04.08-17.33.34:057][520]LogAudioMixer: Display: Creating Master Submix 'MasterEQSubmixDefault'
[2025.04.08-17.33.34:057][520]LogAudioMixer: FMixerPlatformXAudio2::StartAudioStream() called
[2025.04.08-17.33.34:057][520]LogAudioMixer: Display: Output buffers initialized: Frames=1024, Channels=2, Samples=2048
[2025.04.08-17.33.34:058][520]LogAudioMixer: Display: Starting AudioMixerPlatformInterface::RunInternal()
[2025.04.08-17.33.34:058][520]LogAudioMixer: Display: FMixerPlatformXAudio2::SubmitBuffer() called for the first time
[2025.04.08-17.33.34:058][520]LogInit: FAudioDevice initialized.
[2025.04.08-17.33.34:058][520]LogAudio: Display: Audio Device (ID: 14) registered with world 'MainMenuLev'.
[2025.04.08-17.33.34:071][520]LogLoad: Game class is 'NewGameModeGM_C'
[2025.04.08-17.33.34:073][520]LogWorld: Bringing World /Game/TopDownCPP/Maps/Ui/UEDPIE_0_MainMenuLev.MainMenuLev up for play (max tick rate 60) at 2025.04.08-13.33.34
[2025.04.08-17.33.34:073][520]LogWorld: Bringing up level for play took: 0.000429
[2025.04.08-17.33.34:073][520]LogOnline: OSS: Creating online subsystem instance for: :Context_24
[2025.04.08-17.33.34:075][520]PIE: Server logged in
[2025.04.08-17.33.34:076][520]PIE: Play in editor total start time 0.131 seconds.
[2025.04.08-17.33.47:119][299]LogSlate: Updating window title bar state: overlay mode, drag disabled, window buttons hidden, title bar hidden
[2025.04.08-17.33.47:119][299]LogWorld: BeginTearingDown for /Game/TopDownCPP/Maps/Ui/UEDPIE_0_MainMenuLev
[2025.04.08-17.33.47:119][299]LogWorld: UWorld::CleanupWorld for MainMenuLev, bSessionEnded=true, bCleanupResources=true
[2025.04.08-17.33.47:119][299]LogSlate: InvalidateAllWidgets triggered.  All widgets were invalidated
[2025.04.08-17.33.47:128][299]LogPlayLevel: Display: Shutting down PIE online subsystems
[2025.04.08-17.33.47:133][299]LogSlate: InvalidateAllWidgets triggered.  All widgets were invalidated
[2025.04.08-17.33.47:147][299]LogAudio: Display: Audio Device unregistered from world 'None'.
[2025.04.08-17.33.47:154][299]LogAudioMixer: FMixerPlatformXAudio2::StopAudioStream() called
[2025.04.08-17.33.47:156][299]LogAudioMixer: FMixerPlatformXAudio2::StopAudioStream() called
[2025.04.08-17.33.47:159][299]LogSlate: Updating window title bar state: overlay mode, drag disabled, window buttons hidden, title bar hidden
[2025.04.08-17.33.47:177][299]LogUObjectHash: Compacting FUObjectHashTables data took   2.54ms
[2025.04.08-17.33.47:196][300]LogPlayLevel: Display: Destroying online subsystem :Context_24
[2025.04.08-17.34.12:200][591]LogTemp: Repeating last play command: Selected Viewport
[2025.04.08-17.34.12:210][591]LogPlayLevel: PlayLevel: No blueprints needed recompiling
[2025.04.08-17.34.12:210][591]PIE: New page: PIE session: MainMenuLev (08-Apr-2025, 9:34:12 am)
[2025.04.08-17.34.12:210][591]LogPlayLevel: Creating play world package: /Game/TopDownCPP/Maps/Ui/UEDPIE_0_MainMenuLev
[2025.04.08-17.34.12:213][591]LogPlayLevel: PIE: StaticDuplicateObject took: (0.002427s)
[2025.04.08-17.34.12:214][591]LogAIModule: Creating AISystem for world MainMenuLev
[2025.04.08-17.34.12:214][591]LogPlayLevel: PIE: World Init took: (0.001049s)
[2025.04.08-17.34.12:215][591]LogPlayLevel: PIE: Created PIE world by copying editor world from /Game/TopDownCPP/Maps/Ui/MainMenuLev.MainMenuLev to /Game/TopDownCPP/Maps/Ui/UEDPIE_0_MainMenuLev.MainMenuLev (0.003619s)
[2025.04.08-17.34.12:232][591]LogUObjectHash: Compacting FUObjectHashTables data took   2.01ms
[2025.04.08-17.34.12:233][591]LogAudio: Display: Creating Audio Device:                 Id: 15, Scope: Unique, Realtime: True
[2025.04.08-17.34.12:233][591]LogAudioMixer: Display: Audio Mixer Platform Settings:
[2025.04.08-17.34.12:233][591]LogAudioMixer: Display: 	Sample Rate:						  48000
[2025.04.08-17.34.12:233][591]LogAudioMixer: Display: 	Callback Buffer Frame Size Requested: 1024
[2025.04.08-17.34.12:233][591]LogAudioMixer: Display: 	Callback Buffer Frame Size To Use:	  1024
[2025.04.08-17.34.12:233][591]LogAudioMixer: Display: 	Number of buffers to queue:			  2
[2025.04.08-17.34.12:233][591]LogAudioMixer: Display: 	Max Channels (voices):				  32
[2025.04.08-17.34.12:233][591]LogAudioMixer: Display: 	Number of Async Source Workers:		  0
[2025.04.08-17.34.12:233][591]LogAudio: Display: AudioDevice MaxSources: 32
[2025.04.08-17.34.12:233][591]LogAudio: Display: Audio Spatialization Plugin: None (built-in).
[2025.04.08-17.34.12:233][591]LogAudio: Display: Audio Reverb Plugin: None (built-in).
[2025.04.08-17.34.12:233][591]LogAudio: Display: Audio Occlusion Plugin: None (built-in).
[2025.04.08-17.34.12:233][591]LogAudioMixer: Display: Initializing audio mixer.
[2025.04.08-17.34.12:237][591]LogAudioMixer: Display: 0: FrontLeft
[2025.04.08-17.34.12:237][591]LogAudioMixer: Display: 1: FrontRight
[2025.04.08-17.34.12:252][591]LogAudioMixer: Display: Using Audio Device Headphone (Realtek(R) Audio)
[2025.04.08-17.34.12:252][591]LogAudioMixer: Display: Initializing Sound Submixes...
[2025.04.08-17.34.12:252][591]LogAudioMixer: Display: Creating Master Submix 'MasterSubmixDefault'
[2025.04.08-17.34.12:252][591]LogAudioMixer: Display: Creating Master Submix 'MasterReverbSubmixDefault'
[2025.04.08-17.34.12:253][591]LogAudioMixer: Display: Creating Master Submix 'MasterEQSubmixDefault'
[2025.04.08-17.34.12:253][591]LogAudioMixer: FMixerPlatformXAudio2::StartAudioStream() called
[2025.04.08-17.34.12:253][591]LogAudioMixer: Display: Output buffers initialized: Frames=1024, Channels=2, Samples=2048
[2025.04.08-17.34.12:254][591]LogAudioMixer: Display: Starting AudioMixerPlatformInterface::RunInternal()
[2025.04.08-17.34.12:254][591]LogAudioMixer: Display: FMixerPlatformXAudio2::SubmitBuffer() called for the first time
[2025.04.08-17.34.12:254][591]LogInit: FAudioDevice initialized.
[2025.04.08-17.34.12:254][591]LogAudio: Display: Audio Device (ID: 15) registered with world 'MainMenuLev'.
[2025.04.08-17.34.12:260][591]LogLoad: Game class is 'NewGameModeGM_C'
[2025.04.08-17.34.12:261][591]LogWorld: Bringing World /Game/TopDownCPP/Maps/Ui/UEDPIE_0_MainMenuLev.MainMenuLev up for play (max tick rate 60) at 2025.04.08-13.34.12
[2025.04.08-17.34.12:261][591]LogWorld: Bringing up level for play took: 0.000379
[2025.04.08-17.34.12:261][591]LogOnline: OSS: Creating online subsystem instance for: :Context_25
[2025.04.08-17.34.12:264][591]PIE: Server logged in
[2025.04.08-17.34.12:264][591]PIE: Play in editor total start time 0.057 seconds.
[2025.04.08-17.34.13:866][686]LogGenericPlatformMisc: FPlatformMisc::RequestExit(0)
[2025.04.08-17.34.13:866][686]LogCore: Engine exit requested (reason: GenericPlatform RequestExit)
[2025.04.08-17.34.14:312][687]LogCore: Engine exit requested (reason: EngineExit() was called; note: exit was already requested)
[2025.04.08-17.34.14:904][687]LogAudio: Display: Beginning Audio Device Manager Shutdown (Module: AudioMixerXAudio2)...
[2025.04.08-17.34.14:904][687]LogAudio: Display: Destroying 2 Remaining Audio Device(s)...
[2025.04.08-17.34.14:904][687]LogAudio: Display: Audio Device unregistered from world 'MainMenuLev'.
[2025.04.08-17.34.14:904][687]LogAudio: Display: Audio Device unregistered from world 'MainMenuLev'.
[2025.04.08-17.34.14:935][687]LogAudioMixer: FMixerPlatformXAudio2::StopAudioStream() called
[2025.04.08-17.34.14:937][687]LogAudioMixer: FMixerPlatformXAudio2::StopAudioStream() called
[2025.04.08-17.34.14:943][687]LogAudioMixer: FMixerPlatformXAudio2::StopAudioStream() called
[2025.04.08-17.34.15:031][687]LogAudioMixer: FMixerPlatformXAudio2::StopAudioStream() called
[2025.04.08-17.34.16:101][687]LogAudio: Display: Audio Device Manager Shutdown
[2025.04.08-17.34.16:104][687]LogSlate: Window 'TopDownPuzzle - Unreal Editor' being destroyed
[2025.04.08-17.34.16:105][687]LogWindowsTextInputMethodSystem: Display: IME system deactivated.
[2025.04.08-17.34.18:306][687]LogSlate: Updating window title bar state: overlay mode, drag disabled, window buttons hidden, title bar hidden
[2025.04.08-17.34.18:306][687]LogWorld: BeginTearingDown for /Game/TopDownCPP/Maps/Ui/UEDPIE_0_MainMenuLev
[2025.04.08-17.34.18:306][687]LogWorld: UWorld::CleanupWorld for MainMenuLev, bSessionEnded=true, bCleanupResources=true
[2025.04.08-17.34.18:307][687]LogSlate: InvalidateAllWidgets triggered.  All widgets were invalidated
[2025.04.08-17.34.18:393][687]LogPlayLevel: Display: Shutting down PIE online subsystems
[2025.04.08-17.34.18:397][687]LogSlate: InvalidateAllWidgets triggered.  All widgets were invalidated
[2025.04.08-17.34.18:412][687]LogSlate: Updating window title bar state: overlay mode, drag disabled, window buttons hidden, title bar hidden
[2025.04.08-17.34.18:415][687]LogUObjectHash: Compacting FUObjectHashTables data took   2.02ms
[2025.04.08-17.34.23:741][687]LogExit: Preparing to exit.
[2025.04.08-17.34.25:380][687]LogUObjectHash: Compacting FUObjectHashTables data took   2.03ms
[2025.04.08-17.34.37:383][687]LogActorComponent: UnregisterComponent: (None.None) Not registered. Aborting.
[2025.04.08-17.34.37:383][687]LogActorComponent: UnregisterComponent: (None.None) Not registered. Aborting.
[2025.04.08-17.34.37:383][687]LogActorComponent: UnregisterComponent: (None.None) Not registered. Aborting.
[2025.04.08-17.34.37:383][687]LogActorComponent: UnregisterComponent: (None.None) Not registered. Aborting.
[2025.04.08-17.34.37:383][687]LogActorComponent: UnregisterComponent: (None.None) Not registered. Aborting.
[2025.04.08-17.34.37:383][687]LogActorComponent: UnregisterComponent: (None.None) Not registered. Aborting.
[2025.04.08-17.34.37:383][687]LogActorComponent: UnregisterComponent: (None.None) Not registered. Aborting.
[2025.04.08-17.34.37:383][687]LogWorld: UWorld::CleanupWorld for None, bSessionEnded=true, bCleanupResources=true
[2025.04.08-17.34.37:385][687]LogActorComponent: UnregisterComponent: (None.None) Not registered. Aborting.
[2025.04.08-17.34.37:385][687]LogActorComponent: UnregisterComponent: (None.None) Not registered. Aborting.
[2025.04.08-17.34.37:385][687]LogActorComponent: UnregisterComponent: (None.None) Not registered. Aborting.
[2025.04.08-17.34.37:385][687]LogActorComponent: UnregisterComponent: (None.None) Not registered. Aborting.
[2025.04.08-17.34.37:385][687]LogActorComponent: UnregisterComponent: (None.None) Not registered. Aborting.
[2025.04.08-17.34.37:385][687]LogActorComponent: UnregisterComponent: (None.None) Not registered. Aborting.
[2025.04.08-17.34.37:385][687]LogActorComponent: UnregisterComponent: (None.None) Not registered. Aborting.
[2025.04.08-17.34.37:385][687]LogWorld: UWorld::CleanupWorld for None, bSessionEnded=true, bCleanupResources=true
[2025.04.08-17.34.37:387][687]LogActorComponent: UnregisterComponent: (None.None) Not registered. Aborting.
[2025.04.08-17.34.37:387][687]LogActorComponent: UnregisterComponent: (None.None) Not registered. Aborting.
[2025.04.08-17.34.37:387][687]LogActorComponent: UnregisterComponent: (None.None) Not registered. Aborting.
[2025.04.08-17.34.37:387][687]LogActorComponent: UnregisterComponent: (None.None) Not registered. Aborting.
[2025.04.08-17.34.37:387][687]LogActorComponent: UnregisterComponent: (None.None) Not registered. Aborting.
[2025.04.08-17.34.37:387][687]LogActorComponent: UnregisterComponent: (None.None) Not registered. Aborting.
[2025.04.08-17.34.37:387][687]LogActorComponent: UnregisterComponent: (None.None) Not registered. Aborting.
[2025.04.08-17.34.37:387][687]LogWorld: UWorld::CleanupWorld for World_0, bSessionEnded=true, bCleanupResources=true
[2025.04.08-17.34.38:713][687]LogDemo: Cleaned up 0 splitscreen connections with owner deletion
[2025.04.08-17.34.39:887][687]LogExit: Editor shut down
[2025.04.08-17.34.40:042][687]LogExit: Transaction tracking system shut down
[2025.04.08-17.34.44:364][687]LogExit: Object subsystem successfully closed.
[2025.04.08-17.34.44:439][687]LogShaderCompilers: Display: === FShaderJobCache stats ===
[2025.04.08-17.34.44:439][687]LogShaderCompilers: Display: Total job queries 0, among them cache hits 0 (0.00%)
[2025.04.08-17.34.44:439][687]LogShaderCompilers: Display: Tracking 0 distinct input hashes that result in 0 distinct outputs (0.00%)
[2025.04.08-17.34.44:439][687]LogShaderCompilers: Display: RAM used: 0.00 MB (0.00 GB) of 819.20 MB (0.80 GB) budget. Usage: 0.00%
[2025.04.08-17.34.44:439][687]LogShaderCompilers: Display: ================================================
[2025.04.08-17.34.44:598][687]LogShaderCompilers: Display: Shaders left to compile 0
[2025.04.08-17.34.45:287][687]LogModuleManager: Shutting down and abandoning module TopDownPuzzle (893)
[2025.04.08-17.34.45:287][687]LogModuleManager: Shutting down and abandoning module ExternalImagePicker (882)
[2025.04.08-17.34.45:287][687]LogModuleManager: Shutting down and abandoning module MovieSceneCapture (880)
[2025.04.08-17.34.45:287][687]LogModuleManager: Shutting down and abandoning module Voice (878)
[2025.04.08-17.34.45:287][687]LogModuleManager: Shutting down and abandoning module SequencerWidgets (876)
[2025.04.08-17.34.45:287][687]LogModuleManager: Shutting down and abandoning module BlueprintGraph (874)
[2025.04.08-17.34.45:287][687]LogModuleManager: Shutting down and abandoning module StatsViewer (872)
[2025.04.08-17.34.45:288][687]LogModuleManager: Shutting down and abandoning module HierarchicalLODOutliner (870)
[2025.04.08-17.34.45:288][687]LogModuleManager: Shutting down and abandoning module SceneOutliner (868)
[2025.04.08-17.34.45:288][687]LogModuleManager: Shutting down and abandoning module AddContentDialog (866)
[2025.04.08-17.34.45:824][687]LogModuleManager: Shutting down and abandoning module WidgetCarousel (865)
[2025.04.08-17.34.45:825][687]LogModuleManager: Shutting down and abandoning module EditorWidgets (862)
[2025.04.08-17.34.45:825][687]LogModuleManager: Shutting down and abandoning module PIEPreviewDeviceProfileSelector (860)
[2025.04.08-17.34.45:826][687]LogModuleManager: Shutting down and abandoning module SequenceRecorderSections (858)
[2025.04.08-17.34.45:826][687]LogModuleManager: Shutting down and abandoning module AutomationWorker (856)
[2025.04.08-17.34.45:826][687]LogModuleManager: Shutting down and abandoning module SteamVREditor (854)
[2025.04.08-17.34.45:826][687]LogModuleManager: Shutting down and abandoning module OculusMR (852)
[2025.04.08-17.34.45:826][687]LogModuleManager: Shutting down and abandoning module TakeRecorderSources (850)
[2025.04.08-17.34.45:829][687]LogModuleManager: Shutting down and abandoning module TakeRecorder (849)
[2025.04.08-17.34.45:857][687]LogModuleManager: Shutting down and abandoning module TakeTrackRecorders (846)
[2025.04.08-17.34.45:858][687]LogModuleManager: Shutting down and abandoning module TakesCore (844)
[2025.04.08-17.34.45:858][687]LogModuleManager: Shutting down and abandoning module OpenXRInput (842)
[2025.04.08-17.34.45:858][687]LogModuleManager: Shutting down and abandoning module GooglePADEditor (840)
[2025.04.08-17.34.45:859][687]LogModuleManager: Shutting down and abandoning module PlanarCut (838)
[2025.04.08-17.34.45:859][687]LogModuleManager: Shutting down and abandoning module AudioCaptureEditor (836)
[2025.04.08-17.34.45:859][687]LogModuleManager: Shutting down and abandoning module TemplateSequenceEditor (834)
[2025.04.08-17.34.45:861][687]LogModuleManager: Shutting down and abandoning module MatineeToLevelSequence (832)
[2025.04.08-17.34.45:861][687]LogModuleManager: Shutting down and abandoning module LevelSequenceEditor (830)
[2025.04.08-17.34.45:863][687]LogModuleManager: Shutting down and abandoning module ActorSequenceEditor (828)
[2025.04.08-17.34.45:863][687]LogModuleManager: Shutting down and abandoning module WmfMediaFactory (826)
[2025.04.08-17.34.45:863][687]LogModuleManager: Shutting down and abandoning module WmfMediaEditor (824)
[2025.04.08-17.34.45:863][687]LogModuleManager: Shutting down and abandoning module WebMMediaFactory (822)
[2025.04.08-17.34.45:863][687]LogModuleManager: Shutting down and abandoning module WebMMediaEditor (820)
[2025.04.08-17.34.45:863][687]LogModuleManager: Shutting down and abandoning module WebMMedia (818)
[2025.04.08-17.34.45:864][687]LogModuleManager: Shutting down and abandoning module MediaPlayerEditor (816)
[2025.04.08-17.34.45:864][687]LogModuleManager: Shutting down and abandoning module MediaCompositingEditor (814)
[2025.04.08-17.34.45:866][687]LogModuleManager: Shutting down and abandoning module SequenceRecorder (813)
[2025.04.08-17.34.45:866][687]LogModuleManager: Shutting down and abandoning module OpenExrWrapper (810)
[2025.04.08-17.34.45:866][687]LogModuleManager: Shutting down and abandoning module ImgMediaFactory (808)
[2025.04.08-17.34.45:866][687]LogModuleManager: Shutting down and abandoning module ImgMediaEditor (806)
[2025.04.08-17.34.45:866][687]LogModuleManager: Shutting down and abandoning module AvfMediaFactory (804)
[2025.04.08-17.34.45:866][687]LogModuleManager: Shutting down and abandoning module AvfMediaEditor (802)
[2025.04.08-17.34.45:866][687]LogModuleManager: Shutting down and abandoning module AndroidMediaFactory (800)
[2025.04.08-17.34.45:866][687]LogModuleManager: Shutting down and abandoning module AndroidMediaEditor (798)
[2025.04.08-17.34.45:866][687]LogModuleManager: Shutting down and abandoning module MagicLeapMediaCodecFactory (796)
[2025.04.08-17.34.45:866][687]LogModuleManager: Shutting down and abandoning module MagicLeapMediaFactory (794)
[2025.04.08-17.34.45:866][687]LogModuleManager: Shutting down and abandoning module MagicLeapMediaEditor (792)
[2025.04.08-17.34.45:866][687]LogModuleManager: Shutting down and abandoning module CharacterAI (790)
[2025.04.08-17.34.45:866][687]LogModuleManager: Shutting down and abandoning module TextureAlignMode (788)
[2025.04.08-17.34.45:866][687]LogModuleManager: Shutting down and abandoning module BspMode (786)
[2025.04.08-17.34.45:866][687]LogModuleManager: Shutting down and abandoning module GeometryMode (784)
[2025.04.08-17.34.45:866][687]LogModuleManager: Shutting down and abandoning module CameraShakePreviewer (782)
[2025.04.08-17.34.45:867][687]LogModuleManager: Shutting down and abandoning module SmartSnapping (780)
[2025.04.08-17.34.45:867][687]LogModuleManager: Shutting down and abandoning module SessionServices (778)
[2025.04.08-17.34.45:867][687]LogModuleManager: Shutting down and abandoning module MeshPaint (776)
[2025.04.08-17.34.45:867][687]LogModuleManager: Shutting down and abandoning module VirtualTexturingEditor (774)
[2025.04.08-17.34.45:867][687]LogModuleManager: Shutting down and abandoning module FoliageEdit (772)
[2025.04.08-17.34.45:868][687]LogModuleManager: Shutting down and abandoning module LandscapeEditor (770)
[2025.04.08-17.34.45:870][687]LogModuleManager: Shutting down and abandoning module MeshPaintMode (768)
[2025.04.08-17.34.45:870][687]LogModuleManager: Shutting down and abandoning module SceneDepthPickerMode (766)
[2025.04.08-17.34.45:870][687]LogModuleManager: Shutting down and abandoning module ActorPickerMode (764)
[2025.04.08-17.34.45:870][687]LogModuleManager: Shutting down and abandoning module PlacementMode (762)
[2025.04.08-17.34.45:881][687]LogModuleManager: Shutting down and abandoning module ViewportSnapping (760)
[2025.04.08-17.34.45:881][687]LogModuleManager: Shutting down and abandoning module ViewportInteraction (758)
[2025.04.08-17.34.45:881][687]LogModuleManager: Shutting down and abandoning module ClothPainter (756)
[2025.04.08-17.34.45:906][687]LogModuleManager: Shutting down and abandoning module SkeletalMeshEditor (755)
[2025.04.08-17.34.45:907][687]LogModuleManager: Shutting down and abandoning module LogVisualizer (752)
[2025.04.08-17.34.45:909][687]LogModuleManager: Shutting down and abandoning module IntroTutorials (750)
[2025.04.08-17.34.45:910][687]LogModuleManager: Shutting down and abandoning module GameProjectGeneration (749)
[2025.04.08-17.34.45:910][687]LogModuleManager: Shutting down and abandoning module LuminPlatformEditor (746)
[2025.04.08-17.34.45:910][687]LogModuleManager: Shutting down and abandoning module IOSPlatformEditor (744)
[2025.04.08-17.34.45:911][687]LogModuleManager: Shutting down and abandoning module AndroidPlatformEditor (742)
[2025.04.08-17.34.45:911][687]LogModuleManager: Shutting down and abandoning module AndroidDeviceDetection (741)
[2025.04.08-17.34.47:311][687]LogModuleManager: Shutting down and abandoning module WindowsPlatformEditor (738)
[2025.04.08-17.34.47:311][687]LogModuleManager: Shutting down and abandoning module LuminRuntimeSettings (736)
[2025.04.08-17.34.47:311][687]LogModuleManager: Shutting down and abandoning module IOSRuntimeSettings (734)
[2025.04.08-17.34.47:311][687]LogModuleManager: Shutting down and abandoning module AndroidRuntimeSettings (732)
[2025.04.08-17.34.47:311][687]LogModuleManager: Shutting down and abandoning module TraceInsights (730)
[2025.04.08-17.34.47:319][687]MemoryProfiler: Shutdown
[2025.04.08-17.34.47:319][687]NetworkingProfiler: Shutdown
[2025.04.08-17.34.47:319][687]LoadingProfiler: Shutdown
[2025.04.08-17.34.47:321][687]TimingProfiler: Shutdown
[2025.04.08-17.34.47:324][687]LogModuleManager: Shutting down and abandoning module TraceServices (729)
[2025.04.08-17.34.47:327][687]LogModuleManager: Shutting down and abandoning module EditorInteractiveToolsFramework (726)
[2025.04.08-17.34.47:327][687]LogModuleManager: Shutting down and abandoning module TimeManagementEditor (724)
[2025.04.08-17.34.47:327][687]LogModuleManager: Shutting down and abandoning module InputBindingEditor (722)
[2025.04.08-17.34.47:328][687]LogModuleManager: Shutting down and abandoning module MergeActors (720)
[2025.04.08-17.34.47:330][687]LogModuleManager: Shutting down and abandoning module LocalizationDashboard (718)
[2025.04.08-17.34.47:331][687]LogModuleManager: Shutting down and abandoning module LocalizationService (717)
[2025.04.08-17.34.47:332][687]LogModuleManager: Shutting down and abandoning module HardwareTargeting (714)
[2025.04.08-17.34.47:332][687]LogModuleManager: Shutting down and abandoning module DeviceProfileEditor (712)
[2025.04.08-17.34.47:333][687]LogModuleManager: Shutting down and abandoning module UndoHistory (710)
[2025.04.08-17.34.47:333][687]LogModuleManager: Shutting down and abandoning module XmlParser (708)
[2025.04.08-17.34.47:334][687]LogModuleManager: Shutting down and abandoning module Blutility (706)
[2025.04.08-17.34.47:334][687]LogModuleManager: Shutting down and abandoning module ProjectSettingsViewer (704)
[2025.04.08-17.34.47:335][687]LogModuleManager: Shutting down and abandoning module ProjectTargetPlatformEditor (703)
[2025.04.08-17.34.47:335][687]LogModuleManager: Shutting down and abandoning module EditorSettingsViewer (700)
[2025.04.08-17.34.47:335][687]LogModuleManager: Shutting down and abandoning module InternationalizationSettings (699)
[2025.04.08-17.34.47:335][687]LogModuleManager: Shutting down and abandoning module SettingsEditor (696)
[2025.04.08-17.34.47:336][687]LogModuleManager: Shutting down and abandoning module ProjectLauncher (694)
[2025.04.08-17.34.47:337][687]LogModuleManager: Shutting down and abandoning module SessionFrontend (692)
[2025.04.08-17.34.47:338][687]LogModuleManager: Shutting down and abandoning module ProfilerClient (690)
[2025.04.08-17.34.47:338][687]LogModuleManager: Shutting down and abandoning module DeviceManager (688)
[2025.04.08-17.34.47:339][687]LogModuleManager: Shutting down and abandoning module TargetDeviceServices (687)
[2025.04.08-17.34.47:372][687]LogModuleManager: Shutting down and abandoning module AutomationController (684)
[2025.04.08-17.34.47:372][687]LogModuleManager: Shutting down and abandoning module AutomationWindow (682)
[2025.04.08-17.34.47:373][687]LogModuleManager: Shutting down and abandoning module Layers (680)
[2025.04.08-17.34.47:374][687]LogModuleManager: Shutting down and abandoning module ComponentVisualizers (678)
[2025.04.08-17.34.47:374][687]LogModuleManager: Shutting down and abandoning module DetailCustomizations (676)
[2025.04.08-17.34.47:375][687]LogModuleManager: Shutting down and abandoning module PackagesDialog (674)
[2025.04.08-17.34.47:375][687]LogModuleManager: Shutting down and abandoning module AnimationBlueprintEditor (672)
[2025.04.08-17.34.47:376][687]LogModuleManager: Shutting down and abandoning module Persona (670)
[2025.04.08-17.34.47:377][687]LogModuleManager: Shutting down and abandoning module AdvancedPreviewScene (669)
[2025.04.08-17.34.47:377][687]LogModuleManager: Shutting down and abandoning module Kismet (666)
[2025.04.08-17.34.47:384][687]LogModuleManager: Shutting down and abandoning module KismetWidgets (665)
[2025.04.08-17.34.47:384][687]LogModuleManager: Shutting down and abandoning module GraphEditor (662)
[2025.04.08-17.34.47:385][687]LogModuleManager: Shutting down and abandoning module StructViewer (660)
[2025.04.08-17.34.47:385][687]LogModuleManager: Shutting down and abandoning module ClassViewer (658)
[2025.04.08-17.34.47:387][687]LogModuleManager: Shutting down and abandoning module Toolbox (656)
[2025.04.08-17.34.47:387][687]LogModuleManager: Shutting down and abandoning module ModuleUI (654)
[2025.04.08-17.34.47:387][687]LogModuleManager: Shutting down and abandoning module OutputLog (652)
[2025.04.08-17.34.47:405][687]LogModuleManager: Shutting down and abandoning module GammaUI (650)
[2025.04.08-17.34.47:405][687]LogModuleManager: Shutting down and abandoning module Documentation (648)
[2025.04.08-17.34.47:630][687]LogModuleManager: Shutting down and abandoning module LiveCoding (646)
[2025.04.08-17.34.47:631][687]LogModuleManager: Shutting down and abandoning module LevelSequence (644)
[2025.04.08-17.34.47:631][687]LogModuleManager: Shutting down and abandoning module MovieSceneTracks (642)
[2025.04.08-17.34.47:632][687]LogModuleManager: Shutting down and abandoning module MovieScene (640)
[2025.04.08-17.34.47:632][687]LogModuleManager: Shutting down and abandoning module StreamingPauseRendering (638)
[2025.04.08-17.34.47:632][687]LogModuleManager: Shutting down and abandoning module LauncherPlatform (636)
[2025.04.08-17.34.47:632][687]LogModuleManager: Shutting down and abandoning module AnalyticsET (634)
[2025.04.08-17.34.47:632][687]LogModuleManager: Shutting down and abandoning module PortalServices (632)
[2025.04.08-17.34.47:632][687]LogModuleManager: Shutting down and abandoning module PortalRpc (630)
[2025.04.08-17.34.47:632][687]LogModuleManager: Shutting down and abandoning module MessagingRpc (628)
[2025.04.08-17.34.47:632][687]LogModuleManager: Shutting down and abandoning module AudioMixerXAudio2 (626)
[2025.04.08-17.34.47:632][687]LogModuleManager: Shutting down and abandoning module AudioMixerCore (625)
[2025.04.08-17.34.47:632][687]LogModuleManager: Shutting down and abandoning module AIModule (622)
[2025.04.08-17.34.47:632][687]LogModuleManager: Shutting down and abandoning module GameplayDebugger (621)
[2025.04.08-17.34.47:632][687]LogModuleManager: Shutting down and abandoning module AITestSuite (619)
[2025.04.08-17.34.47:633][687]LogModuleManager: Shutting down and abandoning module NavigationSystem (617)
[2025.04.08-17.34.47:633][687]LogModuleManager: Shutting down and abandoning module ImageWriteQueue (614)
[2025.04.08-17.34.47:633][687]LogModuleManager: Shutting down and abandoning module ProfilerService (612)
[2025.04.08-17.34.47:842][687]LogModuleManager: Shutting down and abandoning module TaskGraph (610)
[2025.04.08-17.34.47:843][687]LogModuleManager: Shutting down and abandoning module AudioSynesthesiaEditor (608)
[2025.04.08-17.34.47:843][687]LogModuleManager: Shutting down and abandoning module OculusEditor (606)
[2025.04.08-17.34.47:844][687]LogModuleManager: Shutting down and abandoning module OculusInput (604)
[2025.04.08-17.34.47:844][687]LogModuleManager: Shutting down and abandoning module ContentBrowserFileDataSource (602)
[2025.04.08-17.34.47:844][687]LogModuleManager: Shutting down and abandoning module ContentBrowserClassDataSource (600)
[2025.04.08-17.34.47:844][687]LogModuleManager: Shutting down and abandoning module ContentBrowserAssetDataSource (598)
[2025.04.08-17.34.47:844][687]LogModuleManager: Shutting down and abandoning module CollectionManager (597)
[2025.04.08-17.34.47:845][687]LogModuleManager: Shutting down and abandoning module TakeSequencer (594)
[2025.04.08-17.34.47:845][687]LogModuleManager: Shutting down and abandoning module TakeMovieScene (592)
[2025.04.08-17.34.47:845][687]LogModuleManager: Shutting down and abandoning module SynthesisEditor (590)
[2025.04.08-17.34.47:845][687]LogModuleManager: Shutting down and abandoning module Synthesis (588)
[2025.04.08-17.34.47:846][687]LogModuleManager: Shutting down and abandoning module ProceduralMeshComponentEditor (586)
[2025.04.08-17.34.47:846][687]LogModuleManager: Shutting down and abandoning module ProceduralMeshComponent (584)
[2025.04.08-17.34.47:846][687]LogModuleManager: Shutting down and abandoning module OpenXREditor (582)
[2025.04.08-17.34.47:846][687]LogModuleManager: Shutting down and abandoning module MobilePatchingUtils (580)
[2025.04.08-17.34.47:846][687]LogModuleManager: Shutting down and abandoning module GooglePAD (578)
[2025.04.08-17.34.47:846][687]LogModuleManager: Shutting down and abandoning module ScreenshotTools (576)
[2025.04.08-17.34.47:846][687]LogModuleManager: Shutting down and abandoning module OpenImageDenoise (574)
[2025.04.08-17.34.47:846][687]LogOpenImageDenoise: OIDN shutting down
[2025.04.08-17.34.47:846][687]LogModuleManager: Shutting down and abandoning module MotoSynthEditor (572)
[2025.04.08-17.34.47:846][687]LogModuleManager: Shutting down and abandoning module MotoSynth (570)
[2025.04.08-17.34.47:846][687]LogModuleManager: Shutting down and abandoning module GeometryCollectionTracks (568)
[2025.04.08-17.34.47:846][687]LogModuleManager: Shutting down and abandoning module GeometryCollectionSequencer (567)
[2025.04.08-17.34.47:846][687]LogModuleManager: Shutting down and abandoning module GeometryCollectionEditor (564)
[2025.04.08-17.34.47:847][687]LogModuleManager: Shutting down and abandoning module MeshConversion (562)
[2025.04.08-17.34.47:847][687]LogModuleManager: Shutting down and abandoning module DynamicMesh (560)
[2025.04.08-17.34.47:847][687]LogModuleManager: Shutting down and abandoning module GeometryAlgorithms (558)
[2025.04.08-17.34.47:848][687]LogModuleManager: Shutting down and abandoning module GeometricObjects (556)
[2025.04.08-17.34.47:848][687]LogModuleManager: Shutting down and abandoning module GeometryCacheTracks (554)
[2025.04.08-17.34.47:848][687]LogModuleManager: Shutting down and abandoning module GeometryCacheStreamer (552)
[2025.04.08-17.34.47:848][687]LogModuleManager: Shutting down and abandoning module GeometryCacheSequencer (550)
[2025.04.08-17.34.47:848][687]LogModuleManager: Shutting down and abandoning module EditableMesh (548)
[2025.04.08-17.34.47:848][687]LogModuleManager: Shutting down and abandoning module CustomMeshComponent (546)
[2025.04.08-17.34.47:848][687]LogModuleManager: Shutting down and abandoning module CableComponent (544)
[2025.04.08-17.34.47:848][687]LogModuleManager: Shutting down and abandoning module AudioCapture (542)
[2025.04.08-17.34.47:848][687]LogModuleManager: Shutting down and abandoning module AudioCaptureRtAudio (541)
[2025.04.08-17.34.47:848][687]LogModuleManager: Shutting down and abandoning module AssetTags (538)
[2025.04.08-17.34.47:848][687]LogModuleManager: Shutting down and abandoning module ArchVisCharacter (536)
[2025.04.08-17.34.47:849][687]LogModuleManager: Shutting down and abandoning module AppleImageUtilsBlueprintSupport (534)
[2025.04.08-17.34.47:849][687]LogModuleManager: Shutting down and abandoning module AppleImageUtils (532)
[2025.04.08-17.34.47:849][687]LogModuleManager: Shutting down and abandoning module AndroidPermission (530)
[2025.04.08-17.34.47:849][687]LogModuleManager: Shutting down and abandoning module ActorLayerUtilitiesEditor (528)
[2025.04.08-17.34.47:849][687]LogModuleManager: Shutting down and abandoning module ActorLayerUtilities (526)
[2025.04.08-17.34.47:849][687]LogModuleManager: Shutting down and abandoning module TemplateSequence (524)
[2025.04.08-17.34.47:849][687]LogModuleManager: Shutting down and abandoning module MediaCompositing (522)
[2025.04.08-17.34.47:849][687]LogModuleManager: Shutting down and abandoning module ImgMedia (520)
[2025.04.08-17.34.47:849][687]LogModuleManager: Shutting down and abandoning module MagicLeapSharedWorld (518)
[2025.04.08-17.34.47:849][687]LogModuleManager: Shutting down and abandoning module MagicLeapLightEstimation (516)
[2025.04.08-17.34.47:849][687]LogModuleManager: Shutting down and abandoning module MagicLeapHelperVulkan (514)
[2025.04.08-17.34.47:849][687]LogModuleManager: Shutting down and abandoning module MagicLeapHelperOpenGL (512)
[2025.04.08-17.34.47:849][687]LogModuleManager: Shutting down and abandoning module MagicLeapAudio (510)
[2025.04.08-17.34.47:849][687]LogModuleManager: Shutting down and abandoning module ChaosNiagara (508)
[2025.04.08-17.34.47:849][687]LogModuleManager: Shutting down and abandoning module AutomationUtilsEditor (506)
[2025.04.08-17.34.47:849][687]LogModuleManager: Shutting down and abandoning module AutomationUtils (504)
[2025.04.08-17.34.47:849][687]LogModuleManager: Shutting down and abandoning module BackChannel (502)
[2025.04.08-17.34.47:849][687]LogModuleManager: Shutting down and abandoning module ChaosSolverEditor (500)
[2025.04.08-17.34.47:849][687]LogModuleManager: Shutting down and abandoning module ChaosClothEditor (498)
[2025.04.08-17.34.47:849][687]LogModuleManager: Shutting down and abandoning module FractureEditor (496)
[2025.04.08-17.34.47:850][687]LogModuleManager: Shutting down and abandoning module FieldSystemEngine (495)
[2025.04.08-17.34.47:850][687]LogModuleManager: Shutting down and abandoning module AlembicImporter (492)
[2025.04.08-17.34.47:850][687]LogModuleManager: Shutting down and abandoning module AlembicLibrary (491)
[2025.04.08-17.34.47:850][687]LogModuleManager: Shutting down and abandoning module GeometryCache (490)
[2025.04.08-17.34.47:850][687]LogModuleManager: Shutting down and abandoning module GeometryCacheEd (489)
[2025.04.08-17.34.47:850][687]LogModuleManager: Shutting down and abandoning module NiagaraEditorWidgets (484)
[2025.04.08-17.34.47:852][687]LogModuleManager: Shutting down and abandoning module VariantManagerContentEditor (482)
[2025.04.08-17.34.47:852][687]LogModuleManager: Shutting down and abandoning module DatasmithContentEditor (480)
[2025.04.08-17.34.47:853][687]LogModuleManager: Shutting down and abandoning module SpeedTreeImporter (478)
[2025.04.08-17.34.47:853][687]LogModuleManager: Shutting down and abandoning module PluginBrowser (476)
[2025.04.08-17.34.47:854][687]LogModuleManager: Shutting down and abandoning module MobileLauncherProfileWizard (474)
[2025.04.08-17.34.47:855][687]LogModuleManager: Shutting down and abandoning module MaterialAnalyzer (472)
[2025.04.08-17.34.47:855][687]LogModuleManager: Shutting down and abandoning module CryptoKeysOpenSSL (470)
[2025.04.08-17.34.47:855][687]LogModuleManager: Shutting down and abandoning module CryptoKeys (468)
[2025.04.08-17.34.47:855][687]LogModuleManager: Shutting down and abandoning module CurveEditorTools (466)
[2025.04.08-17.34.47:855][687]LogModuleManager: Shutting down and abandoning module OodleNetworkHandlerComponent (464)
[2025.04.08-17.34.47:855][687]LogModuleManager: Shutting down and abandoning module VisualStudioSourceCodeAccess (462)
[2025.04.08-17.34.47:855][687]LogModuleManager: Shutting down and abandoning module VisualStudioCodeSourceCodeAccess (460)
[2025.04.08-17.34.47:855][687]LogModuleManager: Shutting down and abandoning module UObjectPlugin (458)
[2025.04.08-17.34.47:855][687]LogModuleManager: Shutting down and abandoning module SubversionSourceControl (456)
[2025.04.08-17.34.47:856][687]LogModuleManager: Shutting down and abandoning module RiderSourceCodeAccess (454)
[2025.04.08-17.34.47:856][687]LogModuleManager: Shutting down and abandoning module PluginUtils (452)
[2025.04.08-17.34.47:856][687]LogModuleManager: Shutting down and abandoning module PlasticSourceControl (450)
[2025.04.08-17.34.47:858][687]LogModuleManager: Shutting down and abandoning module PerforceSourceControl (448)
[2025.04.08-17.34.47:859][687]LogModuleManager: Shutting down and abandoning module GitSourceControl (446)
[2025.04.08-17.34.47:860][687]LogModuleManager: Shutting down and abandoning module SourceControl (445)
[2025.04.08-17.34.47:860][687]LogModuleManager: Shutting down and abandoning module CLionSourceCodeAccess (442)
[2025.04.08-17.34.47:860][687]LogModuleManager: Shutting down and abandoning module AnimationSharingEd (440)
[2025.04.08-17.34.47:860][687]LogModuleManager: Shutting down and abandoning module LiveLinkSequencer (438)
[2025.04.08-17.34.47:861][687]LogModuleManager: Shutting down and abandoning module LiveLinkMovieScene (436)
[2025.04.08-17.34.47:861][687]LogModuleManager: Shutting down and abandoning module LiveLinkGraphNode (434)
[2025.04.08-17.34.47:861][687]LogModuleManager: Shutting down and abandoning module LiveLinkEditor (432)
[2025.04.08-17.34.47:861][687]LogModuleManager: Shutting down and abandoning module LiveLinkComponents (430)
[2025.04.08-17.34.47:861][687]LogModuleManager: Shutting down and abandoning module LiveLink (428)
[2025.04.08-17.34.48:313][687]LogModuleManager: Shutting down and abandoning module LightPropagationVolumeEditor (426)
[2025.04.08-17.34.48:313][687]LogModuleManager: Shutting down and abandoning module PaperTiledImporter (424)
[2025.04.08-17.34.48:313][687]LogModuleManager: Shutting down and abandoning module PaperSpriteSheetImporter (422)
[2025.04.08-17.34.48:314][687]LogModuleManager: Shutting down and abandoning module Paper2DEditor (420)
[2025.04.08-17.34.48:315][687]LogModuleManager: Shutting down and abandoning module MeshPaintingToolset (418)
[2025.04.08-17.34.48:315][687]LogModuleManager: Shutting down and abandoning module MeshPaintEditorMode (416)
[2025.04.08-17.34.48:315][687]LogModuleManager: Shutting down and abandoning module AnimGraph (413)
[2025.04.08-17.34.48:316][687]LogModuleManager: Shutting down and abandoning module SoundFields (410)
[2025.04.08-17.34.48:316][687]LogModuleManager: Shutting down and abandoning module SignificanceManager (408)
[2025.04.08-17.34.48:316][687]LogModuleManager: Shutting down and abandoning module RuntimePhysXCooking (406)
[2025.04.08-17.34.48:316][687]LogModuleManager: Shutting down and abandoning module PropertyAccessEditor (404)
[2025.04.08-17.34.48:316][687]LogModuleManager: Shutting down and abandoning module PhysXVehiclesEditor (402)
[2025.04.08-17.34.48:316][687]LogModuleManager: Shutting down and abandoning module LocationServicesBPLibrary (398)
[2025.04.08-17.34.48:316][687]LogModuleManager: Shutting down and abandoning module PythonScriptPlugin (396)
[2025.04.08-17.34.48:316][687]LogModuleManager: Shutting down and abandoning module AudioSynesthesia (394)
[2025.04.08-17.34.48:316][687]LogModuleManager: Shutting down and abandoning module AudioSynesthesiaCore (392)
[2025.04.08-17.34.48:316][687]LogModuleManager: Shutting down and abandoning module ActorSequence (390)
[2025.04.08-17.34.48:316][687]LogModuleManager: Shutting down and abandoning module TcpMessaging (388)
[2025.04.08-17.34.48:417][687]LogModuleManager: Shutting down and abandoning module UdpMessaging (386)
[2025.04.08-17.34.48:517][687]LogModuleManager: Shutting down and abandoning module ImgMediaEngine (384)
[2025.04.08-17.34.48:517][687]LogModuleManager: Shutting down and abandoning module MagicLeapARPin (382)
[2025.04.08-17.34.48:517][687]LogModuleManager: Shutting down and abandoning module MagicLeapHandMeshing (380)
[2025.04.08-17.34.48:517][687]LogModuleManager: Shutting down and abandoning module MagicLeapSecureStorage (378)
[2025.04.08-17.34.48:517][687]LogModuleManager: Shutting down and abandoning module MagicLeapPrivileges (376)
[2025.04.08-17.34.48:517][687]LogModuleManager: Shutting down and abandoning module MagicLeapPlanes (374)
[2025.04.08-17.34.48:517][687]LogMagicLeapPlanes: Planes tracker already destroyed.
[2025.04.08-17.34.48:517][687]LogModuleManager: Shutting down and abandoning module MagicLeapImageTracker (372)
[2025.04.08-17.34.48:517][687]LogModuleManager: Shutting down and abandoning module MagicLeapIdentity (370)
[2025.04.08-17.34.48:517][687]LogModuleManager: Shutting down and abandoning module MagicLeapHandTracking (368)
[2025.04.08-17.34.48:517][687]LogModuleManager: Shutting down and abandoning module MagicLeapEyeTracker (366)
[2025.04.08-17.34.48:517][687]LogModuleManager: Shutting down and abandoning module MagicLeapController (364)
[2025.04.08-17.34.48:517][687]LogModuleManager: Shutting down and abandoning module MagicLeapARPinImpl (362)
[2025.04.08-17.34.48:517][687]LogModuleManager: Shutting down and abandoning module MagicLeapAR (360)
[2025.04.08-17.34.48:517][687]LogModuleManager: Shutting down and abandoning module NiagaraAnimNotifies (358)
[2025.04.08-17.34.48:517][687]LogModuleManager: Shutting down and abandoning module Niagara (356)
[2025.04.08-17.34.48:519][687]LogModuleManager: Shutting down and abandoning module SignalProcessing (355)
[2025.04.08-17.34.48:519][687]LogModuleManager: Shutting down and abandoning module NiagaraEditor (353)
[2025.04.08-17.34.48:521][687]LogModuleManager: Shutting down and abandoning module NiagaraCore (350)
[2025.04.08-17.34.48:521][687]LogModuleManager: Shutting down and abandoning module GameplayTagsEditor (348)
[2025.04.08-17.34.48:521][687]LogModuleManager: Shutting down and abandoning module FacialAnimationEditor (346)
[2025.04.08-17.34.48:522][687]LogModuleManager: Shutting down and abandoning module FacialAnimation (344)
[2025.04.08-17.34.48:522][687]LogModuleManager: Shutting down and abandoning module DataValidation (342)
[2025.04.08-17.34.48:522][687]LogModuleManager: Shutting down and abandoning module AssetManagerEditor (340)
[2025.04.08-17.34.48:522][687]LogModuleManager: Shutting down and abandoning module LevelEditor (339)
[2025.04.08-17.34.48:658][687]LogModuleManager: Shutting down and abandoning module PixelInspectorModule (338)
[2025.04.08-17.34.48:658][687]LogModuleManager: Shutting down and abandoning module CommonMenuExtensions (336)
[2025.04.08-17.34.48:659][687]LogModuleManager: Shutting down and abandoning module MainFrame (334)
[2025.04.08-17.34.48:659][687]LogModuleManager: Shutting down and abandoning module HotReload (333)
[2025.04.08-17.34.48:660][687]LogModuleManager: Shutting down and abandoning module ToolMenus (329)
[2025.04.08-17.34.48:660][687]LogModuleManager: Shutting down and abandoning module ContentBrowser (327)
[2025.04.08-17.34.48:660][687]LogModuleManager: Shutting down and abandoning module ContentBrowserData (326)
[2025.04.08-17.34.48:660][687]LogModuleManager: Shutting down and abandoning module TreeMap (323)
[2025.04.08-17.34.48:661][687]LogModuleManager: Shutting down and abandoning module PropertyAccessNode (320)
[2025.04.08-17.34.48:661][687]LogModuleManager: Shutting down and abandoning module AnimationSharing (318)
[2025.04.08-17.34.48:661][687]LogModuleManager: Shutting down and abandoning module GameplayCameras (316)
[2025.04.08-17.34.48:661][687]LogModuleManager: Shutting down and abandoning module LightPropagationVolumeRuntime (314)
[2025.04.08-17.34.48:661][687]LogModuleManager: Shutting down and abandoning module EnvironmentQueryEditor (312)
[2025.04.08-17.34.48:662][687]LogModuleManager: Shutting down and abandoning module Paper2D (310)
[2025.04.08-17.34.48:662][687]LogModuleManager: Shutting down and abandoning module WindowsMoviePlayer (308)
[2025.04.08-17.34.49:165][687]LogModuleManager: Shutting down and abandoning module WebMMoviePlayer (306)
[2025.04.08-17.34.49:165][687]LogModuleManager: Shutting down and abandoning module NetworkReplayStreaming (304)
[2025.04.08-17.34.49:165][687]LogModuleManager: Shutting down and abandoning module PacketHandler (302)
[2025.04.08-17.34.49:165][687]LogModuleManager: Shutting down and abandoning module ClothingSystemEditor (300)
[2025.04.08-17.34.49:165][687]LogModuleManager: Shutting down and abandoning module ClothingSystemRuntimeNv (298)
[2025.04.08-17.34.49:166][687]LogModuleManager: Shutting down and abandoning module MediaAssets (296)
[2025.04.08-17.34.49:166][687]LogModuleManager: Shutting down and abandoning module Overlay (294)
[2025.04.08-17.34.49:166][687]LogModuleManager: Shutting down and abandoning module OverlayEditor (293)
[2025.04.08-17.34.49:166][687]LogModuleManager: Shutting down and abandoning module VREditor (290)
[2025.04.08-17.34.49:166][687]LogModuleManager: Shutting down and abandoning module StringTableEditor (288)
[2025.04.08-17.34.49:167][687]LogModuleManager: Shutting down and abandoning module GameplayTasksEditor (286)
[2025.04.08-17.34.49:167][687]LogModuleManager: Shutting down and abandoning module BehaviorTreeEditor (284)
[2025.04.08-17.34.49:168][687]LogModuleManager: Shutting down and abandoning module FunctionalTesting (282)
[2025.04.08-17.34.49:168][687]LogModuleManager: Shutting down and abandoning module CollisionAnalyzer (280)
[2025.04.08-17.34.49:169][687]LogModuleManager: Shutting down and abandoning module WorkspaceMenuStructure (279)
[2025.04.08-17.34.49:171][687]LogModuleManager: Shutting down and abandoning module UMG (276)
[2025.04.08-17.34.49:171][687]LogModuleManager: Shutting down and abandoning module UMGEditor (275)
[2025.04.08-17.34.49:172][687]LogModuleManager: Shutting down and abandoning module MessageLog (273)
[2025.04.08-17.34.49:172][687]LogModuleManager: Shutting down and abandoning module SlateReflector (268)
[2025.04.08-17.34.49:174][687]LogModuleManager: Shutting down and abandoning module Slate (266)
[2025.04.08-17.34.49:174][687]LogModuleManager: Shutting down and abandoning module SlateCore (264)
[2025.04.08-17.34.49:175][687]LogModuleManager: Shutting down and abandoning module LandscapeEditorUtilities (262)
[2025.04.08-17.34.49:175][687]LogModuleManager: Shutting down and abandoning module UnrealEd (260)
[2025.04.08-17.34.49:175][687]LogModuleManager: Shutting down and abandoning module MRMesh (258)
[2025.04.08-17.34.49:175][687]LogModuleManager: Shutting down and abandoning module SourceCodeAccess (256)
[2025.04.08-17.34.49:175][687]LogModuleManager: Shutting down and abandoning module HeadMountedDisplay (254)
[2025.04.08-17.34.49:175][687]LogModuleManager: Shutting down and abandoning module XAudio2 (252)
[2025.04.08-17.34.49:175][687]LogModuleManager: Shutting down and abandoning module Networking (250)
[2025.04.08-17.34.49:175][687]LogModuleManager: Shutting down and abandoning module Core (248)
[2025.04.08-17.34.49:175][687]LogModuleManager: Shutting down and abandoning module MaterialEditor (246)
[2025.04.08-17.34.49:176][687]LogModuleManager: Shutting down and abandoning module MovieSceneTools (244)
[2025.04.08-17.34.49:177][687]LogModuleManager: Shutting down and abandoning module CurveEditor (243)
[2025.04.08-17.34.49:191][687]LogModuleManager: Shutting down and abandoning module Sequencer (241)
[2025.04.08-17.34.49:191][687]LogModuleManager: Shutting down and abandoning module EditorStyle (240)
[2025.04.08-17.34.49:233][687]LogModuleManager: Shutting down and abandoning module KismetCompiler (236)
[2025.04.08-17.34.49:233][687]LogModuleManager: Shutting down and abandoning module MeshBuilder (234)
[2025.04.08-17.34.49:233][687]LogModuleManager: Shutting down and abandoning module MeshUtilities (232)
[2025.04.08-17.34.49:234][687]LogModuleManager: Shutting down and abandoning module MeshMergeUtilities (231)
[2025.04.08-17.34.49:235][687]LogModuleManager: Shutting down and abandoning module MeshReductionInterface (230)
[2025.04.08-17.34.49:235][687]LogModuleManager: Shutting down and abandoning module MeshBoneReduction (229)
[2025.04.08-17.34.49:235][687]LogModuleManager: Shutting down and abandoning module SkeletalMeshReduction (227)
[2025.04.08-17.34.49:235][687]LogModuleManager: Shutting down and abandoning module ProxyLODMeshReduction (225)
[2025.04.08-17.34.49:237][687]LogModuleManager: Shutting down and abandoning module QuadricMeshReduction (223)
[2025.04.08-17.34.49:237][687]LogModuleManager: Shutting down and abandoning module MaterialBaking (219)
[2025.04.08-17.34.49:237][687]LogModuleManager: Shutting down and abandoning module NullInstallBundleManager (214)
[2025.04.08-17.34.49:238][687]LogModuleManager: Shutting down and abandoning module DerivedDataCache (212)
[2025.04.08-17.34.49:262][687]LogModuleManager: Shutting down and abandoning module TargetPlatform (210)
[2025.04.08-17.34.49:291][687]LogModuleManager: Shutting down and abandoning module VulkanShaderFormat (209)
[2025.04.08-17.34.49:317][687]LogModuleManager: Shutting down and abandoning module ShaderFormatVectorVM (207)
[2025.04.08-17.34.49:334][687]LogModuleManager: Shutting down and abandoning module ShaderFormatOpenGL (205)
[2025.04.08-17.34.49:334][687]LogModuleManager: Shutting down and abandoning module ShaderFormatD3D (203)
[2025.04.08-17.34.49:334][687]LogModuleManager: Shutting down and abandoning module MetalShaderFormat (201)
[2025.04.08-17.34.49:334][687]LogModuleManager: Shutting down and abandoning module TextureFormatOodle (199)
[2025.04.08-17.34.49:334][687]LogModuleManager: Shutting down and abandoning module TextureFormatUncompressed (197)
[2025.04.08-17.34.49:334][687]LogModuleManager: Shutting down and abandoning module TextureFormatPVR (195)
[2025.04.08-17.34.49:334][687]LogModuleManager: Shutting down and abandoning module TextureFormatETC2 (193)
[2025.04.08-17.34.49:334][687]LogModuleManager: Shutting down and abandoning module TextureFormatDXT (191)
[2025.04.08-17.34.49:334][687]LogModuleManager: Shutting down and abandoning module TextureFormatIntelISPCTexComp (189)
[2025.04.08-17.34.49:335][687]LogModuleManager: Shutting down and abandoning module TextureFormatASTC (187)
[2025.04.08-17.34.49:335][687]LogModuleManager: Shutting down and abandoning module ImageWrapper (186)
[2025.04.08-17.34.49:335][687]LogModuleManager: Shutting down and abandoning module AudioFormatOpus (183)
[2025.04.08-17.34.49:335][687]LogModuleManager: Shutting down and abandoning module AudioFormatOgg (181)
[2025.04.08-17.34.49:335][687]LogModuleManager: Shutting down and abandoning module AudioFormatADPCM (179)
[2025.04.08-17.34.49:335][687]LogModuleManager: Shutting down and abandoning module WindowsServerTargetPlatform (177)
[2025.04.08-17.34.49:335][687]LogModuleManager: Shutting down and abandoning module WindowsClientTargetPlatform (175)
[2025.04.08-17.34.49:335][687]LogModuleManager: Shutting down and abandoning module WindowsTargetPlatform (173)
[2025.04.08-17.34.49:335][687]LogModuleManager: Shutting down and abandoning module WindowsNoEditorTargetPlatform (171)
[2025.04.08-17.34.49:335][687]LogModuleManager: Shutting down and abandoning module TVOSTargetPlatform (169)
[2025.04.08-17.34.49:670][687]LogModuleManager: Shutting down and abandoning module MacServerTargetPlatform (167)
[2025.04.08-17.34.49:670][687]LogModuleManager: Shutting down and abandoning module MacClientTargetPlatform (165)
[2025.04.08-17.34.49:670][687]LogModuleManager: Shutting down and abandoning module MacTargetPlatform (163)
[2025.04.08-17.34.49:670][687]LogModuleManager: Shutting down and abandoning module MacNoEditorTargetPlatform (161)
[2025.04.08-17.34.49:670][687]LogModuleManager: Shutting down and abandoning module LuminTargetPlatform (159)
[2025.04.08-17.34.50:165][687]LogModuleManager: Shutting down and abandoning module LinuxAArch64ServerTargetPlatform (157)
[2025.04.08-17.34.50:165][687]LogModuleManager: Shutting down and abandoning module LinuxAArch64ClientTargetPlatform (155)
[2025.04.08-17.34.50:165][687]LogModuleManager: Shutting down and abandoning module LinuxAArch64NoEditorTargetPlatform (153)
[2025.04.08-17.34.50:166][687]LogModuleManager: Shutting down and abandoning module LinuxServerTargetPlatform (151)
[2025.04.08-17.34.50:166][687]LogModuleManager: Shutting down and abandoning module LinuxClientTargetPlatform (149)
[2025.04.08-17.34.50:166][687]LogModuleManager: Shutting down and abandoning module LinuxNoEditorTargetPlatform (147)
[2025.04.08-17.34.50:166][687]LogModuleManager: Shutting down and abandoning module LinuxTargetPlatform (145)
[2025.04.08-17.34.50:166][687]LogModuleManager: Shutting down and abandoning module Messaging (143)
[2025.04.08-17.34.50:166][687]LogModuleManager: Shutting down and abandoning module IOSTargetPlatform (141)
[2025.04.08-17.34.50:247][687]LogModuleManager: Shutting down and abandoning module AndroidTargetPlatform (139)
[2025.04.08-17.34.50:577][687]LogModuleManager: Shutting down and abandoning module AllDesktopTargetPlatform (137)
[2025.04.08-17.34.50:577][687]LogModuleManager: Shutting down and abandoning module D3D11RHI (134)
[2025.04.08-17.34.50:577][687]LogModuleManager: Shutting down and abandoning module InputCore (132)
[2025.04.08-17.34.50:577][687]LogModuleManager: Shutting down and abandoning module Settings (130)
[2025.04.08-17.34.50:588][687]LogModuleManager: Shutting down and abandoning module DirectoryWatcher (128)
[2025.04.08-17.34.50:683][687]LogModuleManager: Shutting down and abandoning module PhysXCooking (126)
[2025.04.08-17.34.50:683][687]LogModuleManager: Shutting down and abandoning module Chaos (124)
[2025.04.08-17.34.50:683][687]LogModuleManager: Shutting down and abandoning module WindowsPlatformFeatures (122)
[2025.04.08-17.34.50:683][687]LogModuleManager: Shutting down and abandoning module GameplayMediaEncoder (121)
[2025.04.08-17.34.50:683][687]LogModuleManager: Shutting down and abandoning module AVEncoder (120)
[2025.04.08-17.34.50:683][687]LogModuleManager: Shutting down and abandoning module SteamVRInputDevice (116)
[2025.04.08-17.34.50:683][687]LogModuleManager: Shutting down and abandoning module SteamVRInput (114)
[2025.04.08-17.34.50:683][687]LogModuleManager: Shutting down and abandoning module SteamVR (112)
[2025.04.08-17.34.50:683][687]LogHMD: Freeing OpenVRDLLHandle.
[2025.04.08-17.34.50:683][687]LogModuleManager: Shutting down and abandoning module OculusHMD (110)
[2025.04.08-17.34.50:683][687]LogModuleManager: Shutting down and abandoning module OpenXRHandTracking (108)
[2025.04.08-17.34.50:684][687]LogSlate: Slate User Destroyed.  User Index 0, Is Virtual User: 0
[2025.04.08-17.34.50:705][687]LogModuleManager: Shutting down and abandoning module OpenXREyeTracker (106)
[2025.04.08-17.34.50:705][687]LogModuleManager: Shutting down and abandoning module OpenXRAR (104)
[2025.04.08-17.34.50:705][687]LogModuleManager: Shutting down and abandoning module AugmentedReality (103)
[2025.04.08-17.34.50:706][687]LogModuleManager: Shutting down and abandoning module OpenXRHMD (100)
[2025.04.08-17.34.50:729][687]LogModuleManager: Shutting down and abandoning module ExampleDeviceProfileSelector (98)
[2025.04.08-17.34.50:729][687]LogModuleManager: Shutting down and abandoning module ChunkDownloader (96)
[2025.04.08-17.34.50:729][687]LogModuleManager: Shutting down and abandoning module LauncherChunkInstaller (94)
[2025.04.08-17.34.50:729][687]LogModuleManager: Shutting down and abandoning module OnlineBlueprintSupport (92)
[2025.04.08-17.34.50:729][687]LogModuleManager: Shutting down and abandoning module OnlineSubsystem (88)
[2025.04.08-17.34.50:731][687]LogModuleManager: Shutting down and abandoning module XMPP (83)
[2025.04.08-17.34.50:731][687]LogModuleManager: Shutting down and abandoning module WebSockets (82)
[2025.04.08-17.34.50:782][687]LogModuleManager: Shutting down and abandoning module HTTP (79)
[2025.04.08-17.34.50:782][687]LogHttp: Display: Http module shutting down, but needs to wait on 1 outstanding Http requests:
[2025.04.08-17.34.50:783][687]LogHttp: Display: 	verb=[POST] url=[https://datarouter.ol.epicgames.com/datarouter/api/v1/public/data?SessionID=%7B8B9A4799-4B8B-817C-F9BA-788D1E6FB4A0%7D&AppID=UEEditor.Rocket.Release&AppVersion=4.27.2-18319896%2B%2B%2BUE4%2BRelease-4.27&UserID=1630856f436c572332dc42bd5716ab61%7C7103b13d50da47bcb910eeb6fc950929%7C1a3351ea-d91d-494f-9b74-3a188d739225&AppEnvironment=datacollector-binary&UploadType=eteventstream] refs=[1] status=Processing
[2025.04.08-17.34.50:783][687]LogHttp: Display: cleaning up 1 outstanding Http requests.
[2025.04.08-17.34.50:808][687]LogModuleManager: Shutting down and abandoning module SSL (78)
[2025.04.08-17.34.50:842][687]LogModuleManager: Shutting down and abandoning module WmfMedia (74)
[2025.04.08-17.34.50:872][687]LogModuleManager: Shutting down and abandoning module Media (73)
[2025.04.08-17.34.50:888][687]LogModuleManager: Shutting down and abandoning module MediaInfo (72)
[2025.04.08-17.34.50:888][687]LogModuleManager: Shutting down and abandoning module ExrReaderGpu (68)
[2025.04.08-17.34.50:888][687]LogModuleManager: Shutting down and abandoning module MLSDK (66)
[2025.04.08-17.34.50:888][687]LogModuleManager: Shutting down and abandoning module MagicLeap (64)
[2025.04.08-17.34.50:888][687]LogModuleManager: Shutting down and abandoning module ChaosCloth (62)
[2025.04.08-17.34.50:888][687]LogModuleManager: Shutting down and abandoning module AISupportModule (60)
[2025.04.08-17.34.50:888][687]LogModuleManager: Shutting down and abandoning module NiagaraVertexFactories (58)
[2025.04.08-17.34.50:888][687]LogModuleManager: Shutting down and abandoning module NiagaraShader (56)
[2025.04.08-17.34.50:888][687]LogModuleManager: Shutting down and abandoning module VariantManagerContent (54)
[2025.04.08-17.34.50:888][687]LogModuleManager: Shutting down and abandoning module DatasmithContent (52)
[2025.04.08-17.34.50:888][687]LogModuleManager: Shutting down and abandoning module PixWinPlugin (50)
[2025.04.08-17.34.50:888][687]LogModuleManager: Shutting down and abandoning module DesktopPlatform (48)
[2025.04.08-17.34.50:888][687]LogModuleManager: Shutting down and abandoning module PythonScriptPluginPreload (46)
[2025.04.08-17.34.50:897][687]LogModuleManager: Shutting down and abandoning module PlatformCryptoOpenSSL (44)
[2025.04.08-17.34.50:898][687]LogModuleManager: Shutting down and abandoning module PlatformCryptoTypes (42)
[2025.04.08-17.34.50:898][687]LogModuleManager: Shutting down and abandoning module PlatformCrypto (40)
[2025.04.08-17.34.50:898][687]LogModuleManager: Shutting down and abandoning module OodleDataCompressionFormat (38)
[2025.04.08-17.34.50:914][687]LogModuleManager: Shutting down and abandoning module XGEController (36)
[2025.04.08-17.34.50:914][687]LogModuleManager: Shutting down and abandoning module AnimationModifiers (34)
[2025.04.08-17.34.50:914][687]LogModuleManager: Shutting down and abandoning module AudioEditor (32)
[2025.04.08-17.34.50:940][687]LogModuleManager: Shutting down and abandoning module PropertyEditor (31)
[2025.04.08-17.34.50:944][687]LogModuleManager: Shutting down and abandoning module TextureCompressor (28)
[2025.04.08-17.34.50:945][687]LogModuleManager: Shutting down and abandoning module RenderCore (26)
[2025.04.08-17.34.50:945][687]LogModuleManager: Shutting down and abandoning module Landscape (24)
[2025.04.08-17.34.50:945][687]LogModuleManager: Shutting down and abandoning module SlateRHIRenderer (22)
[2025.04.08-17.34.51:157][687]LogModuleManager: Shutting down and abandoning module AnimGraphRuntime (20)
[2025.04.08-17.34.51:157][687]LogModuleManager: Shutting down and abandoning module Renderer (18)
[2025.04.08-17.34.51:158][687]LogModuleManager: Shutting down and abandoning module Engine (16)
[2025.04.08-17.34.51:158][687]LogModuleManager: Shutting down and abandoning module CoreUObject (14)
[2025.04.08-17.34.51:158][687]LogModuleManager: Shutting down and abandoning module NetworkFile (12)
[2025.04.08-17.34.51:158][687]LogModuleManager: Shutting down and abandoning module CookedIterativeFile (10)
[2025.04.08-17.34.51:158][687]LogModuleManager: Shutting down and abandoning module StreamingFile (8)
[2025.04.08-17.34.51:158][687]LogModuleManager: Shutting down and abandoning module SandboxFile (6)
[2025.04.08-17.34.51:158][687]LogModuleManager: Shutting down and abandoning module PakFile (4)
[2025.04.08-17.34.51:160][687]LogModuleManager: Shutting down and abandoning module RSA (3)
[2025.04.08-17.34.51:161][687]LogContentStreaming: Display: There are 1 unreleased StreamingManagers
[2025.04.08-17.34.51:862][687]LogD3D11RHI: Shutdown
[2025.04.08-17.34.51:862][687]LogD3D11RHI: CleanupD3DDevice
[2025.04.08-17.34.52:103][687]LogExit: Exiting.
[2025.04.08-17.34.52:628][687]Log file closed, 04/08/25 13:34:52
