Log file open, 04/04/25 18:47:20
LogWindows: Failed to load 'aqProf.dll' (GetLastError=126)
LogWindows: File 'aqProf.dll' does not exist
LogWindows: Failed to load 'VtuneApi.dll' (GetLastError=126)
LogWindows: File 'VtuneApi.dll' does not exist
LogWindows: Failed to load 'VtuneApi32e.dll' (GetLastError=126)
LogWindows: File 'VtuneApi32e.dll' does not exist
LogConsoleResponse: Display: Failed to find resolution value strings in scalability ini. Falling back to default.
LogConsoleResponse: Display: Failed to find resolution value strings in scalability ini. Falling back to default.
LogInit: Display: Running engine for game: TopDownPuzzle
LogPlatformFile: Not using cached read wrapper
LogTaskGraph: Started task graph with 5 named threads and 23 total threads with 3 sets of task threads.
LogStats: Stats thread started at 0.292609
LogICUInternationalization: ICU TimeZone Detection - Raw Offset: -5:00, Platform Override: ''
LogInit: Display: Loading text-based GConfig....
LogPluginManager: Mounting plugin MeshPainting
LogPluginManager: Mounting plugin XGEController
LogPluginManager: Mounting plugin Paper2D
LogPluginManager: Mounting plugin EnvironmentQueryEditor
LogPluginManager: Mounting plugin AISupport
LogPluginManager: Mounting plugin LightPropagationVolume
LogPluginManager: Mounting plugin LiveLink
LogPluginManager: Mounting plugin OodleData
LogPluginManager: Mounting plugin OodleNetwork
LogPluginManager: Mounting plugin GameplayCameras
LogPluginManager: Mounting plugin CameraShakePreviewer
LogPluginManager: Mounting plugin AssetManagerEditor
LogPluginManager: Mounting plugin CryptoKeys
LogPluginManager: Mounting plugin DatasmithContent
LogPluginManager: Mounting plugin CurveEditorTools
LogPluginManager: Mounting plugin DataValidation
LogPluginManager: Mounting plugin FacialAnimation
LogPluginManager: Mounting plugin GameplayTagsEditor
LogPluginManager: Mounting plugin GeometryMode
LogPluginManager: Mounting plugin MacGraphicsSwitching
LogPluginManager: Mounting plugin MaterialAnalyzer
LogPluginManager: Mounting plugin MobileLauncherProfileWizard
LogPluginManager: Mounting plugin PluginBrowser
LogPluginManager: Mounting plugin SpeedTreeImporter
LogPluginManager: Mounting plugin VariantManagerContent
LogPluginManager: Mounting plugin AnimationSharing
LogPluginManager: Mounting plugin CLionSourceCodeAccess
LogPluginManager: Mounting plugin CodeLiteSourceCodeAccess
LogPluginManager: Mounting plugin NullSourceCodeAccess
LogPluginManager: Mounting plugin KDevelopSourceCodeAccess
LogPluginManager: Mounting plugin GitSourceControl
LogPluginManager: Mounting plugin PerforceSourceControl
LogPluginManager: Mounting plugin PixWinPlugin
LogPluginManager: Mounting plugin PlasticSourceControl
LogPluginManager: Mounting plugin PluginUtils
LogPluginManager: Mounting plugin PropertyAccessNode
LogPluginManager: Mounting plugin RiderSourceCodeAccess
LogPluginManager: Mounting plugin SubversionSourceControl
LogPluginManager: Mounting plugin TextureFormatOodle
LogPluginManager: Mounting plugin UObjectPlugin
LogPluginManager: Mounting plugin VisualStudioCodeSourceCodeAccess
LogPluginManager: Mounting plugin VisualStudioSourceCodeAccess
LogPluginManager: Mounting plugin XCodeSourceCodeAccess
LogPluginManager: Mounting plugin Niagara
LogPluginManager: Mounting plugin LuminPlatformFeatures
LogPluginManager: Mounting plugin MagicLeap
LogPluginManager: Mounting plugin MagicLeapLightEstimation
LogPluginManager: Mounting plugin MagicLeapMedia
LogPluginManager: Mounting plugin MagicLeapPassableWorld
LogPluginManager: Mounting plugin MLSDK
LogPluginManager: Mounting plugin AlembicImporter
LogPluginManager: Mounting plugin AutomationUtils
LogPluginManager: Mounting plugin BackChannel
LogPluginManager: Mounting plugin ChaosCloth
LogPluginManager: Mounting plugin ChaosClothEditor
LogPluginManager: Mounting plugin ChaosEditor
LogPluginManager: Mounting plugin ChaosNiagara
LogPluginManager: Mounting plugin ChaosSolverPlugin
LogPluginManager: Mounting plugin CharacterAI
LogPluginManager: Mounting plugin GeometryCache
LogPluginManager: Mounting plugin GeometryCollectionPlugin
LogPluginManager: Mounting plugin GeometryProcessing
LogPluginManager: Mounting plugin MotoSynth
LogPluginManager: Mounting plugin OpenImageDenoise
LogPluginManager: Mounting plugin PlanarCut
LogPluginManager: Mounting plugin ProxyLODPlugin
LogPluginManager: Mounting plugin PlatformCrypto
LogPluginManager: Mounting plugin PythonScriptPlugin
LogPluginManager: Mounting plugin SkeletalReduction
LogPluginManager: Mounting plugin AndroidMedia
LogPluginManager: Mounting plugin AvfMedia
LogPluginManager: Mounting plugin ImgMedia
LogPluginManager: Mounting plugin MediaCompositing
LogPluginManager: Mounting plugin MediaPlayerEditor
LogPluginManager: Mounting plugin WebMMedia
LogPluginManager: Mounting plugin WmfMedia
LogPluginManager: Mounting plugin ActorSequence
LogPluginManager: Mounting plugin LevelSequenceEditor
LogPluginManager: Mounting plugin MatineeToLevelSequence
LogPluginManager: Mounting plugin TemplateSequence
LogPluginManager: Mounting plugin OnlineSubsystem
LogPluginManager: Mounting plugin OnlineSubsystemNull
LogPluginManager: Mounting plugin OnlineSubsystemUtils
LogPluginManager: Mounting plugin LauncherChunkInstaller
LogPluginManager: Mounting plugin ActorLayerUtilities
LogPluginManager: Mounting plugin AndroidDeviceProfileSelector
LogPluginManager: Mounting plugin AndroidMoviePlayer
LogPluginManager: Mounting plugin AndroidPermission
LogPluginManager: Mounting plugin AppleImageUtils
LogPluginManager: Mounting plugin AppleMoviePlayer
LogPluginManager: Mounting plugin ArchVisCharacter
LogPluginManager: Mounting plugin AssetTags
LogPluginManager: Mounting plugin AudioCapture
LogPluginManager: Mounting plugin AudioSynesthesia
LogPluginManager: Mounting plugin CableComponent
LogPluginManager: Mounting plugin ChunkDownloader
LogPluginManager: Mounting plugin CustomMeshComponent
LogPluginManager: Mounting plugin EditableMesh
LogPluginManager: Mounting plugin ExampleDeviceProfileSelector
LogPluginManager: Mounting plugin TcpMessaging
LogPluginManager: Mounting plugin UdpMessaging
LogPluginManager: Mounting plugin GoogleCloudMessaging
LogPluginManager: Mounting plugin GooglePAD
LogPluginManager: Mounting plugin IOSDeviceProfileSelector
LogPluginManager: Mounting plugin LinuxDeviceProfileSelector
LogPluginManager: Mounting plugin LocationServicesBPLibrary
LogPluginManager: Mounting plugin MobilePatchingUtils
LogPluginManager: Mounting plugin OpenXR
LogPluginManager: Mounting plugin OpenXREyeTracker
LogPluginManager: Mounting plugin ScreenshotTools
LogPluginManager: Mounting plugin OpenXRHandTracking
LogPluginManager: Mounting plugin PostSplashScreen
LogPluginManager: Mounting plugin PhysXVehicles
LogPluginManager: Mounting plugin ProceduralMeshComponent
LogPluginManager: Mounting plugin PropertyAccessEditor
LogPluginManager: Mounting plugin SignificanceManager
LogPluginManager: Mounting plugin RuntimePhysXCooking
LogPluginManager: Mounting plugin SoundFields
LogPluginManager: Mounting plugin Synthesis
LogPluginManager: Mounting plugin WebMMoviePlayer
LogPluginManager: Mounting plugin WindowsMoviePlayer
LogPluginManager: Mounting plugin Takes
LogPluginManager: Mounting plugin ContentBrowserAssetDataSource
LogPluginManager: Mounting plugin ContentBrowserFileDataSource
LogPluginManager: Mounting plugin ContentBrowserClassDataSource
LogPluginManager: Mounting plugin OnlineSubsystemGooglePlay
LogPluginManager: Mounting plugin OnlineSubsystemIOS
LogPluginManager: Mounting plugin OculusVR
LogPluginManager: Mounting plugin SteamVR
PixWinPlugin: PIX capture plugin failed to initialize! Check that the process is launched from PIX.
LogInit: Using libcurl 7.55.1-DEV
LogInit:  - built for x86_64-pc-win32
LogInit:  - supports SSL with OpenSSL/1.1.1
LogInit:  - supports HTTP deflate (compression) using libz 1.2.8
LogInit:  - other features:
LogInit:      CURL_VERSION_SSL
LogInit:      CURL_VERSION_LIBZ
LogInit:      CURL_VERSION_IPV6
LogInit:      CURL_VERSION_ASYNCHDNS
LogInit:      CURL_VERSION_LARGEFILE
LogInit:      CURL_VERSION_IDN
LogInit:  CurlRequestOptions (configurable via config and command line):
LogInit:  - bVerifyPeer = true  - Libcurl will verify peer certificate
LogInit:  - bUseHttpProxy = false  - Libcurl will NOT use HTTP proxy
LogInit:  - bDontReuseConnections = false  - Libcurl will reuse connections
LogInit:  - MaxHostConnections = 16  - Libcurl will limit the number of connections to a host
LogInit:  - LocalHostAddr = Default
LogInit:  - BufferSize = 65536
LogOnline: OSS: Creating online subsystem instance for: NULL
LogInit: WinSock: version 1.1 (2.2), MaxSocks=32767, MaxUdp=65467
LogOnline: OSS: TryLoadSubsystemAndSetDefault: Loaded subsystem for module [NULL]
LogOculusPluginWrapper: OculusPlugin initialized successfully
LogHMD: Failed initializing OVRPlugin 1.59.0
LogInit: Build: ++UE4+Release-4.27-CL-18319896
LogInit: Engine Version: 4.27.2-18319896+++UE4+Release-4.27
LogInit: Compatible Engine Version: 4.27.0-17155196+++UE4+Release-4.27
LogInit: Net CL: 17155196
LogInit: OS: Windows 10 (Release 2009) (), CPU: Intel(R) Core(TM) i5-9300H CPU @ 2.40GHz, GPU: Intel(R) UHD Graphics 630
LogInit: Compiled (64-bit): Nov 30 2021 07:12:08
LogInit: Compiled with Visual C++: 19.24.28315.00
LogInit: Build Configuration: Development
LogInit: Branch Name: ++UE4+Release-4.27
LogInit: Command Line: 
LogInit: Base Directory: C:/Program Files/UE/UE_4.27/Engine/Binaries/Win64/
LogInit: Allocator: TBB
LogInit: Installed Engine Build: 1
LogDevObjectVersion: Number of dev versions registered: 29
LogDevObjectVersion:   Dev-Blueprints (B0D832E4-1F89-4F0D-ACCF-7EB736FD4AA2): 10
LogDevObjectVersion:   Dev-Build (E1C64328-A22C-4D53-A36C-8E866417BD8C): 0
LogDevObjectVersion:   Dev-Core (375EC13C-06E4-48FB-B500-84F0262A717E): 4
LogDevObjectVersion:   Dev-Editor (E4B068ED-F494-42E9-A231-DA0B2E46BB41): 40
LogDevObjectVersion:   Dev-Framework (CFFC743F-43B0-4480-9391-14DF171D2073): 37
LogDevObjectVersion:   Dev-Mobile (B02B49B5-BB20-44E9-A304-32B752E40360): 3
LogDevObjectVersion:   Dev-Networking (A4E4105C-59A1-49B5-A7C5-40C4547EDFEE): 0
LogDevObjectVersion:   Dev-Online (39C831C9-5AE6-47DC-9A44-9C173E1C8E7C): 0
LogDevObjectVersion:   Dev-Physics (78F01B33-EBEA-4F98-B9B4-84EACCB95AA2): 14
LogDevObjectVersion:   Dev-Platform (6631380F-2D4D-43E0-8009-CF276956A95A): 0
LogDevObjectVersion:   Dev-Rendering (12F88B9F-8875-4AFC-A67C-D90C383ABD29): 45
LogDevObjectVersion:   Dev-Sequencer (7B5AE74C-D270-4C10-A958-57980B212A5A): 13
LogDevObjectVersion:   Dev-VR (D7296918-1DD6-4BDD-9DE2-64A83CC13884): 3
LogDevObjectVersion:   Dev-LoadTimes (C2A15278-BFE7-4AFE-6C17-90FF531DF755): 1
LogDevObjectVersion:   Private-Geometry (6EACA3D4-40EC-4CC1-B786-8BED09428FC5): 3
LogDevObjectVersion:   Dev-AnimPhys (29E575DD-E0A3-4627-9D10-D276232CDCEA): 17
LogDevObjectVersion:   Dev-Anim (AF43A65D-7FD3-4947-9873-3E8ED9C1BB05): 15
LogDevObjectVersion:   Dev-ReflectionCapture (6B266CEC-1EC7-4B8F-A30B-E4D90942FC07): 1
LogDevObjectVersion:   Dev-Automation (0DF73D61-A23F-47EA-B727-89E90C41499A): 1
LogDevObjectVersion:   FortniteMain (601D1886-AC64-4F84-AA16-D3DE0DEAC7D6): 47
LogDevObjectVersion:   FortniteRelease (E7086368-6B23-4C58-8439-1B7016265E91): 1
LogDevObjectVersion:   Dev-Enterprise (9DFFBCD6-494F-0158-E221-12823C92A888): 10
LogDevObjectVersion:   Dev-Niagara (F2AED0AC-9AFE-416F-8664-AA7FFA26D6FC): 1
LogDevObjectVersion:   Dev-Destruction (174F1F0B-B4C6-45A5-B13F-2EE8D0FB917D): 10
LogDevObjectVersion:   Dev-Physics-Ext (35F94A83-E258-406C-A318-09F59610247C): 41
LogDevObjectVersion:   Dev-PhysicsMaterial-Chaos (B68FC16E-8B1B-42E2-B453-215C058844FE): 1
LogDevObjectVersion:   Dev-CineCamera (B2E18506-4273-CFC2-A54E-F4BB758BBA07): 1
LogDevObjectVersion:   Dev-VirtualProduction (64F58936-FD1B-42BA-BA96-7289D5D0FA4E): 1
LogDevObjectVersion:   Dev-MediaFramework (6F0ED827-A609-4895-9C91-998D90180EA4): 2
LogInit: Presizing for max 25165824 objects, including 0 objects not considered by GC, pre-allocating 0 bytes for permanent pool.
LogConfig: Applying CVar settings from Section [/Script/Engine.StreamingSettings] File [C:/Unreal Projects/Top-Down-Puzzle/TopDownPuzzle/Saved/Config/Windows/Engine.ini]
LogConfig: Setting CVar [[s.MinBulkDataSizeForAsyncLoading:131072]]
LogConfig: Setting CVar [[s.AsyncLoadingThreadEnabled:0]]
LogConfig: Setting CVar [[s.EventDrivenLoaderEnabled:1]]
LogConfig: Setting CVar [[s.WarnIfTimeLimitExceeded:0]]
LogConfig: Setting CVar [[s.TimeLimitExceededMultiplier:1.5]]
LogConfig: Setting CVar [[s.TimeLimitExceededMinTime:0.005]]
LogConfig: Setting CVar [[s.UseBackgroundLevelStreaming:1]]
LogConfig: Setting CVar [[s.PriorityAsyncLoadingExtraTime:15.0]]
LogConfig: Setting CVar [[s.LevelStreamingActorsUpdateTimeLimit:5.0]]
LogConfig: Setting CVar [[s.PriorityLevelStreamingActorsUpdateExtraTime:5.0]]
LogConfig: Setting CVar [[s.LevelStreamingComponentsRegistrationGranularity:10]]
LogConfig: Setting CVar [[s.UnregisterComponentsTimeLimit:1.0]]
LogConfig: Setting CVar [[s.LevelStreamingComponentsUnregistrationGranularity:5]]
LogConfig: Setting CVar [[s.FlushStreamingOnExit:1]]
LogInit: Object subsystem initialized
LogConfig: Setting CVar [[con.DebugEarlyDefault:1]]
LogConfig: Setting CVar [[r.setres:1280x720]]
[2025.04.04-22.47.21:327][  0]LogConfig: Setting CVar [[r.VSync:0]]
[2025.04.04-22.47.21:328][  0]LogConfig: Setting CVar [[r.RHICmdBypass:0]]
[2025.04.04-22.47.21:328][  0]LogConfig: Applying CVar settings from Section [/Script/Engine.RendererSettings] File [C:/Unreal Projects/Top-Down-Puzzle/TopDownPuzzle/Saved/Config/Windows/Engine.ini]
[2025.04.04-22.47.21:328][  0]LogConfig: Setting CVar [[r.GPUCrashDebugging:0]]
[2025.04.04-22.47.21:328][  0]LogConfig: Setting CVar [[r.Mobile.DisableVertexFog:1]]
[2025.04.04-22.47.21:328][  0]LogConfig: Setting CVar [[r.Shadow.CSM.MaxMobileCascades:2]]
[2025.04.04-22.47.21:328][  0]LogConfig: Setting CVar [[r.MobileMSAA:1]]
[2025.04.04-22.47.21:328][  0]LogConfig: Setting CVar [[r.Mobile.AllowDitheredLODTransition:0]]
[2025.04.04-22.47.21:328][  0]LogConfig: Setting CVar [[r.Mobile.AllowSoftwareOcclusion:0]]
[2025.04.04-22.47.21:328][  0]LogConfig: Setting CVar [[r.Mobile.VirtualTextures:0]]
[2025.04.04-22.47.21:328][  0]LogConfig: Setting CVar [[r.DiscardUnusedQuality:0]]
[2025.04.04-22.47.21:328][  0]LogConfig: Setting CVar [[r.AllowOcclusionQueries:1]]
[2025.04.04-22.47.21:328][  0]LogConfig: Setting CVar [[r.MinScreenRadiusForLights:0.030000]]
[2025.04.04-22.47.21:328][  0]LogConfig: Setting CVar [[r.MinScreenRadiusForDepthPrepass:0.030000]]
[2025.04.04-22.47.21:328][  0]LogConfig: Setting CVar [[r.MinScreenRadiusForCSMDepth:0.010000]]
[2025.04.04-22.47.21:328][  0]LogConfig: Setting CVar [[r.PrecomputedVisibilityWarning:0]]
[2025.04.04-22.47.21:328][  0]LogConfig: Setting CVar [[r.TextureStreaming:1]]
[2025.04.04-22.47.21:328][  0]LogConfig: Setting CVar [[Compat.UseDXT5NormalMaps:0]]
[2025.04.04-22.47.21:328][  0]LogConfig: Setting CVar [[r.VirtualTextures:0]]
[2025.04.04-22.47.21:328][  0]LogConfig: Setting CVar [[r.VT.EnableAutoImport:1]]
[2025.04.04-22.47.21:328][  0]LogConfig: Setting CVar [[r.VirtualTexturedLightmaps:0]]
[2025.04.04-22.47.21:328][  0]LogConfig: Setting CVar [[r.VT.TileSize:128]]
[2025.04.04-22.47.21:328][  0]LogConfig: Setting CVar [[r.VT.TileBorderSize:4]]
[2025.04.04-22.47.21:328][  0]LogConfig: Setting CVar [[r.vt.FeedbackFactor:16]]
[2025.04.04-22.47.21:328][  0]LogConfig: Setting CVar [[r.VT.EnableCompressZlib:1]]
[2025.04.04-22.47.21:328][  0]LogConfig: Setting CVar [[r.VT.EnableCompressCrunch:0]]
[2025.04.04-22.47.21:328][  0]LogConfig: Setting CVar [[r.ClearCoatNormal:0]]
[2025.04.04-22.47.21:328][  0]LogConfig: Setting CVar [[r.ReflectionCaptureResolution:128]]
[2025.04.04-22.47.21:328][  0]LogConfig: Setting CVar [[r.Mobile.ReflectionCaptureCompression:0]]
[2025.04.04-22.47.21:328][  0]LogConfig: Setting CVar [[r.ReflectionEnvironmentLightmapMixBasedOnRoughness:1]]
[2025.04.04-22.47.21:328][  0]LogConfig: Setting CVar [[r.ForwardShading:0]]
[2025.04.04-22.47.21:328][  0]LogConfig: Setting CVar [[r.VertexFoggingForOpaque:1]]
[2025.04.04-22.47.21:328][  0]LogConfig: Setting CVar [[r.AllowStaticLighting:1]]
[2025.04.04-22.47.21:328][  0]LogConfig: Setting CVar [[r.NormalMapsForStaticLighting:0]]
[2025.04.04-22.47.21:328][  0]LogConfig: Setting CVar [[r.GenerateMeshDistanceFields:0]]
[2025.04.04-22.47.21:328][  0]LogConfig: Setting CVar [[r.DistanceFieldBuild.EightBit:0]]
[2025.04.04-22.47.21:328][  0]LogConfig: Setting CVar [[r.GenerateLandscapeGIData:0]]
[2025.04.04-22.47.21:328][  0]LogConfig: Setting CVar [[r.DistanceFieldBuild.Compress:0]]
[2025.04.04-22.47.21:328][  0]LogConfig: Setting CVar [[r.TessellationAdaptivePixelsPerTriangle:48.000000]]
[2025.04.04-22.47.21:328][  0]LogConfig: Setting CVar [[r.SeparateTranslucency:1]]
[2025.04.04-22.47.21:328][  0]LogConfig: Setting CVar [[r.TranslucentSortPolicy:0]]
[2025.04.04-22.47.21:328][  0]LogConfig: Setting CVar [[vr.VRS.HMDFixedFoveationLevel:0]]
[2025.04.04-22.47.21:328][  0]LogConfig: Setting CVar [[r.CustomDepth:1]]
[2025.04.04-22.47.21:328][  0]LogConfig: Setting CVar [[r.CustomDepthTemporalAAJitter:1]]
[2025.04.04-22.47.21:328][  0]LogConfig: Setting CVar [[r.PostProcessing.PropagateAlpha:0]]
[2025.04.04-22.47.21:328][  0]LogConfig: Setting CVar [[r.DefaultFeature.Bloom:1]]
[2025.04.04-22.47.21:328][  0]LogConfig: Setting CVar [[r.DefaultFeature.AmbientOcclusion:1]]
[2025.04.04-22.47.21:328][  0]LogConfig: Setting CVar [[r.DefaultFeature.AmbientOcclusionStaticFraction:1]]
[2025.04.04-22.47.21:328][  0]LogConfig: Setting CVar [[r.DefaultFeature.AutoExposure:0]]
[2025.04.04-22.47.21:328][  0]LogConfig: Setting CVar [[r.DefaultFeature.AutoExposure.Method:0]]
[2025.04.04-22.47.21:328][  0]LogConfig: Setting CVar [[r.DefaultFeature.AutoExposure.Bias:1.000000]]
[2025.04.04-22.47.21:328][  0]LogConfig: Setting CVar [[r.DefaultFeature.AutoExposure.ExtendDefaultLuminanceRange:0]]
[2025.04.04-22.47.21:328][  0]LogConfig: Setting CVar [[r.UsePreExposure:1]]
[2025.04.04-22.47.21:328][  0]LogConfig: Setting CVar [[r.EyeAdaptation.EditorOnly:0]]
[2025.04.04-22.47.21:328][  0]LogConfig: Setting CVar [[r.DefaultFeature.MotionBlur:0]]
[2025.04.04-22.47.21:328][  0]LogConfig: Setting CVar [[r.DefaultFeature.LensFlare:0]]
[2025.04.04-22.47.21:328][  0]LogConfig: Setting CVar [[r.TemporalAA.Upsampling:0]]
[2025.04.04-22.47.21:328][  0]LogConfig: Setting CVar [[r.SSGI.Enable:0]]
[2025.04.04-22.47.21:328][  0]LogConfig: Setting CVar [[r.DefaultFeature.AntiAliasing:0]]
[2025.04.04-22.47.21:328][  0]LogConfig: Setting CVar [[r.DefaultFeature.LightUnits:1]]
[2025.04.04-22.47.21:328][  0]LogConfig: Setting CVar [[r.DefaultBackBufferPixelFormat:4]]
[2025.04.04-22.47.21:328][  0]LogConfig: Setting CVar [[r.Shadow.UnbuiltPreviewInGame:1]]
[2025.04.04-22.47.21:328][  0]LogConfig: Setting CVar [[r.StencilForLODDither:0]]
[2025.04.04-22.47.21:328][  0]LogConfig: Setting CVar [[r.EarlyZPass:3]]
[2025.04.04-22.47.21:328][  0]LogConfig: Setting CVar [[r.EarlyZPassOnlyMaterialMasking:0]]
[2025.04.04-22.47.21:328][  0]LogConfig: Setting CVar [[r.DBuffer:1]]
[2025.04.04-22.47.21:328][  0]LogConfig: Setting CVar [[r.ClearSceneMethod:1]]
[2025.04.04-22.47.21:328][  0]LogConfig: Setting CVar [[r.BasePassOutputsVelocity:0]]
[2025.04.04-22.47.21:328][  0]LogConfig: Setting CVar [[r.VertexDeformationOutputsVelocity:0]]
[2025.04.04-22.47.21:328][  0]LogConfig: Setting CVar [[r.SelectiveBasePassOutputs:0]]
[2025.04.04-22.47.21:328][  0]LogConfig: Setting CVar [[fx.GPUSimulationTextureSizeX:1024]]
[2025.04.04-22.47.21:328][  0]LogConfig: Setting CVar [[fx.GPUSimulationTextureSizeY:1024]]
[2025.04.04-22.47.21:328][  0]LogConfig: Setting CVar [[r.AllowGlobalClipPlane:0]]
[2025.04.04-22.47.21:328][  0]LogConfig: Setting CVar [[r.GBufferFormat:1]]
[2025.04.04-22.47.21:328][  0]LogConfig: Setting CVar [[r.MorphTarget.Mode:1]]
[2025.04.04-22.47.21:328][  0]LogConfig: Setting CVar [[vr.InstancedStereo:0]]
[2025.04.04-22.47.21:328][  0]LogConfig: Setting CVar [[r.MobileHDR:1]]
[2025.04.04-22.47.21:328][  0]LogConfig: Setting CVar [[vr.MobileMultiView:0]]
[2025.04.04-22.47.21:328][  0]LogConfig: Setting CVar [[r.Mobile.UseHWsRGBEncoding:0]]
[2025.04.04-22.47.21:328][  0]LogConfig: Setting CVar [[vr.RoundRobinOcclusion:0]]
[2025.04.04-22.47.21:328][  0]LogConfig: Setting CVar [[vr.ODSCapture:0]]
[2025.04.04-22.47.21:328][  0]LogConfig: Setting CVar [[r.MeshStreaming:0]]
[2025.04.04-22.47.21:328][  0]LogConfig: Setting CVar [[r.WireframeCullThreshold:5.000000]]
[2025.04.04-22.47.21:328][  0]LogConfig: Setting CVar [[r.RayTracing:0]]
[2025.04.04-22.47.21:328][  0]LogConfig: Setting CVar [[r.RayTracing.UseTextureLod:0]]
[2025.04.04-22.47.21:328][  0]LogConfig: Setting CVar [[r.SupportStationarySkylight:1]]
[2025.04.04-22.47.21:328][  0]LogConfig: Setting CVar [[r.SupportLowQualityLightmaps:1]]
[2025.04.04-22.47.21:328][  0]LogConfig: Setting CVar [[r.SupportPointLightWholeSceneShadows:1]]
[2025.04.04-22.47.21:328][  0]LogConfig: Setting CVar [[r.SupportAtmosphericFog:1]]
[2025.04.04-22.47.21:329][  0]LogConfig: Setting CVar [[r.SupportSkyAtmosphere:1]]
[2025.04.04-22.47.21:329][  0]LogConfig: Setting CVar [[r.SupportSkyAtmosphereAffectsHeightFog:0]]
[2025.04.04-22.47.21:329][  0]LogConfig: Setting CVar [[r.SkinCache.CompileShaders:0]]
[2025.04.04-22.47.21:329][  0]LogConfig: Setting CVar [[r.SkinCache.DefaultBehavior:1]]
[2025.04.04-22.47.21:329][  0]LogConfig: Setting CVar [[r.SkinCache.SceneMemoryLimitInMB:128.000000]]
[2025.04.04-22.47.21:329][  0]LogConfig: Setting CVar [[r.Mobile.EnableStaticAndCSMShadowReceivers:1]]
[2025.04.04-22.47.21:329][  0]LogConfig: Setting CVar [[r.Mobile.EnableMovableLightCSMShaderCulling:1]]
[2025.04.04-22.47.21:329][  0]LogConfig: Setting CVar [[r.Mobile.AllowDistanceFieldShadows:1]]
[2025.04.04-22.47.21:329][  0]LogConfig: Setting CVar [[r.Mobile.AllowMovableDirectionalLights:1]]
[2025.04.04-22.47.21:329][  0]LogConfig: Setting CVar [[r.MobileNumDynamicPointLights:4]]
[2025.04.04-22.47.21:329][  0]LogConfig: Setting CVar [[r.MobileDynamicPointLightsUseStaticBranch:1]]
[2025.04.04-22.47.21:329][  0]LogConfig: Setting CVar [[r.Mobile.EnableMovableSpotlights:0]]
[2025.04.04-22.47.21:329][  0]LogConfig: Setting CVar [[r.Mobile.EnableMovableSpotlightsShadow:0]]
[2025.04.04-22.47.21:329][  0]LogConfig: Setting CVar [[r.GPUSkin.Support16BitBoneIndex:0]]
[2025.04.04-22.47.21:329][  0]LogConfig: Setting CVar [[r.GPUSkin.Limit2BoneInfluences:0]]
[2025.04.04-22.47.21:329][  0]LogConfig: Setting CVar [[r.SupportDepthOnlyIndexBuffers:1]]
[2025.04.04-22.47.21:329][  0]LogConfig: Setting CVar [[r.SupportReversedIndexBuffers:1]]
[2025.04.04-22.47.21:329][  0]LogConfig: Setting CVar [[r.LightPropagationVolume:0]]
[2025.04.04-22.47.21:329][  0]LogConfig: Setting CVar [[r.Mobile.AmbientOcclusion:0]]
[2025.04.04-22.47.21:329][  0]LogConfig: Setting CVar [[r.GPUSkin.UnlimitedBoneInfluences:0]]
[2025.04.04-22.47.21:329][  0]LogConfig: Setting CVar [[r.GPUSkin.UnlimitedBoneInfluencesThreshold:8]]
[2025.04.04-22.47.21:329][  0]LogConfig: Setting CVar [[r.Mobile.PlanarReflectionMode:0]]
[2025.04.04-22.47.21:329][  0]LogConfig: Setting CVar [[r.Mobile.SupportsGen4TAA:0]]
[2025.04.04-22.47.21:329][  0]LogConfig: Applying CVar settings from Section [/Script/Engine.RendererOverrideSettings] File [C:/Unreal Projects/Top-Down-Puzzle/TopDownPuzzle/Saved/Config/Windows/Engine.ini]
[2025.04.04-22.47.21:329][  0]LogConfig: Applying CVar settings from Section [/Script/Engine.StreamingSettings] File [C:/Unreal Projects/Top-Down-Puzzle/TopDownPuzzle/Saved/Config/Windows/Engine.ini]
[2025.04.04-22.47.21:329][  0]LogConfig: Setting CVar [[s.MinBulkDataSizeForAsyncLoading:131072]]
[2025.04.04-22.47.21:329][  0]LogConfig: Setting CVar [[s.AsyncLoadingThreadEnabled:0]]
[2025.04.04-22.47.21:329][  0]LogConfig: Setting CVar [[s.EventDrivenLoaderEnabled:1]]
[2025.04.04-22.47.21:329][  0]LogConfig: Setting CVar [[s.WarnIfTimeLimitExceeded:0]]
[2025.04.04-22.47.21:329][  0]LogConfig: Setting CVar [[s.TimeLimitExceededMultiplier:1.5]]
[2025.04.04-22.47.21:329][  0]LogConfig: Setting CVar [[s.TimeLimitExceededMinTime:0.005]]
[2025.04.04-22.47.21:329][  0]LogConfig: Setting CVar [[s.UseBackgroundLevelStreaming:1]]
[2025.04.04-22.47.21:329][  0]LogConfig: Setting CVar [[s.PriorityAsyncLoadingExtraTime:15.0]]
[2025.04.04-22.47.21:329][  0]LogConfig: Setting CVar [[s.LevelStreamingActorsUpdateTimeLimit:5.0]]
[2025.04.04-22.47.21:329][  0]LogConfig: Setting CVar [[s.PriorityLevelStreamingActorsUpdateExtraTime:5.0]]
[2025.04.04-22.47.21:329][  0]LogConfig: Setting CVar [[s.LevelStreamingComponentsRegistrationGranularity:10]]
[2025.04.04-22.47.21:329][  0]LogConfig: Setting CVar [[s.UnregisterComponentsTimeLimit:1.0]]
[2025.04.04-22.47.21:329][  0]LogConfig: Setting CVar [[s.LevelStreamingComponentsUnregistrationGranularity:5]]
[2025.04.04-22.47.21:329][  0]LogConfig: Setting CVar [[s.FlushStreamingOnExit:1]]
[2025.04.04-22.47.21:329][  0]LogConfig: Applying CVar settings from Section [/Script/Engine.GarbageCollectionSettings] File [C:/Unreal Projects/Top-Down-Puzzle/TopDownPuzzle/Saved/Config/Windows/Engine.ini]
[2025.04.04-22.47.21:329][  0]LogConfig: Setting CVar [[gc.MaxObjectsNotConsideredByGC:1]]
[2025.04.04-22.47.21:329][  0]LogConfig: Setting CVar [[gc.SizeOfPermanentObjectPool:0]]
[2025.04.04-22.47.21:329][  0]LogConfig: Setting CVar [[gc.FlushStreamingOnGC:0]]
[2025.04.04-22.47.21:329][  0]LogConfig: Setting CVar [[gc.NumRetriesBeforeForcingGC:10]]
[2025.04.04-22.47.21:329][  0]LogConfig: Setting CVar [[gc.AllowParallelGC:1]]
[2025.04.04-22.47.21:329][  0]LogConfig: Setting CVar [[gc.TimeBetweenPurgingPendingKillObjects:61.1]]
[2025.04.04-22.47.21:329][  0]LogConfig: Setting CVar [[gc.MaxObjectsInEditor:25165824]]
[2025.04.04-22.47.21:329][  0]LogConfig: Setting CVar [[gc.IncrementalBeginDestroyEnabled:1]]
[2025.04.04-22.47.21:329][  0]LogConfig: Setting CVar [[gc.CreateGCClusters:1]]
[2025.04.04-22.47.21:329][  0]LogConfig: Setting CVar [[gc.MinGCClusterSize:5]]
[2025.04.04-22.47.21:329][  0]LogConfig: Setting CVar [[gc.ActorClusteringEnabled:0]]
[2025.04.04-22.47.21:329][  0]LogConfig: Setting CVar [[gc.BlueprintClusteringEnabled:0]]
[2025.04.04-22.47.21:329][  0]LogConfig: Setting CVar [[gc.UseDisregardForGCOnDedicatedServers:0]]
[2025.04.04-22.47.21:329][  0]LogConfig: Setting CVar [[gc.MultithreadedDestructionEnabled:1]]
[2025.04.04-22.47.21:329][  0]LogConfig: Applying CVar settings from Section [/Script/Engine.NetworkSettings] File [C:/Unreal Projects/Top-Down-Puzzle/TopDownPuzzle/Saved/Config/Windows/Engine.ini]
[2025.04.04-22.47.21:329][  0]LogConfig: Applying CVar settings from Section [/Script/UnrealEd.CookerSettings] File [C:/Unreal Projects/Top-Down-Puzzle/TopDownPuzzle/Saved/Config/Windows/Engine.ini]
[2025.04.04-22.47.21:338][  0]LogConfig: Applying CVar settings from Section [ViewDistanceQuality@3] File [C:/Unreal Projects/Top-Down-Puzzle/TopDownPuzzle/Saved/Config/Windows/Scalability.ini]
[2025.04.04-22.47.21:339][  0]LogConfig: Setting CVar [[r.SkeletalMeshLODBias:0]]
[2025.04.04-22.47.21:339][  0]LogConfig: Setting CVar [[r.ViewDistanceScale:1.0]]
[2025.04.04-22.47.21:339][  0]LogConfig: Applying CVar settings from Section [AntiAliasingQuality@3] File [C:/Unreal Projects/Top-Down-Puzzle/TopDownPuzzle/Saved/Config/Windows/Scalability.ini]
[2025.04.04-22.47.21:339][  0]LogConfig: Setting CVar [[r.PostProcessAAQuality:4]]
[2025.04.04-22.47.21:339][  0]LogConfig: Applying CVar settings from Section [ShadowQuality@3] File [C:/Unreal Projects/Top-Down-Puzzle/TopDownPuzzle/Saved/Config/Windows/Scalability.ini]
[2025.04.04-22.47.21:339][  0]LogConfig: Setting CVar [[r.LightFunctionQuality:1]]
[2025.04.04-22.47.21:339][  0]LogConfig: Setting CVar [[r.ShadowQuality:5]]
[2025.04.04-22.47.21:339][  0]LogConfig: Setting CVar [[r.Shadow.CSM.MaxCascades:10]]
[2025.04.04-22.47.21:339][  0]LogConfig: Setting CVar [[r.Shadow.MaxResolution:2048]]
[2025.04.04-22.47.21:339][  0]LogConfig: Setting CVar [[r.Shadow.MaxCSMResolution:2048]]
[2025.04.04-22.47.21:339][  0]LogConfig: Setting CVar [[r.Shadow.RadiusThreshold:0.01]]
[2025.04.04-22.47.21:339][  0]LogConfig: Setting CVar [[r.Shadow.DistanceScale:1.0]]
[2025.04.04-22.47.21:339][  0]LogConfig: Setting CVar [[r.Shadow.CSM.TransitionScale:1.0]]
[2025.04.04-22.47.21:339][  0]LogConfig: Setting CVar [[r.Shadow.PreShadowResolutionFactor:1.0]]
[2025.04.04-22.47.21:339][  0]LogConfig: Setting CVar [[r.DistanceFieldShadowing:1]]
[2025.04.04-22.47.21:339][  0]LogConfig: Setting CVar [[r.DistanceFieldAO:1]]
[2025.04.04-22.47.21:339][  0]LogConfig: Setting CVar [[r.AOQuality:2]]
[2025.04.04-22.47.21:339][  0]LogConfig: Setting CVar [[r.VolumetricFog:1]]
[2025.04.04-22.47.21:339][  0]LogConfig: Setting CVar [[r.VolumetricFog.GridPixelSize:8]]
[2025.04.04-22.47.21:339][  0]LogConfig: Setting CVar [[r.VolumetricFog.GridSizeZ:128]]
[2025.04.04-22.47.21:339][  0]LogConfig: Setting CVar [[r.VolumetricFog.HistoryMissSupersampleCount:4]]
[2025.04.04-22.47.21:339][  0]LogConfig: Setting CVar [[r.LightMaxDrawDistanceScale:1]]
[2025.04.04-22.47.21:339][  0]LogConfig: Setting CVar [[r.CapsuleShadows:1]]
[2025.04.04-22.47.21:339][  0]LogConfig: Applying CVar settings from Section [PostProcessQuality@3] File [C:/Unreal Projects/Top-Down-Puzzle/TopDownPuzzle/Saved/Config/Windows/Scalability.ini]
[2025.04.04-22.47.21:339][  0]LogConfig: Setting CVar [[r.MotionBlurQuality:4]]
[2025.04.04-22.47.21:339][  0]LogConfig: Setting CVar [[r.AmbientOcclusionMipLevelFactor:0.4]]
[2025.04.04-22.47.21:339][  0]LogConfig: Setting CVar [[r.AmbientOcclusionMaxQuality:100]]
[2025.04.04-22.47.21:339][  0]LogConfig: Setting CVar [[r.AmbientOcclusionLevels:-1]]
[2025.04.04-22.47.21:339][  0]LogConfig: Setting CVar [[r.AmbientOcclusionRadiusScale:1.0]]
[2025.04.04-22.47.21:339][  0]LogConfig: Setting CVar [[r.DepthOfFieldQuality:2]]
[2025.04.04-22.47.21:339][  0]LogConfig: Setting CVar [[r.RenderTargetPoolMin:400]]
[2025.04.04-22.47.21:339][  0]LogConfig: Setting CVar [[r.LensFlareQuality:2]]
[2025.04.04-22.47.21:339][  0]LogConfig: Setting CVar [[r.SceneColorFringeQuality:1]]
[2025.04.04-22.47.21:339][  0]LogConfig: Setting CVar [[r.EyeAdaptationQuality:2]]
[2025.04.04-22.47.21:339][  0]LogConfig: Setting CVar [[r.BloomQuality:5]]
[2025.04.04-22.47.21:339][  0]LogConfig: Setting CVar [[r.FastBlurThreshold:100]]
[2025.04.04-22.47.21:339][  0]LogConfig: Setting CVar [[r.Upscale.Quality:3]]
[2025.04.04-22.47.21:339][  0]LogConfig: Setting CVar [[r.Tonemapper.GrainQuantization:1]]
[2025.04.04-22.47.21:339][  0]LogConfig: Setting CVar [[r.LightShaftQuality:1]]
[2025.04.04-22.47.21:339][  0]LogConfig: Setting CVar [[r.Filter.SizeScale:1]]
[2025.04.04-22.47.21:339][  0]LogConfig: Setting CVar [[r.Tonemapper.Quality:5]]
[2025.04.04-22.47.21:339][  0]LogConfig: Setting CVar [[r.DOF.Gather.AccumulatorQuality:1        ; higher gathering accumulator quality]]
[2025.04.04-22.47.21:339][  0]LogConfig: Setting CVar [[r.DOF.Gather.PostfilterMethod:1          ; Median3x3 postfilering method]]
[2025.04.04-22.47.21:339][  0]LogConfig: Setting CVar [[r.DOF.Gather.EnableBokehSettings:0       ; no bokeh simulation when gathering]]
[2025.04.04-22.47.21:339][  0]LogConfig: Setting CVar [[r.DOF.Gather.RingCount:4                 ; medium number of samples when gathering]]
[2025.04.04-22.47.21:339][  0]LogConfig: Setting CVar [[r.DOF.Scatter.ForegroundCompositing:1    ; additive foreground scattering]]
[2025.04.04-22.47.21:339][  0]LogConfig: Setting CVar [[r.DOF.Scatter.BackgroundCompositing:2    ; additive background scattering]]
[2025.04.04-22.47.21:339][  0]LogConfig: Setting CVar [[r.DOF.Scatter.EnableBokehSettings:1      ; bokeh simulation when scattering]]
[2025.04.04-22.47.21:339][  0]LogConfig: Setting CVar [[r.DOF.Scatter.MaxSpriteRatio:0.1         ; only a maximum of 10% of scattered bokeh]]
[2025.04.04-22.47.21:339][  0]LogConfig: Setting CVar [[r.DOF.Recombine.Quality:1                ; cheap slight out of focus]]
[2025.04.04-22.47.21:339][  0]LogConfig: Setting CVar [[r.DOF.Recombine.EnableBokehSettings:0    ; no bokeh simulation on slight out of focus]]
[2025.04.04-22.47.21:339][  0]LogConfig: Setting CVar [[r.DOF.TemporalAAQuality:1                ; more stable temporal accumulation]]
[2025.04.04-22.47.21:339][  0]LogConfig: Setting CVar [[r.DOF.Kernel.MaxForegroundRadius:0.025]]
[2025.04.04-22.47.21:339][  0]LogConfig: Setting CVar [[r.DOF.Kernel.MaxBackgroundRadius:0.025]]
[2025.04.04-22.47.21:339][  0]LogConfig: Applying CVar settings from Section [TextureQuality@3] File [C:/Unreal Projects/Top-Down-Puzzle/TopDownPuzzle/Saved/Config/Windows/Scalability.ini]
[2025.04.04-22.47.21:339][  0]LogConfig: Setting CVar [[r.Streaming.MipBias:0]]
[2025.04.04-22.47.21:339][  0]LogConfig: Setting CVar [[r.Streaming.AmortizeCPUToGPUCopy:0]]
[2025.04.04-22.47.21:339][  0]LogConfig: Setting CVar [[r.Streaming.MaxNumTexturesToStreamPerFrame:0]]
[2025.04.04-22.47.21:339][  0]LogConfig: Setting CVar [[r.Streaming.Boost:1]]
[2025.04.04-22.47.21:339][  0]LogConfig: Setting CVar [[r.MaxAnisotropy:8]]
[2025.04.04-22.47.21:339][  0]LogConfig: Setting CVar [[r.VT.MaxAnisotropy:8]]
[2025.04.04-22.47.21:339][  0]LogConfig: Setting CVar [[r.Streaming.LimitPoolSizeToVRAM:0]]
[2025.04.04-22.47.21:339][  0]LogConfig: Setting CVar [[r.Streaming.PoolSize:1000]]
[2025.04.04-22.47.21:339][  0]LogConfig: Setting CVar [[r.Streaming.MaxEffectiveScreenSize:0]]
[2025.04.04-22.47.21:339][  0]LogConfig: Applying CVar settings from Section [EffectsQuality@3] File [C:/Unreal Projects/Top-Down-Puzzle/TopDownPuzzle/Saved/Config/Windows/Scalability.ini]
[2025.04.04-22.47.21:339][  0]LogConfig: Setting CVar [[r.TranslucencyLightingVolumeDim:64]]
[2025.04.04-22.47.21:339][  0]LogConfig: Setting CVar [[r.RefractionQuality:2]]
[2025.04.04-22.47.21:339][  0]LogConfig: Setting CVar [[r.SSR.Quality:3]]
[2025.04.04-22.47.21:339][  0]LogConfig: Setting CVar [[r.SSR.HalfResSceneColor:0]]
[2025.04.04-22.47.21:339][  0]LogConfig: Setting CVar [[r.SceneColorFormat:4]]
[2025.04.04-22.47.21:339][  0]LogConfig: Setting CVar [[r.DetailMode:2]]
[2025.04.04-22.47.21:339][  0]LogConfig: Setting CVar [[r.TranslucencyVolumeBlur:1]]
[2025.04.04-22.47.21:339][  0]LogConfig: Setting CVar [[r.MaterialQualityLevel:1 ; High quality]]
[2025.04.04-22.47.21:339][  0]LogConfig: Setting CVar [[r.AnisotropicMaterials:1]]
[2025.04.04-22.47.21:339][  0]LogConfig: Setting CVar [[r.SSS.Scale:1]]
[2025.04.04-22.47.21:340][  0]LogConfig: Setting CVar [[r.SSS.SampleSet:2]]
[2025.04.04-22.47.21:340][  0]LogConfig: Setting CVar [[r.SSS.Quality:1]]
[2025.04.04-22.47.21:340][  0]LogConfig: Setting CVar [[r.SSS.HalfRes:0]]
[2025.04.04-22.47.21:340][  0]LogConfig: Setting CVar [[r.SSGI.Quality:3]]
[2025.04.04-22.47.21:340][  0]LogConfig: Setting CVar [[r.EmitterSpawnRateScale:1.0]]
[2025.04.04-22.47.21:340][  0]LogConfig: Setting CVar [[r.ParticleLightQuality:2]]
[2025.04.04-22.47.21:340][  0]LogConfig: Setting CVar [[r.SkyAtmosphere.AerialPerspectiveLUT.FastApplyOnOpaque:1 ; Always have FastSkyLUT 1 in this case to avoid wrong sky]]
[2025.04.04-22.47.21:340][  0]LogConfig: Setting CVar [[r.SkyAtmosphere.AerialPerspectiveLUT.SampleCountMaxPerSlice:4]]
[2025.04.04-22.47.21:340][  0]LogConfig: Setting CVar [[r.SkyAtmosphere.AerialPerspectiveLUT.DepthResolution:16.0]]
[2025.04.04-22.47.21:340][  0]LogConfig: Setting CVar [[r.SkyAtmosphere.FastSkyLUT:1]]
[2025.04.04-22.47.21:340][  0]LogConfig: Setting CVar [[r.SkyAtmosphere.FastSkyLUT.SampleCountMin:4.0]]
[2025.04.04-22.47.21:340][  0]LogConfig: Setting CVar [[r.SkyAtmosphere.FastSkyLUT.SampleCountMax:128.0]]
[2025.04.04-22.47.21:340][  0]LogConfig: Setting CVar [[r.SkyAtmosphere.SampleCountMin:4.0]]
[2025.04.04-22.47.21:340][  0]LogConfig: Setting CVar [[r.SkyAtmosphere.SampleCountMax:128.0]]
[2025.04.04-22.47.21:340][  0]LogConfig: Setting CVar [[r.SkyAtmosphere.TransmittanceLUT.UseSmallFormat:0]]
[2025.04.04-22.47.21:340][  0]LogConfig: Setting CVar [[r.SkyAtmosphere.TransmittanceLUT.SampleCount:10.0]]
[2025.04.04-22.47.21:340][  0]LogConfig: Setting CVar [[r.SkyAtmosphere.MultiScatteringLUT.SampleCount:15.0]]
[2025.04.04-22.47.21:340][  0]LogConfig: Setting CVar [[r.SkyLight.RealTimeReflectionCapture:1]]
[2025.04.04-22.47.21:340][  0]LogConfig: Applying CVar settings from Section [FoliageQuality@3] File [C:/Unreal Projects/Top-Down-Puzzle/TopDownPuzzle/Saved/Config/Windows/Scalability.ini]
[2025.04.04-22.47.21:340][  0]LogConfig: Setting CVar [[foliage.DensityScale:1.0]]
[2025.04.04-22.47.21:340][  0]LogConfig: Setting CVar [[grass.DensityScale:1.0]]
[2025.04.04-22.47.21:340][  0]LogConfig: Applying CVar settings from Section [ShadingQuality@3] File [C:/Unreal Projects/Top-Down-Puzzle/TopDownPuzzle/Saved/Config/Windows/Scalability.ini]
[2025.04.04-22.47.21:340][  0]LogConfig: Setting CVar [[r.HairStrands.SkyLighting.IntegrationType:2]]
[2025.04.04-22.47.21:340][  0]LogConfig: Setting CVar [[r.HairStrands.SkyAO.SampleCount:4]]
[2025.04.04-22.47.21:340][  0]LogConfig: Setting CVar [[r.HairStrands.Visibility.MSAA.SamplePerPixel:4]]
[2025.04.04-22.47.21:340][  0]LogInit: Selected Device Profile: [Windows]
[2025.04.04-22.47.21:340][  0]LogInit: Applying CVar settings loaded from the selected device profile: [Windows]
[2025.04.04-22.47.21:340][  0]LogHAL: Display: Platform has ~ 16 GB [17013329920 / 17179869184 / 16], which maps to Larger [LargestMinGB=32, LargerMinGB=12, DefaultMinGB=8, SmallerMinGB=6, SmallestMinGB=0)
[2025.04.04-22.47.21:340][  0]LogInit: Going up to parent DeviceProfile []
[2025.04.04-22.47.21:340][  0]LogConfig: Applying CVar settings from Section [ViewDistanceQuality@3] File [C:/Unreal Projects/Top-Down-Puzzle/TopDownPuzzle/Saved/Config/Windows/Scalability.ini]
[2025.04.04-22.47.21:340][  0]LogConfig: Setting CVar [[r.SkeletalMeshLODBias:0]]
[2025.04.04-22.47.21:340][  0]LogConfig: Setting CVar [[r.ViewDistanceScale:1.0]]
[2025.04.04-22.47.21:340][  0]LogConfig: Applying CVar settings from Section [AntiAliasingQuality@3] File [C:/Unreal Projects/Top-Down-Puzzle/TopDownPuzzle/Saved/Config/Windows/Scalability.ini]
[2025.04.04-22.47.21:340][  0]LogConfig: Setting CVar [[r.PostProcessAAQuality:4]]
[2025.04.04-22.47.21:340][  0]LogConfig: Applying CVar settings from Section [ShadowQuality@3] File [C:/Unreal Projects/Top-Down-Puzzle/TopDownPuzzle/Saved/Config/Windows/Scalability.ini]
[2025.04.04-22.47.21:340][  0]LogConfig: Setting CVar [[r.LightFunctionQuality:1]]
[2025.04.04-22.47.21:340][  0]LogConfig: Setting CVar [[r.ShadowQuality:5]]
[2025.04.04-22.47.21:340][  0]LogConfig: Setting CVar [[r.Shadow.CSM.MaxCascades:10]]
[2025.04.04-22.47.21:340][  0]LogConfig: Setting CVar [[r.Shadow.MaxResolution:2048]]
[2025.04.04-22.47.21:340][  0]LogConfig: Setting CVar [[r.Shadow.MaxCSMResolution:2048]]
[2025.04.04-22.47.21:340][  0]LogConfig: Setting CVar [[r.Shadow.RadiusThreshold:0.01]]
[2025.04.04-22.47.21:340][  0]LogConfig: Setting CVar [[r.Shadow.DistanceScale:1.0]]
[2025.04.04-22.47.21:340][  0]LogConfig: Setting CVar [[r.Shadow.CSM.TransitionScale:1.0]]
[2025.04.04-22.47.21:340][  0]LogConfig: Setting CVar [[r.Shadow.PreShadowResolutionFactor:1.0]]
[2025.04.04-22.47.21:340][  0]LogConfig: Setting CVar [[r.DistanceFieldShadowing:1]]
[2025.04.04-22.47.21:340][  0]LogConfig: Setting CVar [[r.DistanceFieldAO:1]]
[2025.04.04-22.47.21:340][  0]LogConfig: Setting CVar [[r.AOQuality:2]]
[2025.04.04-22.47.21:340][  0]LogConfig: Setting CVar [[r.VolumetricFog:1]]
[2025.04.04-22.47.21:340][  0]LogConfig: Setting CVar [[r.VolumetricFog.GridPixelSize:8]]
[2025.04.04-22.47.21:340][  0]LogConfig: Setting CVar [[r.VolumetricFog.GridSizeZ:128]]
[2025.04.04-22.47.21:340][  0]LogConfig: Setting CVar [[r.VolumetricFog.HistoryMissSupersampleCount:4]]
[2025.04.04-22.47.21:340][  0]LogConfig: Setting CVar [[r.LightMaxDrawDistanceScale:1]]
[2025.04.04-22.47.21:340][  0]LogConfig: Setting CVar [[r.CapsuleShadows:1]]
[2025.04.04-22.47.21:340][  0]LogConfig: Applying CVar settings from Section [PostProcessQuality@3] File [C:/Unreal Projects/Top-Down-Puzzle/TopDownPuzzle/Saved/Config/Windows/Scalability.ini]
[2025.04.04-22.47.21:340][  0]LogConfig: Setting CVar [[r.MotionBlurQuality:4]]
[2025.04.04-22.47.21:340][  0]LogConfig: Setting CVar [[r.AmbientOcclusionMipLevelFactor:0.4]]
[2025.04.04-22.47.21:340][  0]LogConfig: Setting CVar [[r.AmbientOcclusionMaxQuality:100]]
[2025.04.04-22.47.21:340][  0]LogConfig: Setting CVar [[r.AmbientOcclusionLevels:-1]]
[2025.04.04-22.47.21:340][  0]LogConfig: Setting CVar [[r.AmbientOcclusionRadiusScale:1.0]]
[2025.04.04-22.47.21:340][  0]LogConfig: Setting CVar [[r.DepthOfFieldQuality:2]]
[2025.04.04-22.47.21:340][  0]LogConfig: Setting CVar [[r.RenderTargetPoolMin:400]]
[2025.04.04-22.47.21:340][  0]LogConfig: Setting CVar [[r.LensFlareQuality:2]]
[2025.04.04-22.47.21:340][  0]LogConfig: Setting CVar [[r.SceneColorFringeQuality:1]]
[2025.04.04-22.47.21:340][  0]LogConfig: Setting CVar [[r.EyeAdaptationQuality:2]]
[2025.04.04-22.47.21:340][  0]LogConfig: Setting CVar [[r.BloomQuality:5]]
[2025.04.04-22.47.21:340][  0]LogConfig: Setting CVar [[r.FastBlurThreshold:100]]
[2025.04.04-22.47.21:340][  0]LogConfig: Setting CVar [[r.Upscale.Quality:3]]
[2025.04.04-22.47.21:340][  0]LogConfig: Setting CVar [[r.Tonemapper.GrainQuantization:1]]
[2025.04.04-22.47.21:340][  0]LogConfig: Setting CVar [[r.LightShaftQuality:1]]
[2025.04.04-22.47.21:340][  0]LogConfig: Setting CVar [[r.Filter.SizeScale:1]]
[2025.04.04-22.47.21:341][  0]LogConfig: Setting CVar [[r.Tonemapper.Quality:5]]
[2025.04.04-22.47.21:341][  0]LogConfig: Setting CVar [[r.DOF.Gather.AccumulatorQuality:1        ; higher gathering accumulator quality]]
[2025.04.04-22.47.21:341][  0]LogConfig: Setting CVar [[r.DOF.Gather.PostfilterMethod:1          ; Median3x3 postfilering method]]
[2025.04.04-22.47.21:341][  0]LogConfig: Setting CVar [[r.DOF.Gather.EnableBokehSettings:0       ; no bokeh simulation when gathering]]
[2025.04.04-22.47.21:341][  0]LogConfig: Setting CVar [[r.DOF.Gather.RingCount:4                 ; medium number of samples when gathering]]
[2025.04.04-22.47.21:341][  0]LogConfig: Setting CVar [[r.DOF.Scatter.ForegroundCompositing:1    ; additive foreground scattering]]
[2025.04.04-22.47.21:341][  0]LogConfig: Setting CVar [[r.DOF.Scatter.BackgroundCompositing:2    ; additive background scattering]]
[2025.04.04-22.47.21:341][  0]LogConfig: Setting CVar [[r.DOF.Scatter.EnableBokehSettings:1      ; bokeh simulation when scattering]]
[2025.04.04-22.47.21:341][  0]LogConfig: Setting CVar [[r.DOF.Scatter.MaxSpriteRatio:0.1         ; only a maximum of 10% of scattered bokeh]]
[2025.04.04-22.47.21:341][  0]LogConfig: Setting CVar [[r.DOF.Recombine.Quality:1                ; cheap slight out of focus]]
[2025.04.04-22.47.21:341][  0]LogConfig: Setting CVar [[r.DOF.Recombine.EnableBokehSettings:0    ; no bokeh simulation on slight out of focus]]
[2025.04.04-22.47.21:341][  0]LogConfig: Setting CVar [[r.DOF.TemporalAAQuality:1                ; more stable temporal accumulation]]
[2025.04.04-22.47.21:341][  0]LogConfig: Setting CVar [[r.DOF.Kernel.MaxForegroundRadius:0.025]]
[2025.04.04-22.47.21:341][  0]LogConfig: Setting CVar [[r.DOF.Kernel.MaxBackgroundRadius:0.025]]
[2025.04.04-22.47.21:341][  0]LogConfig: Applying CVar settings from Section [TextureQuality@3] File [C:/Unreal Projects/Top-Down-Puzzle/TopDownPuzzle/Saved/Config/Windows/Scalability.ini]
[2025.04.04-22.47.21:341][  0]LogConfig: Setting CVar [[r.Streaming.MipBias:0]]
[2025.04.04-22.47.21:341][  0]LogConfig: Setting CVar [[r.Streaming.AmortizeCPUToGPUCopy:0]]
[2025.04.04-22.47.21:341][  0]LogConfig: Setting CVar [[r.Streaming.MaxNumTexturesToStreamPerFrame:0]]
[2025.04.04-22.47.21:341][  0]LogConfig: Setting CVar [[r.Streaming.Boost:1]]
[2025.04.04-22.47.21:341][  0]LogConfig: Setting CVar [[r.MaxAnisotropy:8]]
[2025.04.04-22.47.21:341][  0]LogConfig: Setting CVar [[r.VT.MaxAnisotropy:8]]
[2025.04.04-22.47.21:341][  0]LogConfig: Setting CVar [[r.Streaming.LimitPoolSizeToVRAM:0]]
[2025.04.04-22.47.21:341][  0]LogConfig: Setting CVar [[r.Streaming.PoolSize:1000]]
[2025.04.04-22.47.21:341][  0]LogConfig: Setting CVar [[r.Streaming.MaxEffectiveScreenSize:0]]
[2025.04.04-22.47.21:341][  0]LogConfig: Applying CVar settings from Section [EffectsQuality@3] File [C:/Unreal Projects/Top-Down-Puzzle/TopDownPuzzle/Saved/Config/Windows/Scalability.ini]
[2025.04.04-22.47.21:341][  0]LogConfig: Setting CVar [[r.TranslucencyLightingVolumeDim:64]]
[2025.04.04-22.47.21:341][  0]LogConfig: Setting CVar [[r.RefractionQuality:2]]
[2025.04.04-22.47.21:341][  0]LogConfig: Setting CVar [[r.SSR.Quality:3]]
[2025.04.04-22.47.21:341][  0]LogConfig: Setting CVar [[r.SSR.HalfResSceneColor:0]]
[2025.04.04-22.47.21:341][  0]LogConfig: Setting CVar [[r.SceneColorFormat:4]]
[2025.04.04-22.47.21:341][  0]LogConfig: Setting CVar [[r.DetailMode:2]]
[2025.04.04-22.47.21:341][  0]LogConfig: Setting CVar [[r.TranslucencyVolumeBlur:1]]
[2025.04.04-22.47.21:341][  0]LogConfig: Setting CVar [[r.MaterialQualityLevel:1 ; High quality]]
[2025.04.04-22.47.21:341][  0]LogConfig: Setting CVar [[r.AnisotropicMaterials:1]]
[2025.04.04-22.47.21:341][  0]LogConfig: Setting CVar [[r.SSS.Scale:1]]
[2025.04.04-22.47.21:341][  0]LogConfig: Setting CVar [[r.SSS.SampleSet:2]]
[2025.04.04-22.47.21:341][  0]LogConfig: Setting CVar [[r.SSS.Quality:1]]
[2025.04.04-22.47.21:341][  0]LogConfig: Setting CVar [[r.SSS.HalfRes:0]]
[2025.04.04-22.47.21:341][  0]LogConfig: Setting CVar [[r.SSGI.Quality:3]]
[2025.04.04-22.47.21:341][  0]LogConfig: Setting CVar [[r.EmitterSpawnRateScale:1.0]]
[2025.04.04-22.47.21:341][  0]LogConfig: Setting CVar [[r.ParticleLightQuality:2]]
[2025.04.04-22.47.21:341][  0]LogConfig: Setting CVar [[r.SkyAtmosphere.AerialPerspectiveLUT.FastApplyOnOpaque:1 ; Always have FastSkyLUT 1 in this case to avoid wrong sky]]
[2025.04.04-22.47.21:341][  0]LogConfig: Setting CVar [[r.SkyAtmosphere.AerialPerspectiveLUT.SampleCountMaxPerSlice:4]]
[2025.04.04-22.47.21:341][  0]LogConfig: Setting CVar [[r.SkyAtmosphere.AerialPerspectiveLUT.DepthResolution:16.0]]
[2025.04.04-22.47.21:341][  0]LogConfig: Setting CVar [[r.SkyAtmosphere.FastSkyLUT:1]]
[2025.04.04-22.47.21:341][  0]LogConfig: Setting CVar [[r.SkyAtmosphere.FastSkyLUT.SampleCountMin:4.0]]
[2025.04.04-22.47.21:341][  0]LogConfig: Setting CVar [[r.SkyAtmosphere.FastSkyLUT.SampleCountMax:128.0]]
[2025.04.04-22.47.21:341][  0]LogConfig: Setting CVar [[r.SkyAtmosphere.SampleCountMin:4.0]]
[2025.04.04-22.47.21:341][  0]LogConfig: Setting CVar [[r.SkyAtmosphere.SampleCountMax:128.0]]
[2025.04.04-22.47.21:341][  0]LogConfig: Setting CVar [[r.SkyAtmosphere.TransmittanceLUT.UseSmallFormat:0]]
[2025.04.04-22.47.21:341][  0]LogConfig: Setting CVar [[r.SkyAtmosphere.TransmittanceLUT.SampleCount:10.0]]
[2025.04.04-22.47.21:341][  0]LogConfig: Setting CVar [[r.SkyAtmosphere.MultiScatteringLUT.SampleCount:15.0]]
[2025.04.04-22.47.21:341][  0]LogConfig: Setting CVar [[r.SkyLight.RealTimeReflectionCapture:1]]
[2025.04.04-22.47.21:341][  0]LogConfig: Applying CVar settings from Section [FoliageQuality@3] File [C:/Unreal Projects/Top-Down-Puzzle/TopDownPuzzle/Saved/Config/Windows/Scalability.ini]
[2025.04.04-22.47.21:341][  0]LogConfig: Setting CVar [[foliage.DensityScale:1.0]]
[2025.04.04-22.47.21:341][  0]LogConfig: Setting CVar [[grass.DensityScale:1.0]]
[2025.04.04-22.47.21:341][  0]LogConfig: Applying CVar settings from Section [ShadingQuality@3] File [C:/Unreal Projects/Top-Down-Puzzle/TopDownPuzzle/Saved/Config/Windows/Scalability.ini]
[2025.04.04-22.47.21:341][  0]LogConfig: Setting CVar [[r.HairStrands.SkyLighting.IntegrationType:2]]
[2025.04.04-22.47.21:341][  0]LogConfig: Setting CVar [[r.HairStrands.SkyAO.SampleCount:4]]
[2025.04.04-22.47.21:341][  0]LogConfig: Setting CVar [[r.HairStrands.Visibility.MSAA.SamplePerPixel:4]]
[2025.04.04-22.47.21:341][  0]LogConfig: Applying CVar settings from Section [Startup] File [../../../Engine/Config/ConsoleVariables.ini]
[2025.04.04-22.47.21:342][  0]LogConfig: Setting CVar [[net.UseAdaptiveNetUpdateFrequency:0]]
[2025.04.04-22.47.21:342][  0]LogConfig: Setting CVar [[p.chaos.AllowCreatePhysxBodies:1]]
[2025.04.04-22.47.21:342][  0]LogConfig: Setting CVar [[fx.SkipVectorVMBackendOptimizations:1]]
[2025.04.04-22.47.21:342][  0]LogConfig: Applying CVar settings from Section [ConsoleVariables] File [C:/Unreal Projects/Top-Down-Puzzle/TopDownPuzzle/Saved/Config/Windows/Engine.ini]
[2025.04.04-22.47.21:342][  0]LogConfig: Applying CVar settings from Section [ConsoleVariables] File [C:/Unreal Projects/Top-Down-Puzzle/TopDownPuzzle/Saved/Config/Windows/Editor.ini]
[2025.04.04-22.47.21:342][  0]LogInit: Computer: LAPTOP-EJ2DB2HV
[2025.04.04-22.47.21:342][  0]LogInit: User: patel
[2025.04.04-22.47.21:342][  0]LogInit: CPU Page size=4096, Cores=4
[2025.04.04-22.47.21:342][  0]LogInit: High frequency timer resolution =10.000000 MHz
[2025.04.04-22.47.21:342][  0]LogMemory: Memory total: Physical=15.8GB (16GB approx)
[2025.04.04-22.47.21:342][  0]LogMemory: Platform Memory Stats for Windows
[2025.04.04-22.47.21:342][  0]LogMemory: Process Physical Memory: 143.95 MB used, 143.95 MB peak
[2025.04.04-22.47.21:342][  0]LogMemory: Process Virtual Memory: 114.97 MB used, 114.97 MB peak
[2025.04.04-22.47.21:342][  0]LogMemory: Physical Memory: 10985.77 MB used,  5239.41 MB free, 16225.18 MB total
[2025.04.04-22.47.21:342][  0]LogMemory: Virtual Memory: 134199080.00 MB used,  18648.78 MB free, 134217728.00 MB total
[2025.04.04-22.47.21:348][  0]LogWindows: WindowsPlatformFeatures enabled
[2025.04.04-22.47.21:412][  0]LogInit: Physics initialised using underlying interface: PhysX
[2025.04.04-22.47.21:412][  0]LogInit: Using OS detected language (en-US).
[2025.04.04-22.47.21:413][  0]LogInit: Using OS detected locale (en-IN).
[2025.04.04-22.47.21:418][  0]LogTextLocalizationManager: No specific localization for 'en-US' exists, so the 'en' localization will be used.
[2025.04.04-22.47.21:624][  0]LogInit: Setting process to per monitor DPI aware
[2025.04.04-22.47.21:646][  0]LogWindowsTextInputMethodSystem: Display: IME system deactivated.
[2025.04.04-22.47.21:660][  0]LogSlate: New Slate User Created.  User Index 0, Is Virtual User: 0
[2025.04.04-22.47.21:661][  0]LogSlate: Slate User Registered.  User Index 0, Is Virtual User: 0
[2025.04.04-22.47.21:845][  0]LogD3D11RHI: Loaded GFSDK_Aftermath_Lib.x64.dll
[2025.04.04-22.47.21:915][  0]LogHMD: Failed to initialize OpenVR with code 110
[2025.04.04-22.47.21:915][  0]LogD3D11RHI: D3D11 min allowed feature level: 11_0
[2025.04.04-22.47.21:915][  0]LogD3D11RHI: D3D11 max allowed feature level: 11_0
[2025.04.04-22.47.21:915][  0]LogD3D11RHI: D3D11 adapters:
[2025.04.04-22.47.22:048][  0]LogD3D11RHI:    0. 'NVIDIA GeForce GTX 1650' (Feature Level 11_0)
[2025.04.04-22.47.22:048][  0]LogD3D11RHI:       3935/0/8112 MB DedicatedVideo/DedicatedSystem/SharedSystem, Outputs:1, VendorId:0x10de
[2025.04.04-22.47.22:112][  0]LogD3D11RHI:    1. 'Intel(R) UHD Graphics 630' (Feature Level 11_0)
[2025.04.04-22.47.22:112][  0]LogD3D11RHI:       128/0/8112 MB DedicatedVideo/DedicatedSystem/SharedSystem, Outputs:0, VendorId:0x8086
[2025.04.04-22.47.22:114][  0]LogD3D11RHI:    2. 'Microsoft Basic Render Driver' (Feature Level 11_0)
[2025.04.04-22.47.22:115][  0]LogD3D11RHI:       0/0/8112 MB DedicatedVideo/DedicatedSystem/SharedSystem, Outputs:0, VendorId:0x1414
[2025.04.04-22.47.22:115][  0]LogD3D11RHI: Chosen D3D11 Adapter:
[2025.04.04-22.47.22:115][  0]LogD3D11RHI:     Description : NVIDIA GeForce GTX 1650
[2025.04.04-22.47.22:115][  0]LogD3D11RHI:     VendorId    : 10de
[2025.04.04-22.47.22:115][  0]LogD3D11RHI:     DeviceId    : 1f91
[2025.04.04-22.47.22:115][  0]LogD3D11RHI:     SubSysId    : 85fc103c
[2025.04.04-22.47.22:115][  0]LogD3D11RHI:     Revision    : 00a1
[2025.04.04-22.47.22:115][  0]LogD3D11RHI:     DedicatedVideoMemory : 4126146560 bytes
[2025.04.04-22.47.22:115][  0]LogD3D11RHI:     DedicatedSystemMemory : 0 bytes
[2025.04.04-22.47.22:115][  0]LogD3D11RHI:     SharedSystemMemory : 8506664960 bytes
[2025.04.04-22.47.22:115][  0]LogD3D11RHI:     AdapterLuid : 0 81656
[2025.04.04-22.47.22:121][  0]LogD3D11RHI: Creating new Direct3DDevice
[2025.04.04-22.47.22:121][  0]LogD3D11RHI:     GPU DeviceId: 0x1f91 (for the marketing name, search the web for "GPU Device Id")
[2025.04.04-22.47.22:121][  0]LogWindows: EnumDisplayDevices:
[2025.04.04-22.47.22:121][  0]LogWindows:    0. 'Intel(R) UHD Graphics 630' (P:1 D:1)
[2025.04.04-22.47.22:121][  0]LogWindows:    1. 'Intel(R) UHD Graphics 630' (P:0 D:0)
[2025.04.04-22.47.22:122][  0]LogWindows:    2. 'Intel(R) UHD Graphics 630' (P:0 D:0)
[2025.04.04-22.47.22:122][  0]LogWindows:    3. 'NVIDIA GeForce GTX 1650' (P:0 D:0)
[2025.04.04-22.47.22:122][  0]LogWindows:    4. 'NVIDIA GeForce GTX 1650' (P:0 D:0)
[2025.04.04-22.47.22:122][  0]LogWindows:    5. 'NVIDIA GeForce GTX 1650' (P:0 D:0)
[2025.04.04-22.47.22:123][  0]LogWindows:    6. 'NVIDIA GeForce GTX 1650' (P:0 D:0)
[2025.04.04-22.47.22:123][  0]LogWindows: DebugString: PrimaryIsNotTheChoosenAdapter PrimaryIsNotTheChoosenAdapter PrimaryIsNotTheChoosenAdapter FoundDriverCount:4 
[2025.04.04-22.47.22:123][  0]LogD3D11RHI:     Adapter Name: NVIDIA GeForce GTX 1650
[2025.04.04-22.47.22:123][  0]LogD3D11RHI:   Driver Version: 561.19 (internal:32.0.15.6119, unified:561.19)
[2025.04.04-22.47.22:123][  0]LogD3D11RHI:      Driver Date: 11-11-2024
[2025.04.04-22.47.22:123][  0]LogRHI: Texture pool is 2754 MB (70% of 3935 MB)
[2025.04.04-22.47.22:123][  0]LogD3D11RHI: Creating D3DDevice using adapter:
[2025.04.04-22.47.22:123][  0]LogD3D11RHI:     Description : NVIDIA GeForce GTX 1650
[2025.04.04-22.47.22:123][  0]LogD3D11RHI:     VendorId    : 10de
[2025.04.04-22.47.22:123][  0]LogD3D11RHI:     DeviceId    : 1f91
[2025.04.04-22.47.22:123][  0]LogD3D11RHI:     SubSysId    : 85fc103c
[2025.04.04-22.47.22:123][  0]LogD3D11RHI:     Revision    : 00a1
[2025.04.04-22.47.22:123][  0]LogD3D11RHI:     DedicatedVideoMemory : 4126146560 bytes
[2025.04.04-22.47.22:123][  0]LogD3D11RHI:     DedicatedSystemMemory : 0 bytes
[2025.04.04-22.47.22:123][  0]LogD3D11RHI:     SharedSystemMemory : 8506664960 bytes
[2025.04.04-22.47.22:123][  0]LogD3D11RHI:     AdapterLuid : 0 81656
[2025.04.04-22.47.22:196][  0]LogD3D11RHI: RHI has support for 64 bit atomics
[2025.04.04-22.47.22:197][  0]LogD3D11RHI: Async texture creation enabled
[2025.04.04-22.47.22:197][  0]LogD3D11RHI: Array index from any shader is supported
[2025.04.04-22.47.22:219][  0]LogD3D11RHI: GPU Timing Frequency: 1000.000000 (Debug: 2 2)
[2025.04.04-22.47.22:274][  0]LogRHI: GeForceNow SDK initialized: 1
[2025.04.04-22.47.22:609][  0]LogTargetPlatformManager: Display: Loaded TargetPlatform 'AllDesktop'
[2025.04.04-22.47.22:631][  0]LogTargetPlatformManager: Display: Loaded TargetPlatform 'Android'
[2025.04.04-22.47.22:631][  0]LogTargetPlatformManager: Display: Loaded TargetPlatform 'Android_ASTC'
[2025.04.04-22.47.22:631][  0]LogTargetPlatformManager: Display: Loaded TargetPlatform 'Android_DXT'
[2025.04.04-22.47.22:631][  0]LogTargetPlatformManager: Display: Loaded TargetPlatform 'Android_ETC2'
[2025.04.04-22.47.22:631][  0]LogTargetPlatformManager: Display: Loaded TargetPlatform 'AndroidClient'
[2025.04.04-22.47.22:631][  0]LogTargetPlatformManager: Display: Loaded TargetPlatform 'Android_ASTCClient'
[2025.04.04-22.47.22:631][  0]LogTargetPlatformManager: Display: Loaded TargetPlatform 'Android_DXTClient'
[2025.04.04-22.47.22:631][  0]LogTargetPlatformManager: Display: Loaded TargetPlatform 'Android_ETC2Client'
[2025.04.04-22.47.22:631][  0]LogTargetPlatformManager: Display: Loaded TargetPlatform 'Android_Multi'
[2025.04.04-22.47.22:631][  0]LogTargetPlatformManager: Display: Loaded TargetPlatform 'Android_MultiClient'
[2025.04.04-22.47.22:653][  0]LogTargetPlatformManager: Display: Loaded TargetPlatform 'IOSClient'
[2025.04.04-22.47.22:653][  0]LogTargetPlatformManager: Display: Loaded TargetPlatform 'IOS'
[2025.04.04-22.47.22:663][  0]LogTargetPlatformManager: Display: Loaded TargetPlatform 'Linux'
[2025.04.04-22.47.22:670][  0]LogTargetPlatformManager: Display: Loaded TargetPlatform 'LinuxNoEditor'
[2025.04.04-22.47.22:675][  0]LogTargetPlatformManager: Display: Loaded TargetPlatform 'LinuxClient'
[2025.04.04-22.47.22:681][  0]LogTargetPlatformManager: Display: Loaded TargetPlatform 'LinuxServer'
[2025.04.04-22.47.22:692][  0]LogTargetPlatformManager: Display: Loaded TargetPlatform 'LinuxAArch64NoEditor'
[2025.04.04-22.47.22:698][  0]LogTargetPlatformManager: Display: Loaded TargetPlatform 'LinuxAArch64Client'
[2025.04.04-22.47.22:703][  0]LogTargetPlatformManager: Display: Loaded TargetPlatform 'LinuxAArch64Server'
[2025.04.04-22.47.22:730][  0]LogTargetPlatformManager: Display: Loaded TargetPlatform 'Lumin'
[2025.04.04-22.47.22:730][  0]LogTargetPlatformManager: Display: Loaded TargetPlatform 'LuminClient'
[2025.04.04-22.47.22:740][  0]LogTargetPlatformManager: Display: Loaded TargetPlatform 'MacNoEditor'
[2025.04.04-22.47.22:746][  0]LogTargetPlatformManager: Display: Loaded TargetPlatform 'Mac'
[2025.04.04-22.47.22:751][  0]LogTargetPlatformManager: Display: Loaded TargetPlatform 'MacClient'
[2025.04.04-22.47.22:757][  0]LogTargetPlatformManager: Display: Loaded TargetPlatform 'MacServer'
[2025.04.04-22.47.22:768][  0]LogTargetPlatformManager: Display: Loaded TargetPlatform 'TVOSClient'
[2025.04.04-22.47.22:768][  0]LogTargetPlatformManager: Display: Loaded TargetPlatform 'TVOS'
[2025.04.04-22.47.22:778][  0]LogTargetPlatformManager: Display: Loaded TargetPlatform 'WindowsNoEditor'
[2025.04.04-22.47.22:784][  0]LogTargetPlatformManager: Display: Loaded TargetPlatform 'Windows'
[2025.04.04-22.47.22:789][  0]LogTargetPlatformManager: Display: Loaded TargetPlatform 'WindowsClient'
[2025.04.04-22.47.22:794][  0]LogTargetPlatformManager: Display: Loaded TargetPlatform 'WindowsServer'
[2025.04.04-22.47.22:794][  0]LogTargetPlatformManager: Display: Building Assets For Windows
[2025.04.04-22.47.22:805][  0]LogAudioDebug: Display: Lib vorbis DLL was dynamically loaded.
[2025.04.04-22.47.22:848][  0]LogTextureFormatOodle: Display: Oodle Texture 2.9.0 init RDO Off
[2025.04.04-22.47.22:889][  0]LogRendererCore: Ray tracing is disabled. Reason: r.RayTracing=0.
[2025.04.04-22.47.22:889][  0]LogShaderCompilers: Guid format shader working directory is -18 characters bigger than the processId version (../../../../../../Unreal Projects/Top-Down-Puzzle/TopDownPuzzle/Intermediate/Shaders/WorkingDirectory/29264/).
[2025.04.04-22.47.22:890][  0]LogShaderCompilers: Cleaned the shader compiler working directory 'C:/Users/patel/AppData/Local/Temp/UnrealShaderWorkingDir/8D23F287460A7920832690AB47799444/'.
[2025.04.04-22.47.22:890][  0]LogXGEController: Cannot use XGE Controller as Incredibuild is not installed on this machine.
[2025.04.04-22.47.22:890][  0]LogShaderCompilers: Cannot use XGE Shader Compiler as Incredibuild is not installed on this machine.
[2025.04.04-22.47.22:890][  0]LogShaderCompilers: Display: Using Local Shader Compiler.
[2025.04.04-22.47.23:620][  0]LogDerivedDataCache: Display: Max Cache Size: 512 MB
[2025.04.04-22.47.23:678][  0]LogDerivedDataCache: Loaded boot cache 0.06s 103MB C:/Users/patel/AppData/Local/UnrealEngine/4.27/DerivedDataCache/Boot.ddc.
[2025.04.04-22.47.23:678][  0]LogDerivedDataCache: Display: Loaded Boot cache: C:/Users/patel/AppData/Local/UnrealEngine/4.27/DerivedDataCache/Boot.ddc
[2025.04.04-22.47.23:678][  0]LogDerivedDataCache: FDerivedDataBackendGraph:  Pak pak cache file ../../../../../../Unreal Projects/Top-Down-Puzzle/TopDownPuzzle/DerivedDataCache/DDC.ddp not found, will not use a pak cache.
[2025.04.04-22.47.23:678][  0]LogDerivedDataCache: Unable to find inner node Pak for hierarchical cache Hierarchy.
[2025.04.04-22.47.23:678][  0]LogDerivedDataCache: FDerivedDataBackendGraph:  CompressedPak pak cache file ../../../../../../Unreal Projects/Top-Down-Puzzle/TopDownPuzzle/DerivedDataCache/Compressed.ddp not found, will not use a pak cache.
[2025.04.04-22.47.23:678][  0]LogDerivedDataCache: Unable to find inner node CompressedPak for hierarchical cache Hierarchy.
[2025.04.04-22.47.23:694][  0]LogDerivedDataCache: Display: Pak cache opened for reading ../../../Engine/DerivedDataCache/Compressed.ddp.
[2025.04.04-22.47.23:694][  0]LogDerivedDataCache: FDerivedDataBackendGraph:  EnterprisePak pak cache file ../../../Enterprise/DerivedDataCache/Compressed.ddp not found, will not use a pak cache.
[2025.04.04-22.47.23:694][  0]LogDerivedDataCache: Unable to find inner node EnterprisePak for hierarchical cache Hierarchy.
[2025.04.04-22.47.23:703][  0]LogDerivedDataCache: Speed tests for C:/Users/patel/AppData/Local/UnrealEngine/Common/DerivedDataCache took 0.01 seconds
[2025.04.04-22.47.23:703][  0]LogDerivedDataCache: Display: Performance to C:/Users/patel/AppData/Local/UnrealEngine/Common/DerivedDataCache: Latency=0.05ms. RandomReadSpeed=867.00MBs, RandomWriteSpeed=123.61MBs. Assigned SpeedClass 'Local'
[2025.04.04-22.47.23:704][  0]LogDerivedDataCache: Using Local data cache path C:/Users/patel/AppData/Local/UnrealEngine/Common/DerivedDataCache: Writable
[2025.04.04-22.47.23:704][  0]LogDerivedDataCache: Shared data cache path not found in *engine.ini, will not use an Shared cache.
[2025.04.04-22.47.23:704][  0]LogDerivedDataCache: Unable to find inner node Shared for hierarchical cache Hierarchy.
[2025.04.04-22.47.23:752][  0]LogSlate: Using FreeType 2.10.0
[2025.04.04-22.47.23:752][  0]LogSlate: SlateFontServices - WITH_FREETYPE: 1, WITH_HARFBUZZ: 1
[2025.04.04-22.47.23:777][  0]LogAssetRegistry: FAssetRegistry took 0.0026 seconds to start up
[2025.04.04-22.47.23:999][  0]LogInit: Selected Device Profile: [Windows]
[2025.04.04-22.47.23:999][  0]LogInit: Active device profile: [000002C13F641400][000002C13DCD3100 49] Windows
[2025.04.04-22.47.23:999][  0]LogInit: Profiles: [000002C13F641400][000002C13DCD3100 49] Windows, [000002C13F5C7F00][000002C13DCDB280 49] WindowsNoEditor, [000002C13F5EBE00][000002C13DCDF400 49] WindowsServer, [000002C13F5C5500][000002C13DCE3580 49] WindowsClient, [000002C13F5E9800][000002C13490F700 49] IOS, [000002C13F5C5000][000002C134913880 49] iPadAir, [000002C13F5E8C00][000002C134917A00 49] iPadAir2, [000002C13F590100][000002C13491E140 49] IPadPro, [000002C13F590200][000002C13491A180 49] iPadAir3, [000002C13F5C5600][000002C134922300 49] iPadAir4, [000002C13F592C00][000002C134926480 49] iPadMini2, [000002C13F5C5300][000002C13492A600 49] iPadMini3, [000002C13F5E8100][000002C13492E780 49] iPadMini4, [000002C13F5C5700][000002C134932900 49] iPadMini5, [000002C13F583900][000002C13DCD6B80 49] iPhone6, [000002C13F583A00][000002C134936BC0 49] iPodTouch6, [000002C13F5E9200][000002C13493EE00 49] iPhone7, [000002C13F5E9100][000002C13493AE40 49] iPodTouch7, [000002C13F580400][000002C134942F80 49] iPhone5S, [000002C13F593D00][000002C13494B100 49] iPhone6Plus, [000002C13F581F00][000002C13494F280 49] iPhone6S, [000002C13F5E9600][000002C134953400 49] iPhone6SPlus, [000002C13F581300][000002C134957580 49] iPhone7Plus, [000002C13F5E8200][000002C13495B700 49] iPhoneSE, [000002C13F580D00][000002C13495F880 49] iPhone8, [000002C13F5E8A00][000002C134963A00 49] iPhone8Plus, [000002C13F583C00][000002C1400BDB80 49] iPhoneX, [000002C13F5EB500][000002C1400C0180 49] iPhoneXS, [000002C13F582800][000002C1400C4300 49] iPhoneXSMax, [000002C13F5EA700][000002C1400C8480 49] iPhoneXR, [000002C13F582A00][000002C1400CC600 49] iPhone11, [000002C13F5EAE00][000002C1400D0780 49] iPhone11Pro, [000002C13F583300][000002C1400D4900 49] iPhone11ProMax, [000002C13F5EA100][000002C1400D8A80 49] iPhoneSE2, [000002C13F582F00][000002C1400DCC00 49] iPhone12Mini, [000002C13F5EAB00][000002C134946D40 49] iPhone12, [000002C13F583F00][000002C1400E0E80 49] iPhone12Pro, [000002C13F5EAC00][000002C1400E4FC0 49] iPhone12ProMax, [000002C13F581E00][000002C1400E9100 49] iPadPro105, [000002C13F5EB000][000002C1400F1280 49] iPadPro129, [000002C13F582400][000002C1400F5400 49] iPadPro97, [000002C13F5E8D00][000002C1400F9580 49] iPadPro2_129, [000002C13F580F00][000002C1400FD700 49] iPad5, [000002C13F5E8800][000002C140101880 49] iPad6, [000002C13F580300][000002C140105A00 49] iPad7, [000002C13F5EA500][000002C140109B80 49] iPad8, [000002C13F580800][000002C14010C180 49] iPadPro11, [000002C13F5E9000][000002C140110300 49] iPadPro2_11, [000002C13F580700][000002C140114480 49] iPadPro3_129, [000002C13F5E9700][000002C140118600 49] iPadPro4_129, [000002C13F583000][000002C14011C780 49] AppleTV, [000002C13F5EB300][000002C140120900 49] AppleTV4K, [000002C13F581200][000002C140124A80 49] TVOS, [000002C13F5E9A00][000002C140128C00 49] Mac, [000002C13F581000][000002C14012CD80 49] MacClient, [000002C13F5EBA00][000002C140130F00 49] MacNoEditor, [000002C13F581100][000002C1400ED040 49] MacServer, [000002C13F5E8400][000002C140135180 49] Linux, [000002C13F580500][000002C1401392C0 49] LinuxAArch64, [000002C13F5EA300][000002C134857440 49] LinuxNoEditor, [000002C13F580C00][000002C13485B5C0 49] LinuxAArch64NoEditor, [000002C13F5EAD00][000002C13485F740 49] LinuxClient, [000002C13F583100][000002C1348638C0 49] LinuxAArch64Client, [000002C13F5EBC00][000002C134867A40 49] LinuxServer, [000002C13F583600][000002C13486BBC0 49] LinuxAArch64Server, [000002C13F5EB800][000002C13486E1C0 49] Android, [000002C13F643000][000002C134872340 49] Android_Low, [000002C13F592700][000002C1348764C0 49] Android_Mid, [000002C13F642D00][000002C13487A640 49] Android_High, [000002C13F590A00][000002C13487E7C0 49] Android_Default, [000002C13F640200][000002C134882940 49] Android_Adreno4xx, [000002C13F591200][000002C134886AC0 49] Android_Adreno5xx_Low, [000002C13F641000][000002C13488AC40 49] Android_Adreno5xx, [000002C13F590300][000002C13488EDC0 49] Android_Adreno6xx, [000002C13F643700][000002C134892F40 49] Android_Adreno6xx_Vulkan, [000002C13F592300][000002C1348970C0 49] Android_Mali_T6xx, [000002C13F643400][000002C14013D200 49] Android_Mali_T7xx, [000002C13F592E00][000002C13489B340 49] Android_Mali_T8xx, [000002C13F643500][000002C13489F480 49] Android_Mali_G71, [000002C13F590500][000002C1348A35C0 49] Android_Mali_G72, [000002C13F640500][000002C1348AB740 49] Android_Mali_G72_Vulkan, [000002C13F591500][000002C1348AF8C0 49] Android_Mali_G76, [000002C13F643300][000002C1348B3A40 49] Android_Mali_G76_Vulkan, [000002C13F593B00][000002C1348B7BC0 49] Android_Mali_G77, [000002C13F641900][000002C1348BA1C0 49] Android_Mali_G77_Vulkan, [000002C13F592D00][000002C1348BE340 49] Android_Mali_G78, [000002C13F642300][000002C1348C24C0 49] Android_Mali_G78_Vulkan, [000002C13F593000][000002C1348C6640 49] Android_Mali_G710, [000002C13F642F00][000002C1348CA7C0 49] Android_Mali_G710_Vulkan, [000002C13F590F00][000002C1348CE940 49] Android_Vulkan_SM5, [000002C13F640900][000002C1348D2AC0 49] Android_PowerVR_G6xxx, [000002C13F5E9300][000002C1348D6C40 49] Android_PowerVR_GT7xxx, [000002C13F640C00][000002C1348DADC0 49] Android_PowerVR_GE8xxx, [000002C13F5E8B00][000002C1348DEF40 49] Android_PowerVR_GM9xxx, [000002C13F640700][000002C1348E30C0 49] Android_PowerVR_GM9xxx_Vulkan, [000002C13F5E8E00][000002C1348E7240 49] Android_TegraK1, [000002C13F642C00][000002C1348A7380 49] Android_Unknown_Vulkan, [000002C13F5EA600][000002C1348EB4C0 49] Lumin, [000002C13F642A00][000002C14034B600 49] Lumin_Desktop, [000002C13F5EA900][000002C14034F740 49] HoloLens, 
[2025.04.04-22.47.24:131][  0]LogMeshReduction: Using QuadricMeshReduction for automatic static mesh reduction
[2025.04.04-22.47.24:131][  0]LogMeshReduction: Using SimplygonMeshReduction for automatic skeletal mesh reduction
[2025.04.04-22.47.24:131][  0]LogMeshReduction: Using ProxyLODMeshReduction for automatic mesh merging
[2025.04.04-22.47.24:131][  0]LogMeshReduction: No distributed automatic mesh merging module available
[2025.04.04-22.47.24:131][  0]LogMeshMerging: No distributed automatic mesh merging module available
[2025.04.04-22.47.24:147][  0]LogNetVersion: TopDownPuzzle 1.0.0, NetCL: 17155196, EngineNetVer: 17, GameNetVer: 0 (Checksum: 565499533)
[2025.04.04-22.47.24:532][  0]LogTexture: Default maximum texture size for cubemaps generated from long-lat sources has been changed from 512 to unlimited. In order to preserve old behaiour for '/Engine/MapTemplates/Sky/DaylightAmbientCubemap.DaylightAmbientCubemap', its maximum texture size has been explicitly set to 512.
[2025.04.04-22.47.24:590][  0]LogHMD: PokeAHoleMaterial loaded successfully
[2025.04.04-22.47.24:595][  0]LogUObjectArray: 17178 objects as part of root set at end of initial load.
[2025.04.04-22.47.24:595][  0]LogUObjectAllocator: 4302048 out of 0 bytes used by permanent object pool.
[2025.04.04-22.47.24:595][  0]LogUObjectArray: CloseDisregardForGC: 0/0 objects in disregard for GC pool
[2025.04.04-22.47.24:917][  0]LogNiagaraDebuggerClient: Niagara Debugger Client Initialized | Session: 8F32F3344516E2003157E7B3D298CC48 | Instance: C2616ADB4A2533BD5F0CC7A9E2318A83 (LAPTOP-EJ2DB2HV-29264).
[2025.04.04-22.47.25:048][  0]LogPython: Using Python 3.7.7
[2025.04.04-22.47.25:602][  0]LogTcpMessaging: Initializing TcpMessaging bridge
[2025.04.04-22.47.25:607][  0]LogUdpMessaging: Initializing bridge on interface 0.0.0.0:0 to multicast group 230.0.0.1:6666.
[2025.04.04-22.47.26:080][  0]SourceControl: Source control is disabled
[2025.04.04-22.47.26:081][  0]SourceControl: Source control is disabled
[2025.04.04-22.47.26:085][  0]SourceControl: Source control is disabled
[2025.04.04-22.47.26:089][  0]SourceControl: Source control is disabled
[2025.04.04-22.47.26:099][  0]SourceControl: Source control is disabled
[2025.04.04-22.47.26:107][  0]LogUProjectInfo: Found projects:
[2025.04.04-22.47.26:298][  0]LogOpenImageDenoise: OIDN starting up
[2025.04.04-22.47.26:343][  0]LogAndroidPermission: UAndroidPermissionCallbackProxy::GetInstance
[2025.04.04-22.47.26:371][  0]LogAudioCaptureCore: Display: No Audio Capture implementations found. Audio input will be silent.
[2025.04.04-22.47.26:371][  0]LogAudioCaptureCore: Display: No Audio Capture implementations found. Audio input will be silent.
[2025.04.04-22.47.26:507][  0]LogCollectionManager: Loaded 0 collections in 0.001644 seconds
[2025.04.04-22.47.26:535][  0]LogFileCache: Scanning file cache for directory 'C:/Unreal Projects/Top-Down-Puzzle/TopDownPuzzle/Saved/Collections/' took 0.00s
[2025.04.04-22.47.26:535][  0]LogFileCache: Scanning file cache for directory 'C:/Unreal Projects/Top-Down-Puzzle/TopDownPuzzle/Content/Developers/patel/Collections/' took 0.00s
[2025.04.04-22.47.26:535][  0]LogFileCache: Scanning file cache for directory 'C:/Unreal Projects/Top-Down-Puzzle/TopDownPuzzle/Content/Collections/' took 0.00s
[2025.04.04-22.47.26:535][  0]LogOcInput: OculusInput pre-init called
[2025.04.04-22.47.26:784][  0]LogEngine: Initializing Engine...
[2025.04.04-22.47.26:793][  0]LogHMD: Failed to enumerate extensions. Please check that you have a valid OpenXR runtime installed.
[2025.04.04-22.47.26:793][  0]LogHMD: Failed to initialize OpenVR with code 110
[2025.04.04-22.47.26:794][  0]LogMagicLeap: Warning: VR disabled because ZI is not enabled.  To enable, in the editor, Edit -> Project Settings -> Plugins -> Magic Leap Plugin -> Enable Zero Iteration
[2025.04.04-22.47.26:795][  0]LogStats: UGameplayTagsManager::InitializeManager -  0.000 s
[2025.04.04-22.47.26:902][  0]LogInit: Initializing FReadOnlyCVARCache
[2025.04.04-22.47.26:910][  0]LogAIModule: Creating AISystem for world Untitled
[2025.04.04-22.47.26:931][  0]LogAudio: Display: Initializing Audio Device Manager...
[2025.04.04-22.47.26:936][  0]LogAudio: Display: Loading Default Audio Settings Objects...
[2025.04.04-22.47.26:936][  0]LogAudio: Display: No default SoundConcurrencyObject specified (or failed to load).
[2025.04.04-22.47.26:937][  0]LogAudio: Display: Audio Device Manager Initialized
[2025.04.04-22.47.26:937][  0]LogAudio: Display: Creating Audio Device:                 Id: 1, Scope: Shared, Realtime: True
[2025.04.04-22.47.26:937][  0]LogAudioMixer: Display: Audio Mixer Platform Settings:
[2025.04.04-22.47.26:937][  0]LogAudioMixer: Display: 	Sample Rate:						  48000
[2025.04.04-22.47.26:937][  0]LogAudioMixer: Display: 	Callback Buffer Frame Size Requested: 1024
[2025.04.04-22.47.26:937][  0]LogAudioMixer: Display: 	Callback Buffer Frame Size To Use:	  1024
[2025.04.04-22.47.26:937][  0]LogAudioMixer: Display: 	Number of buffers to queue:			  2
[2025.04.04-22.47.26:937][  0]LogAudioMixer: Display: 	Max Channels (voices):				  32
[2025.04.04-22.47.26:937][  0]LogAudioMixer: Display: 	Number of Async Source Workers:		  0
[2025.04.04-22.47.26:937][  0]LogAudio: Display: AudioDevice MaxSources: 32
[2025.04.04-22.47.26:937][  0]LogAudio: Display: Audio Spatialization Plugin: None (built-in).
[2025.04.04-22.47.26:937][  0]LogAudio: Display: Audio Reverb Plugin: None (built-in).
[2025.04.04-22.47.26:937][  0]LogAudio: Display: Audio Occlusion Plugin: None (built-in).
[2025.04.04-22.47.26:937][  0]LogAudioMixer: Display: Initializing audio mixer.
[2025.04.04-22.47.26:958][  0]LogAudioMixer: Display: 0: FrontLeft
[2025.04.04-22.47.26:958][  0]LogAudioMixer: Display: 1: FrontRight
[2025.04.04-22.47.27:030][  0]LogAudioMixer: Display: Using Audio Device Headphone (Realtek(R) Audio)
[2025.04.04-22.47.27:032][  0]LogAudioMixer: Display: Initializing Sound Submixes...
[2025.04.04-22.47.27:034][  0]LogAudioMixer: Display: Creating Master Submix 'MasterSubmixDefault'
[2025.04.04-22.47.27:034][  0]LogAudioMixer: Display: Creating Master Submix 'MasterReverbSubmixDefault'
[2025.04.04-22.47.27:035][  0]LogAudioMixer: Display: Creating Master Submix 'MasterEQSubmixDefault'
[2025.04.04-22.47.27:035][  0]LogAudioMixer: FMixerPlatformXAudio2::StartAudioStream() called
[2025.04.04-22.47.27:035][  0]LogAudioMixer: Display: Output buffers initialized: Frames=1024, Channels=2, Samples=2048
[2025.04.04-22.47.27:037][  0]LogAudioMixer: Display: Starting AudioMixerPlatformInterface::RunInternal()
[2025.04.04-22.47.27:037][  0]LogAudioMixer: Display: FMixerPlatformXAudio2::SubmitBuffer() called for the first time
[2025.04.04-22.47.27:037][  0]LogInit: FAudioDevice initialized.
[2025.04.04-22.47.27:037][  0]LogAudio: Display: Audio Device (ID: 1) registered with world 'Untitled'.
[2025.04.04-22.47.27:037][  0]LogNetVersion: Set ProjectVersion to 1.0.0.0. Version Checksum will be recalculated on next use.
[2025.04.04-22.47.27:102][  0]LogDerivedDataCache: Saved boot cache 0.07s 103MB C:/Users/patel/AppData/Local/UnrealEngine/4.27/DerivedDataCache/Boot.ddc.
[2025.04.04-22.47.27:103][  0]LogInit: Texture streaming: Enabled
[2025.04.04-22.47.27:121][  0]LogAnalytics: Display: [UEEditor.Rocket.Release] APIServer = https://datarouter.ol.epicgames.com/. AppVersion = 4.27.2-18319896+++UE4+Release-4.27
[2025.04.04-22.47.27:128][  0]LogEngineSessionManager: EngineSessionManager initialized
[2025.04.04-22.47.27:128][  0]LogEditorSessionSummary: Verbose: Initializing EditorSessionSummaryWriter for editor session tracking
[2025.04.04-22.47.27:134][  0]LogEditorSessionSummary: EditorSessionSummaryWriter initialized
[2025.04.04-22.47.27:173][  0]LogInit: Transaction tracking system initialized
[2025.04.04-22.47.27:203][  0]BlueprintLog: New page: Editor Load
[2025.04.04-22.47.27:284][  0]LocalizationService: Localization service is disabled
[2025.04.04-22.47.27:314][  0]TimingProfiler: Initialize
[2025.04.04-22.47.27:314][  0]TimingProfiler: OnSessionChanged
[2025.04.04-22.47.27:314][  0]LoadingProfiler: Initialize
[2025.04.04-22.47.27:315][  0]LoadingProfiler: OnSessionChanged
[2025.04.04-22.47.27:315][  0]NetworkingProfiler: Initialize
[2025.04.04-22.47.27:315][  0]NetworkingProfiler: OnSessionChanged
[2025.04.04-22.47.27:315][  0]MemoryProfiler: Initialize
[2025.04.04-22.47.27:315][  0]MemoryProfiler: OnSessionChanged
[2025.04.04-22.47.27:500][  0]LogCook: Display: CookSettings for Memory: MemoryMaxUsedVirtual 0MiB, MemoryMaxUsedPhysical 16384MiB, MemoryMinFreeVirtual 0MiB, MemoryMinFreePhysical 1024MiB
[2025.04.04-22.47.27:500][  0]LogCook: Display: Mobile HDR setting 1
[2025.04.04-22.47.27:753][  0]LogFileCache: Scanning file cache for directory 'C:/Unreal Projects/Top-Down-Puzzle/TopDownPuzzle/Content/' took 0.01s
[2025.04.04-22.47.27:965][  0]LogInit: Display: Engine is initialized. Leaving FEngineLoop::Init()
[2025.04.04-22.47.27:970][  0]SourceControl: Source control is disabled
[2025.04.04-22.47.27:970][  0]LogUnrealEdMisc: Loading editor; pre map load, took 8.110
[2025.04.04-22.47.27:970][  0]Cmd: MAP LOAD FILE="../../../../../../Unreal Projects/Top-Down-Puzzle/TopDownPuzzle/Content/TopDownCPP/Maps/TopDownExampleMap.umap" TEMPLATE=0 SHOWPROGRESS=1 FEATURELEVEL=3
[2025.04.04-22.47.27:970][  0]LightingResults: New page: Lighting Build
[2025.04.04-22.47.27:972][  0]LogWorld: UWorld::CleanupWorld for Untitled, bSessionEnded=true, bCleanupResources=true
[2025.04.04-22.47.27:972][  0]LogSlate: InvalidateAllWidgets triggered.  All widgets were invalidated
[2025.04.04-22.47.27:972][  0]MapCheck: New page: Map Check
[2025.04.04-22.47.27:972][  0]LightingResults: New page: Lighting Build
[2025.04.04-22.47.27:977][  0]LogAudio: Display: Audio Device unregistered from world 'None'.
[2025.04.04-22.47.27:980][  0]LogUObjectHash: Compacting FUObjectHashTables data took   0.85ms
[2025.04.04-22.47.28:088][  0]LogAudio: Display: Audio Device (ID: 1) registered with world 'TopDownExampleMap'.
[2025.04.04-22.47.28:089][  0]LogAIModule: Creating AISystem for world TopDownExampleMap
[2025.04.04-22.47.28:103][  0]LogEditorServer: Finished looking for orphan Actors (0.000 secs)
[2025.04.04-22.47.28:112][  0]LogUObjectHash: Compacting FUObjectHashTables data took   1.25ms
[2025.04.04-22.47.28:113][  0]Cmd: MAP CHECKDEP NOCLEARLOG
[2025.04.04-22.47.28:113][  0]MapCheck: Map check complete: 0 Error(s), 0 Warning(s), took 0.221ms to complete.
[2025.04.04-22.47.28:113][  0]LogFileHelpers: Loading map 'TopDownExampleMap' took 0.143
[2025.04.04-22.47.28:116][  0]LogUnrealEdMisc: Total Editor Startup Time, took 8.255
[2025.04.04-22.47.28:364][  0]LogSlate: Updating window title bar state: overlay mode, drag disabled, window buttons hidden, title bar hidden
[2025.04.04-22.47.28:375][  0]LogSlate: Updating window title bar state: overlay mode, drag disabled, window buttons hidden, title bar hidden
[2025.04.04-22.47.28:384][  0]LogSlate: Updating window title bar state: overlay mode, drag disabled, window buttons hidden, title bar hidden
[2025.04.04-22.47.28:393][  0]LogSlate: Updating window title bar state: overlay mode, drag disabled, window buttons hidden, title bar hidden
[2025.04.04-22.47.28:437][  0]LogNativeClassHierarchy: Verbose: Native class hierarchy populated in 0.0128 seconds. Added 3826 classes and 930 folders.
[2025.04.04-22.47.28:446][  0]LogNativeClassHierarchy: Verbose: Native class hierarchy updated for 'WidgetCarousel' in 0.0004 seconds. Added 0 classes and 0 folders.
[2025.04.04-22.47.28:451][  0]LogPakFile: PakFile PrimaryIndexSize=187
[2025.04.04-22.47.28:451][  0]LogPakFile: PakFile PathHashIndexSize=101
[2025.04.04-22.47.28:451][  0]LogPakFile: PakFile FullDirectoryIndexSize=148
[2025.04.04-22.47.28:452][  0]LogShaderLibrary: Display: ShaderCodeLibraryPakFileMountedCallback: PakFile 'C:/Program Files/UE/UE_4.27/FeaturePacks/FP_FirstPerson.upack' (chunk index -1, root 'root:/') mounted
[2025.04.04-22.47.28:452][  0]LogShaderLibrary: Display: ShaderCodeLibraryPakFileMountedCallback: pending pak file info (ChunkID:-1 Root:root:/ File:C:/Program Files/UE/UE_4.27/FeaturePacks/FP_FirstPerson.upack)
[2025.04.04-22.47.28:452][  0]LogPakFile: OnPakFileMounted2Time == 0.000292
[2025.04.04-22.47.28:456][  0]LogPakFile: PakFile PrimaryIndexSize=189
[2025.04.04-22.47.28:456][  0]LogPakFile: PakFile PathHashIndexSize=101
[2025.04.04-22.47.28:456][  0]LogPakFile: PakFile FullDirectoryIndexSize=152
[2025.04.04-22.47.28:456][  0]LogShaderLibrary: Display: ShaderCodeLibraryPakFileMountedCallback: PakFile 'C:/Program Files/UE/UE_4.27/FeaturePacks/FP_FirstPersonBP.upack' (chunk index -1, root 'root:/') mounted
[2025.04.04-22.47.28:456][  0]LogShaderLibrary: Display: ShaderCodeLibraryPakFileMountedCallback: pending pak file info (ChunkID:-1 Root:root:/ File:C:/Program Files/UE/UE_4.27/FeaturePacks/FP_FirstPersonBP.upack)
[2025.04.04-22.47.28:456][  0]LogPakFile: OnPakFileMounted2Time == 0.000056
[2025.04.04-22.47.28:458][  0]LogPakFile: PakFile PrimaryIndexSize=191
[2025.04.04-22.47.28:458][  0]LogPakFile: PakFile PathHashIndexSize=101
[2025.04.04-22.47.28:458][  0]LogPakFile: PakFile FullDirectoryIndexSize=160
[2025.04.04-22.47.28:458][  0]LogShaderLibrary: Display: ShaderCodeLibraryPakFileMountedCallback: PakFile 'C:/Program Files/UE/UE_4.27/FeaturePacks/MobileStarterContent.upack' (chunk index -1, root 'root:/') mounted
[2025.04.04-22.47.28:458][  0]LogShaderLibrary: Display: ShaderCodeLibraryPakFileMountedCallback: pending pak file info (ChunkID:-1 Root:root:/ File:C:/Program Files/UE/UE_4.27/FeaturePacks/MobileStarterContent.upack)
[2025.04.04-22.47.28:458][  0]LogPakFile: OnPakFileMounted2Time == 0.000039
[2025.04.04-22.47.28:460][  0]LogPakFile: PakFile PrimaryIndexSize=185
[2025.04.04-22.47.28:460][  0]LogPakFile: PakFile PathHashIndexSize=101
[2025.04.04-22.47.28:460][  0]LogPakFile: PakFile FullDirectoryIndexSize=148
[2025.04.04-22.47.28:460][  0]LogShaderLibrary: Display: ShaderCodeLibraryPakFileMountedCallback: PakFile 'C:/Program Files/UE/UE_4.27/FeaturePacks/StarterContent.upack' (chunk index -1, root 'root:/') mounted
[2025.04.04-22.47.28:460][  0]LogShaderLibrary: Display: ShaderCodeLibraryPakFileMountedCallback: pending pak file info (ChunkID:-1 Root:root:/ File:C:/Program Files/UE/UE_4.27/FeaturePacks/StarterContent.upack)
[2025.04.04-22.47.28:460][  0]LogPakFile: OnPakFileMounted2Time == 0.000060
[2025.04.04-22.47.28:462][  0]LogPakFile: PakFile PrimaryIndexSize=190
[2025.04.04-22.47.28:462][  0]LogPakFile: PakFile PathHashIndexSize=101
[2025.04.04-22.47.28:462][  0]LogPakFile: PakFile FullDirectoryIndexSize=154
[2025.04.04-22.47.28:462][  0]LogShaderLibrary: Display: ShaderCodeLibraryPakFileMountedCallback: PakFile 'C:/Program Files/UE/UE_4.27/FeaturePacks/TP_2DSideScroller.upack' (chunk index -1, root 'root:/') mounted
[2025.04.04-22.47.28:462][  0]LogShaderLibrary: Display: ShaderCodeLibraryPakFileMountedCallback: pending pak file info (ChunkID:-1 Root:root:/ File:C:/Program Files/UE/UE_4.27/FeaturePacks/TP_2DSideScroller.upack)
[2025.04.04-22.47.28:462][  0]LogPakFile: OnPakFileMounted2Time == 0.000042
[2025.04.04-22.47.28:464][  0]LogPakFile: PakFile PrimaryIndexSize=192
[2025.04.04-22.47.28:464][  0]LogPakFile: PakFile PathHashIndexSize=101
[2025.04.04-22.47.28:464][  0]LogPakFile: PakFile FullDirectoryIndexSize=158
[2025.04.04-22.47.28:464][  0]LogShaderLibrary: Display: ShaderCodeLibraryPakFileMountedCallback: PakFile 'C:/Program Files/UE/UE_4.27/FeaturePacks/TP_2DSideScrollerBP.upack' (chunk index -1, root 'root:/') mounted
[2025.04.04-22.47.28:464][  0]LogShaderLibrary: Display: ShaderCodeLibraryPakFileMountedCallback: pending pak file info (ChunkID:-1 Root:root:/ File:C:/Program Files/UE/UE_4.27/FeaturePacks/TP_2DSideScrollerBP.upack)
[2025.04.04-22.47.28:464][  0]LogPakFile: OnPakFileMounted2Time == 0.000109
[2025.04.04-22.47.28:466][  0]LogPakFile: PakFile PrimaryIndexSize=182
[2025.04.04-22.47.28:466][  0]LogPakFile: PakFile PathHashIndexSize=101
[2025.04.04-22.47.28:466][  0]LogPakFile: PakFile FullDirectoryIndexSize=138
[2025.04.04-22.47.28:466][  0]LogShaderLibrary: Display: ShaderCodeLibraryPakFileMountedCallback: PakFile 'C:/Program Files/UE/UE_4.27/FeaturePacks/TP_Flying.upack' (chunk index -1, root 'root:/') mounted
[2025.04.04-22.47.28:466][  0]LogShaderLibrary: Display: ShaderCodeLibraryPakFileMountedCallback: pending pak file info (ChunkID:-1 Root:root:/ File:C:/Program Files/UE/UE_4.27/FeaturePacks/TP_Flying.upack)
[2025.04.04-22.47.28:466][  0]LogPakFile: OnPakFileMounted2Time == 0.000051
[2025.04.04-22.47.28:468][  0]LogPakFile: PakFile PrimaryIndexSize=184
[2025.04.04-22.47.28:468][  0]LogPakFile: PakFile PathHashIndexSize=101
[2025.04.04-22.47.28:468][  0]LogPakFile: PakFile FullDirectoryIndexSize=142
[2025.04.04-22.47.28:468][  0]LogShaderLibrary: Display: ShaderCodeLibraryPakFileMountedCallback: PakFile 'C:/Program Files/UE/UE_4.27/FeaturePacks/TP_FlyingBP.upack' (chunk index -1, root 'root:/') mounted
[2025.04.04-22.47.28:468][  0]LogShaderLibrary: Display: ShaderCodeLibraryPakFileMountedCallback: pending pak file info (ChunkID:-1 Root:root:/ File:C:/Program Files/UE/UE_4.27/FeaturePacks/TP_FlyingBP.upack)
[2025.04.04-22.47.28:468][  0]LogPakFile: OnPakFileMounted2Time == 0.000052
[2025.04.04-22.47.28:471][  0]LogPakFile: PakFile PrimaryIndexSize=188
[2025.04.04-22.47.28:471][  0]LogPakFile: PakFile PathHashIndexSize=101
[2025.04.04-22.47.28:471][  0]LogPakFile: PakFile FullDirectoryIndexSize=150
[2025.04.04-22.47.28:471][  0]LogShaderLibrary: Display: ShaderCodeLibraryPakFileMountedCallback: PakFile 'C:/Program Files/UE/UE_4.27/FeaturePacks/TP_HandheldARBP.upack' (chunk index -1, root 'root:/') mounted
[2025.04.04-22.47.28:471][  0]LogShaderLibrary: Display: ShaderCodeLibraryPakFileMountedCallback: pending pak file info (ChunkID:-1 Root:root:/ File:C:/Program Files/UE/UE_4.27/FeaturePacks/TP_HandheldARBP.upack)
[2025.04.04-22.47.28:471][  0]LogPakFile: OnPakFileMounted2Time == 0.000036
[2025.04.04-22.47.28:473][  0]LogPakFile: PakFile PrimaryIndexSize=182
[2025.04.04-22.47.28:473][  0]LogPakFile: PakFile PathHashIndexSize=101
[2025.04.04-22.47.28:473][  0]LogPakFile: PakFile FullDirectoryIndexSize=138
[2025.04.04-22.47.28:473][  0]LogShaderLibrary: Display: ShaderCodeLibraryPakFileMountedCallback: PakFile 'C:/Program Files/UE/UE_4.27/FeaturePacks/TP_Puzzle.upack' (chunk index -1, root 'root:/') mounted
[2025.04.04-22.47.28:473][  0]LogShaderLibrary: Display: ShaderCodeLibraryPakFileMountedCallback: pending pak file info (ChunkID:-1 Root:root:/ File:C:/Program Files/UE/UE_4.27/FeaturePacks/TP_Puzzle.upack)
[2025.04.04-22.47.28:473][  0]LogPakFile: OnPakFileMounted2Time == 0.000034
[2025.04.04-22.47.28:474][  0]LogPakFile: PakFile PrimaryIndexSize=184
[2025.04.04-22.47.28:474][  0]LogPakFile: PakFile PathHashIndexSize=101
[2025.04.04-22.47.28:474][  0]LogPakFile: PakFile FullDirectoryIndexSize=142
[2025.04.04-22.47.28:474][  0]LogShaderLibrary: Display: ShaderCodeLibraryPakFileMountedCallback: PakFile 'C:/Program Files/UE/UE_4.27/FeaturePacks/TP_PuzzleBP.upack' (chunk index -1, root 'root:/') mounted
[2025.04.04-22.47.28:474][  0]LogShaderLibrary: Display: ShaderCodeLibraryPakFileMountedCallback: pending pak file info (ChunkID:-1 Root:root:/ File:C:/Program Files/UE/UE_4.27/FeaturePacks/TP_PuzzleBP.upack)
[2025.04.04-22.47.28:474][  0]LogPakFile: OnPakFileMounted2Time == 0.000032
[2025.04.04-22.47.28:476][  0]LogPakFile: PakFile PrimaryIndexSize=183
[2025.04.04-22.47.28:476][  0]LogPakFile: PakFile PathHashIndexSize=101
[2025.04.04-22.47.28:476][  0]LogPakFile: PakFile FullDirectoryIndexSize=140
[2025.04.04-22.47.28:476][  0]LogShaderLibrary: Display: ShaderCodeLibraryPakFileMountedCallback: PakFile 'C:/Program Files/UE/UE_4.27/FeaturePacks/TP_Rolling.upack' (chunk index -1, root 'root:/') mounted
[2025.04.04-22.47.28:476][  0]LogShaderLibrary: Display: ShaderCodeLibraryPakFileMountedCallback: pending pak file info (ChunkID:-1 Root:root:/ File:C:/Program Files/UE/UE_4.27/FeaturePacks/TP_Rolling.upack)
[2025.04.04-22.47.28:476][  0]LogPakFile: OnPakFileMounted2Time == 0.000035
[2025.04.04-22.47.28:478][  0]LogPakFile: PakFile PrimaryIndexSize=185
[2025.04.04-22.47.28:478][  0]LogPakFile: PakFile PathHashIndexSize=101
[2025.04.04-22.47.28:478][  0]LogPakFile: PakFile FullDirectoryIndexSize=144
[2025.04.04-22.47.28:478][  0]LogShaderLibrary: Display: ShaderCodeLibraryPakFileMountedCallback: PakFile 'C:/Program Files/UE/UE_4.27/FeaturePacks/TP_RollingBP.upack' (chunk index -1, root 'root:/') mounted
[2025.04.04-22.47.28:478][  0]LogShaderLibrary: Display: ShaderCodeLibraryPakFileMountedCallback: pending pak file info (ChunkID:-1 Root:root:/ File:C:/Program Files/UE/UE_4.27/FeaturePacks/TP_RollingBP.upack)
[2025.04.04-22.47.28:478][  0]LogPakFile: OnPakFileMounted2Time == 0.000033
[2025.04.04-22.47.28:479][  0]LogPakFile: PakFile PrimaryIndexSize=188
[2025.04.04-22.47.28:479][  0]LogPakFile: PakFile PathHashIndexSize=101
[2025.04.04-22.47.28:479][  0]LogPakFile: PakFile FullDirectoryIndexSize=150
[2025.04.04-22.47.28:479][  0]LogShaderLibrary: Display: ShaderCodeLibraryPakFileMountedCallback: PakFile 'C:/Program Files/UE/UE_4.27/FeaturePacks/TP_SideScroller.upack' (chunk index -1, root 'root:/') mounted
[2025.04.04-22.47.28:479][  0]LogShaderLibrary: Display: ShaderCodeLibraryPakFileMountedCallback: pending pak file info (ChunkID:-1 Root:root:/ File:C:/Program Files/UE/UE_4.27/FeaturePacks/TP_SideScroller.upack)
[2025.04.04-22.47.28:479][  0]LogPakFile: OnPakFileMounted2Time == 0.000035
[2025.04.04-22.47.28:481][  0]LogPakFile: PakFile PrimaryIndexSize=190
[2025.04.04-22.47.28:481][  0]LogPakFile: PakFile PathHashIndexSize=101
[2025.04.04-22.47.28:481][  0]LogPakFile: PakFile FullDirectoryIndexSize=154
[2025.04.04-22.47.28:481][  0]LogShaderLibrary: Display: ShaderCodeLibraryPakFileMountedCallback: PakFile 'C:/Program Files/UE/UE_4.27/FeaturePacks/TP_SideScrollerBP.upack' (chunk index -1, root 'root:/') mounted
[2025.04.04-22.47.28:481][  0]LogShaderLibrary: Display: ShaderCodeLibraryPakFileMountedCallback: pending pak file info (ChunkID:-1 Root:root:/ File:C:/Program Files/UE/UE_4.27/FeaturePacks/TP_SideScrollerBP.upack)
[2025.04.04-22.47.28:481][  0]LogPakFile: OnPakFileMounted2Time == 0.000032
[2025.04.04-22.47.28:482][  0]LogPakFile: PakFile PrimaryIndexSize=187
[2025.04.04-22.47.28:482][  0]LogPakFile: PakFile PathHashIndexSize=101
[2025.04.04-22.47.28:482][  0]LogPakFile: PakFile FullDirectoryIndexSize=148
[2025.04.04-22.47.28:482][  0]LogShaderLibrary: Display: ShaderCodeLibraryPakFileMountedCallback: PakFile 'C:/Program Files/UE/UE_4.27/FeaturePacks/TP_ThirdPerson.upack' (chunk index -1, root 'root:/') mounted
[2025.04.04-22.47.28:482][  0]LogShaderLibrary: Display: ShaderCodeLibraryPakFileMountedCallback: pending pak file info (ChunkID:-1 Root:root:/ File:C:/Program Files/UE/UE_4.27/FeaturePacks/TP_ThirdPerson.upack)
[2025.04.04-22.47.28:482][  0]LogPakFile: OnPakFileMounted2Time == 0.000033
[2025.04.04-22.47.28:485][  0]LogPakFile: PakFile PrimaryIndexSize=189
[2025.04.04-22.47.28:485][  0]LogPakFile: PakFile PathHashIndexSize=101
[2025.04.04-22.47.28:485][  0]LogPakFile: PakFile FullDirectoryIndexSize=152
[2025.04.04-22.47.28:485][  0]LogShaderLibrary: Display: ShaderCodeLibraryPakFileMountedCallback: PakFile 'C:/Program Files/UE/UE_4.27/FeaturePacks/TP_ThirdPersonBP.upack' (chunk index -1, root 'root:/') mounted
[2025.04.04-22.47.28:485][  0]LogShaderLibrary: Display: ShaderCodeLibraryPakFileMountedCallback: pending pak file info (ChunkID:-1 Root:root:/ File:C:/Program Files/UE/UE_4.27/FeaturePacks/TP_ThirdPersonBP.upack)
[2025.04.04-22.47.28:485][  0]LogPakFile: OnPakFileMounted2Time == 0.000031
[2025.04.04-22.47.28:487][  0]LogPakFile: PakFile PrimaryIndexSize=183
[2025.04.04-22.47.28:487][  0]LogPakFile: PakFile PathHashIndexSize=101
[2025.04.04-22.47.28:487][  0]LogPakFile: PakFile FullDirectoryIndexSize=140
[2025.04.04-22.47.28:487][  0]LogShaderLibrary: Display: ShaderCodeLibraryPakFileMountedCallback: PakFile 'C:/Program Files/UE/UE_4.27/FeaturePacks/TP_TopDown.upack' (chunk index -1, root 'root:/') mounted
[2025.04.04-22.47.28:487][  0]LogShaderLibrary: Display: ShaderCodeLibraryPakFileMountedCallback: pending pak file info (ChunkID:-1 Root:root:/ File:C:/Program Files/UE/UE_4.27/FeaturePacks/TP_TopDown.upack)
[2025.04.04-22.47.28:487][  0]LogPakFile: OnPakFileMounted2Time == 0.000038
[2025.04.04-22.47.28:489][  0]LogPakFile: PakFile PrimaryIndexSize=185
[2025.04.04-22.47.28:489][  0]LogPakFile: PakFile PathHashIndexSize=101
[2025.04.04-22.47.28:489][  0]LogPakFile: PakFile FullDirectoryIndexSize=144
[2025.04.04-22.47.28:489][  0]LogShaderLibrary: Display: ShaderCodeLibraryPakFileMountedCallback: PakFile 'C:/Program Files/UE/UE_4.27/FeaturePacks/TP_TopDownBP.upack' (chunk index -1, root 'root:/') mounted
[2025.04.04-22.47.28:489][  0]LogShaderLibrary: Display: ShaderCodeLibraryPakFileMountedCallback: pending pak file info (ChunkID:-1 Root:root:/ File:C:/Program Files/UE/UE_4.27/FeaturePacks/TP_TopDownBP.upack)
[2025.04.04-22.47.28:489][  0]LogPakFile: OnPakFileMounted2Time == 0.000034
[2025.04.04-22.47.28:492][  0]LogPakFile: PakFile PrimaryIndexSize=185
[2025.04.04-22.47.28:492][  0]LogPakFile: PakFile PathHashIndexSize=101
[2025.04.04-22.47.28:492][  0]LogPakFile: PakFile FullDirectoryIndexSize=144
[2025.04.04-22.47.28:492][  0]LogShaderLibrary: Display: ShaderCodeLibraryPakFileMountedCallback: PakFile 'C:/Program Files/UE/UE_4.27/FeaturePacks/TP_TwinStick.upack' (chunk index -1, root 'root:/') mounted
[2025.04.04-22.47.28:492][  0]LogShaderLibrary: Display: ShaderCodeLibraryPakFileMountedCallback: pending pak file info (ChunkID:-1 Root:root:/ File:C:/Program Files/UE/UE_4.27/FeaturePacks/TP_TwinStick.upack)
[2025.04.04-22.47.28:492][  0]LogPakFile: OnPakFileMounted2Time == 0.000033
[2025.04.04-22.47.28:494][  0]LogPakFile: PakFile PrimaryIndexSize=187
[2025.04.04-22.47.28:494][  0]LogPakFile: PakFile PathHashIndexSize=101
[2025.04.04-22.47.28:494][  0]LogPakFile: PakFile FullDirectoryIndexSize=148
[2025.04.04-22.47.28:495][  0]LogShaderLibrary: Display: ShaderCodeLibraryPakFileMountedCallback: PakFile 'C:/Program Files/UE/UE_4.27/FeaturePacks/TP_TwinStickBP.upack' (chunk index -1, root 'root:/') mounted
[2025.04.04-22.47.28:495][  0]LogShaderLibrary: Display: ShaderCodeLibraryPakFileMountedCallback: pending pak file info (ChunkID:-1 Root:root:/ File:C:/Program Files/UE/UE_4.27/FeaturePacks/TP_TwinStickBP.upack)
[2025.04.04-22.47.28:495][  0]LogPakFile: OnPakFileMounted2Time == 0.000045
[2025.04.04-22.47.28:497][  0]LogPakFile: PakFile PrimaryIndexSize=183
[2025.04.04-22.47.28:497][  0]LogPakFile: PakFile PathHashIndexSize=101
[2025.04.04-22.47.28:497][  0]LogPakFile: PakFile FullDirectoryIndexSize=140
[2025.04.04-22.47.28:497][  0]LogShaderLibrary: Display: ShaderCodeLibraryPakFileMountedCallback: PakFile 'C:/Program Files/UE/UE_4.27/FeaturePacks/TP_Vehicle.upack' (chunk index -1, root 'root:/') mounted
[2025.04.04-22.47.28:497][  0]LogShaderLibrary: Display: ShaderCodeLibraryPakFileMountedCallback: pending pak file info (ChunkID:-1 Root:root:/ File:C:/Program Files/UE/UE_4.27/FeaturePacks/TP_Vehicle.upack)
[2025.04.04-22.47.28:497][  0]LogPakFile: OnPakFileMounted2Time == 0.000055
[2025.04.04-22.47.28:499][  0]LogPakFile: PakFile PrimaryIndexSize=186
[2025.04.04-22.47.28:499][  0]LogPakFile: PakFile PathHashIndexSize=101
[2025.04.04-22.47.28:499][  0]LogPakFile: PakFile FullDirectoryIndexSize=146
[2025.04.04-22.47.28:499][  0]LogShaderLibrary: Display: ShaderCodeLibraryPakFileMountedCallback: PakFile 'C:/Program Files/UE/UE_4.27/FeaturePacks/TP_VehicleAdv.upack' (chunk index -1, root 'root:/') mounted
[2025.04.04-22.47.28:499][  0]LogShaderLibrary: Display: ShaderCodeLibraryPakFileMountedCallback: pending pak file info (ChunkID:-1 Root:root:/ File:C:/Program Files/UE/UE_4.27/FeaturePacks/TP_VehicleAdv.upack)
[2025.04.04-22.47.28:499][  0]LogPakFile: OnPakFileMounted2Time == 0.000046
[2025.04.04-22.47.28:501][  0]LogPakFile: PakFile PrimaryIndexSize=188
[2025.04.04-22.47.28:501][  0]LogPakFile: PakFile PathHashIndexSize=101
[2025.04.04-22.47.28:501][  0]LogPakFile: PakFile FullDirectoryIndexSize=150
[2025.04.04-22.47.28:501][  0]LogShaderLibrary: Display: ShaderCodeLibraryPakFileMountedCallback: PakFile 'C:/Program Files/UE/UE_4.27/FeaturePacks/TP_VehicleAdvBP.upack' (chunk index -1, root 'root:/') mounted
[2025.04.04-22.47.28:501][  0]LogShaderLibrary: Display: ShaderCodeLibraryPakFileMountedCallback: pending pak file info (ChunkID:-1 Root:root:/ File:C:/Program Files/UE/UE_4.27/FeaturePacks/TP_VehicleAdvBP.upack)
[2025.04.04-22.47.28:501][  0]LogPakFile: OnPakFileMounted2Time == 0.000032
[2025.04.04-22.47.28:503][  0]LogPakFile: PakFile PrimaryIndexSize=185
[2025.04.04-22.47.28:503][  0]LogPakFile: PakFile PathHashIndexSize=101
[2025.04.04-22.47.28:503][  0]LogPakFile: PakFile FullDirectoryIndexSize=144
[2025.04.04-22.47.28:503][  0]LogShaderLibrary: Display: ShaderCodeLibraryPakFileMountedCallback: PakFile 'C:/Program Files/UE/UE_4.27/FeaturePacks/TP_VehicleBP.upack' (chunk index -1, root 'root:/') mounted
[2025.04.04-22.47.28:503][  0]LogShaderLibrary: Display: ShaderCodeLibraryPakFileMountedCallback: pending pak file info (ChunkID:-1 Root:root:/ File:C:/Program Files/UE/UE_4.27/FeaturePacks/TP_VehicleBP.upack)
[2025.04.04-22.47.28:503][  0]LogPakFile: OnPakFileMounted2Time == 0.000146
[2025.04.04-22.47.28:505][  0]LogPakFile: PakFile PrimaryIndexSize=192
[2025.04.04-22.47.28:505][  0]LogPakFile: PakFile PathHashIndexSize=101
[2025.04.04-22.47.28:505][  0]LogPakFile: PakFile FullDirectoryIndexSize=158
[2025.04.04-22.47.28:505][  0]LogShaderLibrary: Display: ShaderCodeLibraryPakFileMountedCallback: PakFile 'C:/Program Files/UE/UE_4.27/FeaturePacks/TP_VirtualRealityBP.upack' (chunk index -1, root 'root:/') mounted
[2025.04.04-22.47.28:505][  0]LogShaderLibrary: Display: ShaderCodeLibraryPakFileMountedCallback: pending pak file info (ChunkID:-1 Root:root:/ File:C:/Program Files/UE/UE_4.27/FeaturePacks/TP_VirtualRealityBP.upack)
[2025.04.04-22.47.28:505][  0]LogPakFile: OnPakFileMounted2Time == 0.000035
[2025.04.04-22.47.28:645][  0]LogNativeClassHierarchy: Verbose: Native class hierarchy updated for 'AddContentDialog' in 0.0002 seconds. Added 0 classes and 0 folders.
[2025.04.04-22.47.28:650][  0]LogNativeClassHierarchy: Verbose: Native class hierarchy updated for 'SceneOutliner' in 0.0003 seconds. Added 2 classes and 0 folders.
[2025.04.04-22.47.28:753][  0]LogSlate: Took 0.000226 seconds to synchronously load lazily loaded font '../../../Engine/Content/Slate/Fonts/Roboto-Regular.ttf' (155K)
[2025.04.04-22.47.28:755][  0]LogSlate: Took 0.001052 seconds to synchronously load lazily loaded font '../../../Engine/Content/Editor/Slate/Fonts/FontAwesome.ttf' (139K)
[2025.04.04-22.47.28:757][  0]LogSlate: Took 0.000222 seconds to synchronously load lazily loaded font '../../../Engine/Content/Slate/Fonts/Roboto-Bold.ttf' (160K)
[2025.04.04-22.47.28:860][  0]LogRenderer: Reallocating scene render targets to support 896x428 Format 10 NumSamples 1 (Frame:1).
[2025.04.04-22.47.29:033][  0]LogNativeClassHierarchy: Verbose: Native class hierarchy updated for 'HierarchicalLODOutliner' in 0.0003 seconds. Added 0 classes and 0 folders.
[2025.04.04-22.47.29:033][  0]LogInput: Warning: Action SetDestination uses invalid key OculusGo_Left_Trigger_Click.
[2025.04.04-22.47.29:033][  0]LogInput: Warning: Action ResetVR uses invalid key OculusGo_Left_Back_Click.
[2025.04.04-22.47.29:033][  0]LogInput: Warning: Use -RemoveInvalidKeys to remove instances of these keys from the action mapping.
[2025.04.04-22.47.29:033][  0]LogLoad: (Engine Initialization) Total time: 9.17 seconds
[2025.04.04-22.47.29:033][  0]LogLoad: (Engine Initialization) Total Blueprint compile time: 0.00 seconds
[2025.04.04-22.47.29:093][  0]LogAssetRegistry: Asset discovery search completed in 5.3176 seconds
[2025.04.04-22.47.29:099][  0]LogCollectionManager: Fixed up redirectors for 0 collections in 0.000003 seconds (updated 0 objects)
[2025.04.04-22.47.29:101][  0]LogContentStreaming: Texture pool size now 1000 MB
[2025.04.04-22.47.29:249][  3]LogSlate: Took 0.001147 seconds to synchronously load lazily loaded font '../../../Engine/Content/Slate/Fonts/Roboto-Light.ttf' (167K)
[2025.04.04-22.47.44:444][904]Cmd: TRANSACTION UNDO
[2025.04.04-22.47.44:444][904]LogEditorTransaction: Undo Edit X
[2025.04.04-22.47.44:460][904]LogSlate: Took 0.000290 seconds to synchronously load lazily loaded font '../../../Engine/Content/Slate/Fonts/Roboto-Light.ttf' (167K)
[2025.04.04-22.47.49:223][185]Cmd: TRANSACTION UNDO
[2025.04.04-22.47.49:223][185]LogEditorTransaction: Undo Edit Z
[2025.04.04-22.48.03:438][ 32]LogEditorViewport: Clicking on Actor (LMB): BP_Sky_Sphere_C (SkySphereBlueprint)
[2025.04.04-22.48.34:323][881]Cmd: TRANSACTION UNDO
[2025.04.04-22.48.34:323][881]LogEditorTransaction: Undo Move Actors
[2025.04.04-22.48.34:741][902]Cmd: TRANSACTION UNDO
[2025.04.04-22.48.34:741][902]LogEditorTransaction: Undo Edit Y
[2025.04.04-22.48.35:527][949]Cmd: TRANSACTION UNDO
[2025.04.04-22.48.35:527][949]LogEditorTransaction: Undo Edit Y
[2025.04.04-22.48.35:894][971]Cmd: TRANSACTION UNDO
[2025.04.04-22.48.35:894][971]LogEditorTransaction: Undo Edit Y
[2025.04.04-22.48.36:327][997]Cmd: TRANSACTION UNDO
[2025.04.04-22.48.36:327][997]LogEditorTransaction: Undo Clicking on Actors
[2025.04.04-22.48.36:862][ 28]Cmd: TRANSACTION UNDO
[2025.04.04-22.48.36:862][ 28]LogEditorTransaction: Undo Clicking on Actors
[2025.04.04-22.48.37:240][ 50]Cmd: TRANSACTION UNDO
[2025.04.04-22.48.37:240][ 50]LogEditorTransaction: Undo Edit Y
[2025.04.04-22.48.39:375][173]LogEditorViewport: Clicking on Actor (context menu): BP_Sky_Sphere_C (SkySphereBlueprint)
[2025.04.04-22.48.40:382][231]LogEditorViewport: Clicking on Actor (context menu): BP_Sky_Sphere_C (SkySphereBlueprint)
[2025.04.04-22.48.42:460][354]LogEditorViewport: Clicking on Actor (context menu): BP_Sky_Sphere_C (SkySphereBlueprint)
[2025.04.04-22.48.43:658][425]LogEditorViewport: Clicking on Actor (context menu): BP_Sky_Sphere_C (SkySphereBlueprint)
[2025.04.04-22.48.44:685][485]LogEditorViewport: Clicking on Actor (context menu): BP_Sky_Sphere_C (SkySphereBlueprint)
[2025.04.04-22.48.45:450][530]LogEditorViewport: Clicking on Actor (context menu): BP_Sky_Sphere_C (SkySphereBlueprint)
[2025.04.04-22.48.46:061][566]LogEditorViewport: Clicking on Actor (context menu): BP_Sky_Sphere_C (SkySphereBlueprint)
[2025.04.04-22.48.48:096][687]LogEditorViewport: Clicking on Actor (context menu): BP_Sky_Sphere_C (SkySphereBlueprint)
[2025.04.04-22.48.51:543][892]LogEditorViewport: Clicking on Actor (context menu): LightmassImportanceVolume (LightmassImportanceVolume)
[2025.04.04-22.48.53:162][986]LogEditorViewport: Clicking on Actor (context menu): NavMeshBoundsVolume (NavigationMeshBoundsVolume)
[2025.04.04-22.48.53:719][ 16]LogEditorViewport: Clicking on Actor (LMB): BP_Sky_Sphere_C (SkySphereBlueprint)
[2025.04.04-22.49.04:595][667]LogEditorViewport: Clicking on Actor (context menu): BP_Sky_Sphere_C (SkySphereBlueprint)
[2025.04.04-22.49.04:825][680]LogEditorViewport: Clicking on Actor (context menu): BP_Sky_Sphere_C (SkySphereBlueprint)
[2025.04.04-22.49.04:990][689]LogEditorViewport: Clicking on Actor (context menu): BP_Sky_Sphere_C (SkySphereBlueprint)
[2025.04.04-22.49.27:815][ 53]Cmd: TRANSACTION UNDO
[2025.04.04-22.49.27:815][ 53]LogEditorTransaction: Undo Set Scale
[2025.04.04-22.49.28:150][ 70]Cmd: TRANSACTION UNDO
[2025.04.04-22.49.28:150][ 70]LogEditorTransaction: Undo Move Actors
[2025.04.04-22.49.28:473][ 85]Cmd: TRANSACTION UNDO
[2025.04.04-22.49.28:473][ 85]LogEditorTransaction: Undo Clicking on Actors
[2025.04.04-22.49.30:400][195]Cmd: TRANSACTION UNDO
[2025.04.04-22.49.30:400][195]LogEditorTransaction: Undo Clicking on Actors
[2025.04.04-22.49.30:644][209]Cmd: TRANSACTION UNDO
[2025.04.04-22.49.30:644][209]LogEditorTransaction: Undo Clicking on Actors (context menu)
[2025.04.04-22.49.31:906][283]Cmd: TRANSACTION UNDO
[2025.04.04-22.49.31:906][283]LogEditorTransaction: Undo Clicking on Actors (context menu)
[2025.04.04-22.49.37:092][583]LogUObjectHash: Compacting FUObjectHashTables data took   0.75ms
[2025.04.04-22.49.37:117][583]LogSavePackage: Moving '../../../../../../Unreal Projects/Top-Down-Puzzle/TopDownPuzzle/Saved/TopDownExampleMap9D8B02A34D037512A03DE99FEAA830F7.tmp' to '../../../../../../Unreal Projects/Top-Down-Puzzle/TopDownPuzzle/Content/TopDownCPP/Maps/TopDownExampleMap.umap'
[2025.04.04-22.49.37:254][583]LogSavePackage: Moving '../../../../../../Unreal Projects/Top-Down-Puzzle/TopDownPuzzle/Saved/TopDownExampleMap_BuiltData3E31330F4688C97709FA10946464A3A5.tmp' to '../../../../../../Unreal Projects/Top-Down-Puzzle/TopDownPuzzle/Content/TopDownCPP/Maps/TopDownExampleMap_BuiltData.uasset'
[2025.04.04-22.49.37:277][583]AssetCheck: New page: Asset Save: multiple assets
[2025.04.04-22.49.37:277][583]LogContentValidation: Display: Validating World /Game/TopDownCPP/Maps/TopDownExampleMap.TopDownExampleMap
[2025.04.04-22.49.37:277][583]LogContentValidation: Display: Validating MapBuildDataRegistry /Game/TopDownCPP/Maps/TopDownExampleMap_BuiltData.TopDownExampleMap_BuiltData
[2025.04.04-22.49.39:603][719]LogVSAccessor: Warning: Couldn't access Visual Studio
[2025.04.04-22.49.39:629][719]Candidate modules for hot reload:
[2025.04.04-22.49.39:629][719]  TopDownPuzzle
[2025.04.04-22.49.39:629][719]Launching UnrealBuildTool... [C:/Program Files/UE/UE_4.27/Engine/Binaries/DotNET/UnrealBuildTool.exe  -ModuleWithSuffix=TopDownPuzzle,4267 TopDownPuzzleEditor Win64 Development -Project="C:/Unreal Projects/Top-Down-Puzzle/TopDownPuzzle/TopDownPuzzle.uproject" "C:/Unreal Projects/Top-Down-Puzzle/TopDownPuzzle/TopDownPuzzle.uproject"  -IgnoreJunk]
[2025.04.04-22.49.39:635][719]Warning: Starting HotReload took  0.1s.
[2025.04.04-22.49.43:452][928]CompilerResultsLog: New page: Compilation - 04-Apr-2025, 2:49:43 pm
[2025.04.04-22.49.43:452][928]CompilerResultsLog: Using 'git status' to determine working set for adaptive non-unity build (C:\Unreal Projects\Top-Down-Puzzle).
[2025.04.04-22.49.43:452][928]CompilerResultsLog: Building TopDownPuzzleEditor...
[2025.04.04-22.49.43:452][928]CompilerResultsLog: Using Visual Studio 2022 14.43.34808 toolchain (C:\Program Files\Microsoft Visual Studio\2022\Community\VC\Tools\MSVC\14.43.34808) and Windows 10.0.22621.0 SDK (C:\Program Files (x86)\Windows Kits\10).
[2025.04.04-22.49.43:452][928]CompilerResultsLog: Building 3 actions with 8 processes...
[2025.04.04-22.49.43:452][928]CompilerResultsLog:   [1/3] UE4Editor-TopDownPuzzle-4267.lib
[2025.04.04-22.49.43:452][928]CompilerResultsLog:      Creating library C:\Unreal Projects\Top-Down-Puzzle\TopDownPuzzle\Intermediate\Build\Win64\UE4Editor\Development\TopDownPuzzle\UE4Editor-TopDownPuzzle-4267.lib and object C:\Unreal Projects\Top-Down-Puzzle\TopDownPuzzle\Intermediate\Build\Win64\UE4Editor\Development\TopDownPuzzle\UE4Editor-TopDownPuzzle-4267.exp
[2025.04.04-22.49.43:452][928]CompilerResultsLog:   [2/3] UE4Editor-TopDownPuzzle-4267.dll
[2025.04.04-22.49.43:452][928]CompilerResultsLog:      Creating library C:\Unreal Projects\Top-Down-Puzzle\TopDownPuzzle\Intermediate\Build\Win64\UE4Editor\Development\TopDownPuzzle\UE4Editor-TopDownPuzzle-4267.suppressed.lib and object C:\Unreal Projects\Top-Down-Puzzle\TopDownPuzzle\Intermediate\Build\Win64\UE4Editor\Development\TopDownPuzzle\UE4Editor-TopDownPuzzle-4267.suppressed.exp
[2025.04.04-22.49.43:452][928]CompilerResultsLog:   [3/3] TopDownPuzzleEditor.target
[2025.04.04-22.49.43:452][928]CompilerResultsLog: Total time in Parallel executor: 1.78 seconds
[2025.04.04-22.49.43:452][928]CompilerResultsLog: Total execution time: 3.67 seconds
[2025.04.04-22.49.43:452][928]LogMainFrame: MainFrame: Module compiling took 3.850 seconds
[2025.04.04-22.49.43:511][928]LogHotReload: Re-instancing DoorTrigger after hot-reload.
[2025.04.04-22.49.43:522][928]LogNativeClassHierarchy: Verbose: Native class hierarchy updated for 'TopDownPuzzle' in 0.0003 seconds. Added 4 classes and 2 folders.
[2025.04.04-22.49.43:525][928]Display: HotReload successful (2 functions remapped  0 scriptstructs remapped)
[2025.04.04-22.49.43:580][928]LogNativeClassHierarchy: Verbose: Native class hierarchy populated in 0.0098 seconds. Added 3826 classes and 930 folders.
[2025.04.04-22.49.43:580][928]Display: HotReload took  4.0s.
[2025.04.04-22.49.44:488][982]LogTemp: Repeating last play command: Selected Viewport
[2025.04.04-22.49.44:498][982]LogPlayLevel: PlayLevel: No blueprints needed recompiling
[2025.04.04-22.49.44:499][982]PIE: New page: PIE session: TopDownExampleMap (04-Apr-2025, 2:49:44 pm)
[2025.04.04-22.49.44:500][982]LogOnline: OSS: Creating online subsystem instance for: NULL
[2025.04.04-22.49.44:502][982]LogOnline: OSS: TryLoadSubsystemAndSetDefault: Loaded subsystem for module [NULL]
[2025.04.04-22.49.44:502][982]LogPlayLevel: Creating play world package: /Game/TopDownCPP/Maps/UEDPIE_0_TopDownExampleMap
[2025.04.04-22.49.44:514][982]LogPlayLevel: PIE: StaticDuplicateObject took: (0.011273s)
[2025.04.04-22.49.44:515][982]LogAIModule: Creating AISystem for world TopDownExampleMap
[2025.04.04-22.49.44:515][982]LogPlayLevel: PIE: World Init took: (0.001054s)
[2025.04.04-22.49.44:515][982]LogPlayLevel: PIE: Created PIE world by copying editor world from /Game/TopDownCPP/Maps/TopDownExampleMap.TopDownExampleMap to /Game/TopDownCPP/Maps/UEDPIE_0_TopDownExampleMap.TopDownExampleMap (0.012569s)
[2025.04.04-22.49.44:525][982]LogUObjectHash: Compacting FUObjectHashTables data took   0.67ms
[2025.04.04-22.49.44:526][982]LogAudio: Display: Creating Audio Device:                 Id: 2, Scope: Unique, Realtime: True
[2025.04.04-22.49.44:526][982]LogAudioMixer: Display: Audio Mixer Platform Settings:
[2025.04.04-22.49.44:526][982]LogAudioMixer: Display: 	Sample Rate:						  48000
[2025.04.04-22.49.44:526][982]LogAudioMixer: Display: 	Callback Buffer Frame Size Requested: 1024
[2025.04.04-22.49.44:526][982]LogAudioMixer: Display: 	Callback Buffer Frame Size To Use:	  1024
[2025.04.04-22.49.44:526][982]LogAudioMixer: Display: 	Number of buffers to queue:			  2
[2025.04.04-22.49.44:526][982]LogAudioMixer: Display: 	Max Channels (voices):				  32
[2025.04.04-22.49.44:526][982]LogAudioMixer: Display: 	Number of Async Source Workers:		  0
[2025.04.04-22.49.44:526][982]LogAudio: Display: AudioDevice MaxSources: 32
[2025.04.04-22.49.44:526][982]LogAudio: Display: Audio Spatialization Plugin: None (built-in).
[2025.04.04-22.49.44:526][982]LogAudio: Display: Audio Reverb Plugin: None (built-in).
[2025.04.04-22.49.44:526][982]LogAudio: Display: Audio Occlusion Plugin: None (built-in).
[2025.04.04-22.49.44:526][982]LogAudioMixer: Display: Initializing audio mixer.
[2025.04.04-22.49.44:530][982]LogAudioMixer: Display: 0: FrontLeft
[2025.04.04-22.49.44:530][982]LogAudioMixer: Display: 1: FrontRight
[2025.04.04-22.49.44:545][982]LogAudioMixer: Display: Using Audio Device Headphone (Realtek(R) Audio)
[2025.04.04-22.49.44:545][982]LogAudioMixer: Display: Initializing Sound Submixes...
[2025.04.04-22.49.44:545][982]LogAudioMixer: Display: Creating Master Submix 'MasterSubmixDefault'
[2025.04.04-22.49.44:545][982]LogAudioMixer: Display: Creating Master Submix 'MasterReverbSubmixDefault'
[2025.04.04-22.49.44:546][982]LogAudioMixer: Display: Creating Master Submix 'MasterEQSubmixDefault'
[2025.04.04-22.49.44:546][982]LogAudioMixer: FMixerPlatformXAudio2::StartAudioStream() called
[2025.04.04-22.49.44:546][982]LogAudioMixer: Display: Output buffers initialized: Frames=1024, Channels=2, Samples=2048
[2025.04.04-22.49.44:547][982]LogAudioMixer: Display: Starting AudioMixerPlatformInterface::RunInternal()
[2025.04.04-22.49.44:547][982]LogAudioMixer: Display: FMixerPlatformXAudio2::SubmitBuffer() called for the first time
[2025.04.04-22.49.44:547][982]LogInit: FAudioDevice initialized.
[2025.04.04-22.49.44:547][982]LogAudio: Display: Audio Device (ID: 2) registered with world 'TopDownExampleMap'.
[2025.04.04-22.49.44:556][982]LogLoad: Game class is 'TopDownPuzzleGameMode'
[2025.04.04-22.49.44:559][982]LogWorld: Bringing World /Game/TopDownCPP/Maps/UEDPIE_0_TopDownExampleMap.TopDownExampleMap up for play (max tick rate 60) at 2025.04.04-18.49.44
[2025.04.04-22.49.44:559][982]LogWorld: Bringing up level for play took: 0.001197
[2025.04.04-22.49.44:560][982]LogOnline: OSS: Creating online subsystem instance for: :Context_1
[2025.04.04-22.49.44:605][982]LogNativeClassHierarchy: Verbose: Native class hierarchy updated for 'MovieSceneCapture' in 0.0003 seconds. Added 20 classes and 0 folders.
[2025.04.04-22.49.44:610][982]PIE: Server logged in
[2025.04.04-22.49.44:611][982]PIE: Play in editor total start time 0.116 seconds.
[2025.04.04-22.50.06:031][264]LogSlate: Took 0.000798 seconds to synchronously load lazily loaded font '../../../Engine/Content/Slate/Fonts/Roboto-Italic.ttf' (157K)
[2025.04.04-22.50.10:194][511]LogSlate: Updating window title bar state: overlay mode, drag disabled, window buttons hidden, title bar hidden
[2025.04.04-22.50.10:194][511]LogWorld: BeginTearingDown for /Game/TopDownCPP/Maps/UEDPIE_0_TopDownExampleMap
[2025.04.04-22.50.10:194][511]LogWorld: UWorld::CleanupWorld for TopDownExampleMap, bSessionEnded=true, bCleanupResources=true
[2025.04.04-22.50.10:194][511]LogSlate: InvalidateAllWidgets triggered.  All widgets were invalidated
[2025.04.04-22.50.10:202][511]LogPlayLevel: Display: Shutting down PIE online subsystems
[2025.04.04-22.50.10:222][511]LogSlate: InvalidateAllWidgets triggered.  All widgets were invalidated
[2025.04.04-22.50.10:228][511]LogAudio: Display: Audio Device unregistered from world 'None'.
[2025.04.04-22.50.10:228][511]LogAudioMixer: FMixerPlatformXAudio2::StopAudioStream() called
[2025.04.04-22.50.10:229][511]LogAudioMixer: FMixerPlatformXAudio2::StopAudioStream() called
[2025.04.04-22.50.10:232][511]LogSlate: Updating window title bar state: overlay mode, drag disabled, window buttons hidden, title bar hidden
[2025.04.04-22.50.10:233][511]LogUObjectHash: Compacting FUObjectHashTables data took   0.67ms
[2025.04.04-22.50.10:264][513]LogPlayLevel: Display: Destroying online subsystem :Context_1
[2025.04.04-22.50.48:998][836]LogEditorViewport: Clicking on Actor (LMB): StaticMeshActor (Cube28)
[2025.04.04-22.50.51:468][982]LogEditorViewport: Clicking on Actor (LMB): StaticMeshActor (Cube31)
[2025.04.04-22.51.01:326][572]Cmd: EDIT COPY
[2025.04.04-22.51.01:746][597]Cmd: EDIT PASTE
[2025.04.04-22.51.17:776][534]LogEditorViewport: Clicking on Actor (LMB): StaticMeshActor (Cube33)
[2025.04.04-22.51.36:620][648]LogEditorViewport: Clicking on Actor (LMB): StaticMeshActor (Floor)
[2025.04.04-22.51.37:190][681]LogEditorViewport: Clicking on Actor (LMB): StaticMeshActor (Cube26)
[2025.04.04-22.51.38:045][731]Cmd: EDIT COPY
[2025.04.04-22.51.38:511][759]Cmd: EDIT PASTE
[2025.04.04-22.52.02:700][179]Cmd: EDIT COPY
[2025.04.04-22.52.04:484][286]LogEditorViewport: Clicking on Actor (context menu): StaticMeshActor (Floor)
[2025.04.04-22.52.05:248][329]LogEditorViewport: Clicking on Actor (LMB): StaticMeshActor (Cube36)
[2025.04.04-22.52.13:802][841]LogEditorViewport: Clicking on Actor (context menu): StaticMeshActor (Cube35)
[2025.04.04-22.52.14:601][886]LogEditorViewport: Clicking on Actor (context menu): BP_Sky_Sphere_C (SkySphereBlueprint)
[2025.04.04-22.52.24:313][466]LogEditorViewport: Clicking on Actor (LMB): StaticMeshActor (Cube36)
[2025.04.04-22.52.25:353][527]Cmd: EDIT COPY
[2025.04.04-22.52.25:786][553]Cmd: EDIT PASTE
[2025.04.04-22.52.47:402][836]LogEditorViewport: Clicking on Actor (LMB): StaticMeshActor (Cube32)
[2025.04.04-22.52.48:422][896]Cmd: EDIT COPY
[2025.04.04-22.52.49:306][949]Cmd: EDIT PASTE
[2025.04.04-22.53.26:464][158]LogEditorViewport: Clicking on Actor (LMB): StaticMeshActor (Cube37)
[2025.04.04-22.53.38:519][880]LogEditorViewport: Clicking on Actor (LMB): StaticMeshActor (Cube36)
[2025.04.04-22.53.45:518][298]LogEditorViewport: Clicking on Actor (LMB): StaticMeshActor (Cube38)
[2025.04.04-22.53.46:670][366]LogEditorViewport: Clicking on Actor (LMB): StaticMeshActor (Cube36)
[2025.04.04-22.54.15:017][998]LogEditorViewport: Clicking on Actor (context menu): StaticMeshActor (Floor)
[2025.04.04-22.54.16:659][ 93]LogEditorViewport: Clicking on Actor (context menu): StaticMeshActor (Cube29)
[2025.04.04-22.54.16:783][ 97]LogEditorViewport: Clicking on Component (context menu): StaticMeshComponent (StaticMeshComponent0)
[2025.04.04-22.54.21:949][403]LogEditorViewport: Clicking on Actor (context menu): StaticMeshActor (Floor)
[2025.04.04-22.54.23:635][500]LogEditorViewport: Clicking on Actor (LMB): StaticMeshActor (Cube32)
[2025.04.04-22.54.24:559][554]Cmd: EDIT COPY
[2025.04.04-22.54.24:959][578]Cmd: EDIT PASTE
[2025.04.04-22.54.28:521][783]LogEditorViewport: Clicking on Actor (context menu): LightmassImportanceVolume (LightmassImportanceVolume)
[2025.04.04-22.54.31:510][960]LogEditorViewport: Clicking on Actor (context menu): StaticMeshActor (Floor)
[2025.04.04-22.54.32:306][  4]LogEditorViewport: Clicking on Actor (LMB): StaticMeshActor (Cube39)
[2025.04.04-22.54.51:837][163]LogEditorViewport: Clicking on Actor (LMB): StaticMeshActor (Cube37)
[2025.04.04-22.54.52:526][203]Cmd: EDIT COPY
[2025.04.04-22.54.52:876][224]Cmd: EDIT PASTE
[2025.04.04-22.55.11:506][308]LogEditorViewport: Clicking on Actor (LMB): StaticMeshActor (Cube39)
[2025.04.04-22.55.12:460][364]Cmd: EDIT PASTE
[2025.04.04-22.55.12:476][364]Cmd: EDIT COPY
[2025.04.04-22.55.14:144][464]Cmd: TRANSACTION UNDO
[2025.04.04-22.55.14:144][464]LogEditorTransaction: Undo Paste
[2025.04.04-22.55.15:127][515]Cmd: EDIT COPY
[2025.04.04-22.55.15:394][531]Cmd: EDIT PASTE
[2025.04.04-22.55.32:573][526]LogUObjectHash: Compacting FUObjectHashTables data took   0.86ms
[2025.04.04-22.55.32:596][526]LogSavePackage: Moving '../../../../../../Unreal Projects/Top-Down-Puzzle/TopDownPuzzle/Saved/TopDownExampleMap71DFB054412E16769F569CAE12A1B75A.tmp' to '../../../../../../Unreal Projects/Top-Down-Puzzle/TopDownPuzzle/Content/TopDownCPP/Maps/TopDownExampleMap.umap'
[2025.04.04-22.55.32:703][526]LogSavePackage: Moving '../../../../../../Unreal Projects/Top-Down-Puzzle/TopDownPuzzle/Saved/TopDownExampleMap_BuiltData4737EC0241C4F1A793039AB92D9BA51F.tmp' to '../../../../../../Unreal Projects/Top-Down-Puzzle/TopDownPuzzle/Content/TopDownCPP/Maps/TopDownExampleMap_BuiltData.uasset'
[2025.04.04-22.55.32:715][526]AssetCheck: New page: Asset Save: multiple assets
[2025.04.04-22.55.32:715][526]LogContentValidation: Display: Validating World /Game/TopDownCPP/Maps/TopDownExampleMap.TopDownExampleMap
[2025.04.04-22.55.32:715][526]LogContentValidation: Display: Validating MapBuildDataRegistry /Game/TopDownCPP/Maps/TopDownExampleMap_BuiltData.TopDownExampleMap_BuiltData
[2025.04.04-22.55.40:292][973]MapCheck: New page: Map Check
[2025.04.04-22.55.40:312][973]LightingResults: New page: Lighting Build - 04-Apr-2025, 2:55:40 pm
[2025.04.04-22.55.40:376][973]LogSwarmInterface: [OpenConnection] Registering TCP channel ...
[2025.04.04-22.55.40:455][973]LogSwarmInterface: [OpenConnection] Connecting to agent ...
[2025.04.04-22.55.40:470][973]LogSwarmInterface: [TryOpenConnection] Testing the Agent
[2025.04.04-22.55.41:522][973]LogSwarmInterface: [TryOpenConnection] Opening Connection to Agent
[2025.04.04-22.55.41:522][973]LogSwarmInterface: [TryOpenConnection] Local Process ID is 29264
[2025.04.04-22.55.49:880][973]LogStaticLightingSystem: Running Lightmass w/ ImmediateImport mode ENABLED
[2025.04.04-22.55.49:880][973]LogStaticLightingSystem: Running Lightmass w/ ImmediateProcess mode ENABLED
[2025.04.04-22.55.49:880][973]LogStaticLightingSystem: Running Lightmass w/ Sorting mode ENABLED
[2025.04.04-22.55.49:880][973]LogStaticLightingSystem: Running Lightmass w/ Mapping paddings ENABLED
[2025.04.04-22.55.49:880][973]LogStaticLightingSystem: Running Lightmass w/ Mapping debug paddings DISABLED
[2025.04.04-22.55.50:028][973]LogEditorBuildUtils: Build time 0:09
[2025.04.04-22.55.50:081][974]LogShaderCompilers: Display: === FShaderJobCache stats ===
[2025.04.04-22.55.50:081][974]LogShaderCompilers: Display: Total job queries 0, among them cache hits 0 (0.00%)
[2025.04.04-22.55.50:081][974]LogShaderCompilers: Display: Tracking 0 distinct input hashes that result in 0 distinct outputs (0.00%)
[2025.04.04-22.55.50:081][974]LogShaderCompilers: Display: RAM used: 0.00 MB (0.00 GB) of 819.20 MB (0.80 GB) budget. Usage: 0.00%
[2025.04.04-22.55.50:081][974]LogShaderCompilers: Display: ================================================
[2025.04.04-22.55.50:210][977]LogUObjectHash: Compacting FUObjectHashTables data took   0.75ms
[2025.04.04-22.55.54:454][194]Job is a success!
[2025.04.04-22.55.54:557][195]LogVolumetricLightmapImport: Imported Volumetric Lightmap in 0.014s
[2025.04.04-22.55.54:557][195]LogVolumetricLightmapImport:      Indirection Texture 16x16x16 = 0.0Mb
[2025.04.04-22.55.54:557][195]LogVolumetricLightmapImport:      BrickData (all levels) 0.2Mb
[2025.04.04-22.55.54:557][195]LogVolumetricLightmapImport:      Bricks at depth
[2025.04.04-22.55.54:557][195]LogVolumetricLightmapImport:          0: 2.8% covering 100.0% of volume
[2025.04.04-22.55.54:557][195]LogVolumetricLightmapImport:          1: 11.1% covering 6.2% of volume
[2025.04.04-22.55.54:557][195]LogVolumetricLightmapImport:          2: 86.1% covering 0.8% of volume
[2025.04.04-22.55.54:557][195]LogVolumetricLightmapImport:      Bricks in each level
[2025.04.04-22.55.54:557][195]LogVolumetricLightmapImport:          TopDownExampleMap 			 36 bricks 	 100.0% (Persistent Level)
[2025.04.04-22.55.54:765][195]LogTexture: Display: Building textures: SkyOcclusion0_1 (OODLE_AutoDXT, 1024X512)
[2025.04.04-22.55.54:765][195]LogTexture: Display: Building textures: HQ_Lightmap0_1 (OODLE_AutoDXT, 1024X1024)
[2025.04.04-22.55.54:765][195]LogTextureFormatOodle: Display: non-RDO encode 1024 x 512 x 1 to format OODLE_AutoDXT (Oodle OodleTex_BC3) lambda=0 effort=20 
[2025.04.04-22.55.54:765][195]LogTexture: Display: Building textures: LQ_Lightmap_0_1 (OODLE_DXT1, 1024X1024)
[2025.04.04-22.55.54:765][195]LogTextureFormatOodle: Display: non-RDO encode 1024 x 1024 x 1 to format OODLE_AutoDXT (Oodle OodleTex_BC3) lambda=0 effort=20 
[2025.04.04-22.55.54:765][195]LogTexture: Display: Building textures: SkyOcclusion0_2 (OODLE_AutoDXT, 512X256)
[2025.04.04-22.55.54:765][195]LogTextureFormatOodle: Display: non-RDO encode 1024 x 1024 x 1 to format OODLE_DXT1 (Oodle OodleTex_BC1_WithTransparency) lambda=0 effort=20 
[2025.04.04-22.55.54:765][195]LogTexture: Display: Building textures: HQ_Lightmap0_2 (OODLE_AutoDXT, 512X512)
[2025.04.04-22.55.54:765][195]LogTexture: Display: Building textures: LQ_Lightmap_0_2 (OODLE_DXT1, 512X512)
[2025.04.04-22.55.54:765][195]LogTexture: Display: Building textures: SkyOcclusion0_3 (OODLE_AutoDXT, 64X32)
[2025.04.04-22.55.54:765][195]LogTexture: Display: Building textures: HQ_Lightmap0_3 (OODLE_AutoDXT, 64X64)
[2025.04.04-22.55.54:765][195]LogTexture: Display: Building textures: LQ_Lightmap_0_3 (OODLE_DXT1, 64X64)
[2025.04.04-22.55.54:965][195]LogTexture: Display: Building textures: ShadowMapTexture2D_1 (G8, 32X32)
[2025.04.04-22.55.55:034][195]LogTexture: Display: Building textures: ShadowMapTexture2D_0 (G8, 1024X1024)
[2025.04.04-22.55.55:034][195]LogStaticLightingSystem: TopDownExampleMap_BuiltData storing lightmap data for 27 meshes in 3 LightmapResourceClusters (9.0 Meshes per cluster).
[2025.04.04-22.55.55:043][195]LogUObjectHash: Compacting FUObjectHashTables data took   0.73ms
[2025.04.04-22.55.55:046][195]Lightmass on LAPTOP-EJ2DB2HV: 4.08 sec total, 160 ms importing, 11 ms setup, 871 ms photons, 2.95 sec processing, 0 ms extra exporting [27/27 mappings]. Threads: 20.6 sec total, 7.47 sec processing.
[2025.04.04-22.55.55:058][195]LogStaticLightingSystem: Illumination: 14.7 sec (195 ms encoding lightmaps, 224 ms encoding shadowmaps)
[2025.04.04-22.55.55:059][195]LogStaticLightingSystem: Lightmap texture memory:  3.3 MB (3.3 MB streaming, 0.0 MB non-streaming), 6 textures
[2025.04.04-22.55.55:059][195]LogStaticLightingSystem: Shadowmap texture memory: 1.3 MB (1.3 MB streaming, 0.0 MB non-streaming), 2 textures
[2025.04.04-22.55.55:882][195]DumpUnbuiltLightIteractions
[2025.04.04-22.55.55:882][195]Lights with unbuilt interactions: 0
[2025.04.04-22.55.55:882][195]
[2025.04.04-22.55.55:882][195]Primitives with unbuilt interactions: 0
[2025.04.04-22.55.55:969][195]LogTexture: Display: Building textures: NewReflectionComponentTexture1C2275DB4506BBF8D9D185B8BB421FE1 (BGRA8, 128X128)
[2025.04.04-22.55.56:011][196]Cmd: MAP CHECK NOTIFYRESULTS
[2025.04.04-22.55.56:011][196]MapCheck: New page: TopDownExampleMap - 04-Apr-2025, 2:55:56 pm
[2025.04.04-22.55.56:011][196]MapCheck: Map check complete: 0 Error(s), 0 Warning(s), took 0.876ms to complete.
[2025.04.04-22.56.00:338][451]LogTemp: Repeating last play command: Selected Viewport
[2025.04.04-22.56.00:349][451]LogPlayLevel: PlayLevel: No blueprints needed recompiling
[2025.04.04-22.56.00:349][451]PIE: New page: PIE session: TopDownExampleMap (04-Apr-2025, 2:56:00 pm)
[2025.04.04-22.56.00:350][451]LogPlayLevel: Creating play world package: /Game/TopDownCPP/Maps/UEDPIE_0_TopDownExampleMap
[2025.04.04-22.56.00:362][451]LogPlayLevel: PIE: StaticDuplicateObject took: (0.012316s)
[2025.04.04-22.56.00:364][451]LogAIModule: Creating AISystem for world TopDownExampleMap
[2025.04.04-22.56.00:364][451]LogPlayLevel: PIE: World Init took: (0.001300s)
[2025.04.04-22.56.00:364][451]LogPlayLevel: PIE: Created PIE world by copying editor world from /Game/TopDownCPP/Maps/TopDownExampleMap.TopDownExampleMap to /Game/TopDownCPP/Maps/UEDPIE_0_TopDownExampleMap.TopDownExampleMap (0.013791s)
[2025.04.04-22.56.00:374][451]LogUObjectHash: Compacting FUObjectHashTables data took   0.67ms
[2025.04.04-22.56.00:375][451]LogAudio: Display: Creating Audio Device:                 Id: 3, Scope: Unique, Realtime: True
[2025.04.04-22.56.00:375][451]LogAudioMixer: Display: Audio Mixer Platform Settings:
[2025.04.04-22.56.00:375][451]LogAudioMixer: Display: 	Sample Rate:						  48000
[2025.04.04-22.56.00:375][451]LogAudioMixer: Display: 	Callback Buffer Frame Size Requested: 1024
[2025.04.04-22.56.00:375][451]LogAudioMixer: Display: 	Callback Buffer Frame Size To Use:	  1024
[2025.04.04-22.56.00:375][451]LogAudioMixer: Display: 	Number of buffers to queue:			  2
[2025.04.04-22.56.00:375][451]LogAudioMixer: Display: 	Max Channels (voices):				  32
[2025.04.04-22.56.00:375][451]LogAudioMixer: Display: 	Number of Async Source Workers:		  0
[2025.04.04-22.56.00:375][451]LogAudio: Display: AudioDevice MaxSources: 32
[2025.04.04-22.56.00:375][451]LogAudio: Display: Audio Spatialization Plugin: None (built-in).
[2025.04.04-22.56.00:375][451]LogAudio: Display: Audio Reverb Plugin: None (built-in).
[2025.04.04-22.56.00:375][451]LogAudio: Display: Audio Occlusion Plugin: None (built-in).
[2025.04.04-22.56.00:375][451]LogAudioMixer: Display: Initializing audio mixer.
[2025.04.04-22.56.00:380][451]LogAudioMixer: Display: 0: FrontLeft
[2025.04.04-22.56.00:380][451]LogAudioMixer: Display: 1: FrontRight
[2025.04.04-22.56.00:394][451]LogAudioMixer: Display: Using Audio Device Headphone (Realtek(R) Audio)
[2025.04.04-22.56.00:394][451]LogAudioMixer: Display: Initializing Sound Submixes...
[2025.04.04-22.56.00:394][451]LogAudioMixer: Display: Creating Master Submix 'MasterSubmixDefault'
[2025.04.04-22.56.00:394][451]LogAudioMixer: Display: Creating Master Submix 'MasterReverbSubmixDefault'
[2025.04.04-22.56.00:395][451]LogAudioMixer: Display: Creating Master Submix 'MasterEQSubmixDefault'
[2025.04.04-22.56.00:395][451]LogAudioMixer: FMixerPlatformXAudio2::StartAudioStream() called
[2025.04.04-22.56.00:395][451]LogAudioMixer: Display: Output buffers initialized: Frames=1024, Channels=2, Samples=2048
[2025.04.04-22.56.00:395][451]LogAudioMixer: Display: Starting AudioMixerPlatformInterface::RunInternal()
[2025.04.04-22.56.00:395][451]LogAudioMixer: Display: FMixerPlatformXAudio2::SubmitBuffer() called for the first time
[2025.04.04-22.56.00:395][451]LogInit: FAudioDevice initialized.
[2025.04.04-22.56.00:395][451]LogAudio: Display: Audio Device (ID: 3) registered with world 'TopDownExampleMap'.
[2025.04.04-22.56.00:406][451]LogLoad: Game class is 'TopDownPuzzleGameMode'
[2025.04.04-22.56.00:408][451]LogWorld: Bringing World /Game/TopDownCPP/Maps/UEDPIE_0_TopDownExampleMap.TopDownExampleMap up for play (max tick rate 60) at 2025.04.04-18.56.00
[2025.04.04-22.56.00:408][451]LogWorld: Bringing up level for play took: 0.001499
[2025.04.04-22.56.00:409][451]LogOnline: OSS: Creating online subsystem instance for: :Context_4
[2025.04.04-22.56.00:412][451]PIE: Server logged in
[2025.04.04-22.56.00:413][451]PIE: Play in editor total start time 0.068 seconds.
[2025.04.04-22.57.28:142][706]LogSlate: Updating window title bar state: overlay mode, drag disabled, window buttons hidden, title bar hidden
[2025.04.04-22.57.28:142][706]LogWorld: BeginTearingDown for /Game/TopDownCPP/Maps/UEDPIE_0_TopDownExampleMap
[2025.04.04-22.57.28:142][706]LogWorld: UWorld::CleanupWorld for TopDownExampleMap, bSessionEnded=true, bCleanupResources=true
[2025.04.04-22.57.28:142][706]LogSlate: InvalidateAllWidgets triggered.  All widgets were invalidated
[2025.04.04-22.57.28:153][706]LogPlayLevel: Display: Shutting down PIE online subsystems
[2025.04.04-22.57.28:169][706]LogSlate: InvalidateAllWidgets triggered.  All widgets were invalidated
[2025.04.04-22.57.28:174][706]LogAudio: Display: Audio Device unregistered from world 'None'.
[2025.04.04-22.57.28:174][706]LogAudioMixer: FMixerPlatformXAudio2::StopAudioStream() called
[2025.04.04-22.57.28:175][706]LogAudioMixer: FMixerPlatformXAudio2::StopAudioStream() called
[2025.04.04-22.57.28:179][706]LogSlate: Updating window title bar state: overlay mode, drag disabled, window buttons hidden, title bar hidden
[2025.04.04-22.57.28:180][706]LogUObjectHash: Compacting FUObjectHashTables data took   0.62ms
[2025.04.04-22.57.28:207][707]LogPlayLevel: Display: Destroying online subsystem :Context_4
[2025.04.04-22.57.46:408][797]LogEditorViewport: Clicking on Actor (context menu): StaticMeshActor (Floor)
[2025.04.04-22.57.46:898][823]LogEditorViewport: Clicking on Actor (context menu): StaticMeshActor (Floor)
[2025.04.04-22.57.47:749][873]LogEditorViewport: Clicking on Actor (context menu): StaticMeshActor (Floor)
[2025.04.04-22.58.17:812][674]Cmd: TRANSACTION UNDO
[2025.04.04-22.58.17:812][674]LogEditorTransaction: Undo Move Actors
[2025.04.04-22.58.48:155][483]LogUObjectHash: Compacting FUObjectHashTables data took   1.32ms
[2025.04.04-22.58.48:179][483]LogSavePackage: Moving '../../../../../../Unreal Projects/Top-Down-Puzzle/TopDownPuzzle/Saved/TopDownExampleMap5B3DC7084F3EFC93C2DDC694EB6A3E0C.tmp' to '../../../../../../Unreal Projects/Top-Down-Puzzle/TopDownPuzzle/Content/TopDownCPP/Maps/TopDownExampleMap.umap'
[2025.04.04-22.58.48:285][483]LogSavePackage: Moving '../../../../../../Unreal Projects/Top-Down-Puzzle/TopDownPuzzle/Saved/TopDownExampleMap_BuiltDataD777F35045FA40CEDF6309817C6D2971.tmp' to '../../../../../../Unreal Projects/Top-Down-Puzzle/TopDownPuzzle/Content/TopDownCPP/Maps/TopDownExampleMap_BuiltData.uasset'
[2025.04.04-22.58.48:299][483]AssetCheck: New page: Asset Save: multiple assets
[2025.04.04-22.58.48:300][483]LogContentValidation: Display: Validating World /Game/TopDownCPP/Maps/TopDownExampleMap.TopDownExampleMap
[2025.04.04-22.58.48:300][483]LogContentValidation: Display: Validating MapBuildDataRegistry /Game/TopDownCPP/Maps/TopDownExampleMap_BuiltData.TopDownExampleMap_BuiltData
[2025.04.04-22.58.54:815][873]LogEditorViewport: Clicking on Actor (context menu): StaticMeshActor (Cube33)
[2025.04.04-22.58.54:923][876]LogEditorViewport: Clicking on Actor (context menu): StaticMeshActor (Cube33)
[2025.04.04-22.58.57:041][  2]LogEditorViewport: Clicking on Actor (context menu): StaticMeshActor (Floor)
[2025.04.04-22.58.58:021][ 57]LogEditorViewport: Clicking on Actor (LMB): StaticMeshActor (Cube39)
[2025.04.04-22.58.58:835][104]Cmd: EDIT COPY
[2025.04.04-22.58.59:152][123]Cmd: EDIT PASTE
[2025.04.04-22.59.27:223][795]LogEditorViewport: Clicking on Actor (LMB): StaticMeshActor (Cube39)
[2025.04.04-22.59.30:458][988]LogEditorViewport: Clicking on Actor (LMB): StaticMeshActor (Cube40)
[2025.04.04-22.59.45:455][878]LogEditorViewport: Clicking on Actor (context menu): BP_Sky_Sphere_C (SkySphereBlueprint)
[2025.04.04-22.59.48:054][ 31]LogEditorViewport: Clicking on Actor (LMB): StaticMeshActor (Cube40)
[2025.04.04-22.59.57:445][590]MapCheck: New page: Map Check
[2025.04.04-22.59.57:463][590]LightingResults: New page: Lighting Build - 04-Apr-2025, 2:59:57 pm
[2025.04.04-22.59.57:469][590]LogSwarmInterface: [OpenConnection] Registering TCP channel ...
[2025.04.04-22.59.57:474][590]LogSwarmInterface: [OpenConnection] Connecting to agent ...
[2025.04.04-22.59.57:474][590]LogSwarmInterface: [TryOpenConnection] Testing the Agent
[2025.04.04-22.59.57:474][590]LogSwarmInterface: [TryOpenConnection] Opening Connection to Agent
[2025.04.04-22.59.57:474][590]LogSwarmInterface: [TryOpenConnection] Local Process ID is 29264
[2025.04.04-23.00.02:921][590]LogStaticLightingSystem: Running Lightmass w/ ImmediateImport mode ENABLED
[2025.04.04-23.00.02:921][590]LogStaticLightingSystem: Running Lightmass w/ ImmediateProcess mode ENABLED
[2025.04.04-23.00.02:921][590]LogStaticLightingSystem: Running Lightmass w/ Sorting mode ENABLED
[2025.04.04-23.00.02:921][590]LogStaticLightingSystem: Running Lightmass w/ Mapping paddings ENABLED
[2025.04.04-23.00.02:921][590]LogStaticLightingSystem: Running Lightmass w/ Mapping debug paddings DISABLED
[2025.04.04-23.00.03:030][590]LogEditorBuildUtils: Build time 0:05
[2025.04.04-23.00.03:037][590]LogShaderCompilers: Display: === FShaderJobCache stats ===
[2025.04.04-23.00.03:037][590]LogShaderCompilers: Display: Total job queries 0, among them cache hits 0 (0.00%)
[2025.04.04-23.00.03:037][590]LogShaderCompilers: Display: Tracking 0 distinct input hashes that result in 0 distinct outputs (0.00%)
[2025.04.04-23.00.03:037][590]LogShaderCompilers: Display: RAM used: 0.00 MB (0.00 GB) of 819.20 MB (0.80 GB) budget. Usage: 0.00%
[2025.04.04-23.00.03:037][590]LogShaderCompilers: Display: ================================================
[2025.04.04-23.00.03:067][591]LogUObjectHash: Compacting FUObjectHashTables data took   0.64ms
[2025.04.04-23.00.07:051][808]Job is a success!
[2025.04.04-23.00.07:162][810]LogVolumetricLightmapImport: Imported Volumetric Lightmap in 0.012s
[2025.04.04-23.00.07:162][810]LogVolumetricLightmapImport:      Indirection Texture 16x16x16 = 0.0Mb
[2025.04.04-23.00.07:162][810]LogVolumetricLightmapImport:      BrickData (all levels) 0.2Mb
[2025.04.04-23.00.07:162][810]LogVolumetricLightmapImport:      Bricks at depth
[2025.04.04-23.00.07:162][810]LogVolumetricLightmapImport:          0: 2.8% covering 100.0% of volume
[2025.04.04-23.00.07:162][810]LogVolumetricLightmapImport:          1: 11.1% covering 6.2% of volume
[2025.04.04-23.00.07:162][810]LogVolumetricLightmapImport:          2: 86.1% covering 0.8% of volume
[2025.04.04-23.00.07:162][810]LogVolumetricLightmapImport:      Bricks in each level
[2025.04.04-23.00.07:162][810]LogVolumetricLightmapImport:          TopDownExampleMap 			 36 bricks 	 100.0% (Persistent Level)
[2025.04.04-23.00.07:372][810]LogTexture: Display: Building textures: SkyOcclusion1_1 (OODLE_AutoDXT, 1024X512)
[2025.04.04-23.00.07:372][810]LogTexture: Display: Building textures: HQ_Lightmap1_1 (OODLE_AutoDXT, 1024X1024)
[2025.04.04-23.00.07:372][810]LogTextureFormatOodle: Display: non-RDO encode 1024 x 512 x 1 to format OODLE_AutoDXT (Oodle OodleTex_BC3) lambda=0 effort=20 
[2025.04.04-23.00.07:372][810]LogTextureFormatOodle: Display: non-RDO encode 1024 x 1024 x 1 to format OODLE_AutoDXT (Oodle OodleTex_BC3) lambda=0 effort=20 
[2025.04.04-23.00.07:372][810]LogTexture: Display: Building textures: LQ_Lightmap_1_1 (OODLE_DXT1, 1024X1024)
[2025.04.04-23.00.07:372][810]LogTexture: Display: Building textures: SkyOcclusion1_2 (OODLE_AutoDXT, 512X256)
[2025.04.04-23.00.07:372][810]LogTexture: Display: Building textures: HQ_Lightmap1_2 (OODLE_AutoDXT, 512X512)
[2025.04.04-23.00.07:372][810]LogTexture: Display: Building textures: LQ_Lightmap_1_2 (OODLE_DXT1, 512X512)
[2025.04.04-23.00.07:372][810]LogTexture: Display: Building textures: SkyOcclusion1_3 (OODLE_AutoDXT, 64X32)
[2025.04.04-23.00.07:372][810]LogTexture: Display: Building textures: HQ_Lightmap1_3 (OODLE_AutoDXT, 64X64)
[2025.04.04-23.00.07:372][810]LogTexture: Display: Building textures: LQ_Lightmap_1_3 (OODLE_DXT1, 64X64)
[2025.04.04-23.00.07:372][810]LogTextureFormatOodle: Display: non-RDO encode 1024 x 1024 x 1 to format OODLE_DXT1 (Oodle OodleTex_BC1_WithTransparency) lambda=0 effort=20 
[2025.04.04-23.00.07:572][810]LogTexture: Display: Building textures: ShadowMapTexture2D_3 (G8, 32X32)
[2025.04.04-23.00.07:624][810]LogTexture: Display: Building textures: ShadowMapTexture2D_2 (G8, 1024X1024)
[2025.04.04-23.00.07:624][810]LogStaticLightingSystem: TopDownExampleMap_BuiltData storing lightmap data for 28 meshes in 3 LightmapResourceClusters (9.3 Meshes per cluster).
[2025.04.04-23.00.07:635][810]LogUObjectHash: Compacting FUObjectHashTables data took   0.94ms
[2025.04.04-23.00.07:645][810]LogStaticLightingSystem: Illumination: 10.1 sec (188 ms encoding lightmaps, 232 ms encoding shadowmaps)
[2025.04.04-23.00.07:645][810]LogStaticLightingSystem: Lightmap texture memory:  3.3 MB (3.3 MB streaming, 0.0 MB non-streaming), 6 textures
[2025.04.04-23.00.07:646][810]LogStaticLightingSystem: Shadowmap texture memory: 1.3 MB (1.3 MB streaming, 0.0 MB non-streaming), 2 textures
[2025.04.04-23.00.07:928][810]DumpUnbuiltLightIteractions
[2025.04.04-23.00.07:928][810]Lights with unbuilt interactions: 0
[2025.04.04-23.00.07:928][810]
[2025.04.04-23.00.07:928][810]Primitives with unbuilt interactions: 0
[2025.04.04-23.00.08:014][810]LogTexture: Display: Building textures: NewReflectionComponentTexture1C2275DB4506BBF8D9D185B8BB421FE1 (BGRA8, 128X128)
[2025.04.04-23.00.08:050][811]Cmd: MAP CHECK NOTIFYRESULTS
[2025.04.04-23.00.08:050][811]MapCheck: New page: TopDownExampleMap - 04-Apr-2025, 3:00:08 pm
[2025.04.04-23.00.08:051][811]MapCheck: Map check complete: 0 Error(s), 0 Warning(s), took 0.54ms to complete.
[2025.04.04-23.00.13:790][154]LogEditorViewport: Clicking on Actor (context menu): StaticMeshActor (Floor)
[2025.04.04-23.01.16:888][925]LogUObjectHash: Compacting FUObjectHashTables data took   1.43ms
[2025.04.04-23.01.16:911][925]LogSavePackage: Moving '../../../../../../Unreal Projects/Top-Down-Puzzle/TopDownPuzzle/Saved/TopDownExampleMap10DC8FEA40F3DFD4A26846BFFF9566D9.tmp' to '../../../../../../Unreal Projects/Top-Down-Puzzle/TopDownPuzzle/Content/TopDownCPP/Maps/TopDownExampleMap.umap'
[2025.04.04-23.01.17:015][925]LogSavePackage: Moving '../../../../../../Unreal Projects/Top-Down-Puzzle/TopDownPuzzle/Saved/TopDownExampleMap_BuiltData5DFE662C43BE1759450E449F77983B9D.tmp' to '../../../../../../Unreal Projects/Top-Down-Puzzle/TopDownPuzzle/Content/TopDownCPP/Maps/TopDownExampleMap_BuiltData.uasset'
[2025.04.04-23.01.17:030][925]AssetCheck: New page: Asset Save: multiple assets
[2025.04.04-23.01.17:030][925]LogContentValidation: Display: Validating World /Game/TopDownCPP/Maps/TopDownExampleMap.TopDownExampleMap
[2025.04.04-23.01.17:030][925]LogContentValidation: Display: Validating MapBuildDataRegistry /Game/TopDownCPP/Maps/TopDownExampleMap_BuiltData.TopDownExampleMap_BuiltData
[2025.04.04-23.02.06:528][893]Cmd: TRANSACTION UNDO
[2025.04.04-23.02.06:528][893]LogEditorTransaction: Undo Set Vector Property
[2025.04.04-23.02.13:154][282]LogUObjectHash: Compacting FUObjectHashTables data took   0.35ms
[2025.04.04-23.02.13:175][282]LogSavePackage: Moving '../../../../../../Unreal Projects/Top-Down-Puzzle/TopDownPuzzle/Saved/TopDownExampleMap7176A3A648DE51DF6E77FB94CBB4773F.tmp' to '../../../../../../Unreal Projects/Top-Down-Puzzle/TopDownPuzzle/Content/TopDownCPP/Maps/TopDownExampleMap.umap'
[2025.04.04-23.02.13:282][282]LogSavePackage: Moving '../../../../../../Unreal Projects/Top-Down-Puzzle/TopDownPuzzle/Saved/TopDownExampleMap_BuiltDataBA3CF3E1497222E1F864A8B8CD4424EE.tmp' to '../../../../../../Unreal Projects/Top-Down-Puzzle/TopDownPuzzle/Content/TopDownCPP/Maps/TopDownExampleMap_BuiltData.uasset'
[2025.04.04-23.02.13:300][282]AssetCheck: New page: Asset Save: multiple assets
[2025.04.04-23.02.13:300][282]LogContentValidation: Display: Validating World /Game/TopDownCPP/Maps/TopDownExampleMap.TopDownExampleMap
[2025.04.04-23.02.13:300][282]LogContentValidation: Display: Validating MapBuildDataRegistry /Game/TopDownCPP/Maps/TopDownExampleMap_BuiltData.TopDownExampleMap_BuiltData
[2025.04.04-23.02.17:785][546]LogTemp: Repeating last play command: Selected Viewport
[2025.04.04-23.02.17:793][546]LogPlayLevel: PlayLevel: No blueprints needed recompiling
[2025.04.04-23.02.17:793][546]PIE: New page: PIE session: TopDownExampleMap (04-Apr-2025, 3:02:17 pm)
[2025.04.04-23.02.17:827][546]LogPlayLevel: Creating play world package: /Game/TopDownCPP/Maps/UEDPIE_0_TopDownExampleMap
[2025.04.04-23.02.17:838][546]LogPlayLevel: PIE: StaticDuplicateObject took: (0.010477s)
[2025.04.04-23.02.17:839][546]LogAIModule: Creating AISystem for world TopDownExampleMap
[2025.04.04-23.02.17:839][546]LogPlayLevel: PIE: World Init took: (0.001099s)
[2025.04.04-23.02.17:839][546]LogPlayLevel: PIE: Created PIE world by copying editor world from /Game/TopDownCPP/Maps/TopDownExampleMap.TopDownExampleMap to /Game/TopDownCPP/Maps/UEDPIE_0_TopDownExampleMap.TopDownExampleMap (0.011793s)
[2025.04.04-23.02.17:846][546]LogUObjectHash: Compacting FUObjectHashTables data took   0.64ms
[2025.04.04-23.02.17:846][546]LogAudio: Display: Creating Audio Device:                 Id: 4, Scope: Unique, Realtime: True
[2025.04.04-23.02.17:846][546]LogAudioMixer: Display: Audio Mixer Platform Settings:
[2025.04.04-23.02.17:846][546]LogAudioMixer: Display: 	Sample Rate:						  48000
[2025.04.04-23.02.17:846][546]LogAudioMixer: Display: 	Callback Buffer Frame Size Requested: 1024
[2025.04.04-23.02.17:846][546]LogAudioMixer: Display: 	Callback Buffer Frame Size To Use:	  1024
[2025.04.04-23.02.17:846][546]LogAudioMixer: Display: 	Number of buffers to queue:			  2
[2025.04.04-23.02.17:846][546]LogAudioMixer: Display: 	Max Channels (voices):				  32
[2025.04.04-23.02.17:846][546]LogAudioMixer: Display: 	Number of Async Source Workers:		  0
[2025.04.04-23.02.17:846][546]LogAudio: Display: AudioDevice MaxSources: 32
[2025.04.04-23.02.17:846][546]LogAudio: Display: Audio Spatialization Plugin: None (built-in).
[2025.04.04-23.02.17:846][546]LogAudio: Display: Audio Reverb Plugin: None (built-in).
[2025.04.04-23.02.17:846][546]LogAudio: Display: Audio Occlusion Plugin: None (built-in).
[2025.04.04-23.02.17:846][546]LogAudioMixer: Display: Initializing audio mixer.
[2025.04.04-23.02.17:850][546]LogAudioMixer: Display: 0: FrontLeft
[2025.04.04-23.02.17:850][546]LogAudioMixer: Display: 1: FrontRight
[2025.04.04-23.02.17:867][546]LogAudioMixer: Display: Using Audio Device Headphone (Realtek(R) Audio)
[2025.04.04-23.02.17:867][546]LogAudioMixer: Display: Initializing Sound Submixes...
[2025.04.04-23.02.17:867][546]LogAudioMixer: Display: Creating Master Submix 'MasterSubmixDefault'
[2025.04.04-23.02.17:867][546]LogAudioMixer: Display: Creating Master Submix 'MasterReverbSubmixDefault'
[2025.04.04-23.02.17:868][546]LogAudioMixer: Display: Creating Master Submix 'MasterEQSubmixDefault'
[2025.04.04-23.02.17:868][546]LogAudioMixer: FMixerPlatformXAudio2::StartAudioStream() called
[2025.04.04-23.02.17:868][546]LogAudioMixer: Display: Output buffers initialized: Frames=1024, Channels=2, Samples=2048
[2025.04.04-23.02.17:869][546]LogAudioMixer: Display: Starting AudioMixerPlatformInterface::RunInternal()
[2025.04.04-23.02.17:869][546]LogAudioMixer: Display: FMixerPlatformXAudio2::SubmitBuffer() called for the first time
[2025.04.04-23.02.17:869][546]LogInit: FAudioDevice initialized.
[2025.04.04-23.02.17:869][546]LogAudio: Display: Audio Device (ID: 4) registered with world 'TopDownExampleMap'.
[2025.04.04-23.02.17:874][546]LogLoad: Game class is 'TopDownPuzzleGameMode'
[2025.04.04-23.02.17:876][546]LogWorld: Bringing World /Game/TopDownCPP/Maps/UEDPIE_0_TopDownExampleMap.TopDownExampleMap up for play (max tick rate 60) at 2025.04.04-19.02.17
[2025.04.04-23.02.17:876][546]LogWorld: Bringing up level for play took: 0.001350
[2025.04.04-23.02.17:877][546]LogOnline: OSS: Creating online subsystem instance for: :Context_5
[2025.04.04-23.02.17:880][546]PIE: Server logged in
[2025.04.04-23.02.17:880][546]PIE: Play in editor total start time 0.09 seconds.
[2025.04.04-23.02.34:093][517]LogTemp: Warning: Player entered the door!
[2025.04.04-23.02.41:948][987]LogTemp: Warning: Player entered the door!
[2025.04.04-23.03.02:650][194]LogSlate: Updating window title bar state: overlay mode, drag disabled, window buttons hidden, title bar hidden
[2025.04.04-23.03.02:650][194]LogWorld: BeginTearingDown for /Game/TopDownCPP/Maps/UEDPIE_0_TopDownExampleMap
[2025.04.04-23.03.02:651][194]LogWorld: UWorld::CleanupWorld for TopDownExampleMap, bSessionEnded=true, bCleanupResources=true
[2025.04.04-23.03.02:651][194]LogSlate: InvalidateAllWidgets triggered.  All widgets were invalidated
[2025.04.04-23.03.02:673][194]LogPlayLevel: Display: Shutting down PIE online subsystems
[2025.04.04-23.03.02:690][194]LogSlate: InvalidateAllWidgets triggered.  All widgets were invalidated
[2025.04.04-23.03.02:696][194]LogAudio: Display: Audio Device unregistered from world 'None'.
[2025.04.04-23.03.02:696][194]LogAudioMixer: FMixerPlatformXAudio2::StopAudioStream() called
[2025.04.04-23.03.02:697][194]LogAudioMixer: FMixerPlatformXAudio2::StopAudioStream() called
[2025.04.04-23.03.02:700][194]LogSlate: Updating window title bar state: overlay mode, drag disabled, window buttons hidden, title bar hidden
[2025.04.04-23.03.02:702][194]LogUObjectHash: Compacting FUObjectHashTables data took   0.64ms
[2025.04.04-23.03.02:722][195]LogPlayLevel: Display: Destroying online subsystem :Context_5
[2025.04.04-23.04.16:971][544]LogSlate: Updating window title bar state: overlay mode, drag disabled, window buttons hidden, title bar hidden
[2025.04.04-23.04.16:980][544]LogSlate: Updating window title bar state: overlay mode, drag disabled, window buttons hidden, title bar hidden
[2025.04.04-23.04.16:986][544]LogSlate: Updating window title bar state: overlay mode, drag disabled, window buttons hidden, title bar hidden
[2025.04.04-23.04.16:993][544]LogSlate: Updating window title bar state: overlay mode, drag disabled, window buttons hidden, title bar hidden
[2025.04.04-23.04.17:030][545]LogRenderer: Reallocating scene render targets to support 996x564 Format 10 NumSamples 1 (Frame:48867).
[2025.04.04-23.04.19:849][710]LogSlate: Window 'Viewport 2' being destroyed
[2025.04.04-23.04.19:860][710]LogSlate: Window 'Viewport 2' being destroyed
[2025.04.04-23.04.31:340][371]LogSlate: Window 'Statistics' being destroyed
[2025.04.04-23.04.31:351][371]LogSlate: Window 'Statistics' being destroyed
[2025.04.04-23.04.46:751][253]LogSlate: Took 0.008453 seconds to synchronously load lazily loaded font '../../../Engine/Content/Slate/Fonts/DroidSansMono.ttf' (77K)
[2025.04.04-23.04.54:644][718]LogUObjectHash: Compacting FUObjectHashTables data took   0.70ms
[2025.04.04-23.04.54:668][718]LogSavePackage: Moving '../../../../../../Unreal Projects/Top-Down-Puzzle/TopDownPuzzle/Saved/TopDownExampleMap6A0E75A74CBFC11AA20A46B05B1E7F96.tmp' to '../../../../../../Unreal Projects/Top-Down-Puzzle/TopDownPuzzle/Content/TopDownCPP/Maps/TopDownExampleMap.umap'
[2025.04.04-23.04.54:771][718]LogSavePackage: Moving '../../../../../../Unreal Projects/Top-Down-Puzzle/TopDownPuzzle/Saved/TopDownExampleMap_BuiltDataEB371C864A8EA2E3F1F7D8B148F37033.tmp' to '../../../../../../Unreal Projects/Top-Down-Puzzle/TopDownPuzzle/Content/TopDownCPP/Maps/TopDownExampleMap_BuiltData.uasset'
[2025.04.04-23.04.54:786][718]AssetCheck: New page: Asset Save: multiple assets
[2025.04.04-23.04.54:786][718]LogContentValidation: Display: Validating World /Game/TopDownCPP/Maps/TopDownExampleMap.TopDownExampleMap
[2025.04.04-23.04.54:787][718]LogContentValidation: Display: Validating MapBuildDataRegistry /Game/TopDownCPP/Maps/TopDownExampleMap_BuiltData.TopDownExampleMap_BuiltData
[2025.04.04-23.04.56:891][843]LogTemp: Repeating last play command: Selected Viewport
[2025.04.04-23.04.56:903][843]LogPlayLevel: PlayLevel: No blueprints needed recompiling
[2025.04.04-23.04.56:903][843]PIE: New page: PIE session: TopDownExampleMap (04-Apr-2025, 3:04:56 pm)
[2025.04.04-23.04.56:903][843]LogPlayLevel: Creating play world package: /Game/TopDownCPP/Maps/UEDPIE_0_TopDownExampleMap
[2025.04.04-23.04.56:919][843]LogPlayLevel: PIE: StaticDuplicateObject took: (0.015886s)
[2025.04.04-23.04.56:920][843]LogAIModule: Creating AISystem for world TopDownExampleMap
[2025.04.04-23.04.56:921][843]LogPlayLevel: PIE: World Init took: (0.001540s)
[2025.04.04-23.04.56:921][843]LogPlayLevel: PIE: Created PIE world by copying editor world from /Game/TopDownCPP/Maps/TopDownExampleMap.TopDownExampleMap to /Game/TopDownCPP/Maps/UEDPIE_0_TopDownExampleMap.TopDownExampleMap (0.017617s)
[2025.04.04-23.04.56:928][843]LogUObjectHash: Compacting FUObjectHashTables data took   0.85ms
[2025.04.04-23.04.56:929][843]LogAudio: Display: Creating Audio Device:                 Id: 5, Scope: Unique, Realtime: True
[2025.04.04-23.04.56:929][843]LogAudioMixer: Display: Audio Mixer Platform Settings:
[2025.04.04-23.04.56:929][843]LogAudioMixer: Display: 	Sample Rate:						  48000
[2025.04.04-23.04.56:929][843]LogAudioMixer: Display: 	Callback Buffer Frame Size Requested: 1024
[2025.04.04-23.04.56:929][843]LogAudioMixer: Display: 	Callback Buffer Frame Size To Use:	  1024
[2025.04.04-23.04.56:929][843]LogAudioMixer: Display: 	Number of buffers to queue:			  2
[2025.04.04-23.04.56:929][843]LogAudioMixer: Display: 	Max Channels (voices):				  32
[2025.04.04-23.04.56:929][843]LogAudioMixer: Display: 	Number of Async Source Workers:		  0
[2025.04.04-23.04.56:929][843]LogAudio: Display: AudioDevice MaxSources: 32
[2025.04.04-23.04.56:929][843]LogAudio: Display: Audio Spatialization Plugin: None (built-in).
[2025.04.04-23.04.56:929][843]LogAudio: Display: Audio Reverb Plugin: None (built-in).
[2025.04.04-23.04.56:929][843]LogAudio: Display: Audio Occlusion Plugin: None (built-in).
[2025.04.04-23.04.56:929][843]LogAudioMixer: Display: Initializing audio mixer.
[2025.04.04-23.04.56:935][843]LogAudioMixer: Display: 0: FrontLeft
[2025.04.04-23.04.56:935][843]LogAudioMixer: Display: 1: FrontRight
[2025.04.04-23.04.56:954][843]LogAudioMixer: Display: Using Audio Device Headphone (Realtek(R) Audio)
[2025.04.04-23.04.56:954][843]LogAudioMixer: Display: Initializing Sound Submixes...
[2025.04.04-23.04.56:954][843]LogAudioMixer: Display: Creating Master Submix 'MasterSubmixDefault'
[2025.04.04-23.04.56:954][843]LogAudioMixer: Display: Creating Master Submix 'MasterReverbSubmixDefault'
[2025.04.04-23.04.56:954][843]LogAudioMixer: Display: Creating Master Submix 'MasterEQSubmixDefault'
[2025.04.04-23.04.56:954][843]LogAudioMixer: FMixerPlatformXAudio2::StartAudioStream() called
[2025.04.04-23.04.56:954][843]LogAudioMixer: Display: Output buffers initialized: Frames=1024, Channels=2, Samples=2048
[2025.04.04-23.04.56:956][843]LogAudioMixer: Display: Starting AudioMixerPlatformInterface::RunInternal()
[2025.04.04-23.04.56:956][843]LogAudioMixer: Display: FMixerPlatformXAudio2::SubmitBuffer() called for the first time
[2025.04.04-23.04.56:956][843]LogInit: FAudioDevice initialized.
[2025.04.04-23.04.56:956][843]LogAudio: Display: Audio Device (ID: 5) registered with world 'TopDownExampleMap'.
[2025.04.04-23.04.56:965][843]LogLoad: Game class is 'TopDownPuzzleGameMode'
[2025.04.04-23.04.56:967][843]LogWorld: Bringing World /Game/TopDownCPP/Maps/UEDPIE_0_TopDownExampleMap.TopDownExampleMap up for play (max tick rate 60) at 2025.04.04-19.04.56
[2025.04.04-23.04.56:968][843]LogWorld: Bringing up level for play took: 0.001516
[2025.04.04-23.04.56:968][843]LogOnline: OSS: Creating online subsystem instance for: :Context_6
[2025.04.04-23.04.56:971][843]PIE: Server logged in
[2025.04.04-23.04.56:971][843]PIE: Play in editor total start time 0.073 seconds.
[2025.04.04-23.05.00:389][ 44]LogSlate: Updating window title bar state: overlay mode, drag disabled, window buttons hidden, title bar hidden
[2025.04.04-23.05.00:389][ 44]LogWorld: BeginTearingDown for /Game/TopDownCPP/Maps/UEDPIE_0_TopDownExampleMap
[2025.04.04-23.05.00:389][ 44]LogWorld: UWorld::CleanupWorld for TopDownExampleMap, bSessionEnded=true, bCleanupResources=true
[2025.04.04-23.05.00:389][ 44]LogSlate: InvalidateAllWidgets triggered.  All widgets were invalidated
[2025.04.04-23.05.00:398][ 44]LogPlayLevel: Display: Shutting down PIE online subsystems
[2025.04.04-23.05.00:413][ 44]LogSlate: InvalidateAllWidgets triggered.  All widgets were invalidated
[2025.04.04-23.05.00:418][ 44]LogAudio: Display: Audio Device unregistered from world 'None'.
[2025.04.04-23.05.00:418][ 44]LogAudioMixer: FMixerPlatformXAudio2::StopAudioStream() called
[2025.04.04-23.05.00:419][ 44]LogAudioMixer: FMixerPlatformXAudio2::StopAudioStream() called
[2025.04.04-23.05.00:422][ 44]LogSlate: Updating window title bar state: overlay mode, drag disabled, window buttons hidden, title bar hidden
[2025.04.04-23.05.00:424][ 44]LogUObjectHash: Compacting FUObjectHashTables data took   0.62ms
[2025.04.04-23.05.00:471][ 46]LogPlayLevel: Display: Destroying online subsystem :Context_6
[2025.04.04-23.05.04:487][287]LogEditorViewport: Clicking on Actor (LMB): StaticMeshActor (Floor)
[2025.04.04-23.05.21:175][284]LogNavigationPoint: PostEditMove Clear paths rebuilt
[2025.04.04-23.05.22:841][384]LogNavigationPoint: PostEditMove Clear paths rebuilt
[2025.04.04-23.05.23:708][436]LogEditorViewport: Clicking on Actor (context menu): BP_Sky_Sphere_C (SkySphereBlueprint)
[2025.04.04-23.05.28:198][700]LogTemp: Repeating last play command: Selected Viewport
[2025.04.04-23.05.28:208][700]LogPlayLevel: PlayLevel: No blueprints needed recompiling
[2025.04.04-23.05.28:208][700]PIE: New page: PIE session: TopDownExampleMap (04-Apr-2025, 3:05:28 pm)
[2025.04.04-23.05.28:208][700]LogPlayLevel: Creating play world package: /Game/TopDownCPP/Maps/UEDPIE_0_TopDownExampleMap
[2025.04.04-23.05.28:221][700]LogPlayLevel: PIE: StaticDuplicateObject took: (0.012938s)
[2025.04.04-23.05.28:222][700]LogAIModule: Creating AISystem for world TopDownExampleMap
[2025.04.04-23.05.28:223][700]LogPlayLevel: PIE: World Init took: (0.001772s)
[2025.04.04-23.05.28:223][700]LogPlayLevel: PIE: Created PIE world by copying editor world from /Game/TopDownCPP/Maps/TopDownExampleMap.TopDownExampleMap to /Game/TopDownCPP/Maps/UEDPIE_0_TopDownExampleMap.TopDownExampleMap (0.014921s)
[2025.04.04-23.05.28:230][700]LogUObjectHash: Compacting FUObjectHashTables data took   0.96ms
[2025.04.04-23.05.28:231][700]LogAudio: Display: Creating Audio Device:                 Id: 6, Scope: Unique, Realtime: True
[2025.04.04-23.05.28:231][700]LogAudioMixer: Display: Audio Mixer Platform Settings:
[2025.04.04-23.05.28:231][700]LogAudioMixer: Display: 	Sample Rate:						  48000
[2025.04.04-23.05.28:231][700]LogAudioMixer: Display: 	Callback Buffer Frame Size Requested: 1024
[2025.04.04-23.05.28:231][700]LogAudioMixer: Display: 	Callback Buffer Frame Size To Use:	  1024
[2025.04.04-23.05.28:231][700]LogAudioMixer: Display: 	Number of buffers to queue:			  2
[2025.04.04-23.05.28:231][700]LogAudioMixer: Display: 	Max Channels (voices):				  32
[2025.04.04-23.05.28:231][700]LogAudioMixer: Display: 	Number of Async Source Workers:		  0
[2025.04.04-23.05.28:231][700]LogAudio: Display: AudioDevice MaxSources: 32
[2025.04.04-23.05.28:232][700]LogAudio: Display: Audio Spatialization Plugin: None (built-in).
[2025.04.04-23.05.28:232][700]LogAudio: Display: Audio Reverb Plugin: None (built-in).
[2025.04.04-23.05.28:232][700]LogAudio: Display: Audio Occlusion Plugin: None (built-in).
[2025.04.04-23.05.28:232][700]LogAudioMixer: Display: Initializing audio mixer.
[2025.04.04-23.05.28:236][700]LogAudioMixer: Display: 0: FrontLeft
[2025.04.04-23.05.28:236][700]LogAudioMixer: Display: 1: FrontRight
[2025.04.04-23.05.28:250][700]LogAudioMixer: Display: Using Audio Device Headphone (Realtek(R) Audio)
[2025.04.04-23.05.28:251][700]LogAudioMixer: Display: Initializing Sound Submixes...
[2025.04.04-23.05.28:251][700]LogAudioMixer: Display: Creating Master Submix 'MasterSubmixDefault'
[2025.04.04-23.05.28:251][700]LogAudioMixer: Display: Creating Master Submix 'MasterReverbSubmixDefault'
[2025.04.04-23.05.28:251][700]LogAudioMixer: Display: Creating Master Submix 'MasterEQSubmixDefault'
[2025.04.04-23.05.28:251][700]LogAudioMixer: FMixerPlatformXAudio2::StartAudioStream() called
[2025.04.04-23.05.28:251][700]LogAudioMixer: Display: Output buffers initialized: Frames=1024, Channels=2, Samples=2048
[2025.04.04-23.05.28:252][700]LogAudioMixer: Display: Starting AudioMixerPlatformInterface::RunInternal()
[2025.04.04-23.05.28:252][700]LogAudioMixer: Display: FMixerPlatformXAudio2::SubmitBuffer() called for the first time
[2025.04.04-23.05.28:252][700]LogInit: FAudioDevice initialized.
[2025.04.04-23.05.28:252][700]LogAudio: Display: Audio Device (ID: 6) registered with world 'TopDownExampleMap'.
[2025.04.04-23.05.28:261][700]LogLoad: Game class is 'TopDownPuzzleGameMode'
[2025.04.04-23.05.28:263][700]LogWorld: Bringing World /Game/TopDownCPP/Maps/UEDPIE_0_TopDownExampleMap.TopDownExampleMap up for play (max tick rate 60) at 2025.04.04-19.05.28
[2025.04.04-23.05.28:263][700]LogWorld: Bringing up level for play took: 0.001318
[2025.04.04-23.05.28:264][700]LogOnline: OSS: Creating online subsystem instance for: :Context_7
[2025.04.04-23.05.28:267][700]PIE: Server logged in
[2025.04.04-23.05.28:268][700]PIE: Play in editor total start time 0.063 seconds.
[2025.04.04-23.05.30:980][861]LogTemp: Warning: Player entered the door!
[2025.04.04-23.05.34:613][ 79]LogTemp: Warning: Player entered the door!
[2025.04.04-23.05.36:031][164]LogTemp: Warning: Player entered the door!
[2025.04.04-23.05.36:681][203]LogTemp: Warning: Player entered the door!
[2025.04.04-23.06.10:619][237]LogSlate: Updating window title bar state: overlay mode, drag disabled, window buttons hidden, title bar hidden
[2025.04.04-23.06.10:619][237]LogWorld: BeginTearingDown for /Game/TopDownCPP/Maps/UEDPIE_0_TopDownExampleMap
[2025.04.04-23.06.10:619][237]LogWorld: UWorld::CleanupWorld for TopDownExampleMap, bSessionEnded=true, bCleanupResources=true
[2025.04.04-23.06.10:619][237]LogSlate: InvalidateAllWidgets triggered.  All widgets were invalidated
[2025.04.04-23.06.10:631][237]LogPlayLevel: Display: Shutting down PIE online subsystems
[2025.04.04-23.06.10:637][237]LogSlate: InvalidateAllWidgets triggered.  All widgets were invalidated
[2025.04.04-23.06.10:642][237]LogAudio: Display: Audio Device unregistered from world 'None'.
[2025.04.04-23.06.10:642][237]LogAudioMixer: FMixerPlatformXAudio2::StopAudioStream() called
[2025.04.04-23.06.10:643][237]LogAudioMixer: FMixerPlatformXAudio2::StopAudioStream() called
[2025.04.04-23.06.10:646][237]LogSlate: Updating window title bar state: overlay mode, drag disabled, window buttons hidden, title bar hidden
[2025.04.04-23.06.10:648][237]LogUObjectHash: Compacting FUObjectHashTables data took   0.66ms
[2025.04.04-23.06.10:701][240]LogPlayLevel: Display: Destroying online subsystem :Context_7
[2025.04.04-23.06.18:093][682]LogUObjectHash: Compacting FUObjectHashTables data took   0.84ms
[2025.04.04-23.06.18:114][682]LogSavePackage: Moving '../../../../../../Unreal Projects/Top-Down-Puzzle/TopDownPuzzle/Saved/TopDownExampleMapEDB6DEC34ADAAE547D80328B0F5E4213.tmp' to '../../../../../../Unreal Projects/Top-Down-Puzzle/TopDownPuzzle/Content/TopDownCPP/Maps/TopDownExampleMap.umap'
[2025.04.04-23.06.18:215][682]LogSavePackage: Moving '../../../../../../Unreal Projects/Top-Down-Puzzle/TopDownPuzzle/Saved/TopDownExampleMap_BuiltData342A2C2340C8F39302FA0F82704E8AC9.tmp' to '../../../../../../Unreal Projects/Top-Down-Puzzle/TopDownPuzzle/Content/TopDownCPP/Maps/TopDownExampleMap_BuiltData.uasset'
[2025.04.04-23.06.18:230][682]AssetCheck: New page: Asset Save: multiple assets
[2025.04.04-23.06.18:230][682]LogContentValidation: Display: Validating World /Game/TopDownCPP/Maps/TopDownExampleMap.TopDownExampleMap
[2025.04.04-23.06.18:230][682]LogContentValidation: Display: Validating MapBuildDataRegistry /Game/TopDownCPP/Maps/TopDownExampleMap_BuiltData.TopDownExampleMap_BuiltData
[2025.04.04-23.06.47:236][398]LogAssetEditorSubsystem: Opening Asset editor for MapBuildDataRegistry /Game/TopDownCPP/Maps/TopDownExampleMap_BuiltData.TopDownExampleMap_BuiltData
[2025.04.04-23.06.49:563][534]LogSlate: Window 'TopDownExampleMap_BuiltData' being destroyed
[2025.04.04-23.06.49:574][534]LogSlate: Window 'TopDownExampleMap_BuiltData' being destroyed
[2025.04.04-23.06.52:856][728]LogUObjectHash: Compacting FUObjectHashTables data took   1.65ms
[2025.04.04-23.06.55:580][884]LogUObjectHash: Compacting FUObjectHashTables data took   0.79ms
[2025.04.04-23.06.57:951][884]LogSlate: Window 'Save Content' being destroyed
[2025.04.04-23.06.57:999][884]LogUObjectHash: Compacting FUObjectHashTables data took   0.83ms
[2025.04.04-23.06.58:025][884]LogSavePackage: Moving '../../../../../../Unreal Projects/Top-Down-Puzzle/TopDownPuzzle/Saved/TopDownExampleMap_2B75EB92B41C73368F359BE93C135FA97.tmp' to '../../../../../../Unreal Projects/Top-Down-Puzzle/TopDownPuzzle/Content/TopDownCPP/Maps/TopDownExampleMap_2.umap'
[2025.04.04-23.06.58:029][884]LogFileHelpers: Saving map 'TopDownExampleMap_2' took 0.041
[2025.04.04-23.06.58:060][884]LogAssetEditorSubsystem: Opening Asset editor for World /Game/TopDownCPP/Maps/TopDownExampleMap_2.TopDownExampleMap_2
[2025.04.04-23.06.58:061][884]Cmd: MAP LOAD FILE="../../../../../../Unreal Projects/Top-Down-Puzzle/TopDownPuzzle/Content/TopDownCPP/Maps/TopDownExampleMap_2.umap" TEMPLATE=0 SHOWPROGRESS=1 FEATURELEVEL=3
[2025.04.04-23.06.58:061][884]LightingResults: New page: Lighting Build
[2025.04.04-23.06.58:061][884]LoadErrors: New page: Loading map: TopDownExampleMap_2.umap
[2025.04.04-23.06.58:064][884]LogWorld: UWorld::CleanupWorld for TopDownExampleMap, bSessionEnded=true, bCleanupResources=true
[2025.04.04-23.06.58:064][884]LogSlate: InvalidateAllWidgets triggered.  All widgets were invalidated
[2025.04.04-23.06.58:065][884]MapCheck: New page: Map Check
[2025.04.04-23.06.58:065][884]LightingResults: New page: Lighting Build
[2025.04.04-23.06.58:070][884]LogAudio: Display: Audio Device unregistered from world 'None'.
[2025.04.04-23.06.58:074][884]LogUObjectHash: Compacting FUObjectHashTables data took   0.88ms
[2025.04.04-23.06.58:076][884]LogAudio: Display: Audio Device (ID: 1) registered with world 'TopDownExampleMap_2'.
[2025.04.04-23.06.58:104][884]LogEditorServer: Finished looking for orphan Actors (0.000 secs)
[2025.04.04-23.06.58:104][884]LogAIModule: Creating AISystem for world TopDownExampleMap_2
[2025.04.04-23.06.58:113][884]LogUObjectHash: Compacting FUObjectHashTables data took   0.70ms
[2025.04.04-23.06.58:126][884]Cmd: MAP CHECKDEP NOCLEARLOG
[2025.04.04-23.06.58:126][884]MapCheck: Map check complete: 0 Error(s), 0 Warning(s), took 0.191ms to complete.
[2025.04.04-23.06.58:126][884]LogFileHelpers: Loading map 'TopDownExampleMap_2' took 0.066
[2025.04.04-23.06.58:153][884]AssetCheck: New page: Asset Save: TopDownExampleMap_2
[2025.04.04-23.06.58:153][884]LogContentValidation: Display: Validating World /Game/TopDownCPP/Maps/TopDownExampleMap_2.TopDownExampleMap_2
[2025.04.04-23.06.59:410][956]LogUObjectHash: Compacting FUObjectHashTables data took   0.28ms
[2025.04.04-23.06.59:431][956]LogAssetEditorSubsystem: Opening Asset editor for World /Game/TopDownCPP/Maps/TopDownExampleMap_2.TopDownExampleMap_2
[2025.04.04-23.06.59:431][956]Cmd: MAP LOAD FILE="../../../../../../Unreal Projects/Top-Down-Puzzle/TopDownPuzzle/Content/TopDownCPP/Maps/TopDownExampleMap_2.umap" TEMPLATE=0 SHOWPROGRESS=1 FEATURELEVEL=3
[2025.04.04-23.06.59:431][956]LightingResults: New page: Lighting Build
[2025.04.04-23.06.59:431][956]LoadErrors: New page: Loading map: TopDownExampleMap_2.umap
[2025.04.04-23.06.59:434][956]LogWorld: UWorld::CleanupWorld for TopDownExampleMap_2, bSessionEnded=true, bCleanupResources=true
[2025.04.04-23.06.59:434][956]LogSlate: InvalidateAllWidgets triggered.  All widgets were invalidated
[2025.04.04-23.06.59:434][956]MapCheck: New page: Map Check
[2025.04.04-23.06.59:434][956]LightingResults: New page: Lighting Build
[2025.04.04-23.06.59:440][956]LogAudio: Display: Audio Device unregistered from world 'None'.
[2025.04.04-23.06.59:441][956]LogUObjectHash: Compacting FUObjectHashTables data took   0.83ms
[2025.04.04-23.06.59:453][956]LogAudio: Display: Audio Device (ID: 1) registered with world 'TopDownExampleMap_2'.
[2025.04.04-23.06.59:453][956]LogAIModule: Creating AISystem for world TopDownExampleMap_2
[2025.04.04-23.06.59:489][956]LogEditorServer: Finished looking for orphan Actors (0.000 secs)
[2025.04.04-23.06.59:497][956]LogUObjectHash: Compacting FUObjectHashTables data took   0.64ms
[2025.04.04-23.06.59:507][956]Cmd: MAP CHECKDEP NOCLEARLOG
[2025.04.04-23.06.59:508][956]MapCheck: Map check complete: 0 Error(s), 0 Warning(s), took 0.161ms to complete.
[2025.04.04-23.06.59:508][956]LogFileHelpers: Loading map 'TopDownExampleMap_2' took 0.076
[2025.04.04-23.07.01:231][ 57]LogUObjectHash: Compacting FUObjectHashTables data took   0.30ms
[2025.04.04-23.07.01:248][ 57]LogAssetEditorSubsystem: Opening Asset editor for World /Game/TopDownCPP/Maps/TopDownExampleMap_2.TopDownExampleMap_2
[2025.04.04-23.07.01:249][ 57]Cmd: MAP LOAD FILE="../../../../../../Unreal Projects/Top-Down-Puzzle/TopDownPuzzle/Content/TopDownCPP/Maps/TopDownExampleMap_2.umap" TEMPLATE=0 SHOWPROGRESS=1 FEATURELEVEL=3
[2025.04.04-23.07.01:249][ 57]LightingResults: New page: Lighting Build
[2025.04.04-23.07.01:249][ 57]LoadErrors: New page: Loading map: TopDownExampleMap_2.umap
[2025.04.04-23.07.01:252][ 57]LogWorld: UWorld::CleanupWorld for TopDownExampleMap_2, bSessionEnded=true, bCleanupResources=true
[2025.04.04-23.07.01:252][ 57]LogSlate: InvalidateAllWidgets triggered.  All widgets were invalidated
[2025.04.04-23.07.01:252][ 57]MapCheck: New page: Map Check
[2025.04.04-23.07.01:252][ 57]LightingResults: New page: Lighting Build
[2025.04.04-23.07.01:257][ 57]LogAudio: Display: Audio Device unregistered from world 'None'.
[2025.04.04-23.07.01:259][ 57]LogUObjectHash: Compacting FUObjectHashTables data took   0.79ms
[2025.04.04-23.07.01:271][ 57]LogAudio: Display: Audio Device (ID: 1) registered with world 'TopDownExampleMap_2'.
[2025.04.04-23.07.01:272][ 57]LogAIModule: Creating AISystem for world TopDownExampleMap_2
[2025.04.04-23.07.01:298][ 57]LogEditorServer: Finished looking for orphan Actors (0.000 secs)
[2025.04.04-23.07.01:305][ 57]LogUObjectHash: Compacting FUObjectHashTables data took   0.63ms
[2025.04.04-23.07.01:317][ 57]Cmd: MAP CHECKDEP NOCLEARLOG
[2025.04.04-23.07.01:317][ 57]MapCheck: Map check complete: 0 Error(s), 0 Warning(s), took 0.159ms to complete.
[2025.04.04-23.07.01:317][ 57]LogFileHelpers: Loading map 'TopDownExampleMap_2' took 0.068
[2025.04.04-23.07.15:413][895]LogContentBrowser: Attempting asset rename: TopDownExampleMap_2 -> Level1
[2025.04.04-23.07.15:448][895]LogMetaData: Removing '/Game/TopDownCPP/Maps/Level1.Level1_C' ref from Metadata '/Game/TopDownCPP/Maps/TopDownExampleMap_2.PackageMetaData'
[2025.04.04-23.07.15:448][895]LogMetaData: Removing '/Game/TopDownCPP/Maps/Level1.SKEL_Level1_C' ref from Metadata '/Game/TopDownCPP/Maps/TopDownExampleMap_2.PackageMetaData'
[2025.04.04-23.07.15:499][895]LogUObjectHash: Compacting FUObjectHashTables data took   0.88ms
[2025.04.04-23.07.15:520][895]LogSavePackage: Moving '../../../../../../Unreal Projects/Top-Down-Puzzle/TopDownPuzzle/Saved/Level1630525B54D8B6BF554103A81ECA2D7DC.tmp' to '../../../../../../Unreal Projects/Top-Down-Puzzle/TopDownPuzzle/Content/TopDownCPP/Maps/Level1.umap'
[2025.04.04-23.07.15:534][895]LogFileHelpers: Saving map 'Level1' took 0.043
[2025.04.04-23.07.15:599][895]LogUObjectHash: Compacting FUObjectHashTables data took   0.30ms
[2025.04.04-23.07.15:615][895]LogUObjectHash: Compacting FUObjectHashTables data took   1.03ms
[2025.04.04-23.07.15:621][895]LogUObjectHash: Compacting FUObjectHashTables data took   0.29ms
[2025.04.04-23.07.15:644][895]AssetCheck: New page: Asset Save: Level1
[2025.04.04-23.07.15:644][895]LogContentValidation: Display: Validating World /Game/TopDownCPP/Maps/Level1.Level1
[2025.04.04-23.07.26:374][529]LogContentBrowser: Attempting asset rename: TopDownExampleMap -> Tutorial1
[2025.04.04-23.07.26:460][529]LogMetaData: Removing '/Game/TopDownCPP/Maps/Tutorial1.Tutorial1_C' ref from Metadata '/Game/TopDownCPP/Maps/TopDownExampleMap.PackageMetaData'
[2025.04.04-23.07.26:460][529]LogMetaData: Removing '/Game/TopDownCPP/Maps/Tutorial1.SKEL_Tutorial1_C' ref from Metadata '/Game/TopDownCPP/Maps/TopDownExampleMap.PackageMetaData'
[2025.04.04-23.07.26:583][529]LogSavePackage: Moving '../../../../../../Unreal Projects/Top-Down-Puzzle/TopDownPuzzle/Saved/Tutorial1_BuiltData822763AD447B238DAC7BC990AD5FFB5D.tmp' to '../../../../../../Unreal Projects/Top-Down-Puzzle/TopDownPuzzle/Content/TopDownCPP/Maps/Tutorial1_BuiltData.uasset'
[2025.04.04-23.07.26:592][529]LogUObjectHash: Compacting FUObjectHashTables data took   0.69ms
[2025.04.04-23.07.26:612][529]LogSavePackage: Moving '../../../../../../Unreal Projects/Top-Down-Puzzle/TopDownPuzzle/Saved/Tutorial18A63D3AA45515D0A1199969A61B9A716.tmp' to '../../../../../../Unreal Projects/Top-Down-Puzzle/TopDownPuzzle/Content/TopDownCPP/Maps/Tutorial1.umap'
[2025.04.04-23.07.26:615][529]LogFileHelpers: Saving map 'Tutorial1' took 0.031
[2025.04.04-23.07.26:671][529]LogUObjectHash: Compacting FUObjectHashTables data took   0.59ms
[2025.04.04-23.07.26:676][529]LogUObjectHash: Compacting FUObjectHashTables data took   0.31ms
[2025.04.04-23.07.26:690][529]LogUObjectHash: Compacting FUObjectHashTables data took   0.78ms
[2025.04.04-23.07.26:695][529]LogUObjectHash: Compacting FUObjectHashTables data took   0.28ms
[2025.04.04-23.07.26:718][529]AssetCheck: New page: Asset Save: multiple assets
[2025.04.04-23.07.26:718][529]LogContentValidation: Display: Validating MapBuildDataRegistry /Game/TopDownCPP/Maps/Tutorial1_BuiltData.Tutorial1_BuiltData
[2025.04.04-23.07.26:718][529]LogContentValidation: Display: Validating World /Game/TopDownCPP/Maps/Tutorial1.Tutorial1
[2025.04.04-23.07.28:231][620]LogUObjectHash: Compacting FUObjectHashTables data took   0.28ms
[2025.04.04-23.07.28:252][620]LogAssetEditorSubsystem: Opening Asset editor for World /Game/TopDownCPP/Maps/Level1.Level1
[2025.04.04-23.07.28:252][620]Cmd: MAP LOAD FILE="../../../../../../Unreal Projects/Top-Down-Puzzle/TopDownPuzzle/Content/TopDownCPP/Maps/Level1.umap" TEMPLATE=0 SHOWPROGRESS=1 FEATURELEVEL=3
[2025.04.04-23.07.28:252][620]LightingResults: New page: Lighting Build
[2025.04.04-23.07.28:252][620]LoadErrors: New page: Loading map: Level1.umap
[2025.04.04-23.07.28:257][620]LogWorld: UWorld::CleanupWorld for Level1, bSessionEnded=true, bCleanupResources=true
[2025.04.04-23.07.28:257][620]LogSlate: InvalidateAllWidgets triggered.  All widgets were invalidated
[2025.04.04-23.07.28:257][620]MapCheck: New page: Map Check
[2025.04.04-23.07.28:257][620]LightingResults: New page: Lighting Build
[2025.04.04-23.07.28:263][620]LogAudio: Display: Audio Device unregistered from world 'None'.
[2025.04.04-23.07.28:266][620]LogUObjectHash: Compacting FUObjectHashTables data took   0.86ms
[2025.04.04-23.07.28:275][620]LogUObjectHash: Compacting FUObjectHashTables data took   0.73ms
[2025.04.04-23.07.28:282][620]LogUObjectHash: Compacting FUObjectHashTables data took   0.72ms
[2025.04.04-23.07.28:292][620]LogAudio: Display: Audio Device (ID: 1) registered with world 'Level1'.
[2025.04.04-23.07.28:293][620]LogAIModule: Creating AISystem for world Level1
[2025.04.04-23.07.28:369][620]LogEditorServer: Finished looking for orphan Actors (0.000 secs)
[2025.04.04-23.07.28:377][620]LogUObjectHash: Compacting FUObjectHashTables data took   0.63ms
[2025.04.04-23.07.28:390][620]Cmd: MAP CHECKDEP NOCLEARLOG
[2025.04.04-23.07.28:390][620]MapCheck: Map check complete: 0 Error(s), 0 Warning(s), took 0.156ms to complete.
[2025.04.04-23.07.28:390][620]LogFileHelpers: Loading map 'Level1' took 0.138
[2025.04.04-23.10.33:816][521]LogTemp: Repeating last play command: Selected Viewport
[2025.04.04-23.10.33:829][521]LogPlayLevel: PlayLevel: No blueprints needed recompiling
[2025.04.04-23.10.33:830][521]PIE: New page: PIE session: Level1 (04-Apr-2025, 3:10:33 pm)
[2025.04.04-23.10.33:830][521]LogPlayLevel: Creating play world package: /Game/TopDownCPP/Maps/UEDPIE_0_Level1
[2025.04.04-23.10.33:850][521]LogPlayLevel: PIE: StaticDuplicateObject took: (0.020290s)
[2025.04.04-23.10.33:852][521]LogAIModule: Creating AISystem for world Level1
[2025.04.04-23.10.33:852][521]LogPlayLevel: PIE: World Init took: (0.001685s)
[2025.04.04-23.10.33:852][521]LogPlayLevel: PIE: Created PIE world by copying editor world from /Game/TopDownCPP/Maps/Level1.Level1 to /Game/TopDownCPP/Maps/UEDPIE_0_Level1.Level1 (0.022207s)
[2025.04.04-23.10.33:860][521]LogUObjectHash: Compacting FUObjectHashTables data took   0.93ms
[2025.04.04-23.10.33:861][521]LogAudio: Display: Creating Audio Device:                 Id: 7, Scope: Unique, Realtime: True
[2025.04.04-23.10.33:861][521]LogAudioMixer: Display: Audio Mixer Platform Settings:
[2025.04.04-23.10.33:861][521]LogAudioMixer: Display: 	Sample Rate:						  48000
[2025.04.04-23.10.33:861][521]LogAudioMixer: Display: 	Callback Buffer Frame Size Requested: 1024
[2025.04.04-23.10.33:861][521]LogAudioMixer: Display: 	Callback Buffer Frame Size To Use:	  1024
[2025.04.04-23.10.33:861][521]LogAudioMixer: Display: 	Number of buffers to queue:			  2
[2025.04.04-23.10.33:861][521]LogAudioMixer: Display: 	Max Channels (voices):				  32
[2025.04.04-23.10.33:861][521]LogAudioMixer: Display: 	Number of Async Source Workers:		  0
[2025.04.04-23.10.33:861][521]LogAudio: Display: AudioDevice MaxSources: 32
[2025.04.04-23.10.33:861][521]LogAudio: Display: Audio Spatialization Plugin: None (built-in).
[2025.04.04-23.10.33:861][521]LogAudio: Display: Audio Reverb Plugin: None (built-in).
[2025.04.04-23.10.33:861][521]LogAudio: Display: Audio Occlusion Plugin: None (built-in).
[2025.04.04-23.10.33:861][521]LogAudioMixer: Display: Initializing audio mixer.
[2025.04.04-23.10.33:867][521]LogAudioMixer: Display: 0: FrontLeft
[2025.04.04-23.10.33:867][521]LogAudioMixer: Display: 1: FrontRight
[2025.04.04-23.10.33:885][521]LogAudioMixer: Display: Using Audio Device Headphone (Realtek(R) Audio)
[2025.04.04-23.10.33:885][521]LogAudioMixer: Display: Initializing Sound Submixes...
[2025.04.04-23.10.33:885][521]LogAudioMixer: Display: Creating Master Submix 'MasterSubmixDefault'
[2025.04.04-23.10.33:885][521]LogAudioMixer: Display: Creating Master Submix 'MasterReverbSubmixDefault'
[2025.04.04-23.10.33:886][521]LogAudioMixer: Display: Creating Master Submix 'MasterEQSubmixDefault'
[2025.04.04-23.10.33:886][521]LogAudioMixer: FMixerPlatformXAudio2::StartAudioStream() called
[2025.04.04-23.10.33:886][521]LogAudioMixer: Display: Output buffers initialized: Frames=1024, Channels=2, Samples=2048
[2025.04.04-23.10.33:887][521]LogAudioMixer: Display: Starting AudioMixerPlatformInterface::RunInternal()
[2025.04.04-23.10.33:887][521]LogAudioMixer: Display: FMixerPlatformXAudio2::SubmitBuffer() called for the first time
[2025.04.04-23.10.33:887][521]LogInit: FAudioDevice initialized.
[2025.04.04-23.10.33:887][521]LogAudio: Display: Audio Device (ID: 7) registered with world 'Level1'.
[2025.04.04-23.10.33:897][521]LogLoad: Game class is 'TopDownPuzzleGameMode'
[2025.04.04-23.10.33:899][521]LogWorld: Bringing World /Game/TopDownCPP/Maps/UEDPIE_0_Level1.Level1 up for play (max tick rate 60) at 2025.04.04-19.10.33
[2025.04.04-23.10.33:899][521]LogWorld: Bringing up level for play took: 0.001617
[2025.04.04-23.10.33:900][521]LogOnline: OSS: Creating online subsystem instance for: :Context_10
[2025.04.04-23.10.33:903][521]PIE: Server logged in
[2025.04.04-23.10.33:904][521]PIE: Play in editor total start time 0.078 seconds.
[2025.04.04-23.10.39:159][831]LogSlate: Updating window title bar state: overlay mode, drag disabled, window buttons hidden, title bar hidden
[2025.04.04-23.10.39:159][831]LogWorld: BeginTearingDown for /Game/TopDownCPP/Maps/UEDPIE_0_Level1
[2025.04.04-23.10.39:159][831]LogWorld: UWorld::CleanupWorld for Level1, bSessionEnded=true, bCleanupResources=true
[2025.04.04-23.10.39:159][831]LogSlate: InvalidateAllWidgets triggered.  All widgets were invalidated
[2025.04.04-23.10.39:166][831]LogPlayLevel: Display: Shutting down PIE online subsystems
[2025.04.04-23.10.39:167][831]LogSlate: InvalidateAllWidgets triggered.  All widgets were invalidated
[2025.04.04-23.10.39:172][831]LogSlate: Updating window title bar state: overlay mode, drag disabled, window buttons hidden, title bar hidden
[2025.04.04-23.10.39:172][831]LogAudioMixer: FMixerPlatformXAudio2::StopAudioStream() called
[2025.04.04-23.10.39:173][831]LogAudioMixer: FMixerPlatformXAudio2::StopAudioStream() called
[2025.04.04-23.10.39:178][831]LogUObjectHash: Compacting FUObjectHashTables data took   0.58ms
[2025.04.04-23.10.39:214][833]LogPlayLevel: Display: Destroying online subsystem :Context_10
[2025.04.04-23.11.44:039][712]MapCheck: New page: Map Check
[2025.04.04-23.11.44:056][712]LightingResults: New page: Lighting Build - 04-Apr-2025, 3:11:44 pm
[2025.04.04-23.11.44:062][712]LogSwarmInterface: [OpenConnection] Registering TCP channel ...
[2025.04.04-23.11.44:069][712]LogSwarmInterface: [OpenConnection] Connecting to agent ...
[2025.04.04-23.11.44:069][712]LogSwarmInterface: [TryOpenConnection] Testing the Agent
[2025.04.04-23.11.44:070][712]LogSwarmInterface: [TryOpenConnection] Opening Connection to Agent
[2025.04.04-23.11.44:070][712]LogSwarmInterface: [TryOpenConnection] Local Process ID is 29264
[2025.04.04-23.11.49:507][712]LogStaticLightingSystem: Running Lightmass w/ ImmediateImport mode ENABLED
[2025.04.04-23.11.49:508][712]LogStaticLightingSystem: Running Lightmass w/ ImmediateProcess mode ENABLED
[2025.04.04-23.11.49:508][712]LogStaticLightingSystem: Running Lightmass w/ Sorting mode ENABLED
[2025.04.04-23.11.49:508][712]LogStaticLightingSystem: Running Lightmass w/ Mapping paddings ENABLED
[2025.04.04-23.11.49:508][712]LogStaticLightingSystem: Running Lightmass w/ Mapping debug paddings DISABLED
[2025.04.04-23.11.49:618][712]LogEditorBuildUtils: Build time 0:05
[2025.04.04-23.11.49:627][712]LogShaderCompilers: Display: === FShaderJobCache stats ===
[2025.04.04-23.11.49:627][712]LogShaderCompilers: Display: Total job queries 0, among them cache hits 0 (0.00%)
[2025.04.04-23.11.49:627][712]LogShaderCompilers: Display: Tracking 0 distinct input hashes that result in 0 distinct outputs (0.00%)
[2025.04.04-23.11.49:627][712]LogShaderCompilers: Display: RAM used: 0.00 MB (0.00 GB) of 819.20 MB (0.80 GB) budget. Usage: 0.00%
[2025.04.04-23.11.49:627][712]LogShaderCompilers: Display: ================================================
[2025.04.04-23.11.49:716][714]LogUObjectHash: Compacting FUObjectHashTables data took   0.82ms
[2025.04.04-23.11.53:917][939]Job is a success!
[2025.04.04-23.11.54:018][941]LogVolumetricLightmapImport: Imported Volumetric Lightmap in 0.012s
[2025.04.04-23.11.54:018][941]LogVolumetricLightmapImport:      Indirection Texture 16x16x16 = 0.0Mb
[2025.04.04-23.11.54:018][941]LogVolumetricLightmapImport:      BrickData (all levels) 0.0Mb (trimmed 0.1Mb due to 0.010000 MinBrickError)
[2025.04.04-23.11.54:018][941]LogVolumetricLightmapImport:      Bricks at depth
[2025.04.04-23.11.54:018][941]LogVolumetricLightmapImport:          0: 11.1% covering 100.0% of volume
[2025.04.04-23.11.54:018][941]LogVolumetricLightmapImport:          1: 44.4% covering 6.2% of volume
[2025.04.04-23.11.54:018][941]LogVolumetricLightmapImport:          2: 44.4% covering 0.1% of volume
[2025.04.04-23.11.54:018][941]LogVolumetricLightmapImport:      Bricks in each level
[2025.04.04-23.11.54:018][941]LogVolumetricLightmapImport:          Level1 			 9 bricks 	 100.0% (Persistent Level)
[2025.04.04-23.11.54:226][941]LogTexture: Display: Building textures: SkyOcclusion0_1 (OODLE_AutoDXT, 1024X512)
[2025.04.04-23.11.54:226][941]LogTexture: Display: Building textures: HQ_Lightmap0_1 (OODLE_AutoDXT, 1024X1024)
[2025.04.04-23.11.54:226][941]LogTextureFormatOodle: Display: non-RDO encode 1024 x 512 x 1 to format OODLE_AutoDXT (Oodle OodleTex_BC3) lambda=0 effort=20 
[2025.04.04-23.11.54:226][941]LogTextureFormatOodle: Display: non-RDO encode 1024 x 1024 x 1 to format OODLE_AutoDXT (Oodle OodleTex_BC3) lambda=0 effort=20 
[2025.04.04-23.11.54:226][941]LogTexture: Display: Building textures: LQ_Lightmap_0_1 (OODLE_DXT1, 1024X1024)
[2025.04.04-23.11.54:226][941]LogTexture: Display: Building textures: SkyOcclusion0_2 (OODLE_AutoDXT, 512X256)
[2025.04.04-23.11.54:226][941]LogTexture: Display: Building textures: HQ_Lightmap0_2 (OODLE_AutoDXT, 512X512)
[2025.04.04-23.11.54:226][941]LogTexture: Display: Building textures: LQ_Lightmap_0_2 (OODLE_DXT1, 512X512)
[2025.04.04-23.11.54:226][941]LogTexture: Display: Building textures: SkyOcclusion0_3 (OODLE_AutoDXT, 64X32)
[2025.04.04-23.11.54:226][941]LogTexture: Display: Building textures: HQ_Lightmap0_3 (OODLE_AutoDXT, 64X64)
[2025.04.04-23.11.54:226][941]LogTexture: Display: Building textures: LQ_Lightmap_0_3 (OODLE_DXT1, 64X64)
[2025.04.04-23.11.54:226][941]LogTextureFormatOodle: Display: non-RDO encode 1024 x 1024 x 1 to format OODLE_DXT1 (Oodle OodleTex_BC1_WithTransparency) lambda=0 effort=20 
[2025.04.04-23.11.54:427][941]LogTexture: Display: Building textures: ShadowMapTexture2D_1 (G8, 32X32)
[2025.04.04-23.11.54:487][941]LogTexture: Display: Building textures: ShadowMapTexture2D_0 (G8, 1024X1024)
[2025.04.04-23.11.54:487][941]LogStaticLightingSystem: Level1_BuiltData storing lightmap data for 28 meshes in 3 LightmapResourceClusters (9.3 Meshes per cluster).
[2025.04.04-23.11.54:497][941]LogUObjectHash: Compacting FUObjectHashTables data took   0.26ms
[2025.04.04-23.11.54:502][941]Lightmass on LAPTOP-EJ2DB2HV: 4.20 sec total, 121 ms importing, 12 ms setup, 899 ms photons, 3.09 sec processing, 0 ms extra exporting [28/28 mappings]. Threads: 21.6 sec total, 7.51 sec processing.
[2025.04.04-23.11.54:513][941]LogStaticLightingSystem: Illumination: 10.4 sec (189 ms encoding lightmaps, 238 ms encoding shadowmaps)
[2025.04.04-23.11.54:513][941]LogStaticLightingSystem: Lightmap texture memory:  3.3 MB (3.3 MB streaming, 0.0 MB non-streaming), 6 textures
[2025.04.04-23.11.54:513][941]LogStaticLightingSystem: Shadowmap texture memory: 1.3 MB (1.3 MB streaming, 0.0 MB non-streaming), 2 textures
[2025.04.04-23.12.05:510][941]DumpUnbuiltLightIteractions
[2025.04.04-23.12.05:510][941]Lights with unbuilt interactions: 0
[2025.04.04-23.12.05:510][941]
[2025.04.04-23.12.05:510][941]Primitives with unbuilt interactions: 0
[2025.04.04-23.12.05:663][941]LogTexture: Display: Building textures: NewReflectionComponentTexture1C2275DB4506BBF8D9D185B8BB421FE1 (BGRA8, 128X128)
[2025.04.04-23.12.05:724][942]Cmd: MAP CHECK NOTIFYRESULTS
[2025.04.04-23.12.05:724][942]MapCheck: New page: Level1 - 04-Apr-2025, 3:12:05 pm
[2025.04.04-23.12.05:725][942]MapCheck: Map check complete: 0 Error(s), 0 Warning(s), took 0.502ms to complete.
[2025.04.04-23.12.08:752][119]LogTemp: Repeating last play command: Selected Viewport
[2025.04.04-23.12.08:760][119]LogPlayLevel: PlayLevel: No blueprints needed recompiling
[2025.04.04-23.12.08:760][119]PIE: New page: PIE session: Level1 (04-Apr-2025, 3:12:08 pm)
[2025.04.04-23.12.08:760][119]LogPlayLevel: Creating play world package: /Game/TopDownCPP/Maps/UEDPIE_0_Level1
[2025.04.04-23.12.08:772][119]LogPlayLevel: PIE: StaticDuplicateObject took: (0.011627s)
[2025.04.04-23.12.08:773][119]LogAIModule: Creating AISystem for world Level1
[2025.04.04-23.12.08:774][119]LogPlayLevel: PIE: World Init took: (0.001124s)
[2025.04.04-23.12.08:774][119]LogPlayLevel: PIE: Created PIE world by copying editor world from /Game/TopDownCPP/Maps/Level1.Level1 to /Game/TopDownCPP/Maps/UEDPIE_0_Level1.Level1 (0.012913s)
[2025.04.04-23.12.08:783][119]LogUObjectHash: Compacting FUObjectHashTables data took   0.72ms
[2025.04.04-23.12.08:783][119]LogAudio: Display: Creating Audio Device:                 Id: 8, Scope: Unique, Realtime: True
[2025.04.04-23.12.08:784][119]LogAudioMixer: Display: Audio Mixer Platform Settings:
[2025.04.04-23.12.08:784][119]LogAudioMixer: Display: 	Sample Rate:						  48000
[2025.04.04-23.12.08:784][119]LogAudioMixer: Display: 	Callback Buffer Frame Size Requested: 1024
[2025.04.04-23.12.08:784][119]LogAudioMixer: Display: 	Callback Buffer Frame Size To Use:	  1024
[2025.04.04-23.12.08:784][119]LogAudioMixer: Display: 	Number of buffers to queue:			  2
[2025.04.04-23.12.08:784][119]LogAudioMixer: Display: 	Max Channels (voices):				  32
[2025.04.04-23.12.08:784][119]LogAudioMixer: Display: 	Number of Async Source Workers:		  0
[2025.04.04-23.12.08:784][119]LogAudio: Display: AudioDevice MaxSources: 32
[2025.04.04-23.12.08:784][119]LogAudio: Display: Audio Spatialization Plugin: None (built-in).
[2025.04.04-23.12.08:784][119]LogAudio: Display: Audio Reverb Plugin: None (built-in).
[2025.04.04-23.12.08:784][119]LogAudio: Display: Audio Occlusion Plugin: None (built-in).
[2025.04.04-23.12.08:784][119]LogAudioMixer: Display: Initializing audio mixer.
[2025.04.04-23.12.08:787][119]LogAudioMixer: Display: 0: FrontLeft
[2025.04.04-23.12.08:787][119]LogAudioMixer: Display: 1: FrontRight
[2025.04.04-23.12.08:802][119]LogAudioMixer: Display: Using Audio Device Headphone (Realtek(R) Audio)
[2025.04.04-23.12.08:803][119]LogAudioMixer: Display: Initializing Sound Submixes...
[2025.04.04-23.12.08:803][119]LogAudioMixer: Display: Creating Master Submix 'MasterSubmixDefault'
[2025.04.04-23.12.08:803][119]LogAudioMixer: Display: Creating Master Submix 'MasterReverbSubmixDefault'
[2025.04.04-23.12.08:803][119]LogAudioMixer: Display: Creating Master Submix 'MasterEQSubmixDefault'
[2025.04.04-23.12.08:803][119]LogAudioMixer: FMixerPlatformXAudio2::StartAudioStream() called
[2025.04.04-23.12.08:803][119]LogAudioMixer: Display: Output buffers initialized: Frames=1024, Channels=2, Samples=2048
[2025.04.04-23.12.08:804][119]LogAudioMixer: Display: Starting AudioMixerPlatformInterface::RunInternal()
[2025.04.04-23.12.08:804][119]LogAudioMixer: Display: FMixerPlatformXAudio2::SubmitBuffer() called for the first time
[2025.04.04-23.12.08:804][119]LogInit: FAudioDevice initialized.
[2025.04.04-23.12.08:805][119]LogAudio: Display: Audio Device (ID: 8) registered with world 'Level1'.
[2025.04.04-23.12.08:816][119]LogLoad: Game class is 'TopDownPuzzleGameMode'
[2025.04.04-23.12.08:818][119]LogWorld: Bringing World /Game/TopDownCPP/Maps/UEDPIE_0_Level1.Level1 up for play (max tick rate 60) at 2025.04.04-19.12.08
[2025.04.04-23.12.08:819][119]LogWorld: Bringing up level for play took: 0.001334
[2025.04.04-23.12.08:819][119]LogOnline: OSS: Creating online subsystem instance for: :Context_11
[2025.04.04-23.12.08:822][119]PIE: Server logged in
[2025.04.04-23.12.08:822][119]PIE: Play in editor total start time 0.065 seconds.
[2025.04.04-23.12.15:579][523]LogTemp: Warning: Player entered the door!
[2025.04.04-23.12.17:829][658]LogTemp: Warning: Player entered the door!
[2025.04.04-23.12.25:437][112]LogSlate: Updating window title bar state: overlay mode, drag disabled, window buttons hidden, title bar hidden
[2025.04.04-23.12.25:437][112]LogWorld: BeginTearingDown for /Game/TopDownCPP/Maps/UEDPIE_0_Level1
[2025.04.04-23.12.25:437][112]LogWorld: UWorld::CleanupWorld for Level1, bSessionEnded=true, bCleanupResources=true
[2025.04.04-23.12.25:438][112]LogSlate: InvalidateAllWidgets triggered.  All widgets were invalidated
[2025.04.04-23.12.25:446][112]LogPlayLevel: Display: Shutting down PIE online subsystems
[2025.04.04-23.12.25:459][112]LogSlate: InvalidateAllWidgets triggered.  All widgets were invalidated
[2025.04.04-23.12.25:464][112]LogAudio: Display: Audio Device unregistered from world 'None'.
[2025.04.04-23.12.25:464][112]LogAudioMixer: FMixerPlatformXAudio2::StopAudioStream() called
[2025.04.04-23.12.25:465][112]LogAudioMixer: FMixerPlatformXAudio2::StopAudioStream() called
[2025.04.04-23.12.25:468][112]LogSlate: Updating window title bar state: overlay mode, drag disabled, window buttons hidden, title bar hidden
[2025.04.04-23.12.25:470][112]LogUObjectHash: Compacting FUObjectHashTables data took   0.64ms
[2025.04.04-23.12.25:519][114]LogPlayLevel: Display: Destroying online subsystem :Context_11
[2025.04.04-23.13.12:081][902]LogUObjectHash: Compacting FUObjectHashTables data took   0.74ms
[2025.04.04-23.13.12:102][902]LogSavePackage: Moving '../../../../../../Unreal Projects/Top-Down-Puzzle/TopDownPuzzle/Saved/Level1D0A2A5B4462B5F4A2A4D5085C8CEE7CD.tmp' to '../../../../../../Unreal Projects/Top-Down-Puzzle/TopDownPuzzle/Content/TopDownCPP/Maps/Level1.umap'
[2025.04.04-23.13.12:118][902]Cmd: OBJ SAVEPACKAGE PACKAGE="/Game/TopDownCPP/Maps/Level1_BuiltData" FILE="../../../../../../Unreal Projects/Top-Down-Puzzle/TopDownPuzzle/Content/TopDownCPP/Maps/Level1_BuiltData.uasset" SILENT=true
[2025.04.04-23.13.12:214][902]LogSavePackage: Moving '../../../../../../Unreal Projects/Top-Down-Puzzle/TopDownPuzzle/Saved/Level1_BuiltData7BFE5BD54DD68E8618EA4B91B11A86CA.tmp' to '../../../../../../Unreal Projects/Top-Down-Puzzle/TopDownPuzzle/Content/TopDownCPP/Maps/Level1_BuiltData.uasset'
[2025.04.04-23.13.12:226][902]AssetCheck: New page: Asset Save: multiple assets
[2025.04.04-23.13.12:226][902]LogContentValidation: Display: Validating World /Game/TopDownCPP/Maps/Level1.Level1
[2025.04.04-23.13.12:226][902]LogContentValidation: Display: Validating MapBuildDataRegistry /Game/TopDownCPP/Maps/Level1_BuiltData.Level1_BuiltData
[2025.04.04-23.13.51:761][463]LogEditorViewport: Clicking on Actor (LMB): StaticMeshActor (Cube4)
[2025.04.04-23.13.52:488][505]LogEditorViewport: Clicking on Actor (LMB): StaticMeshActor (Floor)
[2025.04.04-23.13.52:979][533]LogEditorViewport: Clicking on Actor (LMB): SpotLight (SpotLight)
[2025.04.04-23.14.09:168][503]LogEditorViewport: Clicking on Actor (context menu): StaticMeshActor (Floor)
[2025.04.04-23.14.10:006][550]LogEditorViewport: Clicking on Actor (context menu): StaticMeshActor (Cube26)
[2025.04.04-23.14.11:982][664]LogEditorViewport: Clicking on Actor (context menu): BP_Sky_Sphere_C (SkySphereBlueprint)
[2025.04.04-23.14.14:854][834]LogEditorViewport: Clicking on Actor (LMB): SpotLight (SpotLight)
[2025.04.04-23.14.36:937][157]Cmd: TRANSACTION UNDO
[2025.04.04-23.14.36:937][157]LogEditorTransaction: Undo Edit Source Radius
[2025.04.04-23.14.41:115][401]Cmd: TRANSACTION UNDO
[2025.04.04-23.14.41:115][401]LogEditorTransaction: Undo Edit Outer Cone Angle
[2025.04.04-23.14.50:949][983]Cmd: TRANSACTION UNDO
[2025.04.04-23.14.50:949][983]LogEditorTransaction: Undo Edit Attenuation Radius
[2025.04.04-23.16.20:695][353]Cmd: TRANSACTION UNDO
[2025.04.04-23.16.20:695][353]LogEditorTransaction: Undo Edit Indirect Lighting Intensity
[2025.04.04-23.17.10:501][328]Cmd: TRANSACTION UNDO
[2025.04.04-23.17.10:501][328]LogEditorTransaction: Undo Edit Attenuation Radius
[2025.04.04-23.17.27:404][334]LogTemp: Repeating last play command: Selected Viewport
[2025.04.04-23.17.27:416][334]LogPlayLevel: PlayLevel: No blueprints needed recompiling
[2025.04.04-23.17.27:416][334]PIE: New page: PIE session: Level1 (04-Apr-2025, 3:17:27 pm)
[2025.04.04-23.17.27:416][334]LogPlayLevel: Creating play world package: /Game/TopDownCPP/Maps/UEDPIE_0_Level1
[2025.04.04-23.17.27:429][334]LogPlayLevel: PIE: StaticDuplicateObject took: (0.013755s)
[2025.04.04-23.17.27:430][334]LogAIModule: Creating AISystem for world Level1
[2025.04.04-23.17.27:431][334]LogPlayLevel: PIE: World Init took: (0.001256s)
[2025.04.04-23.17.27:431][334]LogPlayLevel: PIE: Created PIE world by copying editor world from /Game/TopDownCPP/Maps/Level1.Level1 to /Game/TopDownCPP/Maps/UEDPIE_0_Level1.Level1 (0.015182s)
[2025.04.04-23.17.27:441][334]LogUObjectHash: Compacting FUObjectHashTables data took   0.75ms
[2025.04.04-23.17.27:442][334]LogAudio: Display: Creating Audio Device:                 Id: 9, Scope: Unique, Realtime: True
[2025.04.04-23.17.27:442][334]LogAudioMixer: Display: Audio Mixer Platform Settings:
[2025.04.04-23.17.27:442][334]LogAudioMixer: Display: 	Sample Rate:						  48000
[2025.04.04-23.17.27:442][334]LogAudioMixer: Display: 	Callback Buffer Frame Size Requested: 1024
[2025.04.04-23.17.27:442][334]LogAudioMixer: Display: 	Callback Buffer Frame Size To Use:	  1024
[2025.04.04-23.17.27:442][334]LogAudioMixer: Display: 	Number of buffers to queue:			  2
[2025.04.04-23.17.27:442][334]LogAudioMixer: Display: 	Max Channels (voices):				  32
[2025.04.04-23.17.27:442][334]LogAudioMixer: Display: 	Number of Async Source Workers:		  0
[2025.04.04-23.17.27:442][334]LogAudio: Display: AudioDevice MaxSources: 32
[2025.04.04-23.17.27:442][334]LogAudio: Display: Audio Spatialization Plugin: None (built-in).
[2025.04.04-23.17.27:442][334]LogAudio: Display: Audio Reverb Plugin: None (built-in).
[2025.04.04-23.17.27:442][334]LogAudio: Display: Audio Occlusion Plugin: None (built-in).
[2025.04.04-23.17.27:442][334]LogAudioMixer: Display: Initializing audio mixer.
[2025.04.04-23.17.27:447][334]LogAudioMixer: Display: 0: FrontLeft
[2025.04.04-23.17.27:447][334]LogAudioMixer: Display: 1: FrontRight
[2025.04.04-23.17.27:463][334]LogAudioMixer: Display: Using Audio Device Headphone (Realtek(R) Audio)
[2025.04.04-23.17.27:464][334]LogAudioMixer: Display: Initializing Sound Submixes...
[2025.04.04-23.17.27:464][334]LogAudioMixer: Display: Creating Master Submix 'MasterSubmixDefault'
[2025.04.04-23.17.27:464][334]LogAudioMixer: Display: Creating Master Submix 'MasterReverbSubmixDefault'
[2025.04.04-23.17.27:464][334]LogAudioMixer: Display: Creating Master Submix 'MasterEQSubmixDefault'
[2025.04.04-23.17.27:464][334]LogAudioMixer: FMixerPlatformXAudio2::StartAudioStream() called
[2025.04.04-23.17.27:464][334]LogAudioMixer: Display: Output buffers initialized: Frames=1024, Channels=2, Samples=2048
[2025.04.04-23.17.27:465][334]LogAudioMixer: Display: Starting AudioMixerPlatformInterface::RunInternal()
[2025.04.04-23.17.27:465][334]LogAudioMixer: Display: FMixerPlatformXAudio2::SubmitBuffer() called for the first time
[2025.04.04-23.17.27:465][334]LogInit: FAudioDevice initialized.
[2025.04.04-23.17.27:465][334]LogAudio: Display: Audio Device (ID: 9) registered with world 'Level1'.
[2025.04.04-23.17.27:472][334]LogLoad: Game class is 'TopDownPuzzleGameMode'
[2025.04.04-23.17.27:475][334]LogWorld: Bringing World /Game/TopDownCPP/Maps/UEDPIE_0_Level1.Level1 up for play (max tick rate 60) at 2025.04.04-19.17.27
[2025.04.04-23.17.27:475][334]LogWorld: Bringing up level for play took: 0.001553
[2025.04.04-23.17.27:475][334]LogOnline: OSS: Creating online subsystem instance for: :Context_12
[2025.04.04-23.17.27:478][334]PIE: Server logged in
[2025.04.04-23.17.27:479][334]PIE: Play in editor total start time 0.067 seconds.
[2025.04.04-23.17.30:328][499]LogSlate: Updating window title bar state: overlay mode, drag disabled, window buttons hidden, title bar hidden
[2025.04.04-23.17.30:328][499]LogWorld: BeginTearingDown for /Game/TopDownCPP/Maps/UEDPIE_0_Level1
[2025.04.04-23.17.30:328][499]LogWorld: UWorld::CleanupWorld for Level1, bSessionEnded=true, bCleanupResources=true
[2025.04.04-23.17.30:328][499]LogSlate: InvalidateAllWidgets triggered.  All widgets were invalidated
[2025.04.04-23.17.30:337][499]LogPlayLevel: Display: Shutting down PIE online subsystems
[2025.04.04-23.17.30:346][499]LogSlate: InvalidateAllWidgets triggered.  All widgets were invalidated
[2025.04.04-23.17.30:351][499]LogAudio: Display: Audio Device unregistered from world 'None'.
[2025.04.04-23.17.30:351][499]LogAudioMixer: FMixerPlatformXAudio2::StopAudioStream() called
[2025.04.04-23.17.30:352][499]LogAudioMixer: FMixerPlatformXAudio2::StopAudioStream() called
[2025.04.04-23.17.30:355][499]LogSlate: Updating window title bar state: overlay mode, drag disabled, window buttons hidden, title bar hidden
[2025.04.04-23.17.30:357][499]LogUObjectHash: Compacting FUObjectHashTables data took   0.69ms
[2025.04.04-23.17.30:398][501]LogPlayLevel: Display: Destroying online subsystem :Context_12
[2025.04.04-23.17.32:701][636]MapCheck: New page: Map Check
[2025.04.04-23.17.32:715][636]LightingResults: New page: Lighting Build - 04-Apr-2025, 3:17:32 pm
[2025.04.04-23.17.32:722][636]LogSwarmInterface: [OpenConnection] Registering TCP channel ...
[2025.04.04-23.17.32:727][636]LogSwarmInterface: [OpenConnection] Connecting to agent ...
[2025.04.04-23.17.32:727][636]LogSwarmInterface: [TryOpenConnection] Testing the Agent
[2025.04.04-23.17.32:728][636]LogSwarmInterface: [TryOpenConnection] Opening Connection to Agent
[2025.04.04-23.17.32:728][636]LogSwarmInterface: [TryOpenConnection] Local Process ID is 29264
[2025.04.04-23.17.38:151][636]LogStaticLightingSystem: Running Lightmass w/ ImmediateImport mode ENABLED
[2025.04.04-23.17.38:151][636]LogStaticLightingSystem: Running Lightmass w/ ImmediateProcess mode ENABLED
[2025.04.04-23.17.38:151][636]LogStaticLightingSystem: Running Lightmass w/ Sorting mode ENABLED
[2025.04.04-23.17.38:151][636]LogStaticLightingSystem: Running Lightmass w/ Mapping paddings ENABLED
[2025.04.04-23.17.38:151][636]LogStaticLightingSystem: Running Lightmass w/ Mapping debug paddings DISABLED
[2025.04.04-23.17.38:266][636]LogEditorBuildUtils: Build time 0:05
[2025.04.04-23.17.38:272][636]LogShaderCompilers: Display: === FShaderJobCache stats ===
[2025.04.04-23.17.38:272][636]LogShaderCompilers: Display: Total job queries 0, among them cache hits 0 (0.00%)
[2025.04.04-23.17.38:272][636]LogShaderCompilers: Display: Tracking 0 distinct input hashes that result in 0 distinct outputs (0.00%)
[2025.04.04-23.17.38:272][636]LogShaderCompilers: Display: RAM used: 0.00 MB (0.00 GB) of 819.20 MB (0.80 GB) budget. Usage: 0.00%
[2025.04.04-23.17.38:272][636]LogShaderCompilers: Display: ================================================
[2025.04.04-23.17.38:302][637]LogUObjectHash: Compacting FUObjectHashTables data took   0.67ms
[2025.04.04-23.17.42:645][865]Job is a success!
[2025.04.04-23.17.45:596][ 25]LogVolumetricLightmapImport: Imported Volumetric Lightmap in 0.011s
[2025.04.04-23.17.45:596][ 25]LogVolumetricLightmapImport:      Indirection Texture 16x16x16 = 0.0Mb
[2025.04.04-23.17.45:596][ 25]LogVolumetricLightmapImport:      BrickData (all levels) 0.0Mb (trimmed 0.1Mb due to 0.010000 MinBrickError)
[2025.04.04-23.17.45:596][ 25]LogVolumetricLightmapImport:      Bricks at depth
[2025.04.04-23.17.45:596][ 25]LogVolumetricLightmapImport:          0: 14.3% covering 100.0% of volume
[2025.04.04-23.17.45:596][ 25]LogVolumetricLightmapImport:          1: 57.1% covering 6.2% of volume
[2025.04.04-23.17.45:596][ 25]LogVolumetricLightmapImport:          2: 28.6% covering 0.0% of volume
[2025.04.04-23.17.45:596][ 25]LogVolumetricLightmapImport:      Bricks in each level
[2025.04.04-23.17.45:596][ 25]LogVolumetricLightmapImport:          Level1 			 7 bricks 	 100.0% (Persistent Level)
[2025.04.04-23.17.45:810][ 25]LogTexture: Display: Building textures: SkyOcclusion1_1 (OODLE_AutoDXT, 1024X512)
[2025.04.04-23.17.45:810][ 25]LogTexture: Display: Building textures: HQ_Lightmap1_1 (OODLE_AutoDXT, 1024X1024)
[2025.04.04-23.17.45:810][ 25]LogTextureFormatOodle: Display: non-RDO encode 1024 x 512 x 1 to format OODLE_AutoDXT (Oodle OodleTex_BC3) lambda=0 effort=20 
[2025.04.04-23.17.45:810][ 25]LogTextureFormatOodle: Display: non-RDO encode 1024 x 1024 x 1 to format OODLE_AutoDXT (Oodle OodleTex_BC3) lambda=0 effort=20 
[2025.04.04-23.17.45:810][ 25]LogTexture: Display: Building textures: LQ_Lightmap_1_1 (OODLE_DXT1, 1024X1024)
[2025.04.04-23.17.45:810][ 25]LogTexture: Display: Building textures: SkyOcclusion1_2 (OODLE_AutoDXT, 512X256)
[2025.04.04-23.17.45:810][ 25]LogTexture: Display: Building textures: HQ_Lightmap1_2 (OODLE_AutoDXT, 512X512)
[2025.04.04-23.17.45:810][ 25]LogTexture: Display: Building textures: LQ_Lightmap_1_2 (OODLE_DXT1, 512X512)
[2025.04.04-23.17.45:810][ 25]LogTexture: Display: Building textures: HQ_Lightmap1_3 (OODLE_AutoDXT, 64X64)
[2025.04.04-23.17.45:810][ 25]LogTexture: Display: Building textures: SkyOcclusion1_3 (OODLE_AutoDXT, 64X32)
[2025.04.04-23.17.45:810][ 25]LogTexture: Display: Building textures: LQ_Lightmap_1_3 (OODLE_DXT1, 64X64)
[2025.04.04-23.17.45:810][ 25]LogTextureFormatOodle: Display: non-RDO encode 1024 x 1024 x 1 to format OODLE_DXT1 (Oodle OodleTex_BC1_WithTransparency) lambda=0 effort=20 
[2025.04.04-23.17.46:010][ 25]LogTexture: Display: Building textures: ShadowMapTexture2D_3 (G8, 32X32)
[2025.04.04-23.17.46:031][ 25]LogTexture: Display: Building textures: ShadowMapTexture2D_2 (BGRA8, 1024X1024)
[2025.04.04-23.17.46:031][ 25]LogStaticLightingSystem: Level1_BuiltData storing lightmap data for 28 meshes in 3 LightmapResourceClusters (9.3 Meshes per cluster).
[2025.04.04-23.17.46:044][ 25]LogUObjectHash: Compacting FUObjectHashTables data took   1.04ms
[2025.04.04-23.17.46:051][ 25]Lightmass on LAPTOP-EJ2DB2HV: 7.23 sec total, 121 ms importing, 10 ms setup, 893 ms photons, 6.12 sec processing, 0 ms extra exporting [28/28 mappings]. Threads: 42.8 sec total, 8.37 sec processing.
[2025.04.04-23.17.46:059][ 25]LogStaticLightingSystem: Illumination: 10.4 sec (176 ms encoding lightmaps, 217 ms encoding shadowmaps)
[2025.04.04-23.17.46:059][ 25]LogStaticLightingSystem: Lightmap texture memory:  3.3 MB (3.3 MB streaming, 0.0 MB non-streaming), 6 textures
[2025.04.04-23.17.46:059][ 25]LogStaticLightingSystem: Shadowmap texture memory: 5.3 MB (5.3 MB streaming, 0.0 MB non-streaming), 2 textures
[2025.04.04-23.17.52:164][ 25]DumpUnbuiltLightIteractions
[2025.04.04-23.17.52:164][ 25]Lights with unbuilt interactions: 0
[2025.04.04-23.17.52:164][ 25]
[2025.04.04-23.17.52:164][ 25]Primitives with unbuilt interactions: 0
[2025.04.04-23.17.52:296][ 25]LogTexture: Display: Building textures: NewReflectionComponentTexture1C2275DB4506BBF8D9D185B8BB421FE1 (BGRA8, 128X128)
[2025.04.04-23.17.52:352][ 26]Cmd: MAP CHECK NOTIFYRESULTS
[2025.04.04-23.17.52:352][ 26]MapCheck: New page: Level1 - 04-Apr-2025, 3:17:52 pm
[2025.04.04-23.17.52:353][ 26]MapCheck: Map check complete: 0 Error(s), 0 Warning(s), took 0.597ms to complete.
[2025.04.04-23.17.54:704][165]LogTemp: Repeating last play command: Selected Viewport
[2025.04.04-23.17.54:716][165]LogPlayLevel: PlayLevel: No blueprints needed recompiling
[2025.04.04-23.17.54:716][165]PIE: New page: PIE session: Level1 (04-Apr-2025, 3:17:54 pm)
[2025.04.04-23.17.54:716][165]LogPlayLevel: Creating play world package: /Game/TopDownCPP/Maps/UEDPIE_0_Level1
[2025.04.04-23.17.54:730][165]LogPlayLevel: PIE: StaticDuplicateObject took: (0.014078s)
[2025.04.04-23.17.54:731][165]LogAIModule: Creating AISystem for world Level1
[2025.04.04-23.17.54:731][165]LogPlayLevel: PIE: World Init took: (0.001078s)
[2025.04.04-23.17.54:731][165]LogPlayLevel: PIE: Created PIE world by copying editor world from /Game/TopDownCPP/Maps/Level1.Level1 to /Game/TopDownCPP/Maps/UEDPIE_0_Level1.Level1 (0.015317s)
[2025.04.04-23.17.54:738][165]LogUObjectHash: Compacting FUObjectHashTables data took   0.90ms
[2025.04.04-23.17.54:739][165]LogAudio: Display: Creating Audio Device:                 Id: 10, Scope: Unique, Realtime: True
[2025.04.04-23.17.54:739][165]LogAudioMixer: Display: Audio Mixer Platform Settings:
[2025.04.04-23.17.54:739][165]LogAudioMixer: Display: 	Sample Rate:						  48000
[2025.04.04-23.17.54:739][165]LogAudioMixer: Display: 	Callback Buffer Frame Size Requested: 1024
[2025.04.04-23.17.54:739][165]LogAudioMixer: Display: 	Callback Buffer Frame Size To Use:	  1024
[2025.04.04-23.17.54:739][165]LogAudioMixer: Display: 	Number of buffers to queue:			  2
[2025.04.04-23.17.54:739][165]LogAudioMixer: Display: 	Max Channels (voices):				  32
[2025.04.04-23.17.54:739][165]LogAudioMixer: Display: 	Number of Async Source Workers:		  0
[2025.04.04-23.17.54:739][165]LogAudio: Display: AudioDevice MaxSources: 32
[2025.04.04-23.17.54:739][165]LogAudio: Display: Audio Spatialization Plugin: None (built-in).
[2025.04.04-23.17.54:739][165]LogAudio: Display: Audio Reverb Plugin: None (built-in).
[2025.04.04-23.17.54:739][165]LogAudio: Display: Audio Occlusion Plugin: None (built-in).
[2025.04.04-23.17.54:739][165]LogAudioMixer: Display: Initializing audio mixer.
[2025.04.04-23.17.54:742][165]LogAudioMixer: Display: 0: FrontLeft
[2025.04.04-23.17.54:742][165]LogAudioMixer: Display: 1: FrontRight
[2025.04.04-23.17.54:757][165]LogAudioMixer: Display: Using Audio Device Headphone (Realtek(R) Audio)
[2025.04.04-23.17.54:758][165]LogAudioMixer: Display: Initializing Sound Submixes...
[2025.04.04-23.17.54:758][165]LogAudioMixer: Display: Creating Master Submix 'MasterSubmixDefault'
[2025.04.04-23.17.54:758][165]LogAudioMixer: Display: Creating Master Submix 'MasterReverbSubmixDefault'
[2025.04.04-23.17.54:758][165]LogAudioMixer: Display: Creating Master Submix 'MasterEQSubmixDefault'
[2025.04.04-23.17.54:758][165]LogAudioMixer: FMixerPlatformXAudio2::StartAudioStream() called
[2025.04.04-23.17.54:758][165]LogAudioMixer: Display: Output buffers initialized: Frames=1024, Channels=2, Samples=2048
[2025.04.04-23.17.54:759][165]LogAudioMixer: Display: Starting AudioMixerPlatformInterface::RunInternal()
[2025.04.04-23.17.54:759][165]LogAudioMixer: Display: FMixerPlatformXAudio2::SubmitBuffer() called for the first time
[2025.04.04-23.17.54:759][165]LogInit: FAudioDevice initialized.
[2025.04.04-23.17.54:759][165]LogAudio: Display: Audio Device (ID: 10) registered with world 'Level1'.
[2025.04.04-23.17.54:768][165]LogLoad: Game class is 'TopDownPuzzleGameMode'
[2025.04.04-23.17.54:770][165]LogWorld: Bringing World /Game/TopDownCPP/Maps/UEDPIE_0_Level1.Level1 up for play (max tick rate 60) at 2025.04.04-19.17.54
[2025.04.04-23.17.54:771][165]LogWorld: Bringing up level for play took: 0.001353
[2025.04.04-23.17.54:771][165]LogOnline: OSS: Creating online subsystem instance for: :Context_13
[2025.04.04-23.17.54:774][165]PIE: Server logged in
[2025.04.04-23.17.54:775][165]PIE: Play in editor total start time 0.063 seconds.
[2025.04.04-23.18.06:427][860]LogSlate: Updating window title bar state: overlay mode, drag disabled, window buttons hidden, title bar hidden
[2025.04.04-23.18.06:427][860]LogWorld: BeginTearingDown for /Game/TopDownCPP/Maps/UEDPIE_0_Level1
[2025.04.04-23.18.06:427][860]LogWorld: UWorld::CleanupWorld for Level1, bSessionEnded=true, bCleanupResources=true
[2025.04.04-23.18.06:427][860]LogSlate: InvalidateAllWidgets triggered.  All widgets were invalidated
[2025.04.04-23.18.06:441][860]LogPlayLevel: Display: Shutting down PIE online subsystems
[2025.04.04-23.18.06:450][860]LogSlate: InvalidateAllWidgets triggered.  All widgets were invalidated
[2025.04.04-23.18.06:455][860]LogAudio: Display: Audio Device unregistered from world 'None'.
[2025.04.04-23.18.06:455][860]LogAudioMixer: FMixerPlatformXAudio2::StopAudioStream() called
[2025.04.04-23.18.06:456][860]LogAudioMixer: FMixerPlatformXAudio2::StopAudioStream() called
[2025.04.04-23.18.06:459][860]LogSlate: Updating window title bar state: overlay mode, drag disabled, window buttons hidden, title bar hidden
[2025.04.04-23.18.06:461][860]LogUObjectHash: Compacting FUObjectHashTables data took   0.66ms
[2025.04.04-23.18.06:504][862]LogPlayLevel: Display: Destroying online subsystem :Context_13
[2025.04.04-23.18.08:040][954]LogEditorViewport: Clicking on Actor (context menu): StaticMeshActor (Cube36)
[2025.04.04-23.18.13:946][305]LogEditorViewport: Clicking on Actor (LMB): SpotLight (SpotLight)
[2025.04.04-23.18.31:565][360]LogEditorViewport: Clicking on Actor (context menu): StaticMeshActor (Cube37)
[2025.04.04-23.18.32:613][420]LogEditorViewport: Clicking on Actor (LMB): StaticMeshActor (Wall3)
[2025.04.04-23.18.35:871][614]LogEditorViewport: Clicking on Actor (LMB): SpotLight (SpotLight)
[2025.04.04-23.19.00:614][ 90]LogUObjectHash: Compacting FUObjectHashTables data took   0.83ms
[2025.04.04-23.19.00:636][ 90]LogSavePackage: Moving '../../../../../../Unreal Projects/Top-Down-Puzzle/TopDownPuzzle/Saved/Level1D31F6A0249977DFFAF40B5AD11B2E343.tmp' to '../../../../../../Unreal Projects/Top-Down-Puzzle/TopDownPuzzle/Content/TopDownCPP/Maps/Level1.umap'
[2025.04.04-23.19.00:653][ 90]Cmd: OBJ SAVEPACKAGE PACKAGE="/Game/TopDownCPP/Maps/Level1_BuiltData" FILE="../../../../../../Unreal Projects/Top-Down-Puzzle/TopDownPuzzle/Content/TopDownCPP/Maps/Level1_BuiltData.uasset" SILENT=true
[2025.04.04-23.19.00:749][ 90]LogSavePackage: Moving '../../../../../../Unreal Projects/Top-Down-Puzzle/TopDownPuzzle/Saved/Level1_BuiltData0332448849D6D10E3461D2B750C567E9.tmp' to '../../../../../../Unreal Projects/Top-Down-Puzzle/TopDownPuzzle/Content/TopDownCPP/Maps/Level1_BuiltData.uasset'
[2025.04.04-23.19.00:767][ 90]AssetCheck: New page: Asset Save: multiple assets
[2025.04.04-23.19.00:767][ 90]LogContentValidation: Display: Validating World /Game/TopDownCPP/Maps/Level1.Level1
[2025.04.04-23.19.00:767][ 90]LogContentValidation: Display: Validating MapBuildDataRegistry /Game/TopDownCPP/Maps/Level1_BuiltData.Level1_BuiltData
[2025.04.04-23.19.05:885][395]LogTemp: Repeating last play command: Selected Viewport
[2025.04.04-23.19.05:897][395]LogPlayLevel: PlayLevel: No blueprints needed recompiling
[2025.04.04-23.19.05:897][395]PIE: New page: PIE session: Level1 (04-Apr-2025, 3:19:05 pm)
[2025.04.04-23.19.05:897][395]LogPlayLevel: Creating play world package: /Game/TopDownCPP/Maps/UEDPIE_0_Level1
[2025.04.04-23.19.05:910][395]LogPlayLevel: PIE: StaticDuplicateObject took: (0.013191s)
[2025.04.04-23.19.05:911][395]LogAIModule: Creating AISystem for world Level1
[2025.04.04-23.19.05:911][395]LogPlayLevel: PIE: World Init took: (0.000999s)
[2025.04.04-23.19.05:911][395]LogPlayLevel: PIE: Created PIE world by copying editor world from /Game/TopDownCPP/Maps/Level1.Level1 to /Game/TopDownCPP/Maps/UEDPIE_0_Level1.Level1 (0.014338s)
[2025.04.04-23.19.05:918][395]LogUObjectHash: Compacting FUObjectHashTables data took   0.68ms
[2025.04.04-23.19.05:918][395]LogAudio: Display: Creating Audio Device:                 Id: 11, Scope: Unique, Realtime: True
[2025.04.04-23.19.05:919][395]LogAudioMixer: Display: Audio Mixer Platform Settings:
[2025.04.04-23.19.05:919][395]LogAudioMixer: Display: 	Sample Rate:						  48000
[2025.04.04-23.19.05:919][395]LogAudioMixer: Display: 	Callback Buffer Frame Size Requested: 1024
[2025.04.04-23.19.05:919][395]LogAudioMixer: Display: 	Callback Buffer Frame Size To Use:	  1024
[2025.04.04-23.19.05:919][395]LogAudioMixer: Display: 	Number of buffers to queue:			  2
[2025.04.04-23.19.05:919][395]LogAudioMixer: Display: 	Max Channels (voices):				  32
[2025.04.04-23.19.05:919][395]LogAudioMixer: Display: 	Number of Async Source Workers:		  0
[2025.04.04-23.19.05:919][395]LogAudio: Display: AudioDevice MaxSources: 32
[2025.04.04-23.19.05:919][395]LogAudio: Display: Audio Spatialization Plugin: None (built-in).
[2025.04.04-23.19.05:919][395]LogAudio: Display: Audio Reverb Plugin: None (built-in).
[2025.04.04-23.19.05:919][395]LogAudio: Display: Audio Occlusion Plugin: None (built-in).
[2025.04.04-23.19.05:919][395]LogAudioMixer: Display: Initializing audio mixer.
[2025.04.04-23.19.05:923][395]LogAudioMixer: Display: 0: FrontLeft
[2025.04.04-23.19.05:923][395]LogAudioMixer: Display: 1: FrontRight
[2025.04.04-23.19.05:937][395]LogAudioMixer: Display: Using Audio Device Headphone (Realtek(R) Audio)
[2025.04.04-23.19.05:937][395]LogAudioMixer: Display: Initializing Sound Submixes...
[2025.04.04-23.19.05:937][395]LogAudioMixer: Display: Creating Master Submix 'MasterSubmixDefault'
[2025.04.04-23.19.05:937][395]LogAudioMixer: Display: Creating Master Submix 'MasterReverbSubmixDefault'
[2025.04.04-23.19.05:938][395]LogAudioMixer: Display: Creating Master Submix 'MasterEQSubmixDefault'
[2025.04.04-23.19.05:938][395]LogAudioMixer: FMixerPlatformXAudio2::StartAudioStream() called
[2025.04.04-23.19.05:938][395]LogAudioMixer: Display: Output buffers initialized: Frames=1024, Channels=2, Samples=2048
[2025.04.04-23.19.05:939][395]LogAudioMixer: Display: Starting AudioMixerPlatformInterface::RunInternal()
[2025.04.04-23.19.05:939][395]LogAudioMixer: Display: FMixerPlatformXAudio2::SubmitBuffer() called for the first time
[2025.04.04-23.19.05:939][395]LogInit: FAudioDevice initialized.
[2025.04.04-23.19.05:939][395]LogAudio: Display: Audio Device (ID: 11) registered with world 'Level1'.
[2025.04.04-23.19.05:948][395]LogLoad: Game class is 'TopDownPuzzleGameMode'
[2025.04.04-23.19.05:951][395]LogWorld: Bringing World /Game/TopDownCPP/Maps/UEDPIE_0_Level1.Level1 up for play (max tick rate 60) at 2025.04.04-19.19.05
[2025.04.04-23.19.05:951][395]LogWorld: Bringing up level for play took: 0.001314
[2025.04.04-23.19.05:951][395]LogOnline: OSS: Creating online subsystem instance for: :Context_14
[2025.04.04-23.19.05:954][395]PIE: Server logged in
[2025.04.04-23.19.05:955][395]PIE: Play in editor total start time 0.062 seconds.
[2025.04.04-23.19.12:577][788]LogSlate: Updating window title bar state: overlay mode, drag disabled, window buttons hidden, title bar hidden
[2025.04.04-23.19.12:577][788]LogWorld: BeginTearingDown for /Game/TopDownCPP/Maps/UEDPIE_0_Level1
[2025.04.04-23.19.12:577][788]LogWorld: UWorld::CleanupWorld for Level1, bSessionEnded=true, bCleanupResources=true
[2025.04.04-23.19.12:578][788]LogSlate: InvalidateAllWidgets triggered.  All widgets were invalidated
[2025.04.04-23.19.12:587][788]LogPlayLevel: Display: Shutting down PIE online subsystems
[2025.04.04-23.19.12:588][788]LogSlate: InvalidateAllWidgets triggered.  All widgets were invalidated
[2025.04.04-23.19.12:594][788]LogSlate: Updating window title bar state: overlay mode, drag disabled, window buttons hidden, title bar hidden
[2025.04.04-23.19.12:594][788]LogAudioMixer: FMixerPlatformXAudio2::StopAudioStream() called
[2025.04.04-23.19.12:595][788]LogAudioMixer: FMixerPlatformXAudio2::StopAudioStream() called
[2025.04.04-23.19.12:599][788]LogUObjectHash: Compacting FUObjectHashTables data took   0.61ms
[2025.04.04-23.19.12:645][791]LogPlayLevel: Display: Destroying online subsystem :Context_14
[2025.04.04-23.19.16:567][ 25]MapCheck: New page: Map Check
[2025.04.04-23.19.16:584][ 25]LightingResults: New page: Lighting Build - 04-Apr-2025, 3:19:16 pm
[2025.04.04-23.19.16:590][ 25]LogSwarmInterface: [OpenConnection] Registering TCP channel ...
[2025.04.04-23.19.16:596][ 25]LogSwarmInterface: [OpenConnection] Connecting to agent ...
[2025.04.04-23.19.16:596][ 25]LogSwarmInterface: [TryOpenConnection] Testing the Agent
[2025.04.04-23.19.16:597][ 25]LogSwarmInterface: [TryOpenConnection] Opening Connection to Agent
[2025.04.04-23.19.16:597][ 25]LogSwarmInterface: [TryOpenConnection] Local Process ID is 29264
[2025.04.04-23.19.22:047][ 25]LogStaticLightingSystem: Running Lightmass w/ ImmediateImport mode ENABLED
[2025.04.04-23.19.22:047][ 25]LogStaticLightingSystem: Running Lightmass w/ ImmediateProcess mode ENABLED
[2025.04.04-23.19.22:047][ 25]LogStaticLightingSystem: Running Lightmass w/ Sorting mode ENABLED
[2025.04.04-23.19.22:047][ 25]LogStaticLightingSystem: Running Lightmass w/ Mapping paddings ENABLED
[2025.04.04-23.19.22:047][ 25]LogStaticLightingSystem: Running Lightmass w/ Mapping debug paddings DISABLED
[2025.04.04-23.19.22:165][ 25]LogEditorBuildUtils: Build time 0:05
[2025.04.04-23.19.22:204][ 26]LogUObjectHash: Compacting FUObjectHashTables data took   0.87ms
[2025.04.04-23.19.26:313][256]Job is a success!
[2025.04.04-23.19.26:423][257]LogVolumetricLightmapImport: Imported Volumetric Lightmap in 0.012s
[2025.04.04-23.19.26:423][257]LogVolumetricLightmapImport:      Indirection Texture 16x16x16 = 0.0Mb
[2025.04.04-23.19.26:423][257]LogVolumetricLightmapImport:      BrickData (all levels) 0.0Mb (trimmed 0.1Mb due to 0.010000 MinBrickError)
[2025.04.04-23.19.26:423][257]LogVolumetricLightmapImport:      Bricks at depth
[2025.04.04-23.19.26:423][257]LogVolumetricLightmapImport:          0: 14.3% covering 100.0% of volume
[2025.04.04-23.19.26:423][257]LogVolumetricLightmapImport:          1: 57.1% covering 6.2% of volume
[2025.04.04-23.19.26:423][257]LogVolumetricLightmapImport:          2: 28.6% covering 0.0% of volume
[2025.04.04-23.19.26:423][257]LogVolumetricLightmapImport:      Bricks in each level
[2025.04.04-23.19.26:423][257]LogVolumetricLightmapImport:          Level1 			 7 bricks 	 100.0% (Persistent Level)
[2025.04.04-23.19.26:660][257]LogTexture: Display: Building textures: SkyOcclusion0_1 (OODLE_AutoDXT, 1024X512)
[2025.04.04-23.19.26:660][257]LogTexture: Display: Building textures: HQ_Lightmap0_1 (OODLE_AutoDXT, 1024X1024)
[2025.04.04-23.19.26:660][257]LogTextureFormatOodle: Display: non-RDO encode 1024 x 512 x 1 to format OODLE_AutoDXT (Oodle OodleTex_BC3) lambda=0 effort=20 
[2025.04.04-23.19.26:660][257]LogTextureFormatOodle: Display: non-RDO encode 1024 x 1024 x 1 to format OODLE_AutoDXT (Oodle OodleTex_BC3) lambda=0 effort=20 
[2025.04.04-23.19.26:660][257]LogTexture: Display: Building textures: LQ_Lightmap_0_1 (OODLE_DXT1, 1024X1024)
[2025.04.04-23.19.26:660][257]LogTexture: Display: Building textures: SkyOcclusion0_2 (OODLE_AutoDXT, 512X256)
[2025.04.04-23.19.26:660][257]LogTexture: Display: Building textures: HQ_Lightmap0_2 (OODLE_AutoDXT, 512X512)
[2025.04.04-23.19.26:660][257]LogTexture: Display: Building textures: LQ_Lightmap_0_2 (OODLE_DXT1, 512X512)
[2025.04.04-23.19.26:660][257]LogTexture: Display: Building textures: SkyOcclusion0_3 (OODLE_AutoDXT, 64X32)
[2025.04.04-23.19.26:660][257]LogTexture: Display: Building textures: HQ_Lightmap0_3 (OODLE_AutoDXT, 64X64)
[2025.04.04-23.19.26:660][257]LogTexture: Display: Building textures: LQ_Lightmap_0_3 (OODLE_DXT1, 64X64)
[2025.04.04-23.19.26:660][257]LogTextureFormatOodle: Display: non-RDO encode 1024 x 1024 x 1 to format OODLE_DXT1 (Oodle OodleTex_BC1_WithTransparency) lambda=0 effort=20 
[2025.04.04-23.19.26:859][257]LogTexture: Display: Building textures: ShadowMapTexture2D_5 (G8, 32X32)
[2025.04.04-23.19.26:930][257]LogTexture: Display: Building textures: ShadowMapTexture2D_4 (BGRA8, 1024X1024)
[2025.04.04-23.19.26:930][257]LogStaticLightingSystem: Level1_BuiltData storing lightmap data for 28 meshes in 3 LightmapResourceClusters (9.3 Meshes per cluster).
[2025.04.04-23.19.26:941][257]LogUObjectHash: Compacting FUObjectHashTables data took   0.85ms
[2025.04.04-23.19.26:948][257]Lightmass on LAPTOP-EJ2DB2HV: 4.33 sec total, 98 ms importing, 9 ms setup, 906 ms photons, 3.25 sec processing, 0 ms extra exporting [28/28 mappings]. Threads: 22.7 sec total, 8.10 sec processing.
[2025.04.04-23.19.26:956][257]LogStaticLightingSystem: Illumination: 10.3 sec (210 ms encoding lightmaps, 248 ms encoding shadowmaps)
[2025.04.04-23.19.26:956][257]LogStaticLightingSystem: Lightmap texture memory:  3.3 MB (3.3 MB streaming, 0.0 MB non-streaming), 6 textures
[2025.04.04-23.19.26:956][257]LogStaticLightingSystem: Shadowmap texture memory: 5.3 MB (5.3 MB streaming, 0.0 MB non-streaming), 2 textures
[2025.04.04-23.19.27:062][257]DumpUnbuiltLightIteractions
[2025.04.04-23.19.27:063][257]Lights with unbuilt interactions: 0
[2025.04.04-23.19.27:063][257]
[2025.04.04-23.19.27:063][257]Primitives with unbuilt interactions: 0
[2025.04.04-23.19.27:143][257]LogTexture: Display: Building textures: NewReflectionComponentTexture1C2275DB4506BBF8D9D185B8BB421FE1 (BGRA8, 128X128)
[2025.04.04-23.19.27:173][258]Cmd: MAP CHECK NOTIFYRESULTS
[2025.04.04-23.19.27:173][258]MapCheck: New page: Level1 - 04-Apr-2025, 3:19:27 pm
[2025.04.04-23.19.27:175][258]MapCheck: Map check complete: 0 Error(s), 0 Warning(s), took 0.703ms to complete.
[2025.04.04-23.19.32:420][572]LogEditorViewport: Clicking on Actor (LMB): SpotLight (SpotLight)
[2025.04.04-23.19.35:256][741]Cmd: TRANSACTION UNDO
[2025.04.04-23.19.35:256][741]LogEditorTransaction: Undo Move Actors
[2025.04.04-23.21.29:050][557]LogUObjectHash: Compacting FUObjectHashTables data took   0.33ms
[2025.04.04-23.21.29:074][557]LogSavePackage: Moving '../../../../../../Unreal Projects/Top-Down-Puzzle/TopDownPuzzle/Saved/Level17B730BCF4C739C7457AE668171A0FFE2.tmp' to '../../../../../../Unreal Projects/Top-Down-Puzzle/TopDownPuzzle/Content/TopDownCPP/Maps/Level1.umap'
[2025.04.04-23.21.29:093][557]Cmd: OBJ SAVEPACKAGE PACKAGE="/Game/TopDownCPP/Maps/Level1_BuiltData" FILE="../../../../../../Unreal Projects/Top-Down-Puzzle/TopDownPuzzle/Content/TopDownCPP/Maps/Level1_BuiltData.uasset" SILENT=true
[2025.04.04-23.21.29:192][557]LogSavePackage: Moving '../../../../../../Unreal Projects/Top-Down-Puzzle/TopDownPuzzle/Saved/Level1_BuiltDataAE2605704F276B9BD58A79A15D8CF3EB.tmp' to '../../../../../../Unreal Projects/Top-Down-Puzzle/TopDownPuzzle/Content/TopDownCPP/Maps/Level1_BuiltData.uasset'
[2025.04.04-23.21.29:205][557]AssetCheck: New page: Asset Save: multiple assets
[2025.04.04-23.21.29:205][557]LogContentValidation: Display: Validating World /Game/TopDownCPP/Maps/Level1.Level1
[2025.04.04-23.21.29:205][557]LogContentValidation: Display: Validating MapBuildDataRegistry /Game/TopDownCPP/Maps/Level1_BuiltData.Level1_BuiltData
[2025.04.04-23.21.30:323][623]LogUObjectHash: Compacting FUObjectHashTables data took   0.28ms
[2025.04.04-23.21.30:365][623]LogSlate: Window 'TopDownPuzzle - Unreal Editor' being destroyed
[2025.04.04-23.21.30:534][624]Cmd: QUIT_EDITOR
[2025.04.04-23.21.30:535][624]LogCore: Engine exit requested (reason: UUnrealEdEngine::CloseEditor())
[2025.04.04-23.21.30:554][624]LogCore: Engine exit requested (reason: EngineExit() was called; note: exit was already requested)
[2025.04.04-23.21.30:895][624]LogAudio: Display: Beginning Audio Device Manager Shutdown (Module: AudioMixerXAudio2)...
[2025.04.04-23.21.30:896][624]LogAudio: Display: Destroying 1 Remaining Audio Device(s)...
[2025.04.04-23.21.30:896][624]LogAudio: Display: Audio Device unregistered from world 'Level1'.
[2025.04.04-23.21.30:896][624]LogAudioMixer: FMixerPlatformXAudio2::StopAudioStream() called
[2025.04.04-23.21.30:897][624]LogAudioMixer: FMixerPlatformXAudio2::StopAudioStream() called
[2025.04.04-23.21.30:913][624]LogAudio: Display: Audio Device Manager Shutdown
[2025.04.04-23.21.30:913][624]LogWindowsTextInputMethodSystem: Display: IME system deactivated.
[2025.04.04-23.21.30:919][624]LogExit: Preparing to exit.
[2025.04.04-23.21.31:697][624]LogUObjectHash: Compacting FUObjectHashTables data took   0.79ms
[2025.04.04-23.21.31:913][624]LogWorld: UWorld::CleanupWorld for World_1, bSessionEnded=true, bCleanupResources=true
[2025.04.04-23.21.31:913][624]LogWorld: UWorld::CleanupWorld for World_0, bSessionEnded=true, bCleanupResources=true
[2025.04.04-23.21.31:913][624]LogWorld: UWorld::CleanupWorld for World_3, bSessionEnded=true, bCleanupResources=true
[2025.04.04-23.21.31:913][624]LogWorld: UWorld::CleanupWorld for World_2, bSessionEnded=true, bCleanupResources=true
[2025.04.04-23.21.31:945][624]LogDemo: Cleaned up 0 splitscreen connections with owner deletion
[2025.04.04-23.21.31:951][624]LogWorld: UWorld::CleanupWorld for None, bSessionEnded=true, bCleanupResources=true
[2025.04.04-23.21.31:951][624]LogExit: Editor shut down
[2025.04.04-23.21.31:952][624]LogExit: Transaction tracking system shut down
[2025.04.04-23.21.32:116][624]LogExit: Object subsystem successfully closed.
[2025.04.04-23.21.32:131][624]LogShaderCompilers: Display: === FShaderJobCache stats ===
[2025.04.04-23.21.32:131][624]LogShaderCompilers: Display: Total job queries 0, among them cache hits 0 (0.00%)
[2025.04.04-23.21.32:131][624]LogShaderCompilers: Display: Tracking 0 distinct input hashes that result in 0 distinct outputs (0.00%)
[2025.04.04-23.21.32:131][624]LogShaderCompilers: Display: RAM used: 0.00 MB (0.00 GB) of 819.20 MB (0.80 GB) budget. Usage: 0.00%
[2025.04.04-23.21.32:131][624]LogShaderCompilers: Display: ================================================
[2025.04.04-23.21.32:141][624]LogShaderCompilers: Display: Shaders left to compile 0
[2025.04.04-23.21.32:194][624]LogModuleManager: Shutting down and abandoning module HierarchicalLODUtilities (879)
[2025.04.04-23.21.32:195][624]LogModuleManager: Shutting down and abandoning module MovieSceneCapture (877)
[2025.04.04-23.21.32:195][624]LogModuleManager: Shutting down and abandoning module Voice (875)
[2025.04.04-23.21.32:195][624]LogModuleManager: Shutting down and abandoning module TopDownPuzzle (873)
[2025.04.04-23.21.32:195][624]LogModuleManager: Shutting down and abandoning module HierarchicalLODOutliner (872)
[2025.04.04-23.21.32:195][624]LogModuleManager: Shutting down and abandoning module SceneOutliner (870)
[2025.04.04-23.21.32:195][624]LogModuleManager: Shutting down and abandoning module AddContentDialog (868)
[2025.04.04-23.21.32:196][624]LogModuleManager: Shutting down and abandoning module WidgetCarousel (867)
[2025.04.04-23.21.32:196][624]LogModuleManager: Shutting down and abandoning module EditorWidgets (864)
[2025.04.04-23.21.32:196][624]LogModuleManager: Shutting down and abandoning module StatsViewer (862)
[2025.04.04-23.21.32:196][624]LogModuleManager: Shutting down and abandoning module PIEPreviewDeviceProfileSelector (860)
[2025.04.04-23.21.32:196][624]LogModuleManager: Shutting down and abandoning module SequenceRecorderSections (858)
[2025.04.04-23.21.32:196][624]LogModuleManager: Shutting down and abandoning module AutomationWorker (856)
[2025.04.04-23.21.32:196][624]LogModuleManager: Shutting down and abandoning module SteamVREditor (854)
[2025.04.04-23.21.32:196][624]LogModuleManager: Shutting down and abandoning module OculusMR (852)
[2025.04.04-23.21.32:196][624]LogModuleManager: Shutting down and abandoning module TakeRecorderSources (850)
[2025.04.04-23.21.32:196][624]LogModuleManager: Shutting down and abandoning module TakeRecorder (849)
[2025.04.04-23.21.32:196][624]LogModuleManager: Shutting down and abandoning module TakeTrackRecorders (846)
[2025.04.04-23.21.32:196][624]LogModuleManager: Shutting down and abandoning module TakesCore (844)
[2025.04.04-23.21.32:196][624]LogModuleManager: Shutting down and abandoning module OpenXRInput (842)
[2025.04.04-23.21.32:196][624]LogModuleManager: Shutting down and abandoning module GooglePADEditor (840)
[2025.04.04-23.21.32:196][624]LogModuleManager: Shutting down and abandoning module AudioCaptureEditor (838)
[2025.04.04-23.21.32:196][624]LogModuleManager: Shutting down and abandoning module TemplateSequenceEditor (836)
[2025.04.04-23.21.32:196][624]LogModuleManager: Shutting down and abandoning module MatineeToLevelSequence (834)
[2025.04.04-23.21.32:196][624]LogModuleManager: Shutting down and abandoning module LevelSequenceEditor (832)
[2025.04.04-23.21.32:197][624]LogModuleManager: Shutting down and abandoning module ActorSequenceEditor (830)
[2025.04.04-23.21.32:197][624]LogModuleManager: Shutting down and abandoning module WmfMediaFactory (828)
[2025.04.04-23.21.32:197][624]LogModuleManager: Shutting down and abandoning module WmfMediaEditor (826)
[2025.04.04-23.21.32:197][624]LogModuleManager: Shutting down and abandoning module WebMMediaFactory (824)
[2025.04.04-23.21.32:197][624]LogModuleManager: Shutting down and abandoning module WebMMediaEditor (822)
[2025.04.04-23.21.32:197][624]LogModuleManager: Shutting down and abandoning module WebMMedia (820)
[2025.04.04-23.21.32:197][624]LogModuleManager: Shutting down and abandoning module MediaPlayerEditor (818)
[2025.04.04-23.21.32:197][624]LogModuleManager: Shutting down and abandoning module MediaCompositingEditor (816)
[2025.04.04-23.21.32:197][624]LogModuleManager: Shutting down and abandoning module SequenceRecorder (815)
[2025.04.04-23.21.32:197][624]LogModuleManager: Shutting down and abandoning module OpenExrWrapper (812)
[2025.04.04-23.21.32:197][624]LogModuleManager: Shutting down and abandoning module ImgMediaFactory (810)
[2025.04.04-23.21.32:197][624]LogModuleManager: Shutting down and abandoning module ImgMediaEditor (808)
[2025.04.04-23.21.32:197][624]LogModuleManager: Shutting down and abandoning module AvfMediaFactory (806)
[2025.04.04-23.21.32:197][624]LogModuleManager: Shutting down and abandoning module AvfMediaEditor (804)
[2025.04.04-23.21.32:197][624]LogModuleManager: Shutting down and abandoning module AndroidMediaFactory (802)
[2025.04.04-23.21.32:197][624]LogModuleManager: Shutting down and abandoning module AndroidMediaEditor (800)
[2025.04.04-23.21.32:197][624]LogModuleManager: Shutting down and abandoning module PlanarCut (798)
[2025.04.04-23.21.32:197][624]LogModuleManager: Shutting down and abandoning module CharacterAI (796)
[2025.04.04-23.21.32:197][624]LogModuleManager: Shutting down and abandoning module MagicLeapMediaCodecFactory (794)
[2025.04.04-23.21.32:197][624]LogModuleManager: Shutting down and abandoning module MagicLeapMediaFactory (792)
[2025.04.04-23.21.32:197][624]LogModuleManager: Shutting down and abandoning module MagicLeapMediaEditor (790)
[2025.04.04-23.21.32:197][624]LogModuleManager: Shutting down and abandoning module TextureAlignMode (788)
[2025.04.04-23.21.32:197][624]LogModuleManager: Shutting down and abandoning module BspMode (786)
[2025.04.04-23.21.32:197][624]LogModuleManager: Shutting down and abandoning module GeometryMode (784)
[2025.04.04-23.21.32:197][624]LogModuleManager: Shutting down and abandoning module CameraShakePreviewer (782)
[2025.04.04-23.21.32:197][624]LogModuleManager: Shutting down and abandoning module SmartSnapping (780)
[2025.04.04-23.21.32:197][624]LogModuleManager: Shutting down and abandoning module SessionServices (778)
[2025.04.04-23.21.32:197][624]LogModuleManager: Shutting down and abandoning module MeshPaint (776)
[2025.04.04-23.21.32:197][624]LogModuleManager: Shutting down and abandoning module VirtualTexturingEditor (774)
[2025.04.04-23.21.32:197][624]LogModuleManager: Shutting down and abandoning module FoliageEdit (772)
[2025.04.04-23.21.32:197][624]LogModuleManager: Shutting down and abandoning module LandscapeEditor (770)
[2025.04.04-23.21.32:197][624]LogModuleManager: Shutting down and abandoning module MeshPaintMode (768)
[2025.04.04-23.21.32:197][624]LogModuleManager: Shutting down and abandoning module SceneDepthPickerMode (766)
[2025.04.04-23.21.32:197][624]LogModuleManager: Shutting down and abandoning module ActorPickerMode (764)
[2025.04.04-23.21.32:197][624]LogModuleManager: Shutting down and abandoning module PlacementMode (762)
[2025.04.04-23.21.32:197][624]LogModuleManager: Shutting down and abandoning module ViewportSnapping (760)
[2025.04.04-23.21.32:197][624]LogModuleManager: Shutting down and abandoning module ViewportInteraction (758)
[2025.04.04-23.21.32:197][624]LogModuleManager: Shutting down and abandoning module ClothPainter (756)
[2025.04.04-23.21.32:197][624]LogModuleManager: Shutting down and abandoning module SkeletalMeshEditor (755)
[2025.04.04-23.21.32:197][624]LogModuleManager: Shutting down and abandoning module LogVisualizer (752)
[2025.04.04-23.21.32:197][624]LogModuleManager: Shutting down and abandoning module IntroTutorials (750)
[2025.04.04-23.21.32:198][624]LogModuleManager: Shutting down and abandoning module GameProjectGeneration (749)
[2025.04.04-23.21.32:198][624]LogModuleManager: Shutting down and abandoning module LuminPlatformEditor (746)
[2025.04.04-23.21.32:198][624]LogModuleManager: Shutting down and abandoning module IOSPlatformEditor (744)
[2025.04.04-23.21.32:198][624]LogModuleManager: Shutting down and abandoning module AndroidPlatformEditor (742)
[2025.04.04-23.21.32:198][624]LogModuleManager: Shutting down and abandoning module AndroidDeviceDetection (741)
[2025.04.04-23.21.32:572][624]LogModuleManager: Shutting down and abandoning module WindowsPlatformEditor (738)
[2025.04.04-23.21.32:572][624]LogModuleManager: Shutting down and abandoning module LuminRuntimeSettings (736)
[2025.04.04-23.21.32:572][624]LogModuleManager: Shutting down and abandoning module IOSRuntimeSettings (734)
[2025.04.04-23.21.32:572][624]LogModuleManager: Shutting down and abandoning module AndroidRuntimeSettings (732)
[2025.04.04-23.21.32:572][624]LogModuleManager: Shutting down and abandoning module TraceInsights (730)
[2025.04.04-23.21.32:572][624]MemoryProfiler: Shutdown
[2025.04.04-23.21.32:572][624]NetworkingProfiler: Shutdown
[2025.04.04-23.21.32:572][624]LoadingProfiler: Shutdown
[2025.04.04-23.21.32:572][624]TimingProfiler: Shutdown
[2025.04.04-23.21.32:572][624]LogModuleManager: Shutting down and abandoning module TraceServices (729)
[2025.04.04-23.21.32:572][624]LogModuleManager: Shutting down and abandoning module EditorInteractiveToolsFramework (726)
[2025.04.04-23.21.32:572][624]LogModuleManager: Shutting down and abandoning module TimeManagementEditor (724)
[2025.04.04-23.21.32:572][624]LogModuleManager: Shutting down and abandoning module InputBindingEditor (722)
[2025.04.04-23.21.32:572][624]LogModuleManager: Shutting down and abandoning module MergeActors (720)
[2025.04.04-23.21.32:572][624]LogModuleManager: Shutting down and abandoning module LocalizationDashboard (718)
[2025.04.04-23.21.32:572][624]LogModuleManager: Shutting down and abandoning module LocalizationService (717)
[2025.04.04-23.21.32:572][624]LogModuleManager: Shutting down and abandoning module HardwareTargeting (714)
[2025.04.04-23.21.32:572][624]LogModuleManager: Shutting down and abandoning module DeviceProfileEditor (712)
[2025.04.04-23.21.32:572][624]LogModuleManager: Shutting down and abandoning module UndoHistory (710)
[2025.04.04-23.21.32:572][624]LogModuleManager: Shutting down and abandoning module XmlParser (708)
[2025.04.04-23.21.32:572][624]LogModuleManager: Shutting down and abandoning module Blutility (706)
[2025.04.04-23.21.32:572][624]LogModuleManager: Shutting down and abandoning module ProjectSettingsViewer (704)
[2025.04.04-23.21.32:572][624]LogModuleManager: Shutting down and abandoning module ProjectTargetPlatformEditor (703)
[2025.04.04-23.21.32:572][624]LogModuleManager: Shutting down and abandoning module EditorSettingsViewer (700)
[2025.04.04-23.21.32:573][624]LogModuleManager: Shutting down and abandoning module InternationalizationSettings (699)
[2025.04.04-23.21.32:573][624]LogModuleManager: Shutting down and abandoning module SettingsEditor (696)
[2025.04.04-23.21.32:573][624]LogModuleManager: Shutting down and abandoning module ProjectLauncher (694)
[2025.04.04-23.21.32:573][624]LogModuleManager: Shutting down and abandoning module SessionFrontend (692)
[2025.04.04-23.21.32:573][624]LogModuleManager: Shutting down and abandoning module ProfilerClient (690)
[2025.04.04-23.21.32:573][624]LogModuleManager: Shutting down and abandoning module DeviceManager (688)
[2025.04.04-23.21.32:573][624]LogModuleManager: Shutting down and abandoning module TargetDeviceServices (687)
[2025.04.04-23.21.32:606][624]LogModuleManager: Shutting down and abandoning module AutomationController (684)
[2025.04.04-23.21.32:606][624]LogModuleManager: Shutting down and abandoning module AutomationWindow (682)
[2025.04.04-23.21.32:606][624]LogModuleManager: Shutting down and abandoning module Layers (680)
[2025.04.04-23.21.32:606][624]LogModuleManager: Shutting down and abandoning module ComponentVisualizers (678)
[2025.04.04-23.21.32:606][624]LogModuleManager: Shutting down and abandoning module DetailCustomizations (676)
[2025.04.04-23.21.32:606][624]LogModuleManager: Shutting down and abandoning module PackagesDialog (674)
[2025.04.04-23.21.32:606][624]LogModuleManager: Shutting down and abandoning module AnimationBlueprintEditor (672)
[2025.04.04-23.21.32:606][624]LogModuleManager: Shutting down and abandoning module Persona (670)
[2025.04.04-23.21.32:607][624]LogModuleManager: Shutting down and abandoning module AdvancedPreviewScene (669)
[2025.04.04-23.21.32:607][624]LogModuleManager: Shutting down and abandoning module Kismet (666)
[2025.04.04-23.21.32:608][624]LogModuleManager: Shutting down and abandoning module KismetWidgets (665)
[2025.04.04-23.21.32:608][624]LogModuleManager: Shutting down and abandoning module GraphEditor (662)
[2025.04.04-23.21.32:608][624]LogModuleManager: Shutting down and abandoning module StructViewer (660)
[2025.04.04-23.21.32:608][624]LogModuleManager: Shutting down and abandoning module ClassViewer (658)
[2025.04.04-23.21.32:608][624]LogModuleManager: Shutting down and abandoning module Toolbox (656)
[2025.04.04-23.21.32:608][624]LogModuleManager: Shutting down and abandoning module ModuleUI (654)
[2025.04.04-23.21.32:608][624]LogModuleManager: Shutting down and abandoning module OutputLog (652)
[2025.04.04-23.21.32:609][624]LogModuleManager: Shutting down and abandoning module GammaUI (650)
[2025.04.04-23.21.32:609][624]LogModuleManager: Shutting down and abandoning module Documentation (648)
[2025.04.04-23.21.32:609][624]LogModuleManager: Shutting down and abandoning module LiveCoding (646)
[2025.04.04-23.21.32:609][624]LogModuleManager: Shutting down and abandoning module LevelSequence (644)
[2025.04.04-23.21.32:609][624]LogModuleManager: Shutting down and abandoning module MovieSceneTracks (642)
[2025.04.04-23.21.32:610][624]LogModuleManager: Shutting down and abandoning module MovieScene (640)
[2025.04.04-23.21.32:610][624]LogModuleManager: Shutting down and abandoning module StreamingPauseRendering (638)
[2025.04.04-23.21.32:610][624]LogModuleManager: Shutting down and abandoning module LauncherPlatform (636)
[2025.04.04-23.21.32:610][624]LogModuleManager: Shutting down and abandoning module AnalyticsET (634)
[2025.04.04-23.21.32:610][624]LogModuleManager: Shutting down and abandoning module PortalServices (632)
[2025.04.04-23.21.32:610][624]LogModuleManager: Shutting down and abandoning module PortalRpc (630)
[2025.04.04-23.21.32:610][624]LogModuleManager: Shutting down and abandoning module MessagingRpc (628)
[2025.04.04-23.21.32:610][624]LogModuleManager: Shutting down and abandoning module AudioMixerXAudio2 (626)
[2025.04.04-23.21.32:610][624]LogModuleManager: Shutting down and abandoning module AudioMixerCore (625)
[2025.04.04-23.21.32:610][624]LogModuleManager: Shutting down and abandoning module AIModule (622)
[2025.04.04-23.21.32:610][624]LogModuleManager: Shutting down and abandoning module GameplayDebugger (621)
[2025.04.04-23.21.32:610][624]LogModuleManager: Shutting down and abandoning module AITestSuite (619)
[2025.04.04-23.21.32:610][624]LogModuleManager: Shutting down and abandoning module NavigationSystem (617)
[2025.04.04-23.21.32:610][624]LogModuleManager: Shutting down and abandoning module ImageWriteQueue (614)
[2025.04.04-23.21.32:610][624]LogModuleManager: Shutting down and abandoning module ProfilerService (612)
[2025.04.04-23.21.32:805][624]LogModuleManager: Shutting down and abandoning module TaskGraph (610)
[2025.04.04-23.21.32:805][624]LogModuleManager: Shutting down and abandoning module AudioSynesthesiaEditor (608)
[2025.04.04-23.21.32:805][624]LogModuleManager: Shutting down and abandoning module OculusEditor (606)
[2025.04.04-23.21.32:805][624]LogModuleManager: Shutting down and abandoning module OculusInput (604)
[2025.04.04-23.21.32:805][624]LogModuleManager: Shutting down and abandoning module ContentBrowserClassDataSource (602)
[2025.04.04-23.21.32:805][624]LogModuleManager: Shutting down and abandoning module ContentBrowserFileDataSource (600)
[2025.04.04-23.21.32:805][624]LogModuleManager: Shutting down and abandoning module ContentBrowserAssetDataSource (598)
[2025.04.04-23.21.32:805][624]LogModuleManager: Shutting down and abandoning module CollectionManager (597)
[2025.04.04-23.21.32:805][624]LogModuleManager: Shutting down and abandoning module TakeSequencer (594)
[2025.04.04-23.21.32:805][624]LogModuleManager: Shutting down and abandoning module TakeMovieScene (592)
[2025.04.04-23.21.32:805][624]LogModuleManager: Shutting down and abandoning module SynthesisEditor (590)
[2025.04.04-23.21.32:805][624]LogModuleManager: Shutting down and abandoning module Synthesis (588)
[2025.04.04-23.21.32:805][624]LogModuleManager: Shutting down and abandoning module ProceduralMeshComponentEditor (586)
[2025.04.04-23.21.32:805][624]LogModuleManager: Shutting down and abandoning module ProceduralMeshComponent (584)
[2025.04.04-23.21.32:805][624]LogModuleManager: Shutting down and abandoning module ScreenshotTools (582)
[2025.04.04-23.21.32:805][624]LogModuleManager: Shutting down and abandoning module OpenXREditor (580)
[2025.04.04-23.21.32:805][624]LogModuleManager: Shutting down and abandoning module MobilePatchingUtils (578)
[2025.04.04-23.21.32:805][624]LogModuleManager: Shutting down and abandoning module GooglePAD (576)
[2025.04.04-23.21.32:805][624]LogModuleManager: Shutting down and abandoning module EditableMesh (574)
[2025.04.04-23.21.32:805][624]LogModuleManager: Shutting down and abandoning module CustomMeshComponent (572)
[2025.04.04-23.21.32:805][624]LogModuleManager: Shutting down and abandoning module CableComponent (570)
[2025.04.04-23.21.32:805][624]LogModuleManager: Shutting down and abandoning module AudioCapture (568)
[2025.04.04-23.21.32:805][624]LogModuleManager: Shutting down and abandoning module AudioCaptureRtAudio (567)
[2025.04.04-23.21.32:805][624]LogModuleManager: Shutting down and abandoning module AssetTags (564)
[2025.04.04-23.21.32:805][624]LogModuleManager: Shutting down and abandoning module ArchVisCharacter (562)
[2025.04.04-23.21.32:806][624]LogModuleManager: Shutting down and abandoning module AppleImageUtilsBlueprintSupport (560)
[2025.04.04-23.21.32:806][624]LogModuleManager: Shutting down and abandoning module AppleImageUtils (558)
[2025.04.04-23.21.32:806][624]LogModuleManager: Shutting down and abandoning module AndroidPermission (556)
[2025.04.04-23.21.32:806][624]LogModuleManager: Shutting down and abandoning module ActorLayerUtilitiesEditor (554)
[2025.04.04-23.21.32:806][624]LogModuleManager: Shutting down and abandoning module ActorLayerUtilities (552)
[2025.04.04-23.21.32:806][624]LogModuleManager: Shutting down and abandoning module TemplateSequence (550)
[2025.04.04-23.21.32:806][624]LogModuleManager: Shutting down and abandoning module MediaCompositing (548)
[2025.04.04-23.21.32:806][624]LogModuleManager: Shutting down and abandoning module ImgMedia (546)
[2025.04.04-23.21.32:806][624]LogModuleManager: Shutting down and abandoning module OpenImageDenoise (544)
[2025.04.04-23.21.32:806][624]LogOpenImageDenoise: OIDN shutting down
[2025.04.04-23.21.32:806][624]LogModuleManager: Shutting down and abandoning module MotoSynthEditor (542)
[2025.04.04-23.21.32:806][624]LogModuleManager: Shutting down and abandoning module MotoSynth (540)
[2025.04.04-23.21.32:806][624]LogModuleManager: Shutting down and abandoning module MeshConversion (538)
[2025.04.04-23.21.32:806][624]LogModuleManager: Shutting down and abandoning module DynamicMesh (536)
[2025.04.04-23.21.32:806][624]LogModuleManager: Shutting down and abandoning module GeometryAlgorithms (534)
[2025.04.04-23.21.32:806][624]LogModuleManager: Shutting down and abandoning module GeometricObjects (532)
[2025.04.04-23.21.32:806][624]LogModuleManager: Shutting down and abandoning module GeometryCollectionTracks (530)
[2025.04.04-23.21.32:806][624]LogModuleManager: Shutting down and abandoning module GeometryCollectionSequencer (529)
[2025.04.04-23.21.32:806][624]LogModuleManager: Shutting down and abandoning module GeometryCollectionEditor (526)
[2025.04.04-23.21.32:806][624]LogModuleManager: Shutting down and abandoning module GeometryCacheTracks (524)
[2025.04.04-23.21.32:806][624]LogModuleManager: Shutting down and abandoning module GeometryCacheStreamer (522)
[2025.04.04-23.21.32:806][624]LogModuleManager: Shutting down and abandoning module GeometryCacheSequencer (520)
[2025.04.04-23.21.32:806][624]LogModuleManager: Shutting down and abandoning module ChaosSolverEditor (518)
[2025.04.04-23.21.32:806][624]LogModuleManager: Shutting down and abandoning module ChaosNiagara (516)
[2025.04.04-23.21.32:806][624]LogModuleManager: Shutting down and abandoning module FractureEditor (514)
[2025.04.04-23.21.32:806][624]LogModuleManager: Shutting down and abandoning module FieldSystemEngine (513)
[2025.04.04-23.21.32:806][624]LogModuleManager: Shutting down and abandoning module ChaosClothEditor (510)
[2025.04.04-23.21.32:806][624]LogModuleManager: Shutting down and abandoning module BackChannel (508)
[2025.04.04-23.21.32:806][624]LogModuleManager: Shutting down and abandoning module AutomationUtilsEditor (506)
[2025.04.04-23.21.32:806][624]LogModuleManager: Shutting down and abandoning module AutomationUtils (504)
[2025.04.04-23.21.32:806][624]LogModuleManager: Shutting down and abandoning module AlembicImporter (502)
[2025.04.04-23.21.32:806][624]LogModuleManager: Shutting down and abandoning module AlembicLibrary (501)
[2025.04.04-23.21.32:806][624]LogModuleManager: Shutting down and abandoning module GeometryCache (500)
[2025.04.04-23.21.32:806][624]LogModuleManager: Shutting down and abandoning module GeometryCacheEd (499)
[2025.04.04-23.21.32:806][624]LogModuleManager: Shutting down and abandoning module MagicLeapSharedWorld (494)
[2025.04.04-23.21.32:806][624]LogModuleManager: Shutting down and abandoning module MagicLeapLightEstimation (492)
[2025.04.04-23.21.32:806][624]LogModuleManager: Shutting down and abandoning module MagicLeapHelperVulkan (490)
[2025.04.04-23.21.32:806][624]LogModuleManager: Shutting down and abandoning module MagicLeapHelperOpenGL (488)
[2025.04.04-23.21.32:806][624]LogModuleManager: Shutting down and abandoning module MagicLeapAudio (486)
[2025.04.04-23.21.32:806][624]LogModuleManager: Shutting down and abandoning module NiagaraEditorWidgets (484)
[2025.04.04-23.21.32:806][624]LogModuleManager: Shutting down and abandoning module VisualStudioSourceCodeAccess (482)
[2025.04.04-23.21.32:806][624]LogModuleManager: Shutting down and abandoning module VisualStudioCodeSourceCodeAccess (480)
[2025.04.04-23.21.32:806][624]LogModuleManager: Shutting down and abandoning module UObjectPlugin (478)
[2025.04.04-23.21.32:806][624]LogModuleManager: Shutting down and abandoning module SubversionSourceControl (476)
[2025.04.04-23.21.32:806][624]LogModuleManager: Shutting down and abandoning module RiderSourceCodeAccess (474)
[2025.04.04-23.21.32:806][624]LogModuleManager: Shutting down and abandoning module PluginUtils (472)
[2025.04.04-23.21.32:806][624]LogModuleManager: Shutting down and abandoning module PlasticSourceControl (470)
[2025.04.04-23.21.32:806][624]LogModuleManager: Shutting down and abandoning module PerforceSourceControl (468)
[2025.04.04-23.21.32:806][624]LogModuleManager: Shutting down and abandoning module GitSourceControl (466)
[2025.04.04-23.21.32:806][624]LogModuleManager: Shutting down and abandoning module SourceControl (465)
[2025.04.04-23.21.32:806][624]LogModuleManager: Shutting down and abandoning module CLionSourceCodeAccess (462)
[2025.04.04-23.21.32:806][624]LogModuleManager: Shutting down and abandoning module AnimationSharingEd (460)
[2025.04.04-23.21.32:806][624]LogModuleManager: Shutting down and abandoning module VariantManagerContentEditor (458)
[2025.04.04-23.21.32:807][624]LogModuleManager: Shutting down and abandoning module SpeedTreeImporter (456)
[2025.04.04-23.21.32:807][624]LogModuleManager: Shutting down and abandoning module PluginBrowser (454)
[2025.04.04-23.21.32:807][624]LogModuleManager: Shutting down and abandoning module MobileLauncherProfileWizard (452)
[2025.04.04-23.21.32:807][624]LogModuleManager: Shutting down and abandoning module MaterialAnalyzer (450)
[2025.04.04-23.21.32:807][624]LogModuleManager: Shutting down and abandoning module CurveEditorTools (448)
[2025.04.04-23.21.32:807][624]LogModuleManager: Shutting down and abandoning module DatasmithContentEditor (446)
[2025.04.04-23.21.32:807][624]LogModuleManager: Shutting down and abandoning module CryptoKeysOpenSSL (444)
[2025.04.04-23.21.32:807][624]LogModuleManager: Shutting down and abandoning module CryptoKeys (442)
[2025.04.04-23.21.32:807][624]LogModuleManager: Shutting down and abandoning module OodleNetworkHandlerComponent (440)
[2025.04.04-23.21.32:807][624]LogModuleManager: Shutting down and abandoning module LiveLinkSequencer (438)
[2025.04.04-23.21.32:807][624]LogModuleManager: Shutting down and abandoning module LiveLinkMovieScene (436)
[2025.04.04-23.21.32:807][624]LogModuleManager: Shutting down and abandoning module LiveLinkGraphNode (434)
[2025.04.04-23.21.32:807][624]LogModuleManager: Shutting down and abandoning module LiveLinkEditor (432)
[2025.04.04-23.21.32:807][624]LogModuleManager: Shutting down and abandoning module LiveLinkComponents (430)
[2025.04.04-23.21.32:807][624]LogModuleManager: Shutting down and abandoning module LiveLink (428)
[2025.04.04-23.21.33:128][624]LogModuleManager: Shutting down and abandoning module LightPropagationVolumeEditor (426)
[2025.04.04-23.21.33:128][624]LogModuleManager: Shutting down and abandoning module PaperTiledImporter (424)
[2025.04.04-23.21.33:128][624]LogModuleManager: Shutting down and abandoning module PaperSpriteSheetImporter (422)
[2025.04.04-23.21.33:128][624]LogModuleManager: Shutting down and abandoning module Paper2DEditor (420)
[2025.04.04-23.21.33:128][624]LogModuleManager: Shutting down and abandoning module MeshPaintingToolset (418)
[2025.04.04-23.21.33:128][624]LogModuleManager: Shutting down and abandoning module MeshPaintEditorMode (416)
[2025.04.04-23.21.33:128][624]LogModuleManager: Shutting down and abandoning module AnimGraph (413)
[2025.04.04-23.21.33:128][624]LogModuleManager: Shutting down and abandoning module SoundFields (410)
[2025.04.04-23.21.33:128][624]LogModuleManager: Shutting down and abandoning module RuntimePhysXCooking (408)
[2025.04.04-23.21.33:128][624]LogModuleManager: Shutting down and abandoning module SignificanceManager (406)
[2025.04.04-23.21.33:128][624]LogModuleManager: Shutting down and abandoning module PropertyAccessEditor (404)
[2025.04.04-23.21.33:128][624]LogModuleManager: Shutting down and abandoning module PhysXVehiclesEditor (402)
[2025.04.04-23.21.33:128][624]LogModuleManager: Shutting down and abandoning module LocationServicesBPLibrary (398)
[2025.04.04-23.21.33:128][624]LogModuleManager: Shutting down and abandoning module UdpMessaging (396)
[2025.04.04-23.21.33:229][624]LogModuleManager: Shutting down and abandoning module TcpMessaging (394)
[2025.04.04-23.21.33:330][624]LogModuleManager: Shutting down and abandoning module AudioSynesthesia (392)
[2025.04.04-23.21.33:330][624]LogModuleManager: Shutting down and abandoning module AudioSynesthesiaCore (390)
[2025.04.04-23.21.33:330][624]LogModuleManager: Shutting down and abandoning module ActorSequence (388)
[2025.04.04-23.21.33:330][624]LogModuleManager: Shutting down and abandoning module ImgMediaEngine (386)
[2025.04.04-23.21.33:330][624]LogModuleManager: Shutting down and abandoning module PythonScriptPlugin (384)
[2025.04.04-23.21.33:330][624]LogModuleManager: Shutting down and abandoning module MagicLeapARPin (382)
[2025.04.04-23.21.33:330][624]LogModuleManager: Shutting down and abandoning module MagicLeapHandMeshing (380)
[2025.04.04-23.21.33:330][624]LogModuleManager: Shutting down and abandoning module MagicLeapSecureStorage (378)
[2025.04.04-23.21.33:330][624]LogModuleManager: Shutting down and abandoning module MagicLeapPrivileges (376)
[2025.04.04-23.21.33:330][624]LogModuleManager: Shutting down and abandoning module MagicLeapPlanes (374)
[2025.04.04-23.21.33:330][624]LogMagicLeapPlanes: Planes tracker already destroyed.
[2025.04.04-23.21.33:330][624]LogModuleManager: Shutting down and abandoning module MagicLeapImageTracker (372)
[2025.04.04-23.21.33:330][624]LogModuleManager: Shutting down and abandoning module MagicLeapIdentity (370)
[2025.04.04-23.21.33:330][624]LogModuleManager: Shutting down and abandoning module MagicLeapHandTracking (368)
[2025.04.04-23.21.33:330][624]LogModuleManager: Shutting down and abandoning module MagicLeapEyeTracker (366)
[2025.04.04-23.21.33:330][624]LogModuleManager: Shutting down and abandoning module MagicLeapController (364)
[2025.04.04-23.21.33:330][624]LogModuleManager: Shutting down and abandoning module MagicLeapARPinImpl (362)
[2025.04.04-23.21.33:330][624]LogModuleManager: Shutting down and abandoning module MagicLeapAR (360)
[2025.04.04-23.21.33:330][624]LogModuleManager: Shutting down and abandoning module NiagaraAnimNotifies (358)
[2025.04.04-23.21.33:330][624]LogModuleManager: Shutting down and abandoning module Niagara (356)
[2025.04.04-23.21.33:330][624]LogModuleManager: Shutting down and abandoning module SignalProcessing (355)
[2025.04.04-23.21.33:330][624]LogModuleManager: Shutting down and abandoning module NiagaraEditor (353)
[2025.04.04-23.21.33:331][624]LogModuleManager: Shutting down and abandoning module NiagaraCore (350)
[2025.04.04-23.21.33:331][624]LogModuleManager: Shutting down and abandoning module PropertyAccessNode (348)
[2025.04.04-23.21.33:331][624]LogModuleManager: Shutting down and abandoning module AnimationSharing (346)
[2025.04.04-23.21.33:331][624]LogModuleManager: Shutting down and abandoning module GameplayTagsEditor (344)
[2025.04.04-23.21.33:331][624]LogModuleManager: Shutting down and abandoning module FacialAnimationEditor (342)
[2025.04.04-23.21.33:331][624]LogModuleManager: Shutting down and abandoning module FacialAnimation (340)
[2025.04.04-23.21.33:331][624]LogModuleManager: Shutting down and abandoning module DataValidation (338)
[2025.04.04-23.21.33:331][624]LogModuleManager: Shutting down and abandoning module AssetManagerEditor (336)
[2025.04.04-23.21.33:331][624]LogModuleManager: Shutting down and abandoning module LevelEditor (335)
[2025.04.04-23.21.33:334][624]LogModuleManager: Shutting down and abandoning module PixelInspectorModule (334)
[2025.04.04-23.21.33:334][624]LogModuleManager: Shutting down and abandoning module CommonMenuExtensions (332)
[2025.04.04-23.21.33:335][624]LogModuleManager: Shutting down and abandoning module MainFrame (330)
[2025.04.04-23.21.33:335][624]LogModuleManager: Shutting down and abandoning module HotReload (329)
[2025.04.04-23.21.33:336][624]LogModuleManager: Shutting down and abandoning module ToolMenus (325)
[2025.04.04-23.21.33:336][624]LogModuleManager: Shutting down and abandoning module ContentBrowser (323)
[2025.04.04-23.21.33:336][624]LogModuleManager: Shutting down and abandoning module ContentBrowserData (322)
[2025.04.04-23.21.33:336][624]LogModuleManager: Shutting down and abandoning module TreeMap (319)
[2025.04.04-23.21.33:336][624]LogModuleManager: Shutting down and abandoning module GameplayCameras (316)
[2025.04.04-23.21.33:336][624]LogModuleManager: Shutting down and abandoning module LightPropagationVolumeRuntime (314)
[2025.04.04-23.21.33:336][624]LogModuleManager: Shutting down and abandoning module EnvironmentQueryEditor (312)
[2025.04.04-23.21.33:336][624]LogModuleManager: Shutting down and abandoning module Paper2D (310)
[2025.04.04-23.21.33:336][624]LogModuleManager: Shutting down and abandoning module WindowsMoviePlayer (308)
[2025.04.04-23.21.33:340][624]LogModuleManager: Shutting down and abandoning module WebMMoviePlayer (306)
[2025.04.04-23.21.33:340][624]LogModuleManager: Shutting down and abandoning module NetworkReplayStreaming (304)
[2025.04.04-23.21.33:340][624]LogModuleManager: Shutting down and abandoning module PacketHandler (302)
[2025.04.04-23.21.33:340][624]LogModuleManager: Shutting down and abandoning module ClothingSystemEditor (300)
[2025.04.04-23.21.33:340][624]LogModuleManager: Shutting down and abandoning module ClothingSystemRuntimeNv (298)
[2025.04.04-23.21.33:341][624]LogModuleManager: Shutting down and abandoning module MediaAssets (296)
[2025.04.04-23.21.33:341][624]LogModuleManager: Shutting down and abandoning module Overlay (294)
[2025.04.04-23.21.33:341][624]LogModuleManager: Shutting down and abandoning module OverlayEditor (293)
[2025.04.04-23.21.33:341][624]LogModuleManager: Shutting down and abandoning module VREditor (290)
[2025.04.04-23.21.33:341][624]LogModuleManager: Shutting down and abandoning module StringTableEditor (288)
[2025.04.04-23.21.33:341][624]LogModuleManager: Shutting down and abandoning module GameplayTasksEditor (286)
[2025.04.04-23.21.33:341][624]LogModuleManager: Shutting down and abandoning module BehaviorTreeEditor (284)
[2025.04.04-23.21.33:341][624]LogModuleManager: Shutting down and abandoning module FunctionalTesting (282)
[2025.04.04-23.21.33:341][624]LogModuleManager: Shutting down and abandoning module CollisionAnalyzer (280)
[2025.04.04-23.21.33:341][624]LogModuleManager: Shutting down and abandoning module WorkspaceMenuStructure (279)
[2025.04.04-23.21.33:341][624]LogModuleManager: Shutting down and abandoning module UMG (276)
[2025.04.04-23.21.33:341][624]LogModuleManager: Shutting down and abandoning module UMGEditor (275)
[2025.04.04-23.21.33:341][624]LogModuleManager: Shutting down and abandoning module MessageLog (273)
[2025.04.04-23.21.33:341][624]LogModuleManager: Shutting down and abandoning module SlateReflector (268)
[2025.04.04-23.21.33:341][624]LogModuleManager: Shutting down and abandoning module Slate (266)
[2025.04.04-23.21.33:341][624]LogModuleManager: Shutting down and abandoning module SlateCore (264)
[2025.04.04-23.21.33:343][624]LogModuleManager: Shutting down and abandoning module LandscapeEditorUtilities (262)
[2025.04.04-23.21.33:343][624]LogModuleManager: Shutting down and abandoning module UnrealEd (260)
[2025.04.04-23.21.33:343][624]LogModuleManager: Shutting down and abandoning module MRMesh (258)
[2025.04.04-23.21.33:343][624]LogModuleManager: Shutting down and abandoning module SourceCodeAccess (256)
[2025.04.04-23.21.33:343][624]LogModuleManager: Shutting down and abandoning module HeadMountedDisplay (254)
[2025.04.04-23.21.33:343][624]LogModuleManager: Shutting down and abandoning module XAudio2 (252)
[2025.04.04-23.21.33:343][624]LogModuleManager: Shutting down and abandoning module Networking (250)
[2025.04.04-23.21.33:343][624]LogModuleManager: Shutting down and abandoning module Core (248)
[2025.04.04-23.21.33:343][624]LogModuleManager: Shutting down and abandoning module MaterialEditor (246)
[2025.04.04-23.21.33:343][624]LogModuleManager: Shutting down and abandoning module MovieSceneTools (244)
[2025.04.04-23.21.33:343][624]LogModuleManager: Shutting down and abandoning module CurveEditor (243)
[2025.04.04-23.21.33:344][624]LogModuleManager: Shutting down and abandoning module Sequencer (241)
[2025.04.04-23.21.33:344][624]LogModuleManager: Shutting down and abandoning module EditorStyle (240)
[2025.04.04-23.21.33:346][624]LogModuleManager: Shutting down and abandoning module KismetCompiler (236)
[2025.04.04-23.21.33:346][624]LogModuleManager: Shutting down and abandoning module MeshBuilder (234)
[2025.04.04-23.21.33:346][624]LogModuleManager: Shutting down and abandoning module MeshUtilities (232)
[2025.04.04-23.21.33:346][624]LogModuleManager: Shutting down and abandoning module MeshMergeUtilities (231)
[2025.04.04-23.21.33:346][624]LogModuleManager: Shutting down and abandoning module MeshReductionInterface (230)
[2025.04.04-23.21.33:346][624]LogModuleManager: Shutting down and abandoning module MeshBoneReduction (229)
[2025.04.04-23.21.33:346][624]LogModuleManager: Shutting down and abandoning module SkeletalMeshReduction (227)
[2025.04.04-23.21.33:346][624]LogModuleManager: Shutting down and abandoning module ProxyLODMeshReduction (225)
[2025.04.04-23.21.33:346][624]LogModuleManager: Shutting down and abandoning module QuadricMeshReduction (223)
[2025.04.04-23.21.33:346][624]LogModuleManager: Shutting down and abandoning module MaterialBaking (219)
[2025.04.04-23.21.33:346][624]LogModuleManager: Shutting down and abandoning module NullInstallBundleManager (214)
[2025.04.04-23.21.33:346][624]LogModuleManager: Shutting down and abandoning module DerivedDataCache (212)
[2025.04.04-23.21.33:346][624]LogModuleManager: Shutting down and abandoning module TargetPlatform (210)
[2025.04.04-23.21.33:346][624]LogModuleManager: Shutting down and abandoning module VulkanShaderFormat (209)
[2025.04.04-23.21.33:346][624]LogModuleManager: Shutting down and abandoning module ShaderFormatVectorVM (207)
[2025.04.04-23.21.33:346][624]LogModuleManager: Shutting down and abandoning module ShaderFormatOpenGL (205)
[2025.04.04-23.21.33:346][624]LogModuleManager: Shutting down and abandoning module ShaderFormatD3D (203)
[2025.04.04-23.21.33:346][624]LogModuleManager: Shutting down and abandoning module MetalShaderFormat (201)
[2025.04.04-23.21.33:346][624]LogModuleManager: Shutting down and abandoning module TextureFormatOodle (199)
[2025.04.04-23.21.33:346][624]LogModuleManager: Shutting down and abandoning module TextureFormatUncompressed (197)
[2025.04.04-23.21.33:346][624]LogModuleManager: Shutting down and abandoning module TextureFormatPVR (195)
[2025.04.04-23.21.33:346][624]LogModuleManager: Shutting down and abandoning module TextureFormatETC2 (193)
[2025.04.04-23.21.33:346][624]LogModuleManager: Shutting down and abandoning module TextureFormatDXT (191)
[2025.04.04-23.21.33:347][624]LogModuleManager: Shutting down and abandoning module TextureFormatIntelISPCTexComp (189)
[2025.04.04-23.21.33:347][624]LogModuleManager: Shutting down and abandoning module TextureFormatASTC (187)
[2025.04.04-23.21.33:347][624]LogModuleManager: Shutting down and abandoning module ImageWrapper (186)
[2025.04.04-23.21.33:347][624]LogModuleManager: Shutting down and abandoning module AudioFormatOpus (183)
[2025.04.04-23.21.33:347][624]LogModuleManager: Shutting down and abandoning module AudioFormatOgg (181)
[2025.04.04-23.21.33:347][624]LogModuleManager: Shutting down and abandoning module AudioFormatADPCM (179)
[2025.04.04-23.21.33:347][624]LogModuleManager: Shutting down and abandoning module WindowsServerTargetPlatform (177)
[2025.04.04-23.21.33:347][624]LogModuleManager: Shutting down and abandoning module WindowsClientTargetPlatform (175)
[2025.04.04-23.21.33:347][624]LogModuleManager: Shutting down and abandoning module WindowsTargetPlatform (173)
[2025.04.04-23.21.33:347][624]LogModuleManager: Shutting down and abandoning module WindowsNoEditorTargetPlatform (171)
[2025.04.04-23.21.33:347][624]LogModuleManager: Shutting down and abandoning module TVOSTargetPlatform (169)
[2025.04.04-23.21.33:349][624]LogModuleManager: Shutting down and abandoning module MacServerTargetPlatform (167)
[2025.04.04-23.21.33:349][624]LogModuleManager: Shutting down and abandoning module MacClientTargetPlatform (165)
[2025.04.04-23.21.33:349][624]LogModuleManager: Shutting down and abandoning module MacTargetPlatform (163)
[2025.04.04-23.21.33:349][624]LogModuleManager: Shutting down and abandoning module MacNoEditorTargetPlatform (161)
[2025.04.04-23.21.33:350][624]LogModuleManager: Shutting down and abandoning module LuminTargetPlatform (159)
[2025.04.04-23.21.33:351][624]LogModuleManager: Shutting down and abandoning module LinuxAArch64ServerTargetPlatform (157)
[2025.04.04-23.21.33:352][624]LogModuleManager: Shutting down and abandoning module LinuxAArch64ClientTargetPlatform (155)
[2025.04.04-23.21.33:352][624]LogModuleManager: Shutting down and abandoning module LinuxAArch64NoEditorTargetPlatform (153)
[2025.04.04-23.21.33:352][624]LogModuleManager: Shutting down and abandoning module LinuxServerTargetPlatform (151)
[2025.04.04-23.21.33:352][624]LogModuleManager: Shutting down and abandoning module LinuxClientTargetPlatform (149)
[2025.04.04-23.21.33:352][624]LogModuleManager: Shutting down and abandoning module LinuxNoEditorTargetPlatform (147)
[2025.04.04-23.21.33:352][624]LogModuleManager: Shutting down and abandoning module LinuxTargetPlatform (145)
[2025.04.04-23.21.33:352][624]LogModuleManager: Shutting down and abandoning module Messaging (143)
[2025.04.04-23.21.33:352][624]LogModuleManager: Shutting down and abandoning module IOSTargetPlatform (141)
[2025.04.04-23.21.33:353][624]LogModuleManager: Shutting down and abandoning module AndroidTargetPlatform (139)
[2025.04.04-23.21.33:360][624]LogModuleManager: Shutting down and abandoning module AllDesktopTargetPlatform (137)
[2025.04.04-23.21.33:360][624]LogModuleManager: Shutting down and abandoning module D3D11RHI (134)
[2025.04.04-23.21.33:360][624]LogModuleManager: Shutting down and abandoning module InputCore (132)
[2025.04.04-23.21.33:360][624]LogModuleManager: Shutting down and abandoning module Settings (130)
[2025.04.04-23.21.33:360][624]LogModuleManager: Shutting down and abandoning module DirectoryWatcher (128)
[2025.04.04-23.21.33:361][624]LogModuleManager: Shutting down and abandoning module PhysXCooking (126)
[2025.04.04-23.21.33:361][624]LogModuleManager: Shutting down and abandoning module Chaos (124)
[2025.04.04-23.21.33:361][624]LogModuleManager: Shutting down and abandoning module WindowsPlatformFeatures (122)
[2025.04.04-23.21.33:361][624]LogModuleManager: Shutting down and abandoning module GameplayMediaEncoder (121)
[2025.04.04-23.21.33:361][624]LogModuleManager: Shutting down and abandoning module AVEncoder (120)
[2025.04.04-23.21.33:361][624]LogModuleManager: Shutting down and abandoning module SteamVRInputDevice (116)
[2025.04.04-23.21.33:361][624]LogModuleManager: Shutting down and abandoning module SteamVRInput (114)
[2025.04.04-23.21.33:361][624]LogModuleManager: Shutting down and abandoning module SteamVR (112)
[2025.04.04-23.21.33:361][624]LogHMD: Freeing OpenVRDLLHandle.
[2025.04.04-23.21.33:361][624]LogModuleManager: Shutting down and abandoning module OculusHMD (110)
[2025.04.04-23.21.33:361][624]LogModuleManager: Shutting down and abandoning module OpenXRHandTracking (108)
[2025.04.04-23.21.33:361][624]LogSlate: Slate User Destroyed.  User Index 0, Is Virtual User: 0
[2025.04.04-23.21.33:362][624]LogModuleManager: Shutting down and abandoning module OpenXREyeTracker (106)
[2025.04.04-23.21.33:362][624]LogModuleManager: Shutting down and abandoning module OpenXRAR (104)
[2025.04.04-23.21.33:362][624]LogModuleManager: Shutting down and abandoning module AugmentedReality (103)
[2025.04.04-23.21.33:362][624]LogModuleManager: Shutting down and abandoning module OpenXRHMD (100)
[2025.04.04-23.21.33:363][624]LogModuleManager: Shutting down and abandoning module ExampleDeviceProfileSelector (98)
[2025.04.04-23.21.33:363][624]LogModuleManager: Shutting down and abandoning module ChunkDownloader (96)
[2025.04.04-23.21.33:363][624]LogModuleManager: Shutting down and abandoning module LauncherChunkInstaller (94)
[2025.04.04-23.21.33:363][624]LogModuleManager: Shutting down and abandoning module OnlineBlueprintSupport (92)
[2025.04.04-23.21.33:363][624]LogModuleManager: Shutting down and abandoning module OnlineSubsystem (88)
[2025.04.04-23.21.33:364][624]LogModuleManager: Shutting down and abandoning module XMPP (83)
[2025.04.04-23.21.33:364][624]LogModuleManager: Shutting down and abandoning module WebSockets (82)
[2025.04.04-23.21.33:369][624]LogModuleManager: Shutting down and abandoning module HTTP (79)
[2025.04.04-23.21.33:369][624]LogHttp: Display: Http module shutting down, but needs to wait on 1 outstanding Http requests:
[2025.04.04-23.21.33:369][624]LogHttp: Display: 	verb=[POST] url=[https://datarouter.ol.epicgames.com/datarouter/api/v1/public/data?SessionID=%7BD36532FB-423A-E13F-3D07-3592CC29A6A1%7D&AppID=UEEditor.Rocket.Release&AppVersion=4.27.2-18319896%2B%2B%2BUE4%2BRelease-4.27&UserID=1630856f436c572332dc42bd5716ab61%7C7103b13d50da47bcb910eeb6fc950929%7C1a3351ea-d91d-494f-9b74-3a188d739225&AppEnvironment=datacollector-binary&UploadType=eteventstream] refs=[1] status=Processing
[2025.04.04-23.21.33:369][624]LogHttp: Display: cleaning up 1 outstanding Http requests.
[2025.04.04-23.21.33:391][624]LogModuleManager: Shutting down and abandoning module SSL (78)
[2025.04.04-23.21.33:392][624]LogModuleManager: Shutting down and abandoning module WmfMedia (74)
[2025.04.04-23.21.33:394][624]LogModuleManager: Shutting down and abandoning module Media (73)
[2025.04.04-23.21.33:395][624]LogModuleManager: Shutting down and abandoning module MediaInfo (72)
[2025.04.04-23.21.33:395][624]LogModuleManager: Shutting down and abandoning module ExrReaderGpu (68)
[2025.04.04-23.21.33:395][624]LogModuleManager: Shutting down and abandoning module ChaosCloth (66)
[2025.04.04-23.21.33:395][624]LogModuleManager: Shutting down and abandoning module MLSDK (64)
[2025.04.04-23.21.33:395][624]LogModuleManager: Shutting down and abandoning module MagicLeap (62)
[2025.04.04-23.21.33:395][624]LogModuleManager: Shutting down and abandoning module NiagaraVertexFactories (60)
[2025.04.04-23.21.33:395][624]LogModuleManager: Shutting down and abandoning module NiagaraShader (58)
[2025.04.04-23.21.33:395][624]LogModuleManager: Shutting down and abandoning module PixWinPlugin (56)
[2025.04.04-23.21.33:395][624]LogModuleManager: Shutting down and abandoning module VariantManagerContent (54)
[2025.04.04-23.21.33:395][624]LogModuleManager: Shutting down and abandoning module DatasmithContent (52)
[2025.04.04-23.21.33:395][624]LogModuleManager: Shutting down and abandoning module AISupportModule (50)
[2025.04.04-23.21.33:395][624]LogModuleManager: Shutting down and abandoning module DesktopPlatform (48)
[2025.04.04-23.21.33:395][624]LogModuleManager: Shutting down and abandoning module PythonScriptPluginPreload (46)
[2025.04.04-23.21.33:395][624]LogModuleManager: Shutting down and abandoning module PlatformCryptoOpenSSL (44)
[2025.04.04-23.21.33:395][624]LogModuleManager: Shutting down and abandoning module PlatformCryptoTypes (42)
[2025.04.04-23.21.33:396][624]LogModuleManager: Shutting down and abandoning module PlatformCrypto (40)
[2025.04.04-23.21.33:396][624]LogModuleManager: Shutting down and abandoning module OodleDataCompressionFormat (38)
[2025.04.04-23.21.33:396][624]LogModuleManager: Shutting down and abandoning module XGEController (36)
[2025.04.04-23.21.33:396][624]LogModuleManager: Shutting down and abandoning module AnimationModifiers (34)
[2025.04.04-23.21.33:396][624]LogModuleManager: Shutting down and abandoning module AudioEditor (32)
[2025.04.04-23.21.33:396][624]LogModuleManager: Shutting down and abandoning module PropertyEditor (31)
[2025.04.04-23.21.33:396][624]LogModuleManager: Shutting down and abandoning module TextureCompressor (28)
[2025.04.04-23.21.33:396][624]LogModuleManager: Shutting down and abandoning module RenderCore (26)
[2025.04.04-23.21.33:396][624]LogModuleManager: Shutting down and abandoning module Landscape (24)
[2025.04.04-23.21.33:396][624]LogModuleManager: Shutting down and abandoning module SlateRHIRenderer (22)
[2025.04.04-23.21.33:397][624]LogModuleManager: Shutting down and abandoning module AnimGraphRuntime (20)
[2025.04.04-23.21.33:397][624]LogModuleManager: Shutting down and abandoning module Renderer (18)
[2025.04.04-23.21.33:397][624]LogModuleManager: Shutting down and abandoning module Engine (16)
[2025.04.04-23.21.33:397][624]LogModuleManager: Shutting down and abandoning module CoreUObject (14)
[2025.04.04-23.21.33:397][624]LogModuleManager: Shutting down and abandoning module NetworkFile (12)
[2025.04.04-23.21.33:397][624]LogModuleManager: Shutting down and abandoning module CookedIterativeFile (10)
[2025.04.04-23.21.33:397][624]LogModuleManager: Shutting down and abandoning module StreamingFile (8)
[2025.04.04-23.21.33:397][624]LogModuleManager: Shutting down and abandoning module SandboxFile (6)
[2025.04.04-23.21.33:397][624]LogModuleManager: Shutting down and abandoning module PakFile (4)
[2025.04.04-23.21.33:397][624]LogModuleManager: Shutting down and abandoning module RSA (3)
[2025.04.04-23.21.33:397][624]LogContentStreaming: Display: There are 1 unreleased StreamingManagers
[2025.04.04-23.21.33:411][624]LogD3D11RHI: Shutdown
[2025.04.04-23.21.33:411][624]LogD3D11RHI: CleanupD3DDevice
[2025.04.04-23.21.33:413][624]LogExit: Exiting.
[2025.04.04-23.21.33:423][624]Log file closed, 04/04/25 19:21:33
