Log file open, 04/09/25 22:49:33
LogWindows: Failed to load 'aqProf.dll' (GetLastError=126)
LogWindows: File 'aqProf.dll' does not exist
LogWindows: Failed to load 'VtuneApi.dll' (GetLastError=126)
LogWindows: File 'VtuneApi.dll' does not exist
LogWindows: Failed to load 'VtuneApi32e.dll' (GetLastError=126)
LogWindows: File 'VtuneApi32e.dll' does not exist
LogConsoleResponse: Display: Failed to find resolution value strings in scalability ini. Falling back to default.
LogConsoleResponse: Display: Failed to find resolution value strings in scalability ini. Falling back to default.
LogInit: Display: Running engine for game: TopDownPuzzle
LogPlatformFile: Not using cached read wrapper
LogTaskGraph: Started task graph with 5 named threads and 23 total threads with 3 sets of task threads.
LogStats: Stats thread started at 0.247725
LogICUInternationalization: ICU TimeZone Detection - Raw Offset: -5:00, Platform Override: ''
LogInit: Display: Loading text-based GConfig....
LogPluginManager: Mounting plugin MeshPainting
LogPluginManager: Mounting plugin XGEController
LogPluginManager: Mounting plugin Paper2D
LogPluginManager: Mounting plugin AISupport
LogPluginManager: Mounting plugin LiveLink
LogPluginManager: Mounting plugin EnvironmentQueryEditor
LogPluginManager: Mounting plugin LightPropagationVolume
LogPluginManager: Mounting plugin OodleData
LogPluginManager: Mounting plugin OodleNetwork
LogPluginManager: Mounting plugin CameraShakePreviewer
LogPluginManager: Mounting plugin GameplayCameras
LogPluginManager: Mounting plugin AnimationSharing
LogPluginManager: Mounting plugin CLionSourceCodeAccess
LogPluginManager: Mounting plugin CodeLiteSourceCodeAccess
LogPluginManager: Mounting plugin GitSourceControl
LogPluginManager: Mounting plugin KDevelopSourceCodeAccess
LogPluginManager: Mounting plugin NullSourceCodeAccess
LogPluginManager: Mounting plugin PerforceSourceControl
LogPluginManager: Mounting plugin PlasticSourceControl
LogPluginManager: Mounting plugin PluginUtils
LogPluginManager: Mounting plugin RiderSourceCodeAccess
LogPluginManager: Mounting plugin PixWinPlugin
LogPluginManager: Mounting plugin PropertyAccessNode
LogPluginManager: Mounting plugin SubversionSourceControl
LogPluginManager: Mounting plugin TextureFormatOodle
LogPluginManager: Mounting plugin UObjectPlugin
LogPluginManager: Mounting plugin XCodeSourceCodeAccess
LogPluginManager: Mounting plugin VisualStudioSourceCodeAccess
LogPluginManager: Mounting plugin VisualStudioCodeSourceCodeAccess
LogPluginManager: Mounting plugin DatasmithContent
LogPluginManager: Mounting plugin VariantManagerContent
LogPluginManager: Mounting plugin AssetManagerEditor
LogPluginManager: Mounting plugin CryptoKeys
LogPluginManager: Mounting plugin CurveEditorTools
LogPluginManager: Mounting plugin DataValidation
LogPluginManager: Mounting plugin FacialAnimation
LogPluginManager: Mounting plugin GameplayTagsEditor
LogPluginManager: Mounting plugin GeometryMode
LogPluginManager: Mounting plugin MacGraphicsSwitching
LogPluginManager: Mounting plugin MaterialAnalyzer
LogPluginManager: Mounting plugin MobileLauncherProfileWizard
LogPluginManager: Mounting plugin PluginBrowser
LogPluginManager: Mounting plugin SpeedTreeImporter
LogPluginManager: Mounting plugin LuminPlatformFeatures
LogPluginManager: Mounting plugin MagicLeap
LogPluginManager: Mounting plugin Niagara
LogPluginManager: Mounting plugin MagicLeapLightEstimation
LogPluginManager: Mounting plugin MagicLeapMedia
LogPluginManager: Mounting plugin MagicLeapPassableWorld
LogPluginManager: Mounting plugin MLSDK
LogPluginManager: Mounting plugin AlembicImporter
LogPluginManager: Mounting plugin AutomationUtils
LogPluginManager: Mounting plugin ChaosClothEditor
LogPluginManager: Mounting plugin ChaosCloth
LogPluginManager: Mounting plugin ChaosEditor
LogPluginManager: Mounting plugin ChaosNiagara
LogPluginManager: Mounting plugin ChaosSolverPlugin
LogPluginManager: Mounting plugin CharacterAI
LogPluginManager: Mounting plugin BackChannel
LogPluginManager: Mounting plugin GeometryCache
LogPluginManager: Mounting plugin GeometryCollectionPlugin
LogPluginManager: Mounting plugin GeometryProcessing
LogPluginManager: Mounting plugin MotoSynth
LogPluginManager: Mounting plugin OpenImageDenoise
LogPluginManager: Mounting plugin PlanarCut
LogPluginManager: Mounting plugin ProxyLODPlugin
LogPluginManager: Mounting plugin PythonScriptPlugin
LogPluginManager: Mounting plugin PlatformCrypto
LogPluginManager: Mounting plugin AndroidMedia
LogPluginManager: Mounting plugin AvfMedia
LogPluginManager: Mounting plugin ImgMedia
LogPluginManager: Mounting plugin MediaCompositing
LogPluginManager: Mounting plugin MediaPlayerEditor
LogPluginManager: Mounting plugin WebMMedia
LogPluginManager: Mounting plugin WmfMedia
LogPluginManager: Mounting plugin SkeletalReduction
LogPluginManager: Mounting plugin ActorSequence
LogPluginManager: Mounting plugin MatineeToLevelSequence
LogPluginManager: Mounting plugin LevelSequenceEditor
LogPluginManager: Mounting plugin TemplateSequence
LogPluginManager: Mounting plugin TcpMessaging
LogPluginManager: Mounting plugin UdpMessaging
LogPluginManager: Mounting plugin LauncherChunkInstaller
LogPluginManager: Mounting plugin AndroidDeviceProfileSelector
LogPluginManager: Mounting plugin AndroidMoviePlayer
LogPluginManager: Mounting plugin ActorLayerUtilities
LogPluginManager: Mounting plugin AndroidPermission
LogPluginManager: Mounting plugin AppleImageUtils
LogPluginManager: Mounting plugin AppleMoviePlayer
LogPluginManager: Mounting plugin ArchVisCharacter
LogPluginManager: Mounting plugin AudioCapture
LogPluginManager: Mounting plugin AssetTags
LogPluginManager: Mounting plugin AudioSynesthesia
LogPluginManager: Mounting plugin CableComponent
LogPluginManager: Mounting plugin ChunkDownloader
LogPluginManager: Mounting plugin CustomMeshComponent
LogPluginManager: Mounting plugin EditableMesh
LogPluginManager: Mounting plugin ExampleDeviceProfileSelector
LogPluginManager: Mounting plugin GooglePAD
LogPluginManager: Mounting plugin GoogleCloudMessaging
LogPluginManager: Mounting plugin IOSDeviceProfileSelector
LogPluginManager: Mounting plugin LinuxDeviceProfileSelector
LogPluginManager: Mounting plugin LocationServicesBPLibrary
LogPluginManager: Mounting plugin MobilePatchingUtils
LogPluginManager: Mounting plugin OpenXR
LogPluginManager: Mounting plugin OpenXREyeTracker
LogPluginManager: Mounting plugin ScreenshotTools
LogPluginManager: Mounting plugin OpenXRHandTracking
LogPluginManager: Mounting plugin PhysXVehicles
LogPluginManager: Mounting plugin PostSplashScreen
LogPluginManager: Mounting plugin PropertyAccessEditor
LogPluginManager: Mounting plugin ProceduralMeshComponent
LogPluginManager: Mounting plugin SignificanceManager
LogPluginManager: Mounting plugin RuntimePhysXCooking
LogPluginManager: Mounting plugin SoundFields
LogPluginManager: Mounting plugin Synthesis
LogPluginManager: Mounting plugin Takes
LogPluginManager: Mounting plugin OnlineSubsystem
LogPluginManager: Mounting plugin OnlineSubsystemNull
LogPluginManager: Mounting plugin OnlineSubsystemUtils
LogPluginManager: Mounting plugin WebMMoviePlayer
LogPluginManager: Mounting plugin WindowsMoviePlayer
LogPluginManager: Mounting plugin ContentBrowserAssetDataSource
LogPluginManager: Mounting plugin ContentBrowserFileDataSource
LogPluginManager: Mounting plugin ContentBrowserClassDataSource
LogPluginManager: Mounting plugin OculusVR
LogPluginManager: Mounting plugin SteamVR
LogPluginManager: Mounting plugin OnlineSubsystemGooglePlay
LogPluginManager: Mounting plugin OnlineSubsystemIOS
PixWinPlugin: PIX capture plugin failed to initialize! Check that the process is launched from PIX.
LogInit: Using libcurl 7.55.1-DEV
LogInit:  - built for x86_64-pc-win32
LogInit:  - supports SSL with OpenSSL/1.1.1
LogInit:  - supports HTTP deflate (compression) using libz 1.2.8
LogInit:  - other features:
LogInit:      CURL_VERSION_SSL
LogInit:      CURL_VERSION_LIBZ
LogInit:      CURL_VERSION_IPV6
LogInit:      CURL_VERSION_ASYNCHDNS
LogInit:      CURL_VERSION_LARGEFILE
LogInit:      CURL_VERSION_IDN
LogInit:  CurlRequestOptions (configurable via config and command line):
LogInit:  - bVerifyPeer = true  - Libcurl will verify peer certificate
LogInit:  - bUseHttpProxy = false  - Libcurl will NOT use HTTP proxy
LogInit:  - bDontReuseConnections = false  - Libcurl will reuse connections
LogInit:  - MaxHostConnections = 16  - Libcurl will limit the number of connections to a host
LogInit:  - LocalHostAddr = Default
LogInit:  - BufferSize = 65536
LogOnline: OSS: Creating online subsystem instance for: NULL
LogInit: WinSock: version 1.1 (2.2), MaxSocks=32767, MaxUdp=65467
LogOnline: OSS: TryLoadSubsystemAndSetDefault: Loaded subsystem for module [NULL]
LogOculusPluginWrapper: OculusPlugin initialized successfully
LogHMD: Failed initializing OVRPlugin 1.59.0
LogInit: Build: ++UE4+Release-4.27-CL-18319896
LogInit: Engine Version: 4.27.2-18319896+++UE4+Release-4.27
LogInit: Compatible Engine Version: 4.27.0-17155196+++UE4+Release-4.27
LogInit: Net CL: 17155196
LogInit: OS: Windows 10 (Release 2009) (), CPU: Intel(R) Core(TM) i5-9300H CPU @ 2.40GHz, GPU: Intel(R) UHD Graphics 630
LogInit: Compiled (64-bit): Nov 30 2021 07:12:08
LogInit: Compiled with Visual C++: 19.24.28315.00
LogInit: Build Configuration: Development
LogInit: Branch Name: ++UE4+Release-4.27
LogInit: Command Line: 
LogInit: Base Directory: C:/Program Files/UE/UE_4.27/Engine/Binaries/Win64/
LogInit: Allocator: TBB
LogInit: Installed Engine Build: 1
LogDevObjectVersion: Number of dev versions registered: 29
LogDevObjectVersion:   Dev-Blueprints (B0D832E4-1F89-4F0D-ACCF-7EB736FD4AA2): 10
LogDevObjectVersion:   Dev-Build (E1C64328-A22C-4D53-A36C-8E866417BD8C): 0
LogDevObjectVersion:   Dev-Core (375EC13C-06E4-48FB-B500-84F0262A717E): 4
LogDevObjectVersion:   Dev-Editor (E4B068ED-F494-42E9-A231-DA0B2E46BB41): 40
LogDevObjectVersion:   Dev-Framework (CFFC743F-43B0-4480-9391-14DF171D2073): 37
LogDevObjectVersion:   Dev-Mobile (B02B49B5-BB20-44E9-A304-32B752E40360): 3
LogDevObjectVersion:   Dev-Networking (A4E4105C-59A1-49B5-A7C5-40C4547EDFEE): 0
LogDevObjectVersion:   Dev-Online (39C831C9-5AE6-47DC-9A44-9C173E1C8E7C): 0
LogDevObjectVersion:   Dev-Physics (78F01B33-EBEA-4F98-B9B4-84EACCB95AA2): 14
LogDevObjectVersion:   Dev-Platform (6631380F-2D4D-43E0-8009-CF276956A95A): 0
LogDevObjectVersion:   Dev-Rendering (12F88B9F-8875-4AFC-A67C-D90C383ABD29): 45
LogDevObjectVersion:   Dev-Sequencer (7B5AE74C-D270-4C10-A958-57980B212A5A): 13
LogDevObjectVersion:   Dev-VR (D7296918-1DD6-4BDD-9DE2-64A83CC13884): 3
LogDevObjectVersion:   Dev-LoadTimes (C2A15278-BFE7-4AFE-6C17-90FF531DF755): 1
LogDevObjectVersion:   Private-Geometry (6EACA3D4-40EC-4CC1-B786-8BED09428FC5): 3
LogDevObjectVersion:   Dev-AnimPhys (29E575DD-E0A3-4627-9D10-D276232CDCEA): 17
LogDevObjectVersion:   Dev-Anim (AF43A65D-7FD3-4947-9873-3E8ED9C1BB05): 15
LogDevObjectVersion:   Dev-ReflectionCapture (6B266CEC-1EC7-4B8F-A30B-E4D90942FC07): 1
LogDevObjectVersion:   Dev-Automation (0DF73D61-A23F-47EA-B727-89E90C41499A): 1
LogDevObjectVersion:   FortniteMain (601D1886-AC64-4F84-AA16-D3DE0DEAC7D6): 47
LogDevObjectVersion:   FortniteRelease (E7086368-6B23-4C58-8439-1B7016265E91): 1
LogDevObjectVersion:   Dev-Enterprise (9DFFBCD6-494F-0158-E221-12823C92A888): 10
LogDevObjectVersion:   Dev-Niagara (F2AED0AC-9AFE-416F-8664-AA7FFA26D6FC): 1
LogDevObjectVersion:   Dev-Destruction (174F1F0B-B4C6-45A5-B13F-2EE8D0FB917D): 10
LogDevObjectVersion:   Dev-Physics-Ext (35F94A83-E258-406C-A318-09F59610247C): 41
LogDevObjectVersion:   Dev-PhysicsMaterial-Chaos (B68FC16E-8B1B-42E2-B453-215C058844FE): 1
LogDevObjectVersion:   Dev-CineCamera (B2E18506-4273-CFC2-A54E-F4BB758BBA07): 1
LogDevObjectVersion:   Dev-VirtualProduction (64F58936-FD1B-42BA-BA96-7289D5D0FA4E): 1
LogDevObjectVersion:   Dev-MediaFramework (6F0ED827-A609-4895-9C91-998D90180EA4): 2
LogInit: Presizing for max 25165824 objects, including 0 objects not considered by GC, pre-allocating 0 bytes for permanent pool.
LogConfig: Applying CVar settings from Section [/Script/Engine.StreamingSettings] File [C:/Unreal Projects/Top-Down-Puzzle/TopDownPuzzle/Saved/Config/Windows/Engine.ini]
LogConfig: Setting CVar [[s.MinBulkDataSizeForAsyncLoading:131072]]
LogConfig: Setting CVar [[s.AsyncLoadingThreadEnabled:0]]
LogConfig: Setting CVar [[s.EventDrivenLoaderEnabled:1]]
LogConfig: Setting CVar [[s.WarnIfTimeLimitExceeded:0]]
LogConfig: Setting CVar [[s.TimeLimitExceededMultiplier:1.5]]
LogConfig: Setting CVar [[s.TimeLimitExceededMinTime:0.005]]
LogConfig: Setting CVar [[s.UseBackgroundLevelStreaming:1]]
LogConfig: Setting CVar [[s.PriorityAsyncLoadingExtraTime:15.0]]
LogConfig: Setting CVar [[s.LevelStreamingActorsUpdateTimeLimit:5.0]]
LogConfig: Setting CVar [[s.PriorityLevelStreamingActorsUpdateExtraTime:5.0]]
LogConfig: Setting CVar [[s.LevelStreamingComponentsRegistrationGranularity:10]]
LogConfig: Setting CVar [[s.UnregisterComponentsTimeLimit:1.0]]
LogConfig: Setting CVar [[s.LevelStreamingComponentsUnregistrationGranularity:5]]
LogConfig: Setting CVar [[s.FlushStreamingOnExit:1]]
LogInit: Object subsystem initialized
LogConfig: Setting CVar [[con.DebugEarlyDefault:1]]
LogConfig: Setting CVar [[r.setres:1280x720]]
[2025.04.10-02.49.34:973][  0]LogConfig: Setting CVar [[r.VSync:0]]
[2025.04.10-02.49.34:973][  0]LogConfig: Setting CVar [[r.RHICmdBypass:0]]
[2025.04.10-02.49.34:973][  0]LogConfig: Applying CVar settings from Section [/Script/Engine.RendererSettings] File [C:/Unreal Projects/Top-Down-Puzzle/TopDownPuzzle/Saved/Config/Windows/Engine.ini]
[2025.04.10-02.49.34:973][  0]LogConfig: Setting CVar [[r.GPUCrashDebugging:0]]
[2025.04.10-02.49.34:973][  0]LogConfig: Setting CVar [[r.Mobile.DisableVertexFog:1]]
[2025.04.10-02.49.34:973][  0]LogConfig: Setting CVar [[r.Shadow.CSM.MaxMobileCascades:2]]
[2025.04.10-02.49.34:973][  0]LogConfig: Setting CVar [[r.MobileMSAA:1]]
[2025.04.10-02.49.34:973][  0]LogConfig: Setting CVar [[r.Mobile.AllowDitheredLODTransition:0]]
[2025.04.10-02.49.34:973][  0]LogConfig: Setting CVar [[r.Mobile.AllowSoftwareOcclusion:0]]
[2025.04.10-02.49.34:973][  0]LogConfig: Setting CVar [[r.Mobile.VirtualTextures:0]]
[2025.04.10-02.49.34:973][  0]LogConfig: Setting CVar [[r.DiscardUnusedQuality:0]]
[2025.04.10-02.49.34:973][  0]LogConfig: Setting CVar [[r.AllowOcclusionQueries:1]]
[2025.04.10-02.49.34:973][  0]LogConfig: Setting CVar [[r.MinScreenRadiusForLights:0.030000]]
[2025.04.10-02.49.34:973][  0]LogConfig: Setting CVar [[r.MinScreenRadiusForDepthPrepass:0.030000]]
[2025.04.10-02.49.34:973][  0]LogConfig: Setting CVar [[r.MinScreenRadiusForCSMDepth:0.010000]]
[2025.04.10-02.49.34:973][  0]LogConfig: Setting CVar [[r.PrecomputedVisibilityWarning:0]]
[2025.04.10-02.49.34:973][  0]LogConfig: Setting CVar [[r.TextureStreaming:1]]
[2025.04.10-02.49.34:973][  0]LogConfig: Setting CVar [[Compat.UseDXT5NormalMaps:0]]
[2025.04.10-02.49.34:973][  0]LogConfig: Setting CVar [[r.VirtualTextures:0]]
[2025.04.10-02.49.34:973][  0]LogConfig: Setting CVar [[r.VT.EnableAutoImport:1]]
[2025.04.10-02.49.34:973][  0]LogConfig: Setting CVar [[r.VirtualTexturedLightmaps:0]]
[2025.04.10-02.49.34:973][  0]LogConfig: Setting CVar [[r.VT.TileSize:128]]
[2025.04.10-02.49.34:973][  0]LogConfig: Setting CVar [[r.VT.TileBorderSize:4]]
[2025.04.10-02.49.34:973][  0]LogConfig: Setting CVar [[r.vt.FeedbackFactor:16]]
[2025.04.10-02.49.34:973][  0]LogConfig: Setting CVar [[r.VT.EnableCompressZlib:1]]
[2025.04.10-02.49.34:973][  0]LogConfig: Setting CVar [[r.VT.EnableCompressCrunch:0]]
[2025.04.10-02.49.34:974][  0]LogConfig: Setting CVar [[r.ClearCoatNormal:0]]
[2025.04.10-02.49.34:974][  0]LogConfig: Setting CVar [[r.ReflectionCaptureResolution:128]]
[2025.04.10-02.49.34:974][  0]LogConfig: Setting CVar [[r.Mobile.ReflectionCaptureCompression:0]]
[2025.04.10-02.49.34:974][  0]LogConfig: Setting CVar [[r.ReflectionEnvironmentLightmapMixBasedOnRoughness:1]]
[2025.04.10-02.49.34:974][  0]LogConfig: Setting CVar [[r.ForwardShading:0]]
[2025.04.10-02.49.34:974][  0]LogConfig: Setting CVar [[r.VertexFoggingForOpaque:1]]
[2025.04.10-02.49.34:974][  0]LogConfig: Setting CVar [[r.AllowStaticLighting:1]]
[2025.04.10-02.49.34:974][  0]LogConfig: Setting CVar [[r.NormalMapsForStaticLighting:0]]
[2025.04.10-02.49.34:974][  0]LogConfig: Setting CVar [[r.GenerateMeshDistanceFields:0]]
[2025.04.10-02.49.34:974][  0]LogConfig: Setting CVar [[r.DistanceFieldBuild.EightBit:0]]
[2025.04.10-02.49.34:974][  0]LogConfig: Setting CVar [[r.GenerateLandscapeGIData:0]]
[2025.04.10-02.49.34:974][  0]LogConfig: Setting CVar [[r.DistanceFieldBuild.Compress:0]]
[2025.04.10-02.49.34:974][  0]LogConfig: Setting CVar [[r.TessellationAdaptivePixelsPerTriangle:48.000000]]
[2025.04.10-02.49.34:974][  0]LogConfig: Setting CVar [[r.SeparateTranslucency:1]]
[2025.04.10-02.49.34:974][  0]LogConfig: Setting CVar [[r.TranslucentSortPolicy:0]]
[2025.04.10-02.49.34:974][  0]LogConfig: Setting CVar [[vr.VRS.HMDFixedFoveationLevel:0]]
[2025.04.10-02.49.34:974][  0]LogConfig: Setting CVar [[r.CustomDepth:1]]
[2025.04.10-02.49.34:974][  0]LogConfig: Setting CVar [[r.CustomDepthTemporalAAJitter:1]]
[2025.04.10-02.49.34:974][  0]LogConfig: Setting CVar [[r.PostProcessing.PropagateAlpha:0]]
[2025.04.10-02.49.34:974][  0]LogConfig: Setting CVar [[r.DefaultFeature.Bloom:1]]
[2025.04.10-02.49.34:974][  0]LogConfig: Setting CVar [[r.DefaultFeature.AmbientOcclusion:1]]
[2025.04.10-02.49.34:974][  0]LogConfig: Setting CVar [[r.DefaultFeature.AmbientOcclusionStaticFraction:1]]
[2025.04.10-02.49.34:974][  0]LogConfig: Setting CVar [[r.DefaultFeature.AutoExposure:0]]
[2025.04.10-02.49.34:974][  0]LogConfig: Setting CVar [[r.DefaultFeature.AutoExposure.Method:0]]
[2025.04.10-02.49.34:974][  0]LogConfig: Setting CVar [[r.DefaultFeature.AutoExposure.Bias:1.000000]]
[2025.04.10-02.49.34:974][  0]LogConfig: Setting CVar [[r.DefaultFeature.AutoExposure.ExtendDefaultLuminanceRange:0]]
[2025.04.10-02.49.34:974][  0]LogConfig: Setting CVar [[r.UsePreExposure:1]]
[2025.04.10-02.49.34:974][  0]LogConfig: Setting CVar [[r.EyeAdaptation.EditorOnly:0]]
[2025.04.10-02.49.34:974][  0]LogConfig: Setting CVar [[r.DefaultFeature.MotionBlur:0]]
[2025.04.10-02.49.34:974][  0]LogConfig: Setting CVar [[r.DefaultFeature.LensFlare:0]]
[2025.04.10-02.49.34:974][  0]LogConfig: Setting CVar [[r.TemporalAA.Upsampling:0]]
[2025.04.10-02.49.34:974][  0]LogConfig: Setting CVar [[r.SSGI.Enable:0]]
[2025.04.10-02.49.34:974][  0]LogConfig: Setting CVar [[r.DefaultFeature.AntiAliasing:0]]
[2025.04.10-02.49.34:974][  0]LogConfig: Setting CVar [[r.DefaultFeature.LightUnits:1]]
[2025.04.10-02.49.34:974][  0]LogConfig: Setting CVar [[r.DefaultBackBufferPixelFormat:4]]
[2025.04.10-02.49.34:974][  0]LogConfig: Setting CVar [[r.Shadow.UnbuiltPreviewInGame:1]]
[2025.04.10-02.49.34:974][  0]LogConfig: Setting CVar [[r.StencilForLODDither:0]]
[2025.04.10-02.49.34:974][  0]LogConfig: Setting CVar [[r.EarlyZPass:3]]
[2025.04.10-02.49.34:974][  0]LogConfig: Setting CVar [[r.EarlyZPassOnlyMaterialMasking:0]]
[2025.04.10-02.49.34:974][  0]LogConfig: Setting CVar [[r.DBuffer:1]]
[2025.04.10-02.49.34:974][  0]LogConfig: Setting CVar [[r.ClearSceneMethod:1]]
[2025.04.10-02.49.34:974][  0]LogConfig: Setting CVar [[r.BasePassOutputsVelocity:0]]
[2025.04.10-02.49.34:974][  0]LogConfig: Setting CVar [[r.VertexDeformationOutputsVelocity:0]]
[2025.04.10-02.49.34:974][  0]LogConfig: Setting CVar [[r.SelectiveBasePassOutputs:0]]
[2025.04.10-02.49.34:974][  0]LogConfig: Setting CVar [[fx.GPUSimulationTextureSizeX:1024]]
[2025.04.10-02.49.34:974][  0]LogConfig: Setting CVar [[fx.GPUSimulationTextureSizeY:1024]]
[2025.04.10-02.49.34:974][  0]LogConfig: Setting CVar [[r.AllowGlobalClipPlane:0]]
[2025.04.10-02.49.34:974][  0]LogConfig: Setting CVar [[r.GBufferFormat:1]]
[2025.04.10-02.49.34:974][  0]LogConfig: Setting CVar [[r.MorphTarget.Mode:1]]
[2025.04.10-02.49.34:974][  0]LogConfig: Setting CVar [[vr.InstancedStereo:0]]
[2025.04.10-02.49.34:974][  0]LogConfig: Setting CVar [[r.MobileHDR:1]]
[2025.04.10-02.49.34:974][  0]LogConfig: Setting CVar [[vr.MobileMultiView:0]]
[2025.04.10-02.49.34:974][  0]LogConfig: Setting CVar [[r.Mobile.UseHWsRGBEncoding:0]]
[2025.04.10-02.49.34:974][  0]LogConfig: Setting CVar [[vr.RoundRobinOcclusion:0]]
[2025.04.10-02.49.34:974][  0]LogConfig: Setting CVar [[vr.ODSCapture:0]]
[2025.04.10-02.49.34:974][  0]LogConfig: Setting CVar [[r.MeshStreaming:0]]
[2025.04.10-02.49.34:974][  0]LogConfig: Setting CVar [[r.WireframeCullThreshold:5.000000]]
[2025.04.10-02.49.34:974][  0]LogConfig: Setting CVar [[r.RayTracing:0]]
[2025.04.10-02.49.34:974][  0]LogConfig: Setting CVar [[r.RayTracing.UseTextureLod:0]]
[2025.04.10-02.49.34:974][  0]LogConfig: Setting CVar [[r.SupportStationarySkylight:1]]
[2025.04.10-02.49.34:974][  0]LogConfig: Setting CVar [[r.SupportLowQualityLightmaps:1]]
[2025.04.10-02.49.34:974][  0]LogConfig: Setting CVar [[r.SupportPointLightWholeSceneShadows:1]]
[2025.04.10-02.49.34:974][  0]LogConfig: Setting CVar [[r.SupportAtmosphericFog:1]]
[2025.04.10-02.49.34:974][  0]LogConfig: Setting CVar [[r.SupportSkyAtmosphere:1]]
[2025.04.10-02.49.34:974][  0]LogConfig: Setting CVar [[r.SupportSkyAtmosphereAffectsHeightFog:0]]
[2025.04.10-02.49.34:974][  0]LogConfig: Setting CVar [[r.SkinCache.CompileShaders:0]]
[2025.04.10-02.49.34:974][  0]LogConfig: Setting CVar [[r.SkinCache.DefaultBehavior:1]]
[2025.04.10-02.49.34:974][  0]LogConfig: Setting CVar [[r.SkinCache.SceneMemoryLimitInMB:128.000000]]
[2025.04.10-02.49.34:974][  0]LogConfig: Setting CVar [[r.Mobile.EnableStaticAndCSMShadowReceivers:1]]
[2025.04.10-02.49.34:974][  0]LogConfig: Setting CVar [[r.Mobile.EnableMovableLightCSMShaderCulling:1]]
[2025.04.10-02.49.34:974][  0]LogConfig: Setting CVar [[r.Mobile.AllowDistanceFieldShadows:1]]
[2025.04.10-02.49.34:974][  0]LogConfig: Setting CVar [[r.Mobile.AllowMovableDirectionalLights:1]]
[2025.04.10-02.49.34:974][  0]LogConfig: Setting CVar [[r.MobileNumDynamicPointLights:4]]
[2025.04.10-02.49.34:974][  0]LogConfig: Setting CVar [[r.MobileDynamicPointLightsUseStaticBranch:1]]
[2025.04.10-02.49.34:974][  0]LogConfig: Setting CVar [[r.Mobile.EnableMovableSpotlights:0]]
[2025.04.10-02.49.34:974][  0]LogConfig: Setting CVar [[r.Mobile.EnableMovableSpotlightsShadow:0]]
[2025.04.10-02.49.34:974][  0]LogConfig: Setting CVar [[r.GPUSkin.Support16BitBoneIndex:0]]
[2025.04.10-02.49.34:974][  0]LogConfig: Setting CVar [[r.GPUSkin.Limit2BoneInfluences:0]]
[2025.04.10-02.49.34:974][  0]LogConfig: Setting CVar [[r.SupportDepthOnlyIndexBuffers:1]]
[2025.04.10-02.49.34:974][  0]LogConfig: Setting CVar [[r.SupportReversedIndexBuffers:1]]
[2025.04.10-02.49.34:974][  0]LogConfig: Setting CVar [[r.LightPropagationVolume:0]]
[2025.04.10-02.49.34:974][  0]LogConfig: Setting CVar [[r.Mobile.AmbientOcclusion:0]]
[2025.04.10-02.49.34:974][  0]LogConfig: Setting CVar [[r.GPUSkin.UnlimitedBoneInfluences:0]]
[2025.04.10-02.49.34:974][  0]LogConfig: Setting CVar [[r.GPUSkin.UnlimitedBoneInfluencesThreshold:8]]
[2025.04.10-02.49.34:974][  0]LogConfig: Setting CVar [[r.Mobile.PlanarReflectionMode:0]]
[2025.04.10-02.49.34:974][  0]LogConfig: Setting CVar [[r.Mobile.SupportsGen4TAA:0]]
[2025.04.10-02.49.34:974][  0]LogConfig: Applying CVar settings from Section [/Script/Engine.RendererOverrideSettings] File [C:/Unreal Projects/Top-Down-Puzzle/TopDownPuzzle/Saved/Config/Windows/Engine.ini]
[2025.04.10-02.49.34:974][  0]LogConfig: Applying CVar settings from Section [/Script/Engine.StreamingSettings] File [C:/Unreal Projects/Top-Down-Puzzle/TopDownPuzzle/Saved/Config/Windows/Engine.ini]
[2025.04.10-02.49.34:974][  0]LogConfig: Setting CVar [[s.MinBulkDataSizeForAsyncLoading:131072]]
[2025.04.10-02.49.34:975][  0]LogConfig: Setting CVar [[s.AsyncLoadingThreadEnabled:0]]
[2025.04.10-02.49.34:975][  0]LogConfig: Setting CVar [[s.EventDrivenLoaderEnabled:1]]
[2025.04.10-02.49.34:975][  0]LogConfig: Setting CVar [[s.WarnIfTimeLimitExceeded:0]]
[2025.04.10-02.49.34:975][  0]LogConfig: Setting CVar [[s.TimeLimitExceededMultiplier:1.5]]
[2025.04.10-02.49.34:975][  0]LogConfig: Setting CVar [[s.TimeLimitExceededMinTime:0.005]]
[2025.04.10-02.49.34:975][  0]LogConfig: Setting CVar [[s.UseBackgroundLevelStreaming:1]]
[2025.04.10-02.49.34:975][  0]LogConfig: Setting CVar [[s.PriorityAsyncLoadingExtraTime:15.0]]
[2025.04.10-02.49.34:975][  0]LogConfig: Setting CVar [[s.LevelStreamingActorsUpdateTimeLimit:5.0]]
[2025.04.10-02.49.34:975][  0]LogConfig: Setting CVar [[s.PriorityLevelStreamingActorsUpdateExtraTime:5.0]]
[2025.04.10-02.49.34:975][  0]LogConfig: Setting CVar [[s.LevelStreamingComponentsRegistrationGranularity:10]]
[2025.04.10-02.49.34:975][  0]LogConfig: Setting CVar [[s.UnregisterComponentsTimeLimit:1.0]]
[2025.04.10-02.49.34:975][  0]LogConfig: Setting CVar [[s.LevelStreamingComponentsUnregistrationGranularity:5]]
[2025.04.10-02.49.34:975][  0]LogConfig: Setting CVar [[s.FlushStreamingOnExit:1]]
[2025.04.10-02.49.34:975][  0]LogConfig: Applying CVar settings from Section [/Script/Engine.GarbageCollectionSettings] File [C:/Unreal Projects/Top-Down-Puzzle/TopDownPuzzle/Saved/Config/Windows/Engine.ini]
[2025.04.10-02.49.34:975][  0]LogConfig: Setting CVar [[gc.MaxObjectsNotConsideredByGC:1]]
[2025.04.10-02.49.34:975][  0]LogConfig: Setting CVar [[gc.SizeOfPermanentObjectPool:0]]
[2025.04.10-02.49.34:975][  0]LogConfig: Setting CVar [[gc.FlushStreamingOnGC:0]]
[2025.04.10-02.49.34:975][  0]LogConfig: Setting CVar [[gc.NumRetriesBeforeForcingGC:10]]
[2025.04.10-02.49.34:975][  0]LogConfig: Setting CVar [[gc.AllowParallelGC:1]]
[2025.04.10-02.49.34:975][  0]LogConfig: Setting CVar [[gc.TimeBetweenPurgingPendingKillObjects:61.1]]
[2025.04.10-02.49.34:975][  0]LogConfig: Setting CVar [[gc.MaxObjectsInEditor:25165824]]
[2025.04.10-02.49.34:975][  0]LogConfig: Setting CVar [[gc.IncrementalBeginDestroyEnabled:1]]
[2025.04.10-02.49.34:975][  0]LogConfig: Setting CVar [[gc.CreateGCClusters:1]]
[2025.04.10-02.49.34:975][  0]LogConfig: Setting CVar [[gc.MinGCClusterSize:5]]
[2025.04.10-02.49.34:975][  0]LogConfig: Setting CVar [[gc.ActorClusteringEnabled:0]]
[2025.04.10-02.49.34:975][  0]LogConfig: Setting CVar [[gc.BlueprintClusteringEnabled:0]]
[2025.04.10-02.49.34:975][  0]LogConfig: Setting CVar [[gc.UseDisregardForGCOnDedicatedServers:0]]
[2025.04.10-02.49.34:975][  0]LogConfig: Setting CVar [[gc.MultithreadedDestructionEnabled:1]]
[2025.04.10-02.49.34:975][  0]LogConfig: Applying CVar settings from Section [/Script/Engine.NetworkSettings] File [C:/Unreal Projects/Top-Down-Puzzle/TopDownPuzzle/Saved/Config/Windows/Engine.ini]
[2025.04.10-02.49.34:975][  0]LogConfig: Applying CVar settings from Section [/Script/UnrealEd.CookerSettings] File [C:/Unreal Projects/Top-Down-Puzzle/TopDownPuzzle/Saved/Config/Windows/Engine.ini]
[2025.04.10-02.49.34:991][  0]LogConfig: Applying CVar settings from Section [ViewDistanceQuality@3] File [C:/Unreal Projects/Top-Down-Puzzle/TopDownPuzzle/Saved/Config/Windows/Scalability.ini]
[2025.04.10-02.49.34:991][  0]LogConfig: Setting CVar [[r.SkeletalMeshLODBias:0]]
[2025.04.10-02.49.34:991][  0]LogConfig: Setting CVar [[r.ViewDistanceScale:1.0]]
[2025.04.10-02.49.34:991][  0]LogConfig: Applying CVar settings from Section [AntiAliasingQuality@3] File [C:/Unreal Projects/Top-Down-Puzzle/TopDownPuzzle/Saved/Config/Windows/Scalability.ini]
[2025.04.10-02.49.34:991][  0]LogConfig: Setting CVar [[r.PostProcessAAQuality:4]]
[2025.04.10-02.49.34:991][  0]LogConfig: Applying CVar settings from Section [ShadowQuality@3] File [C:/Unreal Projects/Top-Down-Puzzle/TopDownPuzzle/Saved/Config/Windows/Scalability.ini]
[2025.04.10-02.49.34:991][  0]LogConfig: Setting CVar [[r.LightFunctionQuality:1]]
[2025.04.10-02.49.34:991][  0]LogConfig: Setting CVar [[r.ShadowQuality:5]]
[2025.04.10-02.49.34:991][  0]LogConfig: Setting CVar [[r.Shadow.CSM.MaxCascades:10]]
[2025.04.10-02.49.34:991][  0]LogConfig: Setting CVar [[r.Shadow.MaxResolution:2048]]
[2025.04.10-02.49.34:991][  0]LogConfig: Setting CVar [[r.Shadow.MaxCSMResolution:2048]]
[2025.04.10-02.49.34:991][  0]LogConfig: Setting CVar [[r.Shadow.RadiusThreshold:0.01]]
[2025.04.10-02.49.34:991][  0]LogConfig: Setting CVar [[r.Shadow.DistanceScale:1.0]]
[2025.04.10-02.49.34:991][  0]LogConfig: Setting CVar [[r.Shadow.CSM.TransitionScale:1.0]]
[2025.04.10-02.49.34:991][  0]LogConfig: Setting CVar [[r.Shadow.PreShadowResolutionFactor:1.0]]
[2025.04.10-02.49.34:991][  0]LogConfig: Setting CVar [[r.DistanceFieldShadowing:1]]
[2025.04.10-02.49.34:991][  0]LogConfig: Setting CVar [[r.DistanceFieldAO:1]]
[2025.04.10-02.49.34:991][  0]LogConfig: Setting CVar [[r.AOQuality:2]]
[2025.04.10-02.49.34:991][  0]LogConfig: Setting CVar [[r.VolumetricFog:1]]
[2025.04.10-02.49.34:991][  0]LogConfig: Setting CVar [[r.VolumetricFog.GridPixelSize:8]]
[2025.04.10-02.49.34:991][  0]LogConfig: Setting CVar [[r.VolumetricFog.GridSizeZ:128]]
[2025.04.10-02.49.34:991][  0]LogConfig: Setting CVar [[r.VolumetricFog.HistoryMissSupersampleCount:4]]
[2025.04.10-02.49.34:991][  0]LogConfig: Setting CVar [[r.LightMaxDrawDistanceScale:1]]
[2025.04.10-02.49.34:991][  0]LogConfig: Setting CVar [[r.CapsuleShadows:1]]
[2025.04.10-02.49.34:991][  0]LogConfig: Applying CVar settings from Section [PostProcessQuality@3] File [C:/Unreal Projects/Top-Down-Puzzle/TopDownPuzzle/Saved/Config/Windows/Scalability.ini]
[2025.04.10-02.49.34:991][  0]LogConfig: Setting CVar [[r.MotionBlurQuality:4]]
[2025.04.10-02.49.34:991][  0]LogConfig: Setting CVar [[r.AmbientOcclusionMipLevelFactor:0.4]]
[2025.04.10-02.49.34:991][  0]LogConfig: Setting CVar [[r.AmbientOcclusionMaxQuality:100]]
[2025.04.10-02.49.34:991][  0]LogConfig: Setting CVar [[r.AmbientOcclusionLevels:-1]]
[2025.04.10-02.49.34:991][  0]LogConfig: Setting CVar [[r.AmbientOcclusionRadiusScale:1.0]]
[2025.04.10-02.49.34:991][  0]LogConfig: Setting CVar [[r.DepthOfFieldQuality:2]]
[2025.04.10-02.49.34:991][  0]LogConfig: Setting CVar [[r.RenderTargetPoolMin:400]]
[2025.04.10-02.49.34:991][  0]LogConfig: Setting CVar [[r.LensFlareQuality:2]]
[2025.04.10-02.49.34:991][  0]LogConfig: Setting CVar [[r.SceneColorFringeQuality:1]]
[2025.04.10-02.49.34:991][  0]LogConfig: Setting CVar [[r.EyeAdaptationQuality:2]]
[2025.04.10-02.49.34:991][  0]LogConfig: Setting CVar [[r.BloomQuality:5]]
[2025.04.10-02.49.34:991][  0]LogConfig: Setting CVar [[r.FastBlurThreshold:100]]
[2025.04.10-02.49.34:991][  0]LogConfig: Setting CVar [[r.Upscale.Quality:3]]
[2025.04.10-02.49.34:991][  0]LogConfig: Setting CVar [[r.Tonemapper.GrainQuantization:1]]
[2025.04.10-02.49.34:991][  0]LogConfig: Setting CVar [[r.LightShaftQuality:1]]
[2025.04.10-02.49.34:991][  0]LogConfig: Setting CVar [[r.Filter.SizeScale:1]]
[2025.04.10-02.49.34:991][  0]LogConfig: Setting CVar [[r.Tonemapper.Quality:5]]
[2025.04.10-02.49.34:991][  0]LogConfig: Setting CVar [[r.DOF.Gather.AccumulatorQuality:1        ; higher gathering accumulator quality]]
[2025.04.10-02.49.34:991][  0]LogConfig: Setting CVar [[r.DOF.Gather.PostfilterMethod:1          ; Median3x3 postfilering method]]
[2025.04.10-02.49.34:991][  0]LogConfig: Setting CVar [[r.DOF.Gather.EnableBokehSettings:0       ; no bokeh simulation when gathering]]
[2025.04.10-02.49.34:991][  0]LogConfig: Setting CVar [[r.DOF.Gather.RingCount:4                 ; medium number of samples when gathering]]
[2025.04.10-02.49.34:991][  0]LogConfig: Setting CVar [[r.DOF.Scatter.ForegroundCompositing:1    ; additive foreground scattering]]
[2025.04.10-02.49.34:991][  0]LogConfig: Setting CVar [[r.DOF.Scatter.BackgroundCompositing:2    ; additive background scattering]]
[2025.04.10-02.49.34:991][  0]LogConfig: Setting CVar [[r.DOF.Scatter.EnableBokehSettings:1      ; bokeh simulation when scattering]]
[2025.04.10-02.49.34:991][  0]LogConfig: Setting CVar [[r.DOF.Scatter.MaxSpriteRatio:0.1         ; only a maximum of 10% of scattered bokeh]]
[2025.04.10-02.49.34:991][  0]LogConfig: Setting CVar [[r.DOF.Recombine.Quality:1                ; cheap slight out of focus]]
[2025.04.10-02.49.34:991][  0]LogConfig: Setting CVar [[r.DOF.Recombine.EnableBokehSettings:0    ; no bokeh simulation on slight out of focus]]
[2025.04.10-02.49.34:991][  0]LogConfig: Setting CVar [[r.DOF.TemporalAAQuality:1                ; more stable temporal accumulation]]
[2025.04.10-02.49.34:992][  0]LogConfig: Setting CVar [[r.DOF.Kernel.MaxForegroundRadius:0.025]]
[2025.04.10-02.49.34:992][  0]LogConfig: Setting CVar [[r.DOF.Kernel.MaxBackgroundRadius:0.025]]
[2025.04.10-02.49.34:992][  0]LogConfig: Applying CVar settings from Section [TextureQuality@3] File [C:/Unreal Projects/Top-Down-Puzzle/TopDownPuzzle/Saved/Config/Windows/Scalability.ini]
[2025.04.10-02.49.34:992][  0]LogConfig: Setting CVar [[r.Streaming.MipBias:0]]
[2025.04.10-02.49.34:992][  0]LogConfig: Setting CVar [[r.Streaming.AmortizeCPUToGPUCopy:0]]
[2025.04.10-02.49.34:992][  0]LogConfig: Setting CVar [[r.Streaming.MaxNumTexturesToStreamPerFrame:0]]
[2025.04.10-02.49.34:992][  0]LogConfig: Setting CVar [[r.Streaming.Boost:1]]
[2025.04.10-02.49.34:992][  0]LogConfig: Setting CVar [[r.MaxAnisotropy:8]]
[2025.04.10-02.49.34:992][  0]LogConfig: Setting CVar [[r.VT.MaxAnisotropy:8]]
[2025.04.10-02.49.34:992][  0]LogConfig: Setting CVar [[r.Streaming.LimitPoolSizeToVRAM:0]]
[2025.04.10-02.49.34:992][  0]LogConfig: Setting CVar [[r.Streaming.PoolSize:1000]]
[2025.04.10-02.49.34:992][  0]LogConfig: Setting CVar [[r.Streaming.MaxEffectiveScreenSize:0]]
[2025.04.10-02.49.34:992][  0]LogConfig: Applying CVar settings from Section [EffectsQuality@3] File [C:/Unreal Projects/Top-Down-Puzzle/TopDownPuzzle/Saved/Config/Windows/Scalability.ini]
[2025.04.10-02.49.34:992][  0]LogConfig: Setting CVar [[r.TranslucencyLightingVolumeDim:64]]
[2025.04.10-02.49.34:992][  0]LogConfig: Setting CVar [[r.RefractionQuality:2]]
[2025.04.10-02.49.34:992][  0]LogConfig: Setting CVar [[r.SSR.Quality:3]]
[2025.04.10-02.49.34:992][  0]LogConfig: Setting CVar [[r.SSR.HalfResSceneColor:0]]
[2025.04.10-02.49.34:992][  0]LogConfig: Setting CVar [[r.SceneColorFormat:4]]
[2025.04.10-02.49.34:992][  0]LogConfig: Setting CVar [[r.DetailMode:2]]
[2025.04.10-02.49.34:992][  0]LogConfig: Setting CVar [[r.TranslucencyVolumeBlur:1]]
[2025.04.10-02.49.34:992][  0]LogConfig: Setting CVar [[r.MaterialQualityLevel:1 ; High quality]]
[2025.04.10-02.49.34:992][  0]LogConfig: Setting CVar [[r.AnisotropicMaterials:1]]
[2025.04.10-02.49.34:992][  0]LogConfig: Setting CVar [[r.SSS.Scale:1]]
[2025.04.10-02.49.34:992][  0]LogConfig: Setting CVar [[r.SSS.SampleSet:2]]
[2025.04.10-02.49.34:992][  0]LogConfig: Setting CVar [[r.SSS.Quality:1]]
[2025.04.10-02.49.34:992][  0]LogConfig: Setting CVar [[r.SSS.HalfRes:0]]
[2025.04.10-02.49.34:992][  0]LogConfig: Setting CVar [[r.SSGI.Quality:3]]
[2025.04.10-02.49.34:992][  0]LogConfig: Setting CVar [[r.EmitterSpawnRateScale:1.0]]
[2025.04.10-02.49.34:992][  0]LogConfig: Setting CVar [[r.ParticleLightQuality:2]]
[2025.04.10-02.49.34:992][  0]LogConfig: Setting CVar [[r.SkyAtmosphere.AerialPerspectiveLUT.FastApplyOnOpaque:1 ; Always have FastSkyLUT 1 in this case to avoid wrong sky]]
[2025.04.10-02.49.34:992][  0]LogConfig: Setting CVar [[r.SkyAtmosphere.AerialPerspectiveLUT.SampleCountMaxPerSlice:4]]
[2025.04.10-02.49.34:992][  0]LogConfig: Setting CVar [[r.SkyAtmosphere.AerialPerspectiveLUT.DepthResolution:16.0]]
[2025.04.10-02.49.34:992][  0]LogConfig: Setting CVar [[r.SkyAtmosphere.FastSkyLUT:1]]
[2025.04.10-02.49.34:992][  0]LogConfig: Setting CVar [[r.SkyAtmosphere.FastSkyLUT.SampleCountMin:4.0]]
[2025.04.10-02.49.34:992][  0]LogConfig: Setting CVar [[r.SkyAtmosphere.FastSkyLUT.SampleCountMax:128.0]]
[2025.04.10-02.49.34:992][  0]LogConfig: Setting CVar [[r.SkyAtmosphere.SampleCountMin:4.0]]
[2025.04.10-02.49.34:992][  0]LogConfig: Setting CVar [[r.SkyAtmosphere.SampleCountMax:128.0]]
[2025.04.10-02.49.34:992][  0]LogConfig: Setting CVar [[r.SkyAtmosphere.TransmittanceLUT.UseSmallFormat:0]]
[2025.04.10-02.49.34:992][  0]LogConfig: Setting CVar [[r.SkyAtmosphere.TransmittanceLUT.SampleCount:10.0]]
[2025.04.10-02.49.34:992][  0]LogConfig: Setting CVar [[r.SkyAtmosphere.MultiScatteringLUT.SampleCount:15.0]]
[2025.04.10-02.49.34:992][  0]LogConfig: Setting CVar [[r.SkyLight.RealTimeReflectionCapture:1]]
[2025.04.10-02.49.34:992][  0]LogConfig: Applying CVar settings from Section [FoliageQuality@3] File [C:/Unreal Projects/Top-Down-Puzzle/TopDownPuzzle/Saved/Config/Windows/Scalability.ini]
[2025.04.10-02.49.34:992][  0]LogConfig: Setting CVar [[foliage.DensityScale:1.0]]
[2025.04.10-02.49.34:992][  0]LogConfig: Setting CVar [[grass.DensityScale:1.0]]
[2025.04.10-02.49.34:992][  0]LogConfig: Applying CVar settings from Section [ShadingQuality@3] File [C:/Unreal Projects/Top-Down-Puzzle/TopDownPuzzle/Saved/Config/Windows/Scalability.ini]
[2025.04.10-02.49.34:992][  0]LogConfig: Setting CVar [[r.HairStrands.SkyLighting.IntegrationType:2]]
[2025.04.10-02.49.34:992][  0]LogConfig: Setting CVar [[r.HairStrands.SkyAO.SampleCount:4]]
[2025.04.10-02.49.34:992][  0]LogConfig: Setting CVar [[r.HairStrands.Visibility.MSAA.SamplePerPixel:4]]
[2025.04.10-02.49.34:992][  0]LogInit: Selected Device Profile: [Windows]
[2025.04.10-02.49.34:992][  0]LogInit: Applying CVar settings loaded from the selected device profile: [Windows]
[2025.04.10-02.49.34:992][  0]LogHAL: Display: Platform has ~ 16 GB [17013329920 / 17179869184 / 16], which maps to Larger [LargestMinGB=32, LargerMinGB=12, DefaultMinGB=8, SmallerMinGB=6, SmallestMinGB=0)
[2025.04.10-02.49.34:992][  0]LogInit: Going up to parent DeviceProfile []
[2025.04.10-02.49.34:992][  0]LogConfig: Applying CVar settings from Section [ViewDistanceQuality@3] File [C:/Unreal Projects/Top-Down-Puzzle/TopDownPuzzle/Saved/Config/Windows/Scalability.ini]
[2025.04.10-02.49.34:992][  0]LogConfig: Setting CVar [[r.SkeletalMeshLODBias:0]]
[2025.04.10-02.49.34:992][  0]LogConfig: Setting CVar [[r.ViewDistanceScale:1.0]]
[2025.04.10-02.49.34:992][  0]LogConfig: Applying CVar settings from Section [AntiAliasingQuality@3] File [C:/Unreal Projects/Top-Down-Puzzle/TopDownPuzzle/Saved/Config/Windows/Scalability.ini]
[2025.04.10-02.49.34:992][  0]LogConfig: Setting CVar [[r.PostProcessAAQuality:4]]
[2025.04.10-02.49.34:992][  0]LogConfig: Applying CVar settings from Section [ShadowQuality@3] File [C:/Unreal Projects/Top-Down-Puzzle/TopDownPuzzle/Saved/Config/Windows/Scalability.ini]
[2025.04.10-02.49.34:992][  0]LogConfig: Setting CVar [[r.LightFunctionQuality:1]]
[2025.04.10-02.49.34:992][  0]LogConfig: Setting CVar [[r.ShadowQuality:5]]
[2025.04.10-02.49.34:992][  0]LogConfig: Setting CVar [[r.Shadow.CSM.MaxCascades:10]]
[2025.04.10-02.49.34:992][  0]LogConfig: Setting CVar [[r.Shadow.MaxResolution:2048]]
[2025.04.10-02.49.34:992][  0]LogConfig: Setting CVar [[r.Shadow.MaxCSMResolution:2048]]
[2025.04.10-02.49.34:992][  0]LogConfig: Setting CVar [[r.Shadow.RadiusThreshold:0.01]]
[2025.04.10-02.49.34:992][  0]LogConfig: Setting CVar [[r.Shadow.DistanceScale:1.0]]
[2025.04.10-02.49.34:992][  0]LogConfig: Setting CVar [[r.Shadow.CSM.TransitionScale:1.0]]
[2025.04.10-02.49.34:992][  0]LogConfig: Setting CVar [[r.Shadow.PreShadowResolutionFactor:1.0]]
[2025.04.10-02.49.34:992][  0]LogConfig: Setting CVar [[r.DistanceFieldShadowing:1]]
[2025.04.10-02.49.34:992][  0]LogConfig: Setting CVar [[r.DistanceFieldAO:1]]
[2025.04.10-02.49.34:992][  0]LogConfig: Setting CVar [[r.AOQuality:2]]
[2025.04.10-02.49.34:992][  0]LogConfig: Setting CVar [[r.VolumetricFog:1]]
[2025.04.10-02.49.34:992][  0]LogConfig: Setting CVar [[r.VolumetricFog.GridPixelSize:8]]
[2025.04.10-02.49.34:992][  0]LogConfig: Setting CVar [[r.VolumetricFog.GridSizeZ:128]]
[2025.04.10-02.49.34:992][  0]LogConfig: Setting CVar [[r.VolumetricFog.HistoryMissSupersampleCount:4]]
[2025.04.10-02.49.34:992][  0]LogConfig: Setting CVar [[r.LightMaxDrawDistanceScale:1]]
[2025.04.10-02.49.34:992][  0]LogConfig: Setting CVar [[r.CapsuleShadows:1]]
[2025.04.10-02.49.34:992][  0]LogConfig: Applying CVar settings from Section [PostProcessQuality@3] File [C:/Unreal Projects/Top-Down-Puzzle/TopDownPuzzle/Saved/Config/Windows/Scalability.ini]
[2025.04.10-02.49.34:992][  0]LogConfig: Setting CVar [[r.MotionBlurQuality:4]]
[2025.04.10-02.49.34:993][  0]LogConfig: Setting CVar [[r.AmbientOcclusionMipLevelFactor:0.4]]
[2025.04.10-02.49.34:993][  0]LogConfig: Setting CVar [[r.AmbientOcclusionMaxQuality:100]]
[2025.04.10-02.49.34:993][  0]LogConfig: Setting CVar [[r.AmbientOcclusionLevels:-1]]
[2025.04.10-02.49.34:993][  0]LogConfig: Setting CVar [[r.AmbientOcclusionRadiusScale:1.0]]
[2025.04.10-02.49.34:993][  0]LogConfig: Setting CVar [[r.DepthOfFieldQuality:2]]
[2025.04.10-02.49.34:993][  0]LogConfig: Setting CVar [[r.RenderTargetPoolMin:400]]
[2025.04.10-02.49.34:993][  0]LogConfig: Setting CVar [[r.LensFlareQuality:2]]
[2025.04.10-02.49.34:993][  0]LogConfig: Setting CVar [[r.SceneColorFringeQuality:1]]
[2025.04.10-02.49.34:993][  0]LogConfig: Setting CVar [[r.EyeAdaptationQuality:2]]
[2025.04.10-02.49.34:993][  0]LogConfig: Setting CVar [[r.BloomQuality:5]]
[2025.04.10-02.49.34:993][  0]LogConfig: Setting CVar [[r.FastBlurThreshold:100]]
[2025.04.10-02.49.34:993][  0]LogConfig: Setting CVar [[r.Upscale.Quality:3]]
[2025.04.10-02.49.34:993][  0]LogConfig: Setting CVar [[r.Tonemapper.GrainQuantization:1]]
[2025.04.10-02.49.34:993][  0]LogConfig: Setting CVar [[r.LightShaftQuality:1]]
[2025.04.10-02.49.34:993][  0]LogConfig: Setting CVar [[r.Filter.SizeScale:1]]
[2025.04.10-02.49.34:993][  0]LogConfig: Setting CVar [[r.Tonemapper.Quality:5]]
[2025.04.10-02.49.34:993][  0]LogConfig: Setting CVar [[r.DOF.Gather.AccumulatorQuality:1        ; higher gathering accumulator quality]]
[2025.04.10-02.49.34:993][  0]LogConfig: Setting CVar [[r.DOF.Gather.PostfilterMethod:1          ; Median3x3 postfilering method]]
[2025.04.10-02.49.34:993][  0]LogConfig: Setting CVar [[r.DOF.Gather.EnableBokehSettings:0       ; no bokeh simulation when gathering]]
[2025.04.10-02.49.34:993][  0]LogConfig: Setting CVar [[r.DOF.Gather.RingCount:4                 ; medium number of samples when gathering]]
[2025.04.10-02.49.34:993][  0]LogConfig: Setting CVar [[r.DOF.Scatter.ForegroundCompositing:1    ; additive foreground scattering]]
[2025.04.10-02.49.34:993][  0]LogConfig: Setting CVar [[r.DOF.Scatter.BackgroundCompositing:2    ; additive background scattering]]
[2025.04.10-02.49.34:993][  0]LogConfig: Setting CVar [[r.DOF.Scatter.EnableBokehSettings:1      ; bokeh simulation when scattering]]
[2025.04.10-02.49.34:993][  0]LogConfig: Setting CVar [[r.DOF.Scatter.MaxSpriteRatio:0.1         ; only a maximum of 10% of scattered bokeh]]
[2025.04.10-02.49.34:993][  0]LogConfig: Setting CVar [[r.DOF.Recombine.Quality:1                ; cheap slight out of focus]]
[2025.04.10-02.49.34:993][  0]LogConfig: Setting CVar [[r.DOF.Recombine.EnableBokehSettings:0    ; no bokeh simulation on slight out of focus]]
[2025.04.10-02.49.34:993][  0]LogConfig: Setting CVar [[r.DOF.TemporalAAQuality:1                ; more stable temporal accumulation]]
[2025.04.10-02.49.34:993][  0]LogConfig: Setting CVar [[r.DOF.Kernel.MaxForegroundRadius:0.025]]
[2025.04.10-02.49.34:993][  0]LogConfig: Setting CVar [[r.DOF.Kernel.MaxBackgroundRadius:0.025]]
[2025.04.10-02.49.34:993][  0]LogConfig: Applying CVar settings from Section [TextureQuality@3] File [C:/Unreal Projects/Top-Down-Puzzle/TopDownPuzzle/Saved/Config/Windows/Scalability.ini]
[2025.04.10-02.49.34:993][  0]LogConfig: Setting CVar [[r.Streaming.MipBias:0]]
[2025.04.10-02.49.34:993][  0]LogConfig: Setting CVar [[r.Streaming.AmortizeCPUToGPUCopy:0]]
[2025.04.10-02.49.34:993][  0]LogConfig: Setting CVar [[r.Streaming.MaxNumTexturesToStreamPerFrame:0]]
[2025.04.10-02.49.34:993][  0]LogConfig: Setting CVar [[r.Streaming.Boost:1]]
[2025.04.10-02.49.34:993][  0]LogConfig: Setting CVar [[r.MaxAnisotropy:8]]
[2025.04.10-02.49.34:993][  0]LogConfig: Setting CVar [[r.VT.MaxAnisotropy:8]]
[2025.04.10-02.49.34:993][  0]LogConfig: Setting CVar [[r.Streaming.LimitPoolSizeToVRAM:0]]
[2025.04.10-02.49.34:993][  0]LogConfig: Setting CVar [[r.Streaming.PoolSize:1000]]
[2025.04.10-02.49.34:993][  0]LogConfig: Setting CVar [[r.Streaming.MaxEffectiveScreenSize:0]]
[2025.04.10-02.49.34:993][  0]LogConfig: Applying CVar settings from Section [EffectsQuality@3] File [C:/Unreal Projects/Top-Down-Puzzle/TopDownPuzzle/Saved/Config/Windows/Scalability.ini]
[2025.04.10-02.49.34:993][  0]LogConfig: Setting CVar [[r.TranslucencyLightingVolumeDim:64]]
[2025.04.10-02.49.34:993][  0]LogConfig: Setting CVar [[r.RefractionQuality:2]]
[2025.04.10-02.49.34:993][  0]LogConfig: Setting CVar [[r.SSR.Quality:3]]
[2025.04.10-02.49.34:993][  0]LogConfig: Setting CVar [[r.SSR.HalfResSceneColor:0]]
[2025.04.10-02.49.34:993][  0]LogConfig: Setting CVar [[r.SceneColorFormat:4]]
[2025.04.10-02.49.34:993][  0]LogConfig: Setting CVar [[r.DetailMode:2]]
[2025.04.10-02.49.34:993][  0]LogConfig: Setting CVar [[r.TranslucencyVolumeBlur:1]]
[2025.04.10-02.49.34:993][  0]LogConfig: Setting CVar [[r.MaterialQualityLevel:1 ; High quality]]
[2025.04.10-02.49.34:993][  0]LogConfig: Setting CVar [[r.AnisotropicMaterials:1]]
[2025.04.10-02.49.34:993][  0]LogConfig: Setting CVar [[r.SSS.Scale:1]]
[2025.04.10-02.49.34:993][  0]LogConfig: Setting CVar [[r.SSS.SampleSet:2]]
[2025.04.10-02.49.34:993][  0]LogConfig: Setting CVar [[r.SSS.Quality:1]]
[2025.04.10-02.49.34:993][  0]LogConfig: Setting CVar [[r.SSS.HalfRes:0]]
[2025.04.10-02.49.34:993][  0]LogConfig: Setting CVar [[r.SSGI.Quality:3]]
[2025.04.10-02.49.34:993][  0]LogConfig: Setting CVar [[r.EmitterSpawnRateScale:1.0]]
[2025.04.10-02.49.34:993][  0]LogConfig: Setting CVar [[r.ParticleLightQuality:2]]
[2025.04.10-02.49.34:993][  0]LogConfig: Setting CVar [[r.SkyAtmosphere.AerialPerspectiveLUT.FastApplyOnOpaque:1 ; Always have FastSkyLUT 1 in this case to avoid wrong sky]]
[2025.04.10-02.49.34:993][  0]LogConfig: Setting CVar [[r.SkyAtmosphere.AerialPerspectiveLUT.SampleCountMaxPerSlice:4]]
[2025.04.10-02.49.34:993][  0]LogConfig: Setting CVar [[r.SkyAtmosphere.AerialPerspectiveLUT.DepthResolution:16.0]]
[2025.04.10-02.49.34:993][  0]LogConfig: Setting CVar [[r.SkyAtmosphere.FastSkyLUT:1]]
[2025.04.10-02.49.34:993][  0]LogConfig: Setting CVar [[r.SkyAtmosphere.FastSkyLUT.SampleCountMin:4.0]]
[2025.04.10-02.49.34:993][  0]LogConfig: Setting CVar [[r.SkyAtmosphere.FastSkyLUT.SampleCountMax:128.0]]
[2025.04.10-02.49.34:993][  0]LogConfig: Setting CVar [[r.SkyAtmosphere.SampleCountMin:4.0]]
[2025.04.10-02.49.34:993][  0]LogConfig: Setting CVar [[r.SkyAtmosphere.SampleCountMax:128.0]]
[2025.04.10-02.49.34:993][  0]LogConfig: Setting CVar [[r.SkyAtmosphere.TransmittanceLUT.UseSmallFormat:0]]
[2025.04.10-02.49.34:993][  0]LogConfig: Setting CVar [[r.SkyAtmosphere.TransmittanceLUT.SampleCount:10.0]]
[2025.04.10-02.49.34:993][  0]LogConfig: Setting CVar [[r.SkyAtmosphere.MultiScatteringLUT.SampleCount:15.0]]
[2025.04.10-02.49.34:993][  0]LogConfig: Setting CVar [[r.SkyLight.RealTimeReflectionCapture:1]]
[2025.04.10-02.49.34:993][  0]LogConfig: Applying CVar settings from Section [FoliageQuality@3] File [C:/Unreal Projects/Top-Down-Puzzle/TopDownPuzzle/Saved/Config/Windows/Scalability.ini]
[2025.04.10-02.49.34:993][  0]LogConfig: Setting CVar [[foliage.DensityScale:1.0]]
[2025.04.10-02.49.34:993][  0]LogConfig: Setting CVar [[grass.DensityScale:1.0]]
[2025.04.10-02.49.34:993][  0]LogConfig: Applying CVar settings from Section [ShadingQuality@3] File [C:/Unreal Projects/Top-Down-Puzzle/TopDownPuzzle/Saved/Config/Windows/Scalability.ini]
[2025.04.10-02.49.34:993][  0]LogConfig: Setting CVar [[r.HairStrands.SkyLighting.IntegrationType:2]]
[2025.04.10-02.49.34:993][  0]LogConfig: Setting CVar [[r.HairStrands.SkyAO.SampleCount:4]]
[2025.04.10-02.49.34:993][  0]LogConfig: Setting CVar [[r.HairStrands.Visibility.MSAA.SamplePerPixel:4]]
[2025.04.10-02.49.34:993][  0]LogConfig: Applying CVar settings from Section [Startup] File [../../../Engine/Config/ConsoleVariables.ini]
[2025.04.10-02.49.34:994][  0]LogConfig: Setting CVar [[net.UseAdaptiveNetUpdateFrequency:0]]
[2025.04.10-02.49.34:994][  0]LogConfig: Setting CVar [[p.chaos.AllowCreatePhysxBodies:1]]
[2025.04.10-02.49.34:994][  0]LogConfig: Setting CVar [[fx.SkipVectorVMBackendOptimizations:1]]
[2025.04.10-02.49.34:994][  0]LogConfig: Applying CVar settings from Section [ConsoleVariables] File [C:/Unreal Projects/Top-Down-Puzzle/TopDownPuzzle/Saved/Config/Windows/Engine.ini]
[2025.04.10-02.49.34:994][  0]LogConfig: Applying CVar settings from Section [ConsoleVariables] File [C:/Unreal Projects/Top-Down-Puzzle/TopDownPuzzle/Saved/Config/Windows/Editor.ini]
[2025.04.10-02.49.34:994][  0]LogInit: Computer: LAPTOP-EJ2DB2HV
[2025.04.10-02.49.34:994][  0]LogInit: User: patel
[2025.04.10-02.49.34:994][  0]LogInit: CPU Page size=4096, Cores=4
[2025.04.10-02.49.34:994][  0]LogInit: High frequency timer resolution =10.000000 MHz
[2025.04.10-02.49.34:994][  0]LogMemory: Memory total: Physical=15.8GB (16GB approx)
[2025.04.10-02.49.34:994][  0]LogMemory: Platform Memory Stats for Windows
[2025.04.10-02.49.34:994][  0]LogMemory: Process Physical Memory: 142.67 MB used, 142.67 MB peak
[2025.04.10-02.49.34:994][  0]LogMemory: Process Virtual Memory: 112.59 MB used, 112.59 MB peak
[2025.04.10-02.49.34:994][  0]LogMemory: Physical Memory: 11388.32 MB used,  4836.86 MB free, 16225.18 MB total
[2025.04.10-02.49.34:994][  0]LogMemory: Virtual Memory: 134209288.00 MB used,  8441.07 MB free, 134217728.00 MB total
[2025.04.10-02.49.35:002][  0]LogWindows: WindowsPlatformFeatures enabled
[2025.04.10-02.49.35:105][  0]LogInit: Physics initialised using underlying interface: PhysX
[2025.04.10-02.49.35:106][  0]LogInit: Using OS detected language (en-US).
[2025.04.10-02.49.35:106][  0]LogInit: Using OS detected locale (en-IN).
[2025.04.10-02.49.35:113][  0]LogTextLocalizationManager: No specific localization for 'en-US' exists, so the 'en' localization will be used.
[2025.04.10-02.49.35:327][  0]LogInit: Setting process to per monitor DPI aware
[2025.04.10-02.49.35:350][  0]LogWindowsTextInputMethodSystem: Display: IME system deactivated.
[2025.04.10-02.49.35:372][  0]LogSlate: New Slate User Created.  User Index 0, Is Virtual User: 0
[2025.04.10-02.49.35:372][  0]LogSlate: Slate User Registered.  User Index 0, Is Virtual User: 0
[2025.04.10-02.49.35:564][  0]LogD3D11RHI: Loaded GFSDK_Aftermath_Lib.x64.dll
[2025.04.10-02.49.35:635][  0]LogHMD: Failed to initialize OpenVR with code 110
[2025.04.10-02.49.35:635][  0]LogD3D11RHI: D3D11 min allowed feature level: 11_0
[2025.04.10-02.49.35:635][  0]LogD3D11RHI: D3D11 max allowed feature level: 11_0
[2025.04.10-02.49.35:635][  0]LogD3D11RHI: D3D11 adapters:
[2025.04.10-02.49.35:773][  0]LogD3D11RHI:    0. 'NVIDIA GeForce GTX 1650' (Feature Level 11_0)
[2025.04.10-02.49.35:773][  0]LogD3D11RHI:       3935/0/8112 MB DedicatedVideo/DedicatedSystem/SharedSystem, Outputs:1, VendorId:0x10de
[2025.04.10-02.49.35:846][  0]LogD3D11RHI:    1. 'Intel(R) UHD Graphics 630' (Feature Level 11_0)
[2025.04.10-02.49.35:846][  0]LogD3D11RHI:       128/0/8112 MB DedicatedVideo/DedicatedSystem/SharedSystem, Outputs:0, VendorId:0x8086
[2025.04.10-02.49.35:849][  0]LogD3D11RHI:    2. 'Microsoft Basic Render Driver' (Feature Level 11_0)
[2025.04.10-02.49.35:849][  0]LogD3D11RHI:       0/0/8112 MB DedicatedVideo/DedicatedSystem/SharedSystem, Outputs:0, VendorId:0x1414
[2025.04.10-02.49.35:849][  0]LogD3D11RHI: Chosen D3D11 Adapter:
[2025.04.10-02.49.35:849][  0]LogD3D11RHI:     Description : NVIDIA GeForce GTX 1650
[2025.04.10-02.49.35:849][  0]LogD3D11RHI:     VendorId    : 10de
[2025.04.10-02.49.35:849][  0]LogD3D11RHI:     DeviceId    : 1f91
[2025.04.10-02.49.35:849][  0]LogD3D11RHI:     SubSysId    : 85fc103c
[2025.04.10-02.49.35:849][  0]LogD3D11RHI:     Revision    : 00a1
[2025.04.10-02.49.35:849][  0]LogD3D11RHI:     DedicatedVideoMemory : 4126146560 bytes
[2025.04.10-02.49.35:849][  0]LogD3D11RHI:     DedicatedSystemMemory : 0 bytes
[2025.04.10-02.49.35:849][  0]LogD3D11RHI:     SharedSystemMemory : 8506664960 bytes
[2025.04.10-02.49.35:849][  0]LogD3D11RHI:     AdapterLuid : 0 79104
[2025.04.10-02.49.35:856][  0]LogD3D11RHI: Creating new Direct3DDevice
[2025.04.10-02.49.35:856][  0]LogD3D11RHI:     GPU DeviceId: 0x1f91 (for the marketing name, search the web for "GPU Device Id")
[2025.04.10-02.49.35:856][  0]LogWindows: EnumDisplayDevices:
[2025.04.10-02.49.35:856][  0]LogWindows:    0. 'Intel(R) UHD Graphics 630' (P:1 D:1)
[2025.04.10-02.49.35:856][  0]LogWindows:    1. 'Intel(R) UHD Graphics 630' (P:0 D:0)
[2025.04.10-02.49.35:856][  0]LogWindows:    2. 'Intel(R) UHD Graphics 630' (P:0 D:0)
[2025.04.10-02.49.35:856][  0]LogWindows:    3. 'NVIDIA GeForce GTX 1650' (P:0 D:0)
[2025.04.10-02.49.35:857][  0]LogWindows:    4. 'NVIDIA GeForce GTX 1650' (P:0 D:0)
[2025.04.10-02.49.35:857][  0]LogWindows:    5. 'NVIDIA GeForce GTX 1650' (P:0 D:0)
[2025.04.10-02.49.35:857][  0]LogWindows:    6. 'NVIDIA GeForce GTX 1650' (P:0 D:0)
[2025.04.10-02.49.35:857][  0]LogWindows: DebugString: PrimaryIsNotTheChoosenAdapter PrimaryIsNotTheChoosenAdapter PrimaryIsNotTheChoosenAdapter FoundDriverCount:4 
[2025.04.10-02.49.35:857][  0]LogD3D11RHI:     Adapter Name: NVIDIA GeForce GTX 1650
[2025.04.10-02.49.35:857][  0]LogD3D11RHI:   Driver Version: 561.19 (internal:32.0.15.6119, unified:561.19)
[2025.04.10-02.49.35:857][  0]LogD3D11RHI:      Driver Date: 11-11-2024
[2025.04.10-02.49.35:857][  0]LogRHI: Texture pool is 2754 MB (70% of 3935 MB)
[2025.04.10-02.49.35:857][  0]LogD3D11RHI: Creating D3DDevice using adapter:
[2025.04.10-02.49.35:857][  0]LogD3D11RHI:     Description : NVIDIA GeForce GTX 1650
[2025.04.10-02.49.35:857][  0]LogD3D11RHI:     VendorId    : 10de
[2025.04.10-02.49.35:857][  0]LogD3D11RHI:     DeviceId    : 1f91
[2025.04.10-02.49.35:857][  0]LogD3D11RHI:     SubSysId    : 85fc103c
[2025.04.10-02.49.35:857][  0]LogD3D11RHI:     Revision    : 00a1
[2025.04.10-02.49.35:857][  0]LogD3D11RHI:     DedicatedVideoMemory : 4126146560 bytes
[2025.04.10-02.49.35:857][  0]LogD3D11RHI:     DedicatedSystemMemory : 0 bytes
[2025.04.10-02.49.35:857][  0]LogD3D11RHI:     SharedSystemMemory : 8506664960 bytes
[2025.04.10-02.49.35:857][  0]LogD3D11RHI:     AdapterLuid : 0 79104
[2025.04.10-02.49.35:937][  0]LogD3D11RHI: RHI has support for 64 bit atomics
[2025.04.10-02.49.35:938][  0]LogD3D11RHI: Async texture creation enabled
[2025.04.10-02.49.35:938][  0]LogD3D11RHI: Array index from any shader is supported
[2025.04.10-02.49.35:964][  0]LogD3D11RHI: GPU Timing Frequency: 1000.000000 (Debug: 2 2)
[2025.04.10-02.49.36:027][  0]LogRHI: GeForceNow SDK initialized: 1
[2025.04.10-02.49.36:449][  0]LogTargetPlatformManager: Display: Loaded TargetPlatform 'AllDesktop'
[2025.04.10-02.49.36:472][  0]LogTargetPlatformManager: Display: Loaded TargetPlatform 'Android'
[2025.04.10-02.49.36:472][  0]LogTargetPlatformManager: Display: Loaded TargetPlatform 'Android_ASTC'
[2025.04.10-02.49.36:472][  0]LogTargetPlatformManager: Display: Loaded TargetPlatform 'Android_DXT'
[2025.04.10-02.49.36:472][  0]LogTargetPlatformManager: Display: Loaded TargetPlatform 'Android_ETC2'
[2025.04.10-02.49.36:472][  0]LogTargetPlatformManager: Display: Loaded TargetPlatform 'AndroidClient'
[2025.04.10-02.49.36:472][  0]LogTargetPlatformManager: Display: Loaded TargetPlatform 'Android_ASTCClient'
[2025.04.10-02.49.36:473][  0]LogTargetPlatformManager: Display: Loaded TargetPlatform 'Android_DXTClient'
[2025.04.10-02.49.36:473][  0]LogTargetPlatformManager: Display: Loaded TargetPlatform 'Android_ETC2Client'
[2025.04.10-02.49.36:473][  0]LogTargetPlatformManager: Display: Loaded TargetPlatform 'Android_Multi'
[2025.04.10-02.49.36:473][  0]LogTargetPlatformManager: Display: Loaded TargetPlatform 'Android_MultiClient'
[2025.04.10-02.49.36:495][  0]LogTargetPlatformManager: Display: Loaded TargetPlatform 'IOSClient'
[2025.04.10-02.49.36:495][  0]LogTargetPlatformManager: Display: Loaded TargetPlatform 'IOS'
[2025.04.10-02.49.36:506][  0]LogTargetPlatformManager: Display: Loaded TargetPlatform 'Linux'
[2025.04.10-02.49.36:512][  0]LogTargetPlatformManager: Display: Loaded TargetPlatform 'LinuxNoEditor'
[2025.04.10-02.49.36:518][  0]LogTargetPlatformManager: Display: Loaded TargetPlatform 'LinuxClient'
[2025.04.10-02.49.36:524][  0]LogTargetPlatformManager: Display: Loaded TargetPlatform 'LinuxServer'
[2025.04.10-02.49.36:534][  0]LogTargetPlatformManager: Display: Loaded TargetPlatform 'LinuxAArch64NoEditor'
[2025.04.10-02.49.36:540][  0]LogTargetPlatformManager: Display: Loaded TargetPlatform 'LinuxAArch64Client'
[2025.04.10-02.49.36:545][  0]LogTargetPlatformManager: Display: Loaded TargetPlatform 'LinuxAArch64Server'
[2025.04.10-02.49.36:572][  0]LogTargetPlatformManager: Display: Loaded TargetPlatform 'Lumin'
[2025.04.10-02.49.36:572][  0]LogTargetPlatformManager: Display: Loaded TargetPlatform 'LuminClient'
[2025.04.10-02.49.36:582][  0]LogTargetPlatformManager: Display: Loaded TargetPlatform 'MacNoEditor'
[2025.04.10-02.49.36:587][  0]LogTargetPlatformManager: Display: Loaded TargetPlatform 'Mac'
[2025.04.10-02.49.36:592][  0]LogTargetPlatformManager: Display: Loaded TargetPlatform 'MacClient'
[2025.04.10-02.49.36:597][  0]LogTargetPlatformManager: Display: Loaded TargetPlatform 'MacServer'
[2025.04.10-02.49.36:609][  0]LogTargetPlatformManager: Display: Loaded TargetPlatform 'TVOSClient'
[2025.04.10-02.49.36:609][  0]LogTargetPlatformManager: Display: Loaded TargetPlatform 'TVOS'
[2025.04.10-02.49.36:619][  0]LogTargetPlatformManager: Display: Loaded TargetPlatform 'WindowsNoEditor'
[2025.04.10-02.49.36:625][  0]LogTargetPlatformManager: Display: Loaded TargetPlatform 'Windows'
[2025.04.10-02.49.36:631][  0]LogTargetPlatformManager: Display: Loaded TargetPlatform 'WindowsClient'
[2025.04.10-02.49.36:636][  0]LogTargetPlatformManager: Display: Loaded TargetPlatform 'WindowsServer'
[2025.04.10-02.49.36:636][  0]LogTargetPlatformManager: Display: Building Assets For Windows
[2025.04.10-02.49.36:648][  0]LogAudioDebug: Display: Lib vorbis DLL was dynamically loaded.
[2025.04.10-02.49.36:716][  0]LogTextureFormatOodle: Display: Oodle Texture 2.9.0 init RDO Off
[2025.04.10-02.49.36:760][  0]LogRendererCore: Ray tracing is disabled. Reason: r.RayTracing=0.
[2025.04.10-02.49.36:760][  0]LogShaderCompilers: Guid format shader working directory is -18 characters bigger than the processId version (../../../../../../Unreal Projects/Top-Down-Puzzle/TopDownPuzzle/Intermediate/Shaders/WorkingDirectory/19740/).
[2025.04.10-02.49.36:761][  0]LogShaderCompilers: Cleaned the shader compiler working directory 'C:/Users/patel/AppData/Local/Temp/UnrealShaderWorkingDir/2D22650A46229192CD7485B657381BEE/'.
[2025.04.10-02.49.36:761][  0]LogXGEController: Cannot use XGE Controller as Incredibuild is not installed on this machine.
[2025.04.10-02.49.36:761][  0]LogShaderCompilers: Cannot use XGE Shader Compiler as Incredibuild is not installed on this machine.
[2025.04.10-02.49.36:761][  0]LogShaderCompilers: Display: Using Local Shader Compiler.
[2025.04.10-02.49.37:512][  0]LogDerivedDataCache: Display: Max Cache Size: 512 MB
[2025.04.10-02.49.37:568][  0]LogDerivedDataCache: Loaded boot cache 0.06s 103MB C:/Users/patel/AppData/Local/UnrealEngine/4.27/DerivedDataCache/Boot.ddc.
[2025.04.10-02.49.37:568][  0]LogDerivedDataCache: Display: Loaded Boot cache: C:/Users/patel/AppData/Local/UnrealEngine/4.27/DerivedDataCache/Boot.ddc
[2025.04.10-02.49.37:568][  0]LogDerivedDataCache: FDerivedDataBackendGraph:  Pak pak cache file ../../../../../../Unreal Projects/Top-Down-Puzzle/TopDownPuzzle/DerivedDataCache/DDC.ddp not found, will not use a pak cache.
[2025.04.10-02.49.37:568][  0]LogDerivedDataCache: Unable to find inner node Pak for hierarchical cache Hierarchy.
[2025.04.10-02.49.37:568][  0]LogDerivedDataCache: FDerivedDataBackendGraph:  CompressedPak pak cache file ../../../../../../Unreal Projects/Top-Down-Puzzle/TopDownPuzzle/DerivedDataCache/Compressed.ddp not found, will not use a pak cache.
[2025.04.10-02.49.37:568][  0]LogDerivedDataCache: Unable to find inner node CompressedPak for hierarchical cache Hierarchy.
[2025.04.10-02.49.37:584][  0]LogDerivedDataCache: Display: Pak cache opened for reading ../../../Engine/DerivedDataCache/Compressed.ddp.
[2025.04.10-02.49.37:584][  0]LogDerivedDataCache: FDerivedDataBackendGraph:  EnterprisePak pak cache file ../../../Enterprise/DerivedDataCache/Compressed.ddp not found, will not use a pak cache.
[2025.04.10-02.49.37:584][  0]LogDerivedDataCache: Unable to find inner node EnterprisePak for hierarchical cache Hierarchy.
[2025.04.10-02.49.37:594][  0]LogDerivedDataCache: Speed tests for C:/Users/patel/AppData/Local/UnrealEngine/Common/DerivedDataCache took 0.01 seconds
[2025.04.10-02.49.37:594][  0]LogDerivedDataCache: Display: Performance to C:/Users/patel/AppData/Local/UnrealEngine/Common/DerivedDataCache: Latency=0.05ms. RandomReadSpeed=718.40MBs, RandomWriteSpeed=114.96MBs. Assigned SpeedClass 'Local'
[2025.04.10-02.49.37:595][  0]LogDerivedDataCache: Using Local data cache path C:/Users/patel/AppData/Local/UnrealEngine/Common/DerivedDataCache: Writable
[2025.04.10-02.49.37:595][  0]LogDerivedDataCache: Shared data cache path not found in *engine.ini, will not use an Shared cache.
[2025.04.10-02.49.37:595][  0]LogDerivedDataCache: Unable to find inner node Shared for hierarchical cache Hierarchy.
[2025.04.10-02.49.37:643][  0]LogSlate: Using FreeType 2.10.0
[2025.04.10-02.49.37:644][  0]LogSlate: SlateFontServices - WITH_FREETYPE: 1, WITH_HARFBUZZ: 1
[2025.04.10-02.49.37:670][  0]LogAssetRegistry: FAssetRegistry took 0.0026 seconds to start up
[2025.04.10-02.49.37:897][  0]LogInit: Selected Device Profile: [Windows]
[2025.04.10-02.49.37:897][  0]LogInit: Active device profile: [00000249A7989400][00000249A5FED8C0 49] Windows
[2025.04.10-02.49.37:897][  0]LogInit: Profiles: [00000249A7989400][00000249A5FED8C0 49] Windows, [00000249A791C100][00000249A5FF5A40 49] WindowsNoEditor, [00000249A7904200][00000249A5FF9BC0 49] WindowsServer, [00000249A791EC00][00000249A5FFC1C0 49] WindowsClient, [00000249A7905700][000002499C7C0340 49] IOS, [00000249A791DF00][000002499C7C44C0 49] iPadAir, [00000249A7906200][000002499C7C8640 49] iPadAir2, [00000249A78C3F00][000002499C7D0900 49] IPadPro, [00000249A78C3E00][000002499C7CC940 49] iPadAir3, [00000249A7907C00][000002499C7D4AC0 49] iPadAir4, [00000249A78C0600][00000249A5FF0C00 49] iPadMini2, [00000249A7904400][000002499C7D8D40 49] iPadMini3, [00000249A78C1200][000002499C7DCE80 49] iPadMini4, [00000249A7905300][000002499C7E0FC0 49] iPadMini5, [00000249A78F7800][000002499C7ED280 49] iPhone6, [00000249A78F7900][000002499C7E92C0 49] iPodTouch6, [00000249A78C2000][000002499C7F5580 49] iPhone7, [00000249A78C2100][000002499C7F15C0 49] iPodTouch7, [00000249A78F4600][000002499C7F9740 49] iPhone5S, [00000249A78C1000][000002499C7FD8C0 49] iPhone6Plus, [00000249A78F5200][000002499C801A40 49] iPhone6S, [00000249A78C1900][000002499C805BC0 49] iPhone6SPlus, [00000249A78F6600][000002499C8081C0 49] iPhone7Plus, [00000249A78C3000][000002499C80C340 49] iPhoneSE, [00000249A78F4C00][000002499C8104C0 49] iPhone8, [00000249A78C3A00][000002499C814640 49] iPhone8Plus, [00000249A78F6800][000002499C8187C0 49] iPhoneX, [00000249A78C1100][000002499C81C940 49] iPhoneXS, [00000249A78F6B00][00000249A8262AC0 49] iPhoneXSMax, [00000249A78C0A00][00000249A8266C40 49] iPhoneXR, [00000249A78F5300][000002499C7E4D80 49] iPhone11, [00000249A78C1500][00000249A826AEC0 49] iPhone11Pro, [00000249A78F4500][00000249A826F000 49] iPhone11ProMax, [00000249A78C2B00][00000249A8273140 49] iPhoneSE2, [00000249A78F4A00][00000249A827B2C0 49] iPhone12Mini, [00000249A78C3200][00000249A827F440 49] iPhone12, [00000249A78F7C00][00000249A82835C0 49] iPhone12Pro, [00000249A78C0D00][00000249A8287740 49] iPhone12ProMax, [00000249A78F4100][00000249A828B8C0 49] iPadPro105, [00000249A78C2F00][00000249A828FA40 49] iPadPro129, [00000249A78F6D00][00000249A8293BC0 49] iPadPro97, [00000249A78C1A00][00000249A82961C0 49] iPadPro2_129, [00000249A78F4700][00000249A829A340 49] iPad5, [00000249A78C0B00][00000249A829E4C0 49] iPad6, [00000249A78F5D00][00000249A82A2640 49] iPad7, [00000249A78C0800][00000249A82A67C0 49] iPad8, [00000249A78F5C00][00000249A82AA940 49] iPadPro11, [00000249A78C1C00][00000249A82AEAC0 49] iPadPro2_11, [00000249A78F7200][00000249A82B2C40 49] iPadPro3_129, [00000249A78C1600][00000249A82B6DC0 49] iPadPro4_129, [00000249A78F4300][00000249A82BAF40 49] AppleTV, [00000249A78C2500][00000249A8277080 49] AppleTV4K, [00000249A78F5F00][00000249A82BF1C0 49] TVOS, [00000249A78C3100][00000249A82C3300 49] Mac, [00000249A78F5100][00000249A82CB480 49] MacClient, [00000249A78C3600][00000249A82CF600 49] MacNoEditor, [00000249A78F6E00][00000249A82D3780 49] MacServer, [00000249A78C2600][00000249A82D7900 49] Linux, [00000249A78F6000][00000249A82DBA80 49] LinuxAArch64, [00000249A78C1E00][00000249A82DFC00 49] LinuxNoEditor, [00000249A78F7000][00000249A82E2200 49] LinuxAArch64NoEditor, [00000249A78C2C00][00000249A82E6380 49] LinuxClient, [00000249A78F4F00][00000249A82EA500 49] LinuxAArch64Client, [00000249A78C1700][00000249A82EE680 49] LinuxServer, [00000249A791F800][00000249A82F2800 49] LinuxAArch64Server, [00000249A798B100][00000249A82F6980 49] Android, [00000249A791C300][00000249A82FAB00 49] Android_Low, [00000249A798B400][00000249A82FEC80 49] Android_Mid, [00000249A791FA00][00000249A8302E00 49] Android_High, [00000249A798B800][00000249A8306F80 49] Android_Default, [00000249A791C400][00000249A830B100 49] Android_Adreno4xx, [00000249A7988D00][00000249A82C7240 49] Android_Adreno5xx_Low, [00000249A791E900][00000249A830F380 49] Android_Adreno5xx, [00000249A7989D00][00000249A83134C0 49] Android_Adreno6xx, [00000249A791E500][00000249A831B640 49] Android_Adreno6xx_Vulkan, [00000249A798A700][00000249A831F7C0 49] Android_Mali_T6xx, [00000249A791E300][00000249A8323940 49] Android_Mali_T7xx, [00000249A7989100][00000249A8327AC0 49] Android_Mali_T8xx, [00000249A791F600][00000249A832A0C0 49] Android_Mali_G71, [00000249A7989600][00000249A832E240 49] Android_Mali_G72, [00000249A791D000][00000249A83323C0 49] Android_Mali_G72_Vulkan, [00000249A798A900][00000249A8336540 49] Android_Mali_G76, [00000249A791D400][00000249A833A6C0 49] Android_Mali_G76_Vulkan, [00000249A798AB00][00000249A833E840 49] Android_Mali_G77, [00000249A791E100][00000249A83429C0 49] Android_Mali_G77_Vulkan, [00000249A798B600][00000249A8346B40 49] Android_Mali_G78, [00000249A791F200][00000249A834ACC0 49] Android_Mali_G78_Vulkan, [00000249A7988B00][00000249A834EE40 49] Android_Mali_G710, [00000249A791E600][00000249A8352FC0 49] Android_Mali_G710_Vulkan, [00000249A7988A00][00000249A8357140 49] Android_Vulkan_SM5, [00000249A78C2700][00000249A835B2C0 49] Android_PowerVR_G6xxx, [00000249A7988C00][00000249A8317400 49] Android_PowerVR_GT7xxx, [00000249A78C3B00][00000249A835F540 49] Android_PowerVR_GE8xxx, [00000249A798AF00][00000249A8363680 49] Android_PowerVR_GM9xxx, [00000249A78C3800][00000249A83677C0 49] Android_PowerVR_GM9xxx_Vulkan, [00000249A7989F00][00000249A836F940 49] Android_TegraK1, [00000249A78C0E00][00000249A8373AC0 49] Android_Unknown_Vulkan, [00000249A7988300][00000249A83760C0 49] Lumin, [00000249A78C2D00][00000249A837A240 49] Lumin_Desktop, [00000249A798AA00][00000249A837E3C0 49] HoloLens, 
[2025.04.10-02.49.38:040][  0]LogMeshReduction: Using QuadricMeshReduction for automatic static mesh reduction
[2025.04.10-02.49.38:040][  0]LogMeshReduction: Using SimplygonMeshReduction for automatic skeletal mesh reduction
[2025.04.10-02.49.38:040][  0]LogMeshReduction: Using ProxyLODMeshReduction for automatic mesh merging
[2025.04.10-02.49.38:040][  0]LogMeshReduction: No distributed automatic mesh merging module available
[2025.04.10-02.49.38:040][  0]LogMeshMerging: No distributed automatic mesh merging module available
[2025.04.10-02.49.38:057][  0]LogNetVersion: TopDownPuzzle 1.0.0, NetCL: 17155196, EngineNetVer: 17, GameNetVer: 0 (Checksum: 565499533)
[2025.04.10-02.49.38:598][  0]LogTexture: Default maximum texture size for cubemaps generated from long-lat sources has been changed from 512 to unlimited. In order to preserve old behaiour for '/Engine/MapTemplates/Sky/DaylightAmbientCubemap.DaylightAmbientCubemap', its maximum texture size has been explicitly set to 512.
[2025.04.10-02.49.38:652][  0]LogHMD: PokeAHoleMaterial loaded successfully
[2025.04.10-02.49.38:658][  0]LogUObjectArray: 17178 objects as part of root set at end of initial load.
[2025.04.10-02.49.38:658][  0]LogUObjectAllocator: 4302048 out of 0 bytes used by permanent object pool.
[2025.04.10-02.49.38:658][  0]LogUObjectArray: CloseDisregardForGC: 0/0 objects in disregard for GC pool
[2025.04.10-02.49.39:196][  0]LogNiagaraDebuggerClient: Niagara Debugger Client Initialized | Session: D4DE28814FCB73173B40C9B1BC3E2BAE | Instance: A69E0C134DACBD35A00B388BDDF670E9 (LAPTOP-EJ2DB2HV-19740).
[2025.04.10-02.49.39:236][  0]LogPython: Using Python 3.7.7
[2025.04.10-02.49.39:771][  0]LogTcpMessaging: Initializing TcpMessaging bridge
[2025.04.10-02.49.39:776][  0]LogUdpMessaging: Initializing bridge on interface 0.0.0.0:0 to multicast group 230.0.0.1:6666.
[2025.04.10-02.49.40:168][  0]SourceControl: Source control is disabled
[2025.04.10-02.49.40:168][  0]SourceControl: Source control is disabled
[2025.04.10-02.49.40:173][  0]SourceControl: Source control is disabled
[2025.04.10-02.49.40:177][  0]SourceControl: Source control is disabled
[2025.04.10-02.49.40:191][  0]SourceControl: Source control is disabled
[2025.04.10-02.49.40:199][  0]LogUProjectInfo: Found projects:
[2025.04.10-02.49.40:478][  0]LogOpenImageDenoise: OIDN starting up
[2025.04.10-02.49.40:519][  0]LogAndroidPermission: UAndroidPermissionCallbackProxy::GetInstance
[2025.04.10-02.49.40:543][  0]LogAudioCaptureCore: Display: No Audio Capture implementations found. Audio input will be silent.
[2025.04.10-02.49.40:543][  0]LogAudioCaptureCore: Display: No Audio Capture implementations found. Audio input will be silent.
[2025.04.10-02.49.40:688][  0]LogCollectionManager: Loaded 0 collections in 0.001491 seconds
[2025.04.10-02.49.40:718][  0]LogFileCache: Scanning file cache for directory 'C:/Unreal Projects/Top-Down-Puzzle/TopDownPuzzle/Saved/Collections/' took 0.00s
[2025.04.10-02.49.40:718][  0]LogFileCache: Scanning file cache for directory 'C:/Unreal Projects/Top-Down-Puzzle/TopDownPuzzle/Content/Developers/patel/Collections/' took 0.00s
[2025.04.10-02.49.40:718][  0]LogFileCache: Scanning file cache for directory 'C:/Unreal Projects/Top-Down-Puzzle/TopDownPuzzle/Content/Collections/' took 0.00s
[2025.04.10-02.49.40:718][  0]LogOcInput: OculusInput pre-init called
[2025.04.10-02.49.41:003][  0]LogEngine: Initializing Engine...
[2025.04.10-02.49.41:010][  0]LogHMD: Failed to enumerate extensions. Please check that you have a valid OpenXR runtime installed.
[2025.04.10-02.49.41:010][  0]LogHMD: Failed to initialize OpenVR with code 110
[2025.04.10-02.49.41:010][  0]LogMagicLeap: Warning: VR disabled because ZI is not enabled.  To enable, in the editor, Edit -> Project Settings -> Plugins -> Magic Leap Plugin -> Enable Zero Iteration
[2025.04.10-02.49.41:011][  0]LogStats: UGameplayTagsManager::InitializeManager -  0.000 s
[2025.04.10-02.49.41:141][  0]LogInit: Initializing FReadOnlyCVARCache
[2025.04.10-02.49.41:151][  0]LogAIModule: Creating AISystem for world Untitled
[2025.04.10-02.49.41:160][  0]LogAudio: Display: Initializing Audio Device Manager...
[2025.04.10-02.49.41:166][  0]LogAudio: Display: Loading Default Audio Settings Objects...
[2025.04.10-02.49.41:167][  0]LogAudio: Display: No default SoundConcurrencyObject specified (or failed to load).
[2025.04.10-02.49.41:167][  0]LogAudio: Display: Audio Device Manager Initialized
[2025.04.10-02.49.41:167][  0]LogAudio: Display: Creating Audio Device:                 Id: 1, Scope: Shared, Realtime: True
[2025.04.10-02.49.41:167][  0]LogAudioMixer: Display: Audio Mixer Platform Settings:
[2025.04.10-02.49.41:167][  0]LogAudioMixer: Display: 	Sample Rate:						  48000
[2025.04.10-02.49.41:167][  0]LogAudioMixer: Display: 	Callback Buffer Frame Size Requested: 1024
[2025.04.10-02.49.41:167][  0]LogAudioMixer: Display: 	Callback Buffer Frame Size To Use:	  1024
[2025.04.10-02.49.41:167][  0]LogAudioMixer: Display: 	Number of buffers to queue:			  2
[2025.04.10-02.49.41:167][  0]LogAudioMixer: Display: 	Max Channels (voices):				  32
[2025.04.10-02.49.41:167][  0]LogAudioMixer: Display: 	Number of Async Source Workers:		  0
[2025.04.10-02.49.41:167][  0]LogAudio: Display: AudioDevice MaxSources: 32
[2025.04.10-02.49.41:168][  0]LogAudio: Display: Audio Spatialization Plugin: None (built-in).
[2025.04.10-02.49.41:168][  0]LogAudio: Display: Audio Reverb Plugin: None (built-in).
[2025.04.10-02.49.41:168][  0]LogAudio: Display: Audio Occlusion Plugin: None (built-in).
[2025.04.10-02.49.41:168][  0]LogAudioMixer: Display: Initializing audio mixer.
[2025.04.10-02.49.41:190][  0]LogAudioMixer: Display: 0: FrontLeft
[2025.04.10-02.49.41:190][  0]LogAudioMixer: Display: 1: FrontRight
[2025.04.10-02.49.41:259][  0]LogAudioMixer: Display: Using Audio Device Headphone (Realtek(R) Audio)
[2025.04.10-02.49.41:262][  0]LogAudioMixer: Display: Initializing Sound Submixes...
[2025.04.10-02.49.41:264][  0]LogAudioMixer: Display: Creating Master Submix 'MasterSubmixDefault'
[2025.04.10-02.49.41:264][  0]LogAudioMixer: Display: Creating Master Submix 'MasterReverbSubmixDefault'
[2025.04.10-02.49.41:265][  0]LogAudioMixer: Display: Creating Master Submix 'MasterEQSubmixDefault'
[2025.04.10-02.49.41:265][  0]LogAudioMixer: FMixerPlatformXAudio2::StartAudioStream() called
[2025.04.10-02.49.41:265][  0]LogAudioMixer: Display: Output buffers initialized: Frames=1024, Channels=2, Samples=2048
[2025.04.10-02.49.41:266][  0]LogAudioMixer: Display: Starting AudioMixerPlatformInterface::RunInternal()
[2025.04.10-02.49.41:266][  0]LogAudioMixer: Display: FMixerPlatformXAudio2::SubmitBuffer() called for the first time
[2025.04.10-02.49.41:266][  0]LogInit: FAudioDevice initialized.
[2025.04.10-02.49.41:267][  0]LogAudio: Display: Audio Device (ID: 1) registered with world 'Untitled'.
[2025.04.10-02.49.41:267][  0]LogNetVersion: Set ProjectVersion to 1.0.0.0. Version Checksum will be recalculated on next use.
[2025.04.10-02.49.41:325][  0]LogDerivedDataCache: Saved boot cache 0.06s 103MB C:/Users/patel/AppData/Local/UnrealEngine/4.27/DerivedDataCache/Boot.ddc.
[2025.04.10-02.49.41:326][  0]LogInit: Texture streaming: Enabled
[2025.04.10-02.49.41:342][  0]LogAnalytics: Display: [UEEditor.Rocket.Release] APIServer = https://datarouter.ol.epicgames.com/. AppVersion = 4.27.2-18319896+++UE4+Release-4.27
[2025.04.10-02.49.41:348][  0]LogEngineSessionManager: EngineSessionManager initialized
[2025.04.10-02.49.41:348][  0]LogEditorSessionSummary: Verbose: Initializing EditorSessionSummaryWriter for editor session tracking
[2025.04.10-02.49.41:353][  0]LogEditorSessionSummary: EditorSessionSummaryWriter initialized
[2025.04.10-02.49.41:390][  0]LogInit: Transaction tracking system initialized
[2025.04.10-02.49.41:417][  0]BlueprintLog: New page: Editor Load
[2025.04.10-02.49.41:494][  0]LocalizationService: Localization service is disabled
[2025.04.10-02.49.41:526][  0]TimingProfiler: Initialize
[2025.04.10-02.49.41:527][  0]TimingProfiler: OnSessionChanged
[2025.04.10-02.49.41:527][  0]LoadingProfiler: Initialize
[2025.04.10-02.49.41:527][  0]LoadingProfiler: OnSessionChanged
[2025.04.10-02.49.41:527][  0]NetworkingProfiler: Initialize
[2025.04.10-02.49.41:527][  0]NetworkingProfiler: OnSessionChanged
[2025.04.10-02.49.41:527][  0]MemoryProfiler: Initialize
[2025.04.10-02.49.41:527][  0]MemoryProfiler: OnSessionChanged
[2025.04.10-02.49.41:745][  0]LogCook: Display: CookSettings for Memory: MemoryMaxUsedVirtual 0MiB, MemoryMaxUsedPhysical 16384MiB, MemoryMinFreeVirtual 0MiB, MemoryMinFreePhysical 1024MiB
[2025.04.10-02.49.41:745][  0]LogCook: Display: Mobile HDR setting 1
[2025.04.10-02.49.41:973][  0]LogFileCache: Scanning file cache for directory 'C:/Unreal Projects/Top-Down-Puzzle/TopDownPuzzle/Content/' took 0.01s
[2025.04.10-02.49.42:176][  0]LogInit: Display: Engine is initialized. Leaving FEngineLoop::Init()
[2025.04.10-02.49.42:183][  0]SourceControl: Source control is disabled
[2025.04.10-02.49.42:183][  0]LogUnrealEdMisc: Loading editor; pre map load, took 9.434
[2025.04.10-02.49.42:183][  0]Cmd: MAP LOAD FILE="../../../../../../Unreal Projects/Top-Down-Puzzle/TopDownPuzzle/Content/TopDownCPP/Maps/TopDownExampleMap.umap" TEMPLATE=0 SHOWPROGRESS=1 FEATURELEVEL=3
[2025.04.10-02.49.42:183][  0]LogEditorServer: Warning: Can't find file '../../../../../../Unreal Projects/Top-Down-Puzzle/TopDownPuzzle/Content/TopDownCPP/Maps/TopDownExampleMap.umap'
[2025.04.10-02.49.42:183][  0]Cmd: MAP CHECKDEP NOCLEARLOG
[2025.04.10-02.49.42:184][  0]MapCheck: Map check complete: 0 Error(s), 0 Warning(s), took 0.194ms to complete.
[2025.04.10-02.49.42:184][  0]LogFileHelpers: Loading map 'TopDownExampleMap' took 0.001
[2025.04.10-02.49.42:186][  0]LogUnrealEdMisc: Total Editor Startup Time, took 9.438
[2025.04.10-02.49.42:392][  0]LogSlate: Updating window title bar state: overlay mode, drag disabled, window buttons hidden, title bar hidden
[2025.04.10-02.49.42:398][  0]LogSlate: Updating window title bar state: overlay mode, drag disabled, window buttons hidden, title bar hidden
[2025.04.10-02.49.42:405][  0]LogSlate: Updating window title bar state: overlay mode, drag disabled, window buttons hidden, title bar hidden
[2025.04.10-02.49.42:412][  0]LogSlate: Updating window title bar state: overlay mode, drag disabled, window buttons hidden, title bar hidden
[2025.04.10-02.49.42:438][  0]LogNativeClassHierarchy: Verbose: Native class hierarchy populated in 0.0100 seconds. Added 3827 classes and 930 folders.
[2025.04.10-02.49.42:443][  0]LogNativeClassHierarchy: Verbose: Native class hierarchy updated for 'WidgetCarousel' in 0.0003 seconds. Added 0 classes and 0 folders.
[2025.04.10-02.49.42:484][  0]LogPakFile: PakFile PrimaryIndexSize=187
[2025.04.10-02.49.42:484][  0]LogPakFile: PakFile PathHashIndexSize=101
[2025.04.10-02.49.42:484][  0]LogPakFile: PakFile FullDirectoryIndexSize=148
[2025.04.10-02.49.42:484][  0]LogShaderLibrary: Display: ShaderCodeLibraryPakFileMountedCallback: PakFile 'C:/Program Files/UE/UE_4.27/FeaturePacks/FP_FirstPerson.upack' (chunk index -1, root 'root:/') mounted
[2025.04.10-02.49.42:484][  0]LogShaderLibrary: Display: ShaderCodeLibraryPakFileMountedCallback: pending pak file info (ChunkID:-1 Root:root:/ File:C:/Program Files/UE/UE_4.27/FeaturePacks/FP_FirstPerson.upack)
[2025.04.10-02.49.42:484][  0]LogPakFile: OnPakFileMounted2Time == 0.000059
[2025.04.10-02.49.42:498][  0]LogPakFile: PakFile PrimaryIndexSize=189
[2025.04.10-02.49.42:498][  0]LogPakFile: PakFile PathHashIndexSize=101
[2025.04.10-02.49.42:498][  0]LogPakFile: PakFile FullDirectoryIndexSize=152
[2025.04.10-02.49.42:498][  0]LogShaderLibrary: Display: ShaderCodeLibraryPakFileMountedCallback: PakFile 'C:/Program Files/UE/UE_4.27/FeaturePacks/FP_FirstPersonBP.upack' (chunk index -1, root 'root:/') mounted
[2025.04.10-02.49.42:498][  0]LogShaderLibrary: Display: ShaderCodeLibraryPakFileMountedCallback: pending pak file info (ChunkID:-1 Root:root:/ File:C:/Program Files/UE/UE_4.27/FeaturePacks/FP_FirstPersonBP.upack)
[2025.04.10-02.49.42:498][  0]LogPakFile: OnPakFileMounted2Time == 0.000067
[2025.04.10-02.49.42:508][  0]LogPakFile: PakFile PrimaryIndexSize=191
[2025.04.10-02.49.42:508][  0]LogPakFile: PakFile PathHashIndexSize=101
[2025.04.10-02.49.42:508][  0]LogPakFile: PakFile FullDirectoryIndexSize=160
[2025.04.10-02.49.42:508][  0]LogShaderLibrary: Display: ShaderCodeLibraryPakFileMountedCallback: PakFile 'C:/Program Files/UE/UE_4.27/FeaturePacks/MobileStarterContent.upack' (chunk index -1, root 'root:/') mounted
[2025.04.10-02.49.42:508][  0]LogShaderLibrary: Display: ShaderCodeLibraryPakFileMountedCallback: pending pak file info (ChunkID:-1 Root:root:/ File:C:/Program Files/UE/UE_4.27/FeaturePacks/MobileStarterContent.upack)
[2025.04.10-02.49.42:508][  0]LogPakFile: OnPakFileMounted2Time == 0.000042
[2025.04.10-02.49.42:550][  0]LogPakFile: PakFile PrimaryIndexSize=185
[2025.04.10-02.49.42:550][  0]LogPakFile: PakFile PathHashIndexSize=101
[2025.04.10-02.49.42:550][  0]LogPakFile: PakFile FullDirectoryIndexSize=148
[2025.04.10-02.49.42:550][  0]LogShaderLibrary: Display: ShaderCodeLibraryPakFileMountedCallback: PakFile 'C:/Program Files/UE/UE_4.27/FeaturePacks/StarterContent.upack' (chunk index -1, root 'root:/') mounted
[2025.04.10-02.49.42:550][  0]LogShaderLibrary: Display: ShaderCodeLibraryPakFileMountedCallback: pending pak file info (ChunkID:-1 Root:root:/ File:C:/Program Files/UE/UE_4.27/FeaturePacks/StarterContent.upack)
[2025.04.10-02.49.42:550][  0]LogPakFile: OnPakFileMounted2Time == 0.000046
[2025.04.10-02.49.42:800][  0]LogPakFile: PakFile PrimaryIndexSize=190
[2025.04.10-02.49.42:800][  0]LogPakFile: PakFile PathHashIndexSize=101
[2025.04.10-02.49.42:800][  0]LogPakFile: PakFile FullDirectoryIndexSize=154
[2025.04.10-02.49.42:800][  0]LogShaderLibrary: Display: ShaderCodeLibraryPakFileMountedCallback: PakFile 'C:/Program Files/UE/UE_4.27/FeaturePacks/TP_2DSideScroller.upack' (chunk index -1, root 'root:/') mounted
[2025.04.10-02.49.42:800][  0]LogShaderLibrary: Display: ShaderCodeLibraryPakFileMountedCallback: pending pak file info (ChunkID:-1 Root:root:/ File:C:/Program Files/UE/UE_4.27/FeaturePacks/TP_2DSideScroller.upack)
[2025.04.10-02.49.42:800][  0]LogPakFile: OnPakFileMounted2Time == 0.000046
[2025.04.10-02.49.42:808][  0]LogPakFile: PakFile PrimaryIndexSize=192
[2025.04.10-02.49.42:808][  0]LogPakFile: PakFile PathHashIndexSize=101
[2025.04.10-02.49.42:808][  0]LogPakFile: PakFile FullDirectoryIndexSize=158
[2025.04.10-02.49.42:808][  0]LogShaderLibrary: Display: ShaderCodeLibraryPakFileMountedCallback: PakFile 'C:/Program Files/UE/UE_4.27/FeaturePacks/TP_2DSideScrollerBP.upack' (chunk index -1, root 'root:/') mounted
[2025.04.10-02.49.42:808][  0]LogShaderLibrary: Display: ShaderCodeLibraryPakFileMountedCallback: pending pak file info (ChunkID:-1 Root:root:/ File:C:/Program Files/UE/UE_4.27/FeaturePacks/TP_2DSideScrollerBP.upack)
[2025.04.10-02.49.42:808][  0]LogPakFile: OnPakFileMounted2Time == 0.000048
[2025.04.10-02.49.42:817][  0]LogPakFile: PakFile PrimaryIndexSize=182
[2025.04.10-02.49.42:817][  0]LogPakFile: PakFile PathHashIndexSize=101
[2025.04.10-02.49.42:817][  0]LogPakFile: PakFile FullDirectoryIndexSize=138
[2025.04.10-02.49.42:818][  0]LogShaderLibrary: Display: ShaderCodeLibraryPakFileMountedCallback: PakFile 'C:/Program Files/UE/UE_4.27/FeaturePacks/TP_Flying.upack' (chunk index -1, root 'root:/') mounted
[2025.04.10-02.49.42:818][  0]LogShaderLibrary: Display: ShaderCodeLibraryPakFileMountedCallback: pending pak file info (ChunkID:-1 Root:root:/ File:C:/Program Files/UE/UE_4.27/FeaturePacks/TP_Flying.upack)
[2025.04.10-02.49.42:818][  0]LogPakFile: OnPakFileMounted2Time == 0.000041
[2025.04.10-02.49.42:828][  0]LogPakFile: PakFile PrimaryIndexSize=184
[2025.04.10-02.49.42:829][  0]LogPakFile: PakFile PathHashIndexSize=101
[2025.04.10-02.49.42:829][  0]LogPakFile: PakFile FullDirectoryIndexSize=142
[2025.04.10-02.49.42:829][  0]LogShaderLibrary: Display: ShaderCodeLibraryPakFileMountedCallback: PakFile 'C:/Program Files/UE/UE_4.27/FeaturePacks/TP_FlyingBP.upack' (chunk index -1, root 'root:/') mounted
[2025.04.10-02.49.42:829][  0]LogShaderLibrary: Display: ShaderCodeLibraryPakFileMountedCallback: pending pak file info (ChunkID:-1 Root:root:/ File:C:/Program Files/UE/UE_4.27/FeaturePacks/TP_FlyingBP.upack)
[2025.04.10-02.49.42:829][  0]LogPakFile: OnPakFileMounted2Time == 0.000042
[2025.04.10-02.49.42:872][  0]LogPakFile: PakFile PrimaryIndexSize=188
[2025.04.10-02.49.42:872][  0]LogPakFile: PakFile PathHashIndexSize=101
[2025.04.10-02.49.42:872][  0]LogPakFile: PakFile FullDirectoryIndexSize=150
[2025.04.10-02.49.42:872][  0]LogShaderLibrary: Display: ShaderCodeLibraryPakFileMountedCallback: PakFile 'C:/Program Files/UE/UE_4.27/FeaturePacks/TP_HandheldARBP.upack' (chunk index -1, root 'root:/') mounted
[2025.04.10-02.49.42:872][  0]LogShaderLibrary: Display: ShaderCodeLibraryPakFileMountedCallback: pending pak file info (ChunkID:-1 Root:root:/ File:C:/Program Files/UE/UE_4.27/FeaturePacks/TP_HandheldARBP.upack)
[2025.04.10-02.49.42:872][  0]LogPakFile: OnPakFileMounted2Time == 0.000040
[2025.04.10-02.49.42:883][  0]LogPakFile: PakFile PrimaryIndexSize=182
[2025.04.10-02.49.42:883][  0]LogPakFile: PakFile PathHashIndexSize=101
[2025.04.10-02.49.42:883][  0]LogPakFile: PakFile FullDirectoryIndexSize=138
[2025.04.10-02.49.42:883][  0]LogShaderLibrary: Display: ShaderCodeLibraryPakFileMountedCallback: PakFile 'C:/Program Files/UE/UE_4.27/FeaturePacks/TP_Puzzle.upack' (chunk index -1, root 'root:/') mounted
[2025.04.10-02.49.42:883][  0]LogShaderLibrary: Display: ShaderCodeLibraryPakFileMountedCallback: pending pak file info (ChunkID:-1 Root:root:/ File:C:/Program Files/UE/UE_4.27/FeaturePacks/TP_Puzzle.upack)
[2025.04.10-02.49.42:883][  0]LogPakFile: OnPakFileMounted2Time == 0.000041
[2025.04.10-02.49.42:892][  0]LogPakFile: PakFile PrimaryIndexSize=184
[2025.04.10-02.49.42:892][  0]LogPakFile: PakFile PathHashIndexSize=101
[2025.04.10-02.49.42:892][  0]LogPakFile: PakFile FullDirectoryIndexSize=142
[2025.04.10-02.49.42:892][  0]LogShaderLibrary: Display: ShaderCodeLibraryPakFileMountedCallback: PakFile 'C:/Program Files/UE/UE_4.27/FeaturePacks/TP_PuzzleBP.upack' (chunk index -1, root 'root:/') mounted
[2025.04.10-02.49.42:892][  0]LogShaderLibrary: Display: ShaderCodeLibraryPakFileMountedCallback: pending pak file info (ChunkID:-1 Root:root:/ File:C:/Program Files/UE/UE_4.27/FeaturePacks/TP_PuzzleBP.upack)
[2025.04.10-02.49.42:892][  0]LogPakFile: OnPakFileMounted2Time == 0.000050
[2025.04.10-02.49.42:902][  0]LogPakFile: PakFile PrimaryIndexSize=183
[2025.04.10-02.49.42:902][  0]LogPakFile: PakFile PathHashIndexSize=101
[2025.04.10-02.49.42:902][  0]LogPakFile: PakFile FullDirectoryIndexSize=140
[2025.04.10-02.49.42:902][  0]LogShaderLibrary: Display: ShaderCodeLibraryPakFileMountedCallback: PakFile 'C:/Program Files/UE/UE_4.27/FeaturePacks/TP_Rolling.upack' (chunk index -1, root 'root:/') mounted
[2025.04.10-02.49.42:902][  0]LogShaderLibrary: Display: ShaderCodeLibraryPakFileMountedCallback: pending pak file info (ChunkID:-1 Root:root:/ File:C:/Program Files/UE/UE_4.27/FeaturePacks/TP_Rolling.upack)
[2025.04.10-02.49.42:902][  0]LogPakFile: OnPakFileMounted2Time == 0.000046
[2025.04.10-02.49.42:911][  0]LogPakFile: PakFile PrimaryIndexSize=185
[2025.04.10-02.49.42:911][  0]LogPakFile: PakFile PathHashIndexSize=101
[2025.04.10-02.49.42:911][  0]LogPakFile: PakFile FullDirectoryIndexSize=144
[2025.04.10-02.49.42:911][  0]LogShaderLibrary: Display: ShaderCodeLibraryPakFileMountedCallback: PakFile 'C:/Program Files/UE/UE_4.27/FeaturePacks/TP_RollingBP.upack' (chunk index -1, root 'root:/') mounted
[2025.04.10-02.49.42:911][  0]LogShaderLibrary: Display: ShaderCodeLibraryPakFileMountedCallback: pending pak file info (ChunkID:-1 Root:root:/ File:C:/Program Files/UE/UE_4.27/FeaturePacks/TP_RollingBP.upack)
[2025.04.10-02.49.42:911][  0]LogPakFile: OnPakFileMounted2Time == 0.000061
[2025.04.10-02.49.42:921][  0]LogPakFile: PakFile PrimaryIndexSize=188
[2025.04.10-02.49.42:921][  0]LogPakFile: PakFile PathHashIndexSize=101
[2025.04.10-02.49.42:921][  0]LogPakFile: PakFile FullDirectoryIndexSize=150
[2025.04.10-02.49.42:921][  0]LogShaderLibrary: Display: ShaderCodeLibraryPakFileMountedCallback: PakFile 'C:/Program Files/UE/UE_4.27/FeaturePacks/TP_SideScroller.upack' (chunk index -1, root 'root:/') mounted
[2025.04.10-02.49.42:921][  0]LogShaderLibrary: Display: ShaderCodeLibraryPakFileMountedCallback: pending pak file info (ChunkID:-1 Root:root:/ File:C:/Program Files/UE/UE_4.27/FeaturePacks/TP_SideScroller.upack)
[2025.04.10-02.49.42:921][  0]LogPakFile: OnPakFileMounted2Time == 0.000042
[2025.04.10-02.49.42:930][  0]LogPakFile: PakFile PrimaryIndexSize=190
[2025.04.10-02.49.42:930][  0]LogPakFile: PakFile PathHashIndexSize=101
[2025.04.10-02.49.42:930][  0]LogPakFile: PakFile FullDirectoryIndexSize=154
[2025.04.10-02.49.42:930][  0]LogShaderLibrary: Display: ShaderCodeLibraryPakFileMountedCallback: PakFile 'C:/Program Files/UE/UE_4.27/FeaturePacks/TP_SideScrollerBP.upack' (chunk index -1, root 'root:/') mounted
[2025.04.10-02.49.42:930][  0]LogShaderLibrary: Display: ShaderCodeLibraryPakFileMountedCallback: pending pak file info (ChunkID:-1 Root:root:/ File:C:/Program Files/UE/UE_4.27/FeaturePacks/TP_SideScrollerBP.upack)
[2025.04.10-02.49.42:930][  0]LogPakFile: OnPakFileMounted2Time == 0.000054
[2025.04.10-02.49.42:940][  0]LogPakFile: PakFile PrimaryIndexSize=187
[2025.04.10-02.49.42:940][  0]LogPakFile: PakFile PathHashIndexSize=101
[2025.04.10-02.49.42:940][  0]LogPakFile: PakFile FullDirectoryIndexSize=148
[2025.04.10-02.49.42:940][  0]LogShaderLibrary: Display: ShaderCodeLibraryPakFileMountedCallback: PakFile 'C:/Program Files/UE/UE_4.27/FeaturePacks/TP_ThirdPerson.upack' (chunk index -1, root 'root:/') mounted
[2025.04.10-02.49.42:940][  0]LogShaderLibrary: Display: ShaderCodeLibraryPakFileMountedCallback: pending pak file info (ChunkID:-1 Root:root:/ File:C:/Program Files/UE/UE_4.27/FeaturePacks/TP_ThirdPerson.upack)
[2025.04.10-02.49.42:940][  0]LogPakFile: OnPakFileMounted2Time == 0.000042
[2025.04.10-02.49.42:948][  0]LogPakFile: PakFile PrimaryIndexSize=189
[2025.04.10-02.49.42:948][  0]LogPakFile: PakFile PathHashIndexSize=101
[2025.04.10-02.49.42:948][  0]LogPakFile: PakFile FullDirectoryIndexSize=152
[2025.04.10-02.49.42:948][  0]LogShaderLibrary: Display: ShaderCodeLibraryPakFileMountedCallback: PakFile 'C:/Program Files/UE/UE_4.27/FeaturePacks/TP_ThirdPersonBP.upack' (chunk index -1, root 'root:/') mounted
[2025.04.10-02.49.42:948][  0]LogShaderLibrary: Display: ShaderCodeLibraryPakFileMountedCallback: pending pak file info (ChunkID:-1 Root:root:/ File:C:/Program Files/UE/UE_4.27/FeaturePacks/TP_ThirdPersonBP.upack)
[2025.04.10-02.49.42:948][  0]LogPakFile: OnPakFileMounted2Time == 0.000039
[2025.04.10-02.49.42:961][  0]LogPakFile: PakFile PrimaryIndexSize=183
[2025.04.10-02.49.42:961][  0]LogPakFile: PakFile PathHashIndexSize=101
[2025.04.10-02.49.42:961][  0]LogPakFile: PakFile FullDirectoryIndexSize=140
[2025.04.10-02.49.42:961][  0]LogShaderLibrary: Display: ShaderCodeLibraryPakFileMountedCallback: PakFile 'C:/Program Files/UE/UE_4.27/FeaturePacks/TP_TopDown.upack' (chunk index -1, root 'root:/') mounted
[2025.04.10-02.49.42:961][  0]LogShaderLibrary: Display: ShaderCodeLibraryPakFileMountedCallback: pending pak file info (ChunkID:-1 Root:root:/ File:C:/Program Files/UE/UE_4.27/FeaturePacks/TP_TopDown.upack)
[2025.04.10-02.49.42:962][  0]LogPakFile: OnPakFileMounted2Time == 0.000063
[2025.04.10-02.49.42:971][  0]LogPakFile: PakFile PrimaryIndexSize=185
[2025.04.10-02.49.42:972][  0]LogPakFile: PakFile PathHashIndexSize=101
[2025.04.10-02.49.42:972][  0]LogPakFile: PakFile FullDirectoryIndexSize=144
[2025.04.10-02.49.42:972][  0]LogShaderLibrary: Display: ShaderCodeLibraryPakFileMountedCallback: PakFile 'C:/Program Files/UE/UE_4.27/FeaturePacks/TP_TopDownBP.upack' (chunk index -1, root 'root:/') mounted
[2025.04.10-02.49.42:972][  0]LogShaderLibrary: Display: ShaderCodeLibraryPakFileMountedCallback: pending pak file info (ChunkID:-1 Root:root:/ File:C:/Program Files/UE/UE_4.27/FeaturePacks/TP_TopDownBP.upack)
[2025.04.10-02.49.42:972][  0]LogPakFile: OnPakFileMounted2Time == 0.000039
[2025.04.10-02.49.42:984][  0]LogPakFile: PakFile PrimaryIndexSize=185
[2025.04.10-02.49.42:984][  0]LogPakFile: PakFile PathHashIndexSize=101
[2025.04.10-02.49.42:984][  0]LogPakFile: PakFile FullDirectoryIndexSize=144
[2025.04.10-02.49.42:984][  0]LogShaderLibrary: Display: ShaderCodeLibraryPakFileMountedCallback: PakFile 'C:/Program Files/UE/UE_4.27/FeaturePacks/TP_TwinStick.upack' (chunk index -1, root 'root:/') mounted
[2025.04.10-02.49.42:984][  0]LogShaderLibrary: Display: ShaderCodeLibraryPakFileMountedCallback: pending pak file info (ChunkID:-1 Root:root:/ File:C:/Program Files/UE/UE_4.27/FeaturePacks/TP_TwinStick.upack)
[2025.04.10-02.49.42:984][  0]LogPakFile: OnPakFileMounted2Time == 0.000039
[2025.04.10-02.49.42:991][  0]LogPakFile: PakFile PrimaryIndexSize=187
[2025.04.10-02.49.42:991][  0]LogPakFile: PakFile PathHashIndexSize=101
[2025.04.10-02.49.42:991][  0]LogPakFile: PakFile FullDirectoryIndexSize=148
[2025.04.10-02.49.42:991][  0]LogShaderLibrary: Display: ShaderCodeLibraryPakFileMountedCallback: PakFile 'C:/Program Files/UE/UE_4.27/FeaturePacks/TP_TwinStickBP.upack' (chunk index -1, root 'root:/') mounted
[2025.04.10-02.49.42:992][  0]LogShaderLibrary: Display: ShaderCodeLibraryPakFileMountedCallback: pending pak file info (ChunkID:-1 Root:root:/ File:C:/Program Files/UE/UE_4.27/FeaturePacks/TP_TwinStickBP.upack)
[2025.04.10-02.49.42:992][  0]LogPakFile: OnPakFileMounted2Time == 0.000047
[2025.04.10-02.49.43:001][  0]LogPakFile: PakFile PrimaryIndexSize=183
[2025.04.10-02.49.43:001][  0]LogPakFile: PakFile PathHashIndexSize=101
[2025.04.10-02.49.43:001][  0]LogPakFile: PakFile FullDirectoryIndexSize=140
[2025.04.10-02.49.43:001][  0]LogShaderLibrary: Display: ShaderCodeLibraryPakFileMountedCallback: PakFile 'C:/Program Files/UE/UE_4.27/FeaturePacks/TP_Vehicle.upack' (chunk index -1, root 'root:/') mounted
[2025.04.10-02.49.43:001][  0]LogShaderLibrary: Display: ShaderCodeLibraryPakFileMountedCallback: pending pak file info (ChunkID:-1 Root:root:/ File:C:/Program Files/UE/UE_4.27/FeaturePacks/TP_Vehicle.upack)
[2025.04.10-02.49.43:001][  0]LogPakFile: OnPakFileMounted2Time == 0.000044
[2025.04.10-02.49.43:010][  0]LogPakFile: PakFile PrimaryIndexSize=186
[2025.04.10-02.49.43:010][  0]LogPakFile: PakFile PathHashIndexSize=101
[2025.04.10-02.49.43:010][  0]LogPakFile: PakFile FullDirectoryIndexSize=146
[2025.04.10-02.49.43:010][  0]LogShaderLibrary: Display: ShaderCodeLibraryPakFileMountedCallback: PakFile 'C:/Program Files/UE/UE_4.27/FeaturePacks/TP_VehicleAdv.upack' (chunk index -1, root 'root:/') mounted
[2025.04.10-02.49.43:010][  0]LogShaderLibrary: Display: ShaderCodeLibraryPakFileMountedCallback: pending pak file info (ChunkID:-1 Root:root:/ File:C:/Program Files/UE/UE_4.27/FeaturePacks/TP_VehicleAdv.upack)
[2025.04.10-02.49.43:010][  0]LogPakFile: OnPakFileMounted2Time == 0.000040
[2025.04.10-02.49.43:019][  0]LogPakFile: PakFile PrimaryIndexSize=188
[2025.04.10-02.49.43:019][  0]LogPakFile: PakFile PathHashIndexSize=101
[2025.04.10-02.49.43:019][  0]LogPakFile: PakFile FullDirectoryIndexSize=150
[2025.04.10-02.49.43:019][  0]LogShaderLibrary: Display: ShaderCodeLibraryPakFileMountedCallback: PakFile 'C:/Program Files/UE/UE_4.27/FeaturePacks/TP_VehicleAdvBP.upack' (chunk index -1, root 'root:/') mounted
[2025.04.10-02.49.43:019][  0]LogShaderLibrary: Display: ShaderCodeLibraryPakFileMountedCallback: pending pak file info (ChunkID:-1 Root:root:/ File:C:/Program Files/UE/UE_4.27/FeaturePacks/TP_VehicleAdvBP.upack)
[2025.04.10-02.49.43:019][  0]LogPakFile: OnPakFileMounted2Time == 0.000042
[2025.04.10-02.49.43:027][  0]LogPakFile: PakFile PrimaryIndexSize=185
[2025.04.10-02.49.43:027][  0]LogPakFile: PakFile PathHashIndexSize=101
[2025.04.10-02.49.43:027][  0]LogPakFile: PakFile FullDirectoryIndexSize=144
[2025.04.10-02.49.43:027][  0]LogShaderLibrary: Display: ShaderCodeLibraryPakFileMountedCallback: PakFile 'C:/Program Files/UE/UE_4.27/FeaturePacks/TP_VehicleBP.upack' (chunk index -1, root 'root:/') mounted
[2025.04.10-02.49.43:027][  0]LogShaderLibrary: Display: ShaderCodeLibraryPakFileMountedCallback: pending pak file info (ChunkID:-1 Root:root:/ File:C:/Program Files/UE/UE_4.27/FeaturePacks/TP_VehicleBP.upack)
[2025.04.10-02.49.43:027][  0]LogPakFile: OnPakFileMounted2Time == 0.000044
[2025.04.10-02.49.43:037][  0]LogPakFile: PakFile PrimaryIndexSize=192
[2025.04.10-02.49.43:037][  0]LogPakFile: PakFile PathHashIndexSize=101
[2025.04.10-02.49.43:037][  0]LogPakFile: PakFile FullDirectoryIndexSize=158
[2025.04.10-02.49.43:037][  0]LogShaderLibrary: Display: ShaderCodeLibraryPakFileMountedCallback: PakFile 'C:/Program Files/UE/UE_4.27/FeaturePacks/TP_VirtualRealityBP.upack' (chunk index -1, root 'root:/') mounted
[2025.04.10-02.49.43:037][  0]LogShaderLibrary: Display: ShaderCodeLibraryPakFileMountedCallback: pending pak file info (ChunkID:-1 Root:root:/ File:C:/Program Files/UE/UE_4.27/FeaturePacks/TP_VirtualRealityBP.upack)
[2025.04.10-02.49.43:037][  0]LogPakFile: OnPakFileMounted2Time == 0.000039
[2025.04.10-02.49.43:332][  0]LogNativeClassHierarchy: Verbose: Native class hierarchy updated for 'AddContentDialog' in 0.0003 seconds. Added 0 classes and 0 folders.
[2025.04.10-02.49.43:340][  0]LogNativeClassHierarchy: Verbose: Native class hierarchy updated for 'SceneOutliner' in 0.0003 seconds. Added 2 classes and 0 folders.
[2025.04.10-02.49.43:440][  0]LogSlate: Took 0.000365 seconds to synchronously load lazily loaded font '../../../Engine/Content/Slate/Fonts/Roboto-Regular.ttf' (155K)
[2025.04.10-02.49.43:450][  0]LogSlate: Took 0.009693 seconds to synchronously load lazily loaded font '../../../Engine/Content/Editor/Slate/Fonts/FontAwesome.ttf' (139K)
[2025.04.10-02.49.43:451][  0]LogSlate: Took 0.000253 seconds to synchronously load lazily loaded font '../../../Engine/Content/Slate/Fonts/Roboto-Bold.ttf' (160K)
[2025.04.10-02.49.43:595][  0]LogRenderer: Reallocating scene render targets to support 892x380 Format 10 NumSamples 1 (Frame:1).
[2025.04.10-02.49.43:640][  0]LogSlate: Took 0.008519 seconds to synchronously load lazily loaded font '../../../Engine/Content/Slate/Fonts/Roboto-Light.ttf' (167K)
[2025.04.10-02.49.43:716][  0]LogNativeClassHierarchy: Verbose: Native class hierarchy updated for 'HierarchicalLODOutliner' in 0.0004 seconds. Added 0 classes and 0 folders.
[2025.04.10-02.49.43:716][  0]LogInput: Warning: Action SetDestination uses invalid key OculusGo_Left_Trigger_Click.
[2025.04.10-02.49.43:716][  0]LogInput: Warning: Action ResetVR uses invalid key OculusGo_Left_Back_Click.
[2025.04.10-02.49.43:716][  0]LogInput: Warning: Use -RemoveInvalidKeys to remove instances of these keys from the action mapping.
[2025.04.10-02.49.43:716][  0]LogLoad: (Engine Initialization) Total time: 10.97 seconds
[2025.04.10-02.49.43:716][  0]LogLoad: (Engine Initialization) Total Blueprint compile time: 0.00 seconds
[2025.04.10-02.49.43:770][  0]LogAssetRegistry: Asset discovery search completed in 6.1005 seconds
[2025.04.10-02.49.43:776][  0]LogCollectionManager: Fixed up redirectors for 0 collections in 0.000003 seconds (updated 0 objects)
[2025.04.10-02.49.43:777][  0]LogContentStreaming: Texture pool size now 1000 MB
[2025.04.10-03.19.00:799][101]LogSlate: Window 'Save Level As' being destroyed
[2025.04.10-03.19.06:935][398]LogUObjectHash: Compacting FUObjectHashTables data took   1.28ms
[2025.04.10-03.19.06:948][398]LogSlate: Took 0.000899 seconds to synchronously load lazily loaded font '../../../Engine/Content/Slate/Fonts/Roboto-Light.ttf' (167K)
[2025.04.10-03.19.07:287][398]LogAssetEditorSubsystem: Opening Asset editor for World /Game/TopDownCPP/Maps/MainMenuLev.MainMenuLev
[2025.04.10-03.19.07:288][398]Cmd: MAP LOAD FILE="../../../../../../Unreal Projects/Top-Down-Puzzle/TopDownPuzzle/Content/TopDownCPP/Maps/MainMenuLev.umap" TEMPLATE=0 SHOWPROGRESS=1 FEATURELEVEL=3
[2025.04.10-03.19.07:289][398]LightingResults: New page: Lighting Build
[2025.04.10-03.19.07:300][398]LogNativeClassHierarchy: Verbose: Native class hierarchy updated for 'StatsViewer' in 0.0021 seconds. Added 6 classes and 0 folders.
[2025.04.10-03.19.07:300][398]LoadErrors: New page: Loading map: MainMenuLev.umap
[2025.04.10-03.19.07:305][398]LogWorld: UWorld::CleanupWorld for Untitled, bSessionEnded=true, bCleanupResources=true
[2025.04.10-03.19.07:308][398]LogSlate: InvalidateAllWidgets triggered.  All widgets were invalidated
[2025.04.10-03.19.07:313][398]MapCheck: New page: Map Check
[2025.04.10-03.19.07:313][398]LightingResults: New page: Lighting Build
[2025.04.10-03.19.07:320][398]LogAudio: Display: Audio Device unregistered from world 'None'.
[2025.04.10-03.19.07:341][398]LogUObjectHash: Compacting FUObjectHashTables data took   0.82ms
[2025.04.10-03.19.07:341][398]LogAudio: Display: Audio Device (ID: 1) registered with world 'MainMenuLev'.
[2025.04.10-03.19.07:535][398]LogEditorServer: Finished looking for orphan Actors (0.000 secs)
[2025.04.10-03.19.07:535][398]LogAIModule: Creating AISystem for world MainMenuLev
[2025.04.10-03.19.07:548][398]LogUObjectHash: Compacting FUObjectHashTables data took   0.74ms
[2025.04.10-03.19.09:343][398]Cmd: MAP CHECKDEP NOCLEARLOG
[2025.04.10-03.19.09:345][398]MapCheck: Map check complete: 0 Error(s), 0 Warning(s), took 2.282ms to complete.
[2025.04.10-03.19.09:345][398]LogFileHelpers: Loading map 'MainMenuLev' took 2.058
[2025.04.10-03.19.10:284][442]LogUObjectHash: Compacting FUObjectHashTables data took   0.92ms
[2025.04.10-03.19.10:394][442]LogSavePackage: Moving '../../../../../../Unreal Projects/Top-Down-Puzzle/TopDownPuzzle/Saved/MainMenuLev5F277A4B432611A71B31929C6955FDF4.tmp' to '../../../../../../Unreal Projects/Top-Down-Puzzle/TopDownPuzzle/Content/TopDownCPP/Maps/MainMenuLev.umap'
[2025.04.10-03.19.10:479][442]LogFileHelpers: Saving map 'MainMenuLev' took 0.207
[2025.04.10-03.19.10:494][442]AssetCheck: New page: Asset Save: MainMenuLev
[2025.04.10-03.19.10:495][442]LogContentValidation: Display: Validating World /Game/TopDownCPP/Maps/MainMenuLev.MainMenuLev
[2025.04.10-03.19.18:281][903]LogUObjectHash: Compacting FUObjectHashTables data took   0.27ms
[2025.04.10-03.19.19:092][903]LogAssetEditorSubsystem: Opening Asset editor for World /Game/TopDownCPP/Maps/Level1.Level1
[2025.04.10-03.19.19:092][903]Cmd: MAP LOAD FILE="../../../../../../Unreal Projects/Top-Down-Puzzle/TopDownPuzzle/Content/TopDownCPP/Maps/Level1.umap" TEMPLATE=0 SHOWPROGRESS=1 FEATURELEVEL=3
[2025.04.10-03.19.19:092][903]LightingResults: New page: Lighting Build
[2025.04.10-03.19.19:092][903]LoadErrors: New page: Loading map: Level1.umap
[2025.04.10-03.19.19:136][903]LogWorld: UWorld::CleanupWorld for MainMenuLev, bSessionEnded=true, bCleanupResources=true
[2025.04.10-03.19.19:136][903]LogSlate: InvalidateAllWidgets triggered.  All widgets were invalidated
[2025.04.10-03.19.19:137][903]MapCheck: New page: Map Check
[2025.04.10-03.19.19:137][903]LightingResults: New page: Lighting Build
[2025.04.10-03.19.19:144][903]LogAudio: Display: Audio Device unregistered from world 'None'.
[2025.04.10-03.19.19:152][903]LogUObjectHash: Compacting FUObjectHashTables data took   0.88ms
[2025.04.10-03.19.19:153][903]LogAudio: Display: Audio Device (ID: 1) registered with world 'Level1'.
[2025.04.10-03.19.19:326][903]LogEditorServer: Finished looking for orphan Actors (0.000 secs)
[2025.04.10-03.19.19:326][903]LogAIModule: Creating AISystem for world Level1
[2025.04.10-03.19.19:347][903]LogUObjectHash: Compacting FUObjectHashTables data took   1.14ms
[2025.04.10-03.19.19:371][903]Cmd: MAP CHECKDEP NOCLEARLOG
[2025.04.10-03.19.19:371][903]MapCheck: Map check complete: 0 Error(s), 0 Warning(s), took 0.199ms to complete.
[2025.04.10-03.19.19:371][903]LogFileHelpers: Loading map 'Level1' took 0.279
[2025.04.10-03.19.39:334][ 91]LogNavigationPoint: PostEditMove Clear paths rebuilt
[2025.04.10-03.19.44:007][371]LogNavigationPoint: PostEditMove Clear paths rebuilt
[2025.04.10-03.19.45:124][438]LogNavigationPoint: PostEditMove Clear paths rebuilt
[2025.04.10-03.19.48:259][626]LogNavigationPoint: PostEditMove Clear paths rebuilt
[2025.04.10-03.19.53:929][966]LogNavigationPoint: PostEditMove Clear paths rebuilt
[2025.04.10-03.19.54:465][996]LogUObjectHash: Compacting FUObjectHashTables data took   0.32ms
[2025.04.10-03.19.54:496][996]LogSavePackage: Moving '../../../../../../Unreal Projects/Top-Down-Puzzle/TopDownPuzzle/Saved/Level1579CC001400D43976B69E19F7E4605C3.tmp' to '../../../../../../Unreal Projects/Top-Down-Puzzle/TopDownPuzzle/Content/TopDownCPP/Maps/Level1.umap'
[2025.04.10-03.19.54:521][996]Cmd: OBJ SAVEPACKAGE PACKAGE="/Game/TopDownCPP/Maps/Level1_BuiltData" FILE="../../../../../../Unreal Projects/Top-Down-Puzzle/TopDownPuzzle/Content/TopDownCPP/Maps/Level1_BuiltData.uasset" SILENT=true
[2025.04.10-03.19.54:673][996]LogSavePackage: Moving '../../../../../../Unreal Projects/Top-Down-Puzzle/TopDownPuzzle/Saved/Level1_BuiltData0AD1EF1B414F659E73EB6183ED5BBF04.tmp' to '../../../../../../Unreal Projects/Top-Down-Puzzle/TopDownPuzzle/Content/TopDownCPP/Maps/Level1_BuiltData.uasset'
[2025.04.10-03.19.54:689][996]AssetCheck: New page: Asset Save: multiple assets
[2025.04.10-03.19.54:690][996]LogContentValidation: Display: Validating MapBuildDataRegistry /Game/TopDownCPP/Maps/Level1_BuiltData.Level1_BuiltData
[2025.04.10-03.19.54:690][996]LogContentValidation: Display: Validating World /Game/TopDownCPP/Maps/Level1.Level1
[2025.04.10-03.19.56:483][101]LogTemp: Repeating last play command: Selected Viewport
[2025.04.10-03.19.56:526][101]LogPlayLevel: PlayLevel: No blueprints needed recompiling
[2025.04.10-03.19.56:527][101]PIE: New page: PIE session: Level1 (09-Apr-2025, 7:19:56 pm)
[2025.04.10-03.19.56:537][101]LogOnline: OSS: Creating online subsystem instance for: NULL
[2025.04.10-03.19.56:539][101]LogOnline: OSS: TryLoadSubsystemAndSetDefault: Loaded subsystem for module [NULL]
[2025.04.10-03.19.56:540][101]LogPlayLevel: Creating play world package: /Game/TopDownCPP/Maps/UEDPIE_0_Level1
[2025.04.10-03.19.56:557][101]LogPlayLevel: PIE: StaticDuplicateObject took: (0.017184s)
[2025.04.10-03.19.56:559][101]LogAIModule: Creating AISystem for world Level1
[2025.04.10-03.19.56:560][101]LogPlayLevel: PIE: World Init took: (0.002489s)
[2025.04.10-03.19.56:561][101]LogPlayLevel: PIE: Created PIE world by copying editor world from /Game/TopDownCPP/Maps/Level1.Level1 to /Game/TopDownCPP/Maps/UEDPIE_0_Level1.Level1 (0.020512s)
[2025.04.10-03.19.56:567][101]LogUObjectHash: Compacting FUObjectHashTables data took   0.85ms
[2025.04.10-03.19.56:569][101]LogAudio: Display: Creating Audio Device:                 Id: 2, Scope: Unique, Realtime: True
[2025.04.10-03.19.56:569][101]LogAudioMixer: Display: Audio Mixer Platform Settings:
[2025.04.10-03.19.56:569][101]LogAudioMixer: Display: 	Sample Rate:						  48000
[2025.04.10-03.19.56:569][101]LogAudioMixer: Display: 	Callback Buffer Frame Size Requested: 1024
[2025.04.10-03.19.56:569][101]LogAudioMixer: Display: 	Callback Buffer Frame Size To Use:	  1024
[2025.04.10-03.19.56:569][101]LogAudioMixer: Display: 	Number of buffers to queue:			  2
[2025.04.10-03.19.56:569][101]LogAudioMixer: Display: 	Max Channels (voices):				  32
[2025.04.10-03.19.56:569][101]LogAudioMixer: Display: 	Number of Async Source Workers:		  0
[2025.04.10-03.19.56:569][101]LogAudio: Display: AudioDevice MaxSources: 32
[2025.04.10-03.19.56:570][101]LogAudio: Display: Audio Spatialization Plugin: None (built-in).
[2025.04.10-03.19.56:570][101]LogAudio: Display: Audio Reverb Plugin: None (built-in).
[2025.04.10-03.19.56:570][101]LogAudio: Display: Audio Occlusion Plugin: None (built-in).
[2025.04.10-03.19.56:570][101]LogAudioMixer: Display: Initializing audio mixer.
[2025.04.10-03.19.56:576][101]LogAudioMixer: Display: 0: FrontLeft
[2025.04.10-03.19.56:576][101]LogAudioMixer: Display: 1: FrontRight
[2025.04.10-03.19.56:595][101]LogAudioMixer: Display: Using Audio Device Headphone (Realtek(R) Audio)
[2025.04.10-03.19.56:595][101]LogAudioMixer: Display: Initializing Sound Submixes...
[2025.04.10-03.19.56:595][101]LogAudioMixer: Display: Creating Master Submix 'MasterSubmixDefault'
[2025.04.10-03.19.56:595][101]LogAudioMixer: Display: Creating Master Submix 'MasterReverbSubmixDefault'
[2025.04.10-03.19.56:596][101]LogAudioMixer: Display: Creating Master Submix 'MasterEQSubmixDefault'
[2025.04.10-03.19.56:596][101]LogAudioMixer: FMixerPlatformXAudio2::StartAudioStream() called
[2025.04.10-03.19.56:596][101]LogAudioMixer: Display: Output buffers initialized: Frames=1024, Channels=2, Samples=2048
[2025.04.10-03.19.56:597][101]LogAudioMixer: Display: Starting AudioMixerPlatformInterface::RunInternal()
[2025.04.10-03.19.56:597][101]LogAudioMixer: Display: FMixerPlatformXAudio2::SubmitBuffer() called for the first time
[2025.04.10-03.19.56:597][101]LogInit: FAudioDevice initialized.
[2025.04.10-03.19.56:597][101]LogAudio: Display: Audio Device (ID: 2) registered with world 'Level1'.
[2025.04.10-03.19.56:609][101]LogLoad: Game class is 'TopDownPuzzleGameMode'
[2025.04.10-03.19.56:617][101]LogWorld: Bringing World /Game/TopDownCPP/Maps/UEDPIE_0_Level1.Level1 up for play (max tick rate 60) at 2025.04.09-23.19.56
[2025.04.10-03.19.56:619][101]LogWorld: Bringing up level for play took: 0.003789
[2025.04.10-03.19.56:620][101]LogOnline: OSS: Creating online subsystem instance for: :Context_3
[2025.04.10-03.19.56:637][101]LogNativeClassHierarchy: Verbose: Native class hierarchy updated for 'MovieSceneCapture' in 0.0003 seconds. Added 20 classes and 0 folders.
[2025.04.10-03.19.56:648][101]PIE: Server logged in
[2025.04.10-03.19.56:650][101]PIE: Play in editor total start time 0.155 seconds.
[2025.04.10-03.19.56:691][101]LogAudio: Warning: Detected orphaned looping sound 'Level1_AudioCue'.
[2025.04.10-03.19.58:720][219]LogSlate: Updating window title bar state: overlay mode, drag disabled, window buttons hidden, title bar hidden
[2025.04.10-03.19.58:720][219]LogWorld: BeginTearingDown for /Game/TopDownCPP/Maps/UEDPIE_0_Level1
[2025.04.10-03.19.58:721][219]LogWorld: UWorld::CleanupWorld for Level1, bSessionEnded=true, bCleanupResources=true
[2025.04.10-03.19.58:722][219]LogSlate: InvalidateAllWidgets triggered.  All widgets were invalidated
[2025.04.10-03.19.58:766][219]LogPlayLevel: Display: Shutting down PIE online subsystems
[2025.04.10-03.19.58:779][219]LogSlate: InvalidateAllWidgets triggered.  All widgets were invalidated
[2025.04.10-03.19.58:784][219]LogSlate: Updating window title bar state: overlay mode, drag disabled, window buttons hidden, title bar hidden
[2025.04.10-03.19.58:785][219]LogAudioMixer: FMixerPlatformXAudio2::StopAudioStream() called
[2025.04.10-03.19.58:787][219]LogAudioMixer: FMixerPlatformXAudio2::StopAudioStream() called
[2025.04.10-03.19.58:793][219]LogUObjectHash: Compacting FUObjectHashTables data took   0.65ms
[2025.04.10-03.19.58:817][220]LogPlayLevel: Display: Destroying online subsystem :Context_3
[2025.04.10-03.20.01:771][391]MapCheck: New page: Map Check
[2025.04.10-03.20.01:849][391]LightingResults: New page: Lighting Build - 09-Apr-2025, 7:20:01 pm
[2025.04.10-03.20.02:649][391]LogSwarmInterface: [OpenConnection] Registering TCP channel ...
[2025.04.10-03.20.02:864][391]LogSwarmInterface: [OpenConnection] Connecting to agent ...
[2025.04.10-03.20.02:956][391]LogSwarmInterface: [TryOpenConnection] Testing the Agent
[2025.04.10-03.20.05:634][391]LogSwarmInterface: [TryOpenConnection] Opening Connection to Agent
[2025.04.10-03.20.05:634][391]LogSwarmInterface: [TryOpenConnection] Local Process ID is 19740
[2025.04.10-03.20.47:766][391]LogStaticLightingSystem: Running Lightmass w/ ImmediateImport mode ENABLED
[2025.04.10-03.20.47:766][391]LogStaticLightingSystem: Running Lightmass w/ ImmediateProcess mode ENABLED
[2025.04.10-03.20.47:766][391]LogStaticLightingSystem: Running Lightmass w/ Sorting mode ENABLED
[2025.04.10-03.20.47:766][391]LogStaticLightingSystem: Running Lightmass w/ Mapping paddings ENABLED
[2025.04.10-03.20.47:766][391]LogStaticLightingSystem: Running Lightmass w/ Mapping debug paddings DISABLED
[2025.04.10-03.20.48:074][391]LogEditorBuildUtils: Build time 0:46
[2025.04.10-03.20.48:190][392]LogShaderCompilers: Display: === FShaderJobCache stats ===
[2025.04.10-03.20.48:190][392]LogShaderCompilers: Display: Total job queries 0, among them cache hits 0 (0.00%)
[2025.04.10-03.20.48:190][392]LogShaderCompilers: Display: Tracking 0 distinct input hashes that result in 0 distinct outputs (0.00%)
[2025.04.10-03.20.48:190][392]LogShaderCompilers: Display: RAM used: 0.00 MB (0.00 GB) of 819.20 MB (0.80 GB) budget. Usage: 0.00%
[2025.04.10-03.20.48:190][392]LogShaderCompilers: Display: ================================================
[2025.04.10-03.20.48:278][394]LogUObjectHash: Compacting FUObjectHashTables data took   1.23ms
[2025.04.10-03.21.01:023][751]Job is a success!
[2025.04.10-03.21.01:697][753]LogVolumetricLightmapImport: Imported Volumetric Lightmap in 0.059s
[2025.04.10-03.21.01:698][753]LogVolumetricLightmapImport:      Indirection Texture 16x16x16 = 0.0Mb
[2025.04.10-03.21.01:698][753]LogVolumetricLightmapImport:      BrickData (all levels) 0.0Mb (trimmed 0.1Mb due to 0.010000 MinBrickError)
[2025.04.10-03.21.01:698][753]LogVolumetricLightmapImport:      Bricks at depth
[2025.04.10-03.21.01:698][753]LogVolumetricLightmapImport:          0: 10.0% covering 100.0% of volume
[2025.04.10-03.21.01:698][753]LogVolumetricLightmapImport:          1: 40.0% covering 6.2% of volume
[2025.04.10-03.21.01:698][753]LogVolumetricLightmapImport:          2: 50.0% covering 0.1% of volume
[2025.04.10-03.21.01:698][753]LogVolumetricLightmapImport:      Bricks in each level
[2025.04.10-03.21.01:698][753]LogVolumetricLightmapImport:          Level1 			 10 bricks 	 100.0% (Persistent Level)
[2025.04.10-03.21.02:088][753]LogTexture: Display: Building textures: SkyOcclusion0_1 (OODLE_AutoDXT, 1024X512)
[2025.04.10-03.21.02:090][753]LogTexture: Display: Building textures: LQ_Lightmap_0_2 (OODLE_DXT1, 512X512)
[2025.04.10-03.21.02:090][753]LogTexture: Display: Building textures: HQ_Lightmap0_2 (OODLE_AutoDXT, 512X512)
[2025.04.10-03.21.02:090][753]LogTexture: Display: Building textures: HQ_Lightmap0_1 (OODLE_AutoDXT, 1024X1024)
[2025.04.10-03.21.02:090][753]LogTexture: Display: Building textures: LQ_Lightmap_0_1 (OODLE_DXT1, 1024X1024)
[2025.04.10-03.21.02:090][753]LogTexture: Display: Building textures: SkyOcclusion0_2 (OODLE_AutoDXT, 512X256)
[2025.04.10-03.21.02:090][753]LogTextureFormatOodle: Display: non-RDO encode 1024 x 512 x 1 to format OODLE_AutoDXT (Oodle OodleTex_BC3) lambda=0 effort=20 
[2025.04.10-03.21.02:090][753]LogTextureFormatOodle: Display: non-RDO encode 1024 x 1024 x 1 to format OODLE_DXT1 (Oodle OodleTex_BC1_WithTransparency) lambda=0 effort=20 
[2025.04.10-03.21.02:090][753]LogTexture: Display: Building textures: SkyOcclusion0_3 (OODLE_AutoDXT, 64X32)
[2025.04.10-03.21.02:090][753]LogTexture: Display: Building textures: HQ_Lightmap0_3 (OODLE_AutoDXT, 64X64)
[2025.04.10-03.21.02:091][753]LogTextureFormatOodle: Display: non-RDO encode 1024 x 1024 x 1 to format OODLE_AutoDXT (Oodle OodleTex_BC3) lambda=0 effort=20 
[2025.04.10-03.21.02:091][753]LogTexture: Display: Building textures: LQ_Lightmap_0_3 (OODLE_DXT1, 64X64)
[2025.04.10-03.21.02:287][753]LogTexture: Display: Building textures: ShadowMapTexture2D_3 (G8, 32X32)
[2025.04.10-03.21.09:001][753]LogTexture: Display: Building textures: ShadowMapTexture2D_2 (BGRA8, 1024X1024)
[2025.04.10-03.21.09:002][753]Lightmass on LAPTOP-EJ2DB2HV: 6.39 sec total, 463 ms importing, 229 ms setup, 808 ms photons, 4.70 sec processing, 0 ms extra exporting [28/28 mappings]. Threads: 32.8 sec total, 9.43 sec processing.
[2025.04.10-03.21.09:004][753]LogStaticLightingSystem: Level1_BuiltData storing lightmap data for 28 meshes in 3 LightmapResourceClusters (9.3 Meshes per cluster).
[2025.04.10-03.21.09:020][753]LogUObjectHash: Compacting FUObjectHashTables data took   0.82ms
[2025.04.10-03.21.09:040][753]LogStaticLightingSystem: Illumination: 1:06 min (348 ms encoding lightmaps, 354 ms encoding shadowmaps)
[2025.04.10-03.21.09:040][753]LogStaticLightingSystem: Lightmap texture memory:  3.3 MB (3.3 MB streaming, 0.0 MB non-streaming), 6 textures
[2025.04.10-03.21.09:040][753]LogStaticLightingSystem: Shadowmap texture memory: 5.3 MB (5.3 MB streaming, 0.0 MB non-streaming), 2 textures
[2025.04.10-03.21.09:715][753]DumpUnbuiltLightIteractions
[2025.04.10-03.21.09:715][753]Lights with unbuilt interactions: 0
[2025.04.10-03.21.09:715][753]
[2025.04.10-03.21.09:715][753]Primitives with unbuilt interactions: 0
[2025.04.10-03.21.09:935][753]LogTexture: Display: Building textures: NewReflectionComponentTexture1C2275DB4506BBF8D9D185B8BB421FE1 (BGRA8, 128X128)
[2025.04.10-03.21.09:999][754]Cmd: MAP CHECK NOTIFYRESULTS
[2025.04.10-03.21.09:999][754]MapCheck: New page: Level1 - 09-Apr-2025, 7:21:09 pm
[2025.04.10-03.21.10:002][754]MapCheck: Map check complete: 0 Error(s), 0 Warning(s), took 2.579ms to complete.
[2025.04.10-03.21.13:075][935]LogTemp: Repeating last play command: Selected Viewport
[2025.04.10-03.21.13:086][935]LogPlayLevel: PlayLevel: No blueprints needed recompiling
[2025.04.10-03.21.13:086][935]PIE: New page: PIE session: Level1 (09-Apr-2025, 7:21:13 pm)
[2025.04.10-03.21.13:086][935]LogPlayLevel: Creating play world package: /Game/TopDownCPP/Maps/UEDPIE_0_Level1
[2025.04.10-03.21.13:099][935]LogPlayLevel: PIE: StaticDuplicateObject took: (0.012812s)
[2025.04.10-03.21.13:100][935]LogAIModule: Creating AISystem for world Level1
[2025.04.10-03.21.13:100][935]LogPlayLevel: PIE: World Init took: (0.001079s)
[2025.04.10-03.21.13:100][935]LogPlayLevel: PIE: Created PIE world by copying editor world from /Game/TopDownCPP/Maps/Level1.Level1 to /Game/TopDownCPP/Maps/UEDPIE_0_Level1.Level1 (0.014034s)
[2025.04.10-03.21.13:138][935]LogUObjectHash: Compacting FUObjectHashTables data took   0.66ms
[2025.04.10-03.21.13:139][935]LogAudio: Display: Creating Audio Device:                 Id: 3, Scope: Unique, Realtime: True
[2025.04.10-03.21.13:139][935]LogAudioMixer: Display: Audio Mixer Platform Settings:
[2025.04.10-03.21.13:139][935]LogAudioMixer: Display: 	Sample Rate:						  48000
[2025.04.10-03.21.13:139][935]LogAudioMixer: Display: 	Callback Buffer Frame Size Requested: 1024
[2025.04.10-03.21.13:139][935]LogAudioMixer: Display: 	Callback Buffer Frame Size To Use:	  1024
[2025.04.10-03.21.13:139][935]LogAudioMixer: Display: 	Number of buffers to queue:			  2
[2025.04.10-03.21.13:139][935]LogAudioMixer: Display: 	Max Channels (voices):				  32
[2025.04.10-03.21.13:139][935]LogAudioMixer: Display: 	Number of Async Source Workers:		  0
[2025.04.10-03.21.13:139][935]LogAudio: Display: AudioDevice MaxSources: 32
[2025.04.10-03.21.13:139][935]LogAudio: Display: Audio Spatialization Plugin: None (built-in).
[2025.04.10-03.21.13:139][935]LogAudio: Display: Audio Reverb Plugin: None (built-in).
[2025.04.10-03.21.13:139][935]LogAudio: Display: Audio Occlusion Plugin: None (built-in).
[2025.04.10-03.21.13:139][935]LogAudioMixer: Display: Initializing audio mixer.
[2025.04.10-03.21.13:144][935]LogAudioMixer: Display: 0: FrontLeft
[2025.04.10-03.21.13:144][935]LogAudioMixer: Display: 1: FrontRight
[2025.04.10-03.21.13:158][935]LogAudioMixer: Display: Using Audio Device Headphone (Realtek(R) Audio)
[2025.04.10-03.21.13:158][935]LogAudioMixer: Display: Initializing Sound Submixes...
[2025.04.10-03.21.13:158][935]LogAudioMixer: Display: Creating Master Submix 'MasterSubmixDefault'
[2025.04.10-03.21.13:159][935]LogAudioMixer: Display: Creating Master Submix 'MasterReverbSubmixDefault'
[2025.04.10-03.21.13:159][935]LogAudioMixer: Display: Creating Master Submix 'MasterEQSubmixDefault'
[2025.04.10-03.21.13:159][935]LogAudioMixer: FMixerPlatformXAudio2::StartAudioStream() called
[2025.04.10-03.21.13:159][935]LogAudioMixer: Display: Output buffers initialized: Frames=1024, Channels=2, Samples=2048
[2025.04.10-03.21.13:160][935]LogAudioMixer: Display: Starting AudioMixerPlatformInterface::RunInternal()
[2025.04.10-03.21.13:160][935]LogAudioMixer: Display: FMixerPlatformXAudio2::SubmitBuffer() called for the first time
[2025.04.10-03.21.13:160][935]LogInit: FAudioDevice initialized.
[2025.04.10-03.21.13:160][935]LogAudio: Display: Audio Device (ID: 3) registered with world 'Level1'.
[2025.04.10-03.21.13:167][935]LogLoad: Game class is 'TopDownPuzzleGameMode'
[2025.04.10-03.21.13:169][935]LogWorld: Bringing World /Game/TopDownCPP/Maps/UEDPIE_0_Level1.Level1 up for play (max tick rate 60) at 2025.04.09-23.21.13
[2025.04.10-03.21.13:170][935]LogWorld: Bringing up level for play took: 0.001488
[2025.04.10-03.21.13:170][935]LogOnline: OSS: Creating online subsystem instance for: :Context_4
[2025.04.10-03.21.13:173][935]PIE: Server logged in
[2025.04.10-03.21.13:173][935]PIE: Play in editor total start time 0.091 seconds.
[2025.04.10-03.21.13:203][935]LogAudio: Warning: Detected orphaned looping sound 'Level1_AudioCue'.
[2025.04.10-03.21.18:821][267]LogSlate: Updating window title bar state: overlay mode, drag disabled, window buttons hidden, title bar hidden
[2025.04.10-03.21.18:821][267]LogWorld: BeginTearingDown for /Game/TopDownCPP/Maps/UEDPIE_0_Level1
[2025.04.10-03.21.18:821][267]LogWorld: UWorld::CleanupWorld for Level1, bSessionEnded=true, bCleanupResources=true
[2025.04.10-03.21.18:822][267]LogSlate: InvalidateAllWidgets triggered.  All widgets were invalidated
[2025.04.10-03.21.18:831][267]LogPlayLevel: Display: Shutting down PIE online subsystems
[2025.04.10-03.21.18:845][267]LogSlate: InvalidateAllWidgets triggered.  All widgets were invalidated
[2025.04.10-03.21.18:850][267]LogAudio: Display: Audio Device unregistered from world 'None'.
[2025.04.10-03.21.18:850][267]LogAudioMixer: FMixerPlatformXAudio2::StopAudioStream() called
[2025.04.10-03.21.18:851][267]LogAudioMixer: FMixerPlatformXAudio2::StopAudioStream() called
[2025.04.10-03.21.18:854][267]LogSlate: Updating window title bar state: overlay mode, drag disabled, window buttons hidden, title bar hidden
[2025.04.10-03.21.18:856][267]LogUObjectHash: Compacting FUObjectHashTables data took   0.63ms
[2025.04.10-03.21.18:899][269]LogPlayLevel: Display: Destroying online subsystem :Context_4
[2025.04.10-03.21.21:230][407]LogUObjectHash: Compacting FUObjectHashTables data took   0.67ms
[2025.04.10-03.21.21:297][407]LogSavePackage: Moving '../../../../../../Unreal Projects/Top-Down-Puzzle/TopDownPuzzle/Saved/Level14F5FFF42447A09E096BE9AA99C49CE27.tmp' to '../../../../../../Unreal Projects/Top-Down-Puzzle/TopDownPuzzle/Content/TopDownCPP/Maps/Level1.umap'
[2025.04.10-03.21.21:306][407]Cmd: OBJ SAVEPACKAGE PACKAGE="/Game/TopDownCPP/Maps/Level1_BuiltData" FILE="../../../../../../Unreal Projects/Top-Down-Puzzle/TopDownPuzzle/Content/TopDownCPP/Maps/Level1_BuiltData.uasset" SILENT=true
[2025.04.10-03.21.21:409][407]LogSavePackage: Moving '../../../../../../Unreal Projects/Top-Down-Puzzle/TopDownPuzzle/Saved/Level1_BuiltDataCE4362DC4463347ED96185B2C434053C.tmp' to '../../../../../../Unreal Projects/Top-Down-Puzzle/TopDownPuzzle/Content/TopDownCPP/Maps/Level1_BuiltData.uasset'
[2025.04.10-03.21.21:425][407]AssetCheck: New page: Asset Save: multiple assets
[2025.04.10-03.21.21:426][407]LogContentValidation: Display: Validating MapBuildDataRegistry /Game/TopDownCPP/Maps/Level1_BuiltData.Level1_BuiltData
[2025.04.10-03.21.21:426][407]LogContentValidation: Display: Validating World /Game/TopDownCPP/Maps/Level1.Level1
[2025.04.10-03.21.24:170][571]LogUObjectHash: Compacting FUObjectHashTables data took   0.35ms
[2025.04.10-03.21.24:228][571]LogAssetEditorSubsystem: Opening Asset editor for World /Game/TopDownCPP/Maps/MainMenuLev.MainMenuLev
[2025.04.10-03.21.24:228][571]Cmd: MAP LOAD FILE="../../../../../../Unreal Projects/Top-Down-Puzzle/TopDownPuzzle/Content/TopDownCPP/Maps/MainMenuLev.umap" TEMPLATE=0 SHOWPROGRESS=1 FEATURELEVEL=3
[2025.04.10-03.21.24:228][571]LightingResults: New page: Lighting Build
[2025.04.10-03.21.24:228][571]LoadErrors: New page: Loading map: MainMenuLev.umap
[2025.04.10-03.21.24:254][571]LogWorld: UWorld::CleanupWorld for Level1, bSessionEnded=true, bCleanupResources=true
[2025.04.10-03.21.24:255][571]LogSlate: InvalidateAllWidgets triggered.  All widgets were invalidated
[2025.04.10-03.21.24:255][571]MapCheck: New page: Map Check
[2025.04.10-03.21.24:255][571]LightingResults: New page: Lighting Build
[2025.04.10-03.21.24:260][571]LogAudio: Display: Audio Device unregistered from world 'None'.
[2025.04.10-03.21.24:262][571]LogUObjectHash: Compacting FUObjectHashTables data took   0.89ms
[2025.04.10-03.21.24:264][571]LogAudio: Display: Audio Device (ID: 1) registered with world 'MainMenuLev'.
[2025.04.10-03.21.24:318][571]LogEditorServer: Finished looking for orphan Actors (0.000 secs)
[2025.04.10-03.21.24:318][571]LogAIModule: Creating AISystem for world MainMenuLev
[2025.04.10-03.21.24:324][571]LogUObjectHash: Compacting FUObjectHashTables data took   0.59ms
[2025.04.10-03.21.24:342][571]Cmd: MAP CHECKDEP NOCLEARLOG
[2025.04.10-03.21.24:342][571]MapCheck: Map check complete: 0 Error(s), 0 Warning(s), took 0.217ms to complete.
[2025.04.10-03.21.24:342][571]LogFileHelpers: Loading map 'MainMenuLev' took 0.114
[2025.04.10-03.21.30:529][923]LogPlayLevel: PlayLevel: No blueprints needed recompiling
[2025.04.10-03.21.30:529][923]PIE: New page: PIE session: MainMenuLev (09-Apr-2025, 7:21:30 pm)
[2025.04.10-03.21.30:530][923]LogPlayLevel: Creating play world package: /Game/TopDownCPP/Maps/UEDPIE_0_MainMenuLev
[2025.04.10-03.21.30:534][923]LogPlayLevel: PIE: StaticDuplicateObject took: (0.003917s)
[2025.04.10-03.21.30:535][923]LogAIModule: Creating AISystem for world MainMenuLev
[2025.04.10-03.21.30:535][923]LogPlayLevel: PIE: World Init took: (0.001344s)
[2025.04.10-03.21.30:535][923]LogPlayLevel: PIE: Created PIE world by copying editor world from /Game/TopDownCPP/Maps/MainMenuLev.MainMenuLev to /Game/TopDownCPP/Maps/UEDPIE_0_MainMenuLev.MainMenuLev (0.005437s)
[2025.04.10-03.21.30:541][923]LogUObjectHash: Compacting FUObjectHashTables data took   0.77ms
[2025.04.10-03.21.30:542][923]LogAudio: Display: Creating Audio Device:                 Id: 4, Scope: Unique, Realtime: True
[2025.04.10-03.21.30:542][923]LogAudioMixer: Display: Audio Mixer Platform Settings:
[2025.04.10-03.21.30:542][923]LogAudioMixer: Display: 	Sample Rate:						  48000
[2025.04.10-03.21.30:542][923]LogAudioMixer: Display: 	Callback Buffer Frame Size Requested: 1024
[2025.04.10-03.21.30:542][923]LogAudioMixer: Display: 	Callback Buffer Frame Size To Use:	  1024
[2025.04.10-03.21.30:542][923]LogAudioMixer: Display: 	Number of buffers to queue:			  2
[2025.04.10-03.21.30:542][923]LogAudioMixer: Display: 	Max Channels (voices):				  32
[2025.04.10-03.21.30:542][923]LogAudioMixer: Display: 	Number of Async Source Workers:		  0
[2025.04.10-03.21.30:542][923]LogAudio: Display: AudioDevice MaxSources: 32
[2025.04.10-03.21.30:542][923]LogAudio: Display: Audio Spatialization Plugin: None (built-in).
[2025.04.10-03.21.30:543][923]LogAudio: Display: Audio Reverb Plugin: None (built-in).
[2025.04.10-03.21.30:543][923]LogAudio: Display: Audio Occlusion Plugin: None (built-in).
[2025.04.10-03.21.30:543][923]LogAudioMixer: Display: Initializing audio mixer.
[2025.04.10-03.21.30:546][923]LogAudioMixer: Display: 0: FrontLeft
[2025.04.10-03.21.30:546][923]LogAudioMixer: Display: 1: FrontRight
[2025.04.10-03.21.30:561][923]LogAudioMixer: Display: Using Audio Device Headphone (Realtek(R) Audio)
[2025.04.10-03.21.30:561][923]LogAudioMixer: Display: Initializing Sound Submixes...
[2025.04.10-03.21.30:562][923]LogAudioMixer: Display: Creating Master Submix 'MasterSubmixDefault'
[2025.04.10-03.21.30:562][923]LogAudioMixer: Display: Creating Master Submix 'MasterReverbSubmixDefault'
[2025.04.10-03.21.30:562][923]LogAudioMixer: Display: Creating Master Submix 'MasterEQSubmixDefault'
[2025.04.10-03.21.30:562][923]LogAudioMixer: FMixerPlatformXAudio2::StartAudioStream() called
[2025.04.10-03.21.30:562][923]LogAudioMixer: Display: Output buffers initialized: Frames=1024, Channels=2, Samples=2048
[2025.04.10-03.21.30:562][923]LogAudioMixer: Display: Starting AudioMixerPlatformInterface::RunInternal()
[2025.04.10-03.21.30:562][923]LogAudioMixer: Display: FMixerPlatformXAudio2::SubmitBuffer() called for the first time
[2025.04.10-03.21.30:562][923]LogInit: FAudioDevice initialized.
[2025.04.10-03.21.30:562][923]LogAudio: Display: Audio Device (ID: 4) registered with world 'MainMenuLev'.
[2025.04.10-03.21.30:645][923]LogSlate: Updating window title bar state: overlay mode, drag disabled, window buttons hidden, title bar hidden
[2025.04.10-03.21.30:654][923]LogLoad: Game class is 'NewGameMode_C'
[2025.04.10-03.21.30:655][923]LogWorld: Bringing World /Game/TopDownCPP/Maps/UEDPIE_0_MainMenuLev.MainMenuLev up for play (max tick rate 60) at 2025.04.09-23.21.30
[2025.04.10-03.21.30:655][923]LogWorld: Bringing up level for play took: 0.000987
[2025.04.10-03.21.30:656][923]LogOnline: OSS: Creating online subsystem instance for: :Context_5
[2025.04.10-03.21.30:662][923]LogSpawn: Warning: SpawnActor failed because of collision at the spawn location [X=0.000 Y=0.000 Z=0.000] for [MainMenuCharacter_C]
[2025.04.10-03.21.30:662][923]LogGameMode: Warning: SpawnDefaultPawnAtTransform: Couldn't spawn Pawn of type MainMenuCharacter_C at Rotation: Pitch 0.000000 Yaw 0.000000 Roll 0.000000
Translation: 0.000000 0.000000 0.000000
Scale3D: 1.000000 1.000000 1.000000

[2025.04.10-03.21.30:689][923]PIE: Server logged in
[2025.04.10-03.21.30:690][923]PIE: Play in editor total start time 0.164 seconds.
[2025.04.10-03.21.30:784][924]LogRenderer: Reallocating scene render targets to support 1528x784 Format 10 NumSamples 1 (Frame:1).
[2025.04.10-03.21.31:863][987]LogNet: Browse: /Game/TopDownCPP/Maps/Tutorial1
[2025.04.10-03.21.31:864][987]LogLoad: LoadMap: /Game/TopDownCPP/Maps/Tutorial1
[2025.04.10-03.21.31:864][987]LogWorld: BeginTearingDown for /Game/TopDownCPP/Maps/UEDPIE_0_MainMenuLev
[2025.04.10-03.21.31:865][987]LogWorld: UWorld::CleanupWorld for MainMenuLev, bSessionEnded=true, bCleanupResources=true
[2025.04.10-03.21.31:865][987]LogSlate: InvalidateAllWidgets triggered.  All widgets were invalidated
[2025.04.10-03.21.31:880][987]LogAudio: Display: Audio Device unregistered from world 'None'.
[2025.04.10-03.21.31:882][987]LogUObjectHash: Compacting FUObjectHashTables data took   0.67ms
[2025.04.10-03.21.31:972][987]LogAudio: Display: Audio Device (ID: 4) registered with world 'Tutorial1'.
[2025.04.10-03.21.31:973][987]LogAIModule: Creating AISystem for world Tutorial1
[2025.04.10-03.21.31:973][987]LogLoad: Game class is 'TopDownPuzzleGameMode'
[2025.04.10-03.21.32:029][987]LogWorld: Bringing World /Game/TopDownCPP/Maps/UEDPIE_0_Tutorial1.Tutorial1 up for play (max tick rate 60) at 2025.04.09-23.21.32
[2025.04.10-03.21.32:030][987]LogWorld: Bringing up level for play took: 0.055104
[2025.04.10-03.21.32:033][987]LogLoad: Took 0.168885 seconds to LoadMap(/Game/TopDownCPP/Maps/Tutorial1)
[2025.04.10-03.21.35:433][188]LogTemp: Warning: Player entered the door!
[2025.04.10-03.21.35:447][189]LogNet: Browse: /Game/TopDownCPP/Maps/Level1
[2025.04.10-03.21.35:447][189]LogLoad: LoadMap: /Game/TopDownCPP/Maps/Level1
[2025.04.10-03.21.35:447][189]LogWorld: BeginTearingDown for /Game/TopDownCPP/Maps/UEDPIE_0_Tutorial1
[2025.04.10-03.21.35:447][189]LogWorld: UWorld::CleanupWorld for Tutorial1, bSessionEnded=true, bCleanupResources=true
[2025.04.10-03.21.35:448][189]LogSlate: InvalidateAllWidgets triggered.  All widgets were invalidated
[2025.04.10-03.21.35:484][189]LogAudio: Display: Audio Device unregistered from world 'None'.
[2025.04.10-03.21.35:486][189]LogUObjectHash: Compacting FUObjectHashTables data took   0.68ms
[2025.04.10-03.21.35:502][189]LogAudio: Display: Audio Device (ID: 4) registered with world 'Level1'.
[2025.04.10-03.21.35:503][189]LogAIModule: Creating AISystem for world Level1
[2025.04.10-03.21.35:503][189]LogLoad: Game class is 'TopDownPuzzleGameMode'
[2025.04.10-03.21.35:566][189]LogWorld: Bringing World /Game/TopDownCPP/Maps/UEDPIE_0_Level1.Level1 up for play (max tick rate 60) at 2025.04.09-23.21.35
[2025.04.10-03.21.35:566][189]LogWorld: Bringing up level for play took: 0.063304
[2025.04.10-03.21.35:569][189]LogLoad: Took 0.121855 seconds to LoadMap(/Game/TopDownCPP/Maps/Level1)
[2025.04.10-03.21.35:605][189]LogAudio: Warning: Detected orphaned looping sound 'Level1_AudioCue'.
[2025.04.10-03.21.59:587][620]LogSlate: Updating window title bar state: overlay mode, drag disabled, window buttons hidden, title bar hidden
[2025.04.10-03.21.59:587][620]LogWorld: BeginTearingDown for /Game/TopDownCPP/Maps/UEDPIE_0_Level1
[2025.04.10-03.21.59:587][620]LogSlate: Window 'TopDownPuzzle Preview [NetMode: Standalone]  (64-bit/Windows) ' being destroyed
[2025.04.10-03.21.59:594][620]LogWorld: UWorld::CleanupWorld for Level1, bSessionEnded=true, bCleanupResources=true
[2025.04.10-03.21.59:595][620]LogSlate: InvalidateAllWidgets triggered.  All widgets were invalidated
[2025.04.10-03.21.59:606][620]LogPlayLevel: Display: Shutting down PIE online subsystems
[2025.04.10-03.21.59:610][620]LogSlate: InvalidateAllWidgets triggered.  All widgets were invalidated
[2025.04.10-03.21.59:630][620]LogAudio: Display: Audio Device unregistered from world 'None'.
[2025.04.10-03.21.59:630][620]LogAudioMixer: FMixerPlatformXAudio2::StopAudioStream() called
[2025.04.10-03.21.59:633][620]LogAudioMixer: FMixerPlatformXAudio2::StopAudioStream() called
[2025.04.10-03.21.59:640][620]LogUObjectHash: Compacting FUObjectHashTables data took   0.76ms
[2025.04.10-03.21.59:657][621]LogPlayLevel: Display: Destroying online subsystem :Context_5
[2025.04.10-03.22.05:642][979]LogUObjectHash: Compacting FUObjectHashTables data took   0.66ms
[2025.04.10-03.22.05:724][979]LogAssetEditorSubsystem: Opening Asset editor for World /Game/TopDownCPP/Maps/Tutorial1.Tutorial1
[2025.04.10-03.22.05:724][979]Cmd: MAP LOAD FILE="../../../../../../Unreal Projects/Top-Down-Puzzle/TopDownPuzzle/Content/TopDownCPP/Maps/Tutorial1.umap" TEMPLATE=0 SHOWPROGRESS=1 FEATURELEVEL=3
[2025.04.10-03.22.05:724][979]LightingResults: New page: Lighting Build
[2025.04.10-03.22.05:724][979]LoadErrors: New page: Loading map: Tutorial1.umap
[2025.04.10-03.22.05:775][979]LogWorld: UWorld::CleanupWorld for MainMenuLev, bSessionEnded=true, bCleanupResources=true
[2025.04.10-03.22.05:775][979]LogSlate: InvalidateAllWidgets triggered.  All widgets were invalidated
[2025.04.10-03.22.05:775][979]MapCheck: New page: Map Check
[2025.04.10-03.22.05:776][979]LightingResults: New page: Lighting Build
[2025.04.10-03.22.05:784][979]LogAudio: Display: Audio Device unregistered from world 'None'.
[2025.04.10-03.22.05:788][979]LogUObjectHash: Compacting FUObjectHashTables data took   1.41ms
[2025.04.10-03.22.05:789][979]LogAudio: Display: Audio Device (ID: 1) registered with world 'Tutorial1'.
[2025.04.10-03.22.05:852][979]LogEditorServer: Finished looking for orphan Actors (0.000 secs)
[2025.04.10-03.22.05:852][979]LogAIModule: Creating AISystem for world Tutorial1
[2025.04.10-03.22.05:859][979]LogUObjectHash: Compacting FUObjectHashTables data took   0.63ms
[2025.04.10-03.22.05:873][979]Cmd: MAP CHECKDEP NOCLEARLOG
[2025.04.10-03.22.05:874][979]MapCheck: Map check complete: 0 Error(s), 0 Warning(s), took 0.777ms to complete.
[2025.04.10-03.22.05:874][979]LogFileHelpers: Loading map 'Tutorial1' took 0.150
[2025.04.10-03.22.15:863][576]LogNavigationPoint: PostEditMove Clear paths rebuilt
[2025.04.10-03.22.17:346][665]LogNavigationPoint: PostEditMove Clear paths rebuilt
[2025.04.10-03.22.18:913][759]LogNavigationPoint: PostEditMove Clear paths rebuilt
[2025.04.10-03.22.19:475][791]LogUObjectHash: Compacting FUObjectHashTables data took   0.30ms
[2025.04.10-03.22.19:527][791]LogSavePackage: Moving '../../../../../../Unreal Projects/Top-Down-Puzzle/TopDownPuzzle/Saved/Tutorial18966A1D241743F0C4680E1AE2407CFD1.tmp' to '../../../../../../Unreal Projects/Top-Down-Puzzle/TopDownPuzzle/Content/TopDownCPP/Maps/Tutorial1.umap'
[2025.04.10-03.22.19:678][791]LogSavePackage: Moving '../../../../../../Unreal Projects/Top-Down-Puzzle/TopDownPuzzle/Saved/Tutorial1_BuiltData41D3FA2F4C05CE3AC645309A1B06FFEC.tmp' to '../../../../../../Unreal Projects/Top-Down-Puzzle/TopDownPuzzle/Content/TopDownCPP/Maps/Tutorial1_BuiltData.uasset'
[2025.04.10-03.22.19:700][791]AssetCheck: New page: Asset Save: multiple assets
[2025.04.10-03.22.19:700][791]LogContentValidation: Display: Validating World /Game/TopDownCPP/Maps/Tutorial1.Tutorial1
[2025.04.10-03.22.19:700][791]LogContentValidation: Display: Validating MapBuildDataRegistry /Game/TopDownCPP/Maps/Tutorial1_BuiltData.Tutorial1_BuiltData
[2025.04.10-03.22.22:994][987]LogTemp: Repeating last play command: New Editor Window (PIE)
[2025.04.10-03.22.23:004][987]LogPlayLevel: PlayLevel: No blueprints needed recompiling
[2025.04.10-03.22.23:004][987]PIE: New page: PIE session: Tutorial1 (09-Apr-2025, 7:22:23 pm)
[2025.04.10-03.22.23:004][987]LogPlayLevel: Creating play world package: /Game/TopDownCPP/Maps/UEDPIE_0_Tutorial1
[2025.04.10-03.22.23:017][987]LogPlayLevel: PIE: StaticDuplicateObject took: (0.012433s)
[2025.04.10-03.22.23:018][987]LogAIModule: Creating AISystem for world Tutorial1
[2025.04.10-03.22.23:018][987]LogPlayLevel: PIE: World Init took: (0.001085s)
[2025.04.10-03.22.23:018][987]LogPlayLevel: PIE: Created PIE world by copying editor world from /Game/TopDownCPP/Maps/Tutorial1.Tutorial1 to /Game/TopDownCPP/Maps/UEDPIE_0_Tutorial1.Tutorial1 (0.013652s)
[2025.04.10-03.22.23:024][987]LogUObjectHash: Compacting FUObjectHashTables data took   0.77ms
[2025.04.10-03.22.23:025][987]LogAudio: Display: Creating Audio Device:                 Id: 5, Scope: Unique, Realtime: True
[2025.04.10-03.22.23:025][987]LogAudioMixer: Display: Audio Mixer Platform Settings:
[2025.04.10-03.22.23:025][987]LogAudioMixer: Display: 	Sample Rate:						  48000
[2025.04.10-03.22.23:025][987]LogAudioMixer: Display: 	Callback Buffer Frame Size Requested: 1024
[2025.04.10-03.22.23:025][987]LogAudioMixer: Display: 	Callback Buffer Frame Size To Use:	  1024
[2025.04.10-03.22.23:025][987]LogAudioMixer: Display: 	Number of buffers to queue:			  2
[2025.04.10-03.22.23:025][987]LogAudioMixer: Display: 	Max Channels (voices):				  32
[2025.04.10-03.22.23:025][987]LogAudioMixer: Display: 	Number of Async Source Workers:		  0
[2025.04.10-03.22.23:025][987]LogAudio: Display: AudioDevice MaxSources: 32
[2025.04.10-03.22.23:025][987]LogAudio: Display: Audio Spatialization Plugin: None (built-in).
[2025.04.10-03.22.23:025][987]LogAudio: Display: Audio Reverb Plugin: None (built-in).
[2025.04.10-03.22.23:025][987]LogAudio: Display: Audio Occlusion Plugin: None (built-in).
[2025.04.10-03.22.23:025][987]LogAudioMixer: Display: Initializing audio mixer.
[2025.04.10-03.22.23:030][987]LogAudioMixer: Display: 0: FrontLeft
[2025.04.10-03.22.23:030][987]LogAudioMixer: Display: 1: FrontRight
[2025.04.10-03.22.23:044][987]LogAudioMixer: Display: Using Audio Device Headphone (Realtek(R) Audio)
[2025.04.10-03.22.23:045][987]LogAudioMixer: Display: Initializing Sound Submixes...
[2025.04.10-03.22.23:045][987]LogAudioMixer: Display: Creating Master Submix 'MasterSubmixDefault'
[2025.04.10-03.22.23:045][987]LogAudioMixer: Display: Creating Master Submix 'MasterReverbSubmixDefault'
[2025.04.10-03.22.23:045][987]LogAudioMixer: Display: Creating Master Submix 'MasterEQSubmixDefault'
[2025.04.10-03.22.23:045][987]LogAudioMixer: FMixerPlatformXAudio2::StartAudioStream() called
[2025.04.10-03.22.23:045][987]LogAudioMixer: Display: Output buffers initialized: Frames=1024, Channels=2, Samples=2048
[2025.04.10-03.22.23:046][987]LogAudioMixer: Display: Starting AudioMixerPlatformInterface::RunInternal()
[2025.04.10-03.22.23:046][987]LogAudioMixer: Display: FMixerPlatformXAudio2::SubmitBuffer() called for the first time
[2025.04.10-03.22.23:046][987]LogInit: FAudioDevice initialized.
[2025.04.10-03.22.23:046][987]LogAudio: Display: Audio Device (ID: 5) registered with world 'Tutorial1'.
[2025.04.10-03.22.23:071][987]LogSlate: Updating window title bar state: overlay mode, drag disabled, window buttons hidden, title bar hidden
[2025.04.10-03.22.23:071][987]LogLoad: Game class is 'TopDownPuzzleGameMode'
[2025.04.10-03.22.23:074][987]LogWorld: Bringing World /Game/TopDownCPP/Maps/UEDPIE_0_Tutorial1.Tutorial1 up for play (max tick rate 60) at 2025.04.09-23.22.23
[2025.04.10-03.22.23:075][987]LogWorld: Bringing up level for play took: 0.003196
[2025.04.10-03.22.23:075][987]LogOnline: OSS: Creating online subsystem instance for: :Context_6
[2025.04.10-03.22.23:080][987]PIE: Server logged in
[2025.04.10-03.22.23:083][987]PIE: Play in editor total start time 0.082 seconds.
[2025.04.10-03.22.36:936][814]LogSlate: Updating window title bar state: overlay mode, drag disabled, window buttons hidden, title bar hidden
[2025.04.10-03.22.36:936][814]LogWorld: BeginTearingDown for /Game/TopDownCPP/Maps/UEDPIE_0_Tutorial1
[2025.04.10-03.22.36:937][814]LogSlate: Window 'TopDownPuzzle Preview [NetMode: Standalone]  (64-bit/Windows) ' being destroyed
[2025.04.10-03.22.36:960][814]LogWorld: UWorld::CleanupWorld for Tutorial1, bSessionEnded=true, bCleanupResources=true
[2025.04.10-03.22.36:962][814]LogSlate: InvalidateAllWidgets triggered.  All widgets were invalidated
[2025.04.10-03.22.36:977][814]LogPlayLevel: Display: Shutting down PIE online subsystems
[2025.04.10-03.22.36:988][814]LogSlate: InvalidateAllWidgets triggered.  All widgets were invalidated
[2025.04.10-03.22.36:994][814]LogAudioMixer: FMixerPlatformXAudio2::StopAudioStream() called
[2025.04.10-03.22.36:995][814]LogAudioMixer: FMixerPlatformXAudio2::StopAudioStream() called
[2025.04.10-03.22.37:000][814]LogUObjectHash: Compacting FUObjectHashTables data took   0.66ms
[2025.04.10-03.22.37:023][815]LogPlayLevel: Display: Destroying online subsystem :Context_6
[2025.04.10-03.22.40:001][993]LogNavigationPoint: PostEditMove Clear paths rebuilt
[2025.04.10-03.22.42:223][124]LogTemp: Repeating last play command: New Editor Window (PIE)
[2025.04.10-03.22.42:235][124]LogPlayLevel: PlayLevel: No blueprints needed recompiling
[2025.04.10-03.22.42:236][124]PIE: New page: PIE session: Tutorial1 (09-Apr-2025, 7:22:42 pm)
[2025.04.10-03.22.42:236][124]LogPlayLevel: Creating play world package: /Game/TopDownCPP/Maps/UEDPIE_0_Tutorial1
[2025.04.10-03.22.42:272][124]LogPlayLevel: PIE: StaticDuplicateObject took: (0.036818s)
[2025.04.10-03.22.42:273][124]LogAIModule: Creating AISystem for world Tutorial1
[2025.04.10-03.22.42:273][124]LogPlayLevel: PIE: World Init took: (0.001099s)
[2025.04.10-03.22.42:274][124]LogPlayLevel: PIE: Created PIE world by copying editor world from /Game/TopDownCPP/Maps/Tutorial1.Tutorial1 to /Game/TopDownCPP/Maps/UEDPIE_0_Tutorial1.Tutorial1 (0.038073s)
[2025.04.10-03.22.42:279][124]LogUObjectHash: Compacting FUObjectHashTables data took   0.62ms
[2025.04.10-03.22.42:279][124]LogAudio: Display: Creating Audio Device:                 Id: 6, Scope: Unique, Realtime: True
[2025.04.10-03.22.42:279][124]LogAudioMixer: Display: Audio Mixer Platform Settings:
[2025.04.10-03.22.42:279][124]LogAudioMixer: Display: 	Sample Rate:						  48000
[2025.04.10-03.22.42:279][124]LogAudioMixer: Display: 	Callback Buffer Frame Size Requested: 1024
[2025.04.10-03.22.42:279][124]LogAudioMixer: Display: 	Callback Buffer Frame Size To Use:	  1024
[2025.04.10-03.22.42:279][124]LogAudioMixer: Display: 	Number of buffers to queue:			  2
[2025.04.10-03.22.42:279][124]LogAudioMixer: Display: 	Max Channels (voices):				  32
[2025.04.10-03.22.42:279][124]LogAudioMixer: Display: 	Number of Async Source Workers:		  0
[2025.04.10-03.22.42:279][124]LogAudio: Display: AudioDevice MaxSources: 32
[2025.04.10-03.22.42:280][124]LogAudio: Display: Audio Spatialization Plugin: None (built-in).
[2025.04.10-03.22.42:280][124]LogAudio: Display: Audio Reverb Plugin: None (built-in).
[2025.04.10-03.22.42:280][124]LogAudio: Display: Audio Occlusion Plugin: None (built-in).
[2025.04.10-03.22.42:280][124]LogAudioMixer: Display: Initializing audio mixer.
[2025.04.10-03.22.42:283][124]LogAudioMixer: Display: 0: FrontLeft
[2025.04.10-03.22.42:283][124]LogAudioMixer: Display: 1: FrontRight
[2025.04.10-03.22.42:297][124]LogAudioMixer: Display: Using Audio Device Headphone (Realtek(R) Audio)
[2025.04.10-03.22.42:297][124]LogAudioMixer: Display: Initializing Sound Submixes...
[2025.04.10-03.22.42:297][124]LogAudioMixer: Display: Creating Master Submix 'MasterSubmixDefault'
[2025.04.10-03.22.42:297][124]LogAudioMixer: Display: Creating Master Submix 'MasterReverbSubmixDefault'
[2025.04.10-03.22.42:297][124]LogAudioMixer: Display: Creating Master Submix 'MasterEQSubmixDefault'
[2025.04.10-03.22.42:297][124]LogAudioMixer: FMixerPlatformXAudio2::StartAudioStream() called
[2025.04.10-03.22.42:297][124]LogAudioMixer: Display: Output buffers initialized: Frames=1024, Channels=2, Samples=2048
[2025.04.10-03.22.42:298][124]LogAudioMixer: Display: Starting AudioMixerPlatformInterface::RunInternal()
[2025.04.10-03.22.42:299][124]LogAudioMixer: Display: FMixerPlatformXAudio2::SubmitBuffer() called for the first time
[2025.04.10-03.22.42:299][124]LogInit: FAudioDevice initialized.
[2025.04.10-03.22.42:299][124]LogAudio: Display: Audio Device (ID: 6) registered with world 'Tutorial1'.
[2025.04.10-03.22.42:332][124]LogSlate: Updating window title bar state: overlay mode, drag disabled, window buttons hidden, title bar hidden
[2025.04.10-03.22.42:332][124]LogLoad: Game class is 'TopDownPuzzleGameMode'
[2025.04.10-03.22.42:334][124]LogWorld: Bringing World /Game/TopDownCPP/Maps/UEDPIE_0_Tutorial1.Tutorial1 up for play (max tick rate 60) at 2025.04.09-23.22.42
[2025.04.10-03.22.42:335][124]LogWorld: Bringing up level for play took: 0.002083
[2025.04.10-03.22.42:335][124]LogOnline: OSS: Creating online subsystem instance for: :Context_7
[2025.04.10-03.22.42:342][124]PIE: Server logged in
[2025.04.10-03.22.42:343][124]PIE: Play in editor total start time 0.112 seconds.
[2025.04.10-03.22.48:526][489]LogSlate: Updating window title bar state: overlay mode, drag disabled, window buttons hidden, title bar hidden
[2025.04.10-03.22.48:526][489]LogWorld: BeginTearingDown for /Game/TopDownCPP/Maps/UEDPIE_0_Tutorial1
[2025.04.10-03.22.48:526][489]LogSlate: Window 'TopDownPuzzle Preview [NetMode: Standalone]  (64-bit/Windows) ' being destroyed
[2025.04.10-03.22.48:554][489]LogWorld: UWorld::CleanupWorld for Tutorial1, bSessionEnded=true, bCleanupResources=true
[2025.04.10-03.22.48:555][489]LogSlate: InvalidateAllWidgets triggered.  All widgets were invalidated
[2025.04.10-03.22.48:562][489]LogPlayLevel: Display: Shutting down PIE online subsystems
[2025.04.10-03.22.48:577][489]LogSlate: InvalidateAllWidgets triggered.  All widgets were invalidated
[2025.04.10-03.22.48:583][489]LogAudioMixer: FMixerPlatformXAudio2::StopAudioStream() called
[2025.04.10-03.22.48:584][489]LogAudioMixer: FMixerPlatformXAudio2::StopAudioStream() called
[2025.04.10-03.22.48:590][489]LogUObjectHash: Compacting FUObjectHashTables data took   0.65ms
[2025.04.10-03.22.48:613][490]LogPlayLevel: Display: Destroying online subsystem :Context_7
[2025.04.10-03.22.49:821][561]LogUObjectHash: Compacting FUObjectHashTables data took   0.60ms
[2025.04.10-03.22.49:843][561]LogSavePackage: Moving '../../../../../../Unreal Projects/Top-Down-Puzzle/TopDownPuzzle/Saved/Tutorial142681D0641F96EDDF4C4989AB1AB4EEC.tmp' to '../../../../../../Unreal Projects/Top-Down-Puzzle/TopDownPuzzle/Content/TopDownCPP/Maps/Tutorial1.umap'
[2025.04.10-03.22.49:947][561]LogSavePackage: Moving '../../../../../../Unreal Projects/Top-Down-Puzzle/TopDownPuzzle/Saved/Tutorial1_BuiltDataC3577F314DAF722DAD5FEB9CAD671238.tmp' to '../../../../../../Unreal Projects/Top-Down-Puzzle/TopDownPuzzle/Content/TopDownCPP/Maps/Tutorial1_BuiltData.uasset'
[2025.04.10-03.22.49:959][561]AssetCheck: New page: Asset Save: multiple assets
[2025.04.10-03.22.49:959][561]LogContentValidation: Display: Validating World /Game/TopDownCPP/Maps/Tutorial1.Tutorial1
[2025.04.10-03.22.49:959][561]LogContentValidation: Display: Validating MapBuildDataRegistry /Game/TopDownCPP/Maps/Tutorial1_BuiltData.Tutorial1_BuiltData
[2025.04.10-03.22.55:530][893]LogUObjectHash: Compacting FUObjectHashTables data took   0.29ms
[2025.04.10-03.22.55:553][893]LogSavePackage: Moving '../../../../../../Unreal Projects/Top-Down-Puzzle/TopDownPuzzle/Saved/Tutorial193D7D16C434C8176E92FC9B3CD49B8E7.tmp' to '../../../../../../Unreal Projects/Top-Down-Puzzle/TopDownPuzzle/Content/TopDownCPP/Maps/Tutorial1.umap'
[2025.04.10-03.22.55:658][893]LogSavePackage: Moving '../../../../../../Unreal Projects/Top-Down-Puzzle/TopDownPuzzle/Saved/Tutorial1_BuiltData0645FC0B409107644CB9AE9FD6575338.tmp' to '../../../../../../Unreal Projects/Top-Down-Puzzle/TopDownPuzzle/Content/TopDownCPP/Maps/Tutorial1_BuiltData.uasset'
[2025.04.10-03.22.55:670][893]AssetCheck: New page: Asset Save: multiple assets
[2025.04.10-03.22.55:670][893]LogContentValidation: Display: Validating World /Game/TopDownCPP/Maps/Tutorial1.Tutorial1
[2025.04.10-03.22.55:670][893]LogContentValidation: Display: Validating MapBuildDataRegistry /Game/TopDownCPP/Maps/Tutorial1_BuiltData.Tutorial1_BuiltData
[2025.04.10-03.22.57:002][972]LogUObjectHash: Compacting FUObjectHashTables data took   0.27ms
[2025.04.10-03.22.57:053][972]LogSlate: Window 'TopDownPuzzle - Unreal Editor' being destroyed
[2025.04.10-03.22.58:230][973]Cmd: QUIT_EDITOR
[2025.04.10-03.22.58:230][973]LogCore: Engine exit requested (reason: UUnrealEdEngine::CloseEditor())
[2025.04.10-03.22.58:239][973]LogCore: Engine exit requested (reason: EngineExit() was called; note: exit was already requested)
[2025.04.10-03.22.58:717][973]LogAudio: Display: Beginning Audio Device Manager Shutdown (Module: AudioMixerXAudio2)...
[2025.04.10-03.22.58:717][973]LogAudio: Display: Destroying 1 Remaining Audio Device(s)...
[2025.04.10-03.22.58:717][973]LogAudio: Display: Audio Device unregistered from world 'Tutorial1'.
[2025.04.10-03.22.58:717][973]LogAudioMixer: FMixerPlatformXAudio2::StopAudioStream() called
[2025.04.10-03.22.58:718][973]LogAudioMixer: FMixerPlatformXAudio2::StopAudioStream() called
[2025.04.10-03.22.59:016][973]LogAudio: Display: Audio Device Manager Shutdown
[2025.04.10-03.22.59:044][973]LogWindowsTextInputMethodSystem: Display: IME system deactivated.
[2025.04.10-03.22.59:116][973]LogExit: Preparing to exit.
[2025.04.10-03.22.59:951][973]LogUObjectHash: Compacting FUObjectHashTables data took   1.44ms
[2025.04.10-03.23.00:534][973]LogWorld: UWorld::CleanupWorld for World_0, bSessionEnded=true, bCleanupResources=true
[2025.04.10-03.23.00:535][973]LogWorld: UWorld::CleanupWorld for World_1, bSessionEnded=true, bCleanupResources=true
[2025.04.10-03.23.00:840][973]LogDemo: Cleaned up 0 splitscreen connections with owner deletion
[2025.04.10-03.23.00:892][973]LogExit: Editor shut down
[2025.04.10-03.23.00:905][973]LogExit: Transaction tracking system shut down
[2025.04.10-03.23.03:208][973]LogExit: Object subsystem successfully closed.
[2025.04.10-03.23.03:478][973]LogShaderCompilers: Display: === FShaderJobCache stats ===
[2025.04.10-03.23.03:478][973]LogShaderCompilers: Display: Total job queries 0, among them cache hits 0 (0.00%)
[2025.04.10-03.23.03:478][973]LogShaderCompilers: Display: Tracking 0 distinct input hashes that result in 0 distinct outputs (0.00%)
[2025.04.10-03.23.03:478][973]LogShaderCompilers: Display: RAM used: 0.00 MB (0.00 GB) of 819.20 MB (0.80 GB) budget. Usage: 0.00%
[2025.04.10-03.23.03:478][973]LogShaderCompilers: Display: ================================================
[2025.04.10-03.23.03:639][973]LogShaderCompilers: Display: Shaders left to compile 0
[2025.04.10-03.23.04:483][973]LogModuleManager: Shutting down and abandoning module MovieSceneCapture (876)
[2025.04.10-03.23.04:483][973]LogModuleManager: Shutting down and abandoning module Voice (874)
[2025.04.10-03.23.04:484][973]LogModuleManager: Shutting down and abandoning module StatsViewer (872)
[2025.04.10-03.23.04:485][973]LogModuleManager: Shutting down and abandoning module HierarchicalLODOutliner (870)
[2025.04.10-03.23.04:496][973]LogModuleManager: Shutting down and abandoning module SceneOutliner (868)
[2025.04.10-03.23.04:496][973]LogModuleManager: Shutting down and abandoning module AddContentDialog (866)
[2025.04.10-03.23.04:710][973]LogModuleManager: Shutting down and abandoning module WidgetCarousel (865)
[2025.04.10-03.23.04:710][973]LogModuleManager: Shutting down and abandoning module EditorWidgets (862)
[2025.04.10-03.23.04:710][973]LogModuleManager: Shutting down and abandoning module PIEPreviewDeviceProfileSelector (860)
[2025.04.10-03.23.04:711][973]LogModuleManager: Shutting down and abandoning module SequenceRecorderSections (858)
[2025.04.10-03.23.04:711][973]LogModuleManager: Shutting down and abandoning module AutomationWorker (856)
[2025.04.10-03.23.04:712][973]LogModuleManager: Shutting down and abandoning module SteamVREditor (854)
[2025.04.10-03.23.04:713][973]LogModuleManager: Shutting down and abandoning module OculusMR (852)
[2025.04.10-03.23.04:713][973]LogModuleManager: Shutting down and abandoning module TakeRecorderSources (850)
[2025.04.10-03.23.04:718][973]LogModuleManager: Shutting down and abandoning module TakeRecorder (849)
[2025.04.10-03.23.04:739][973]LogModuleManager: Shutting down and abandoning module TakeTrackRecorders (846)
[2025.04.10-03.23.04:740][973]LogModuleManager: Shutting down and abandoning module TakesCore (844)
[2025.04.10-03.23.04:741][973]LogModuleManager: Shutting down and abandoning module OpenXRInput (842)
[2025.04.10-03.23.04:773][973]LogModuleManager: Shutting down and abandoning module GooglePADEditor (840)
[2025.04.10-03.23.04:773][973]LogModuleManager: Shutting down and abandoning module AudioCaptureEditor (838)
[2025.04.10-03.23.04:774][973]LogModuleManager: Shutting down and abandoning module TemplateSequenceEditor (836)
[2025.04.10-03.23.04:778][973]LogModuleManager: Shutting down and abandoning module LevelSequenceEditor (834)
[2025.04.10-03.23.04:843][973]LogModuleManager: Shutting down and abandoning module MatineeToLevelSequence (832)
[2025.04.10-03.23.04:852][973]LogModuleManager: Shutting down and abandoning module ActorSequenceEditor (830)
[2025.04.10-03.23.04:854][973]LogModuleManager: Shutting down and abandoning module WmfMediaFactory (828)
[2025.04.10-03.23.04:854][973]LogModuleManager: Shutting down and abandoning module WmfMediaEditor (826)
[2025.04.10-03.23.04:854][973]LogModuleManager: Shutting down and abandoning module WebMMediaFactory (824)
[2025.04.10-03.23.04:854][973]LogModuleManager: Shutting down and abandoning module WebMMediaEditor (822)
[2025.04.10-03.23.04:854][973]LogModuleManager: Shutting down and abandoning module WebMMedia (820)
[2025.04.10-03.23.04:855][973]LogModuleManager: Shutting down and abandoning module MediaPlayerEditor (818)
[2025.04.10-03.23.04:856][973]LogModuleManager: Shutting down and abandoning module MediaCompositingEditor (816)
[2025.04.10-03.23.04:858][973]LogModuleManager: Shutting down and abandoning module SequenceRecorder (815)
[2025.04.10-03.23.04:859][973]LogModuleManager: Shutting down and abandoning module OpenExrWrapper (812)
[2025.04.10-03.23.04:859][973]LogModuleManager: Shutting down and abandoning module ImgMediaFactory (810)
[2025.04.10-03.23.04:859][973]LogModuleManager: Shutting down and abandoning module ImgMediaEditor (808)
[2025.04.10-03.23.04:860][973]LogModuleManager: Shutting down and abandoning module AvfMediaFactory (806)
[2025.04.10-03.23.04:860][973]LogModuleManager: Shutting down and abandoning module AvfMediaEditor (804)
[2025.04.10-03.23.04:860][973]LogModuleManager: Shutting down and abandoning module AndroidMediaFactory (802)
[2025.04.10-03.23.04:860][973]LogModuleManager: Shutting down and abandoning module AndroidMediaEditor (800)
[2025.04.10-03.23.04:860][973]LogModuleManager: Shutting down and abandoning module PlanarCut (798)
[2025.04.10-03.23.04:860][973]LogModuleManager: Shutting down and abandoning module CharacterAI (796)
[2025.04.10-03.23.04:860][973]LogModuleManager: Shutting down and abandoning module MagicLeapMediaCodecFactory (794)
[2025.04.10-03.23.04:861][973]LogModuleManager: Shutting down and abandoning module MagicLeapMediaFactory (792)
[2025.04.10-03.23.04:861][973]LogModuleManager: Shutting down and abandoning module MagicLeapMediaEditor (790)
[2025.04.10-03.23.04:861][973]LogModuleManager: Shutting down and abandoning module TextureAlignMode (788)
[2025.04.10-03.23.04:861][973]LogModuleManager: Shutting down and abandoning module BspMode (786)
[2025.04.10-03.23.04:862][973]LogModuleManager: Shutting down and abandoning module GeometryMode (784)
[2025.04.10-03.23.04:862][973]LogModuleManager: Shutting down and abandoning module CameraShakePreviewer (782)
[2025.04.10-03.23.04:863][973]LogModuleManager: Shutting down and abandoning module SmartSnapping (780)
[2025.04.10-03.23.04:864][973]LogModuleManager: Shutting down and abandoning module SessionServices (778)
[2025.04.10-03.23.04:864][973]LogModuleManager: Shutting down and abandoning module MeshPaint (776)
[2025.04.10-03.23.04:865][973]LogModuleManager: Shutting down and abandoning module VirtualTexturingEditor (774)
[2025.04.10-03.23.04:865][973]LogModuleManager: Shutting down and abandoning module FoliageEdit (772)
[2025.04.10-03.23.04:867][973]LogModuleManager: Shutting down and abandoning module LandscapeEditor (770)
[2025.04.10-03.23.04:871][973]LogModuleManager: Shutting down and abandoning module MeshPaintMode (768)
[2025.04.10-03.23.04:872][973]LogModuleManager: Shutting down and abandoning module SceneDepthPickerMode (766)
[2025.04.10-03.23.04:872][973]LogModuleManager: Shutting down and abandoning module ActorPickerMode (764)
[2025.04.10-03.23.04:872][973]LogModuleManager: Shutting down and abandoning module PlacementMode (762)
[2025.04.10-03.23.04:874][973]LogModuleManager: Shutting down and abandoning module ViewportSnapping (760)
[2025.04.10-03.23.04:874][973]LogModuleManager: Shutting down and abandoning module ViewportInteraction (758)
[2025.04.10-03.23.04:874][973]LogModuleManager: Shutting down and abandoning module ClothPainter (756)
[2025.04.10-03.23.04:877][973]LogModuleManager: Shutting down and abandoning module SkeletalMeshEditor (755)
[2025.04.10-03.23.04:878][973]LogModuleManager: Shutting down and abandoning module LogVisualizer (752)
[2025.04.10-03.23.04:882][973]LogModuleManager: Shutting down and abandoning module IntroTutorials (750)
[2025.04.10-03.23.04:882][973]LogModuleManager: Shutting down and abandoning module GameProjectGeneration (749)
[2025.04.10-03.23.04:883][973]LogModuleManager: Shutting down and abandoning module LuminPlatformEditor (746)
[2025.04.10-03.23.04:884][973]LogModuleManager: Shutting down and abandoning module IOSPlatformEditor (744)
[2025.04.10-03.23.04:885][973]LogModuleManager: Shutting down and abandoning module AndroidPlatformEditor (742)
[2025.04.10-03.23.04:885][973]LogModuleManager: Shutting down and abandoning module AndroidDeviceDetection (741)
[2025.04.10-03.23.05:767][973]LogModuleManager: Shutting down and abandoning module WindowsPlatformEditor (738)
[2025.04.10-03.23.05:767][973]LogModuleManager: Shutting down and abandoning module LuminRuntimeSettings (736)
[2025.04.10-03.23.05:767][973]LogModuleManager: Shutting down and abandoning module IOSRuntimeSettings (734)
[2025.04.10-03.23.05:767][973]LogModuleManager: Shutting down and abandoning module AndroidRuntimeSettings (732)
[2025.04.10-03.23.05:767][973]LogModuleManager: Shutting down and abandoning module TraceInsights (730)
[2025.04.10-03.23.05:773][973]MemoryProfiler: Shutdown
[2025.04.10-03.23.05:773][973]NetworkingProfiler: Shutdown
[2025.04.10-03.23.05:774][973]LoadingProfiler: Shutdown
[2025.04.10-03.23.05:818][973]TimingProfiler: Shutdown
[2025.04.10-03.23.05:820][973]LogModuleManager: Shutting down and abandoning module TraceServices (729)
[2025.04.10-03.23.05:821][973]LogModuleManager: Shutting down and abandoning module EditorInteractiveToolsFramework (726)
[2025.04.10-03.23.05:822][973]LogModuleManager: Shutting down and abandoning module TimeManagementEditor (724)
[2025.04.10-03.23.05:822][973]LogModuleManager: Shutting down and abandoning module InputBindingEditor (722)
[2025.04.10-03.23.05:823][973]LogModuleManager: Shutting down and abandoning module MergeActors (720)
[2025.04.10-03.23.05:825][973]LogModuleManager: Shutting down and abandoning module LocalizationDashboard (718)
[2025.04.10-03.23.05:826][973]LogModuleManager: Shutting down and abandoning module LocalizationService (717)
[2025.04.10-03.23.05:826][973]LogModuleManager: Shutting down and abandoning module HardwareTargeting (714)
[2025.04.10-03.23.05:826][973]LogModuleManager: Shutting down and abandoning module DeviceProfileEditor (712)
[2025.04.10-03.23.05:827][973]LogModuleManager: Shutting down and abandoning module UndoHistory (710)
[2025.04.10-03.23.05:827][973]LogModuleManager: Shutting down and abandoning module XmlParser (708)
[2025.04.10-03.23.05:828][973]LogModuleManager: Shutting down and abandoning module Blutility (706)
[2025.04.10-03.23.05:828][973]LogModuleManager: Shutting down and abandoning module ProjectSettingsViewer (704)
[2025.04.10-03.23.05:828][973]LogModuleManager: Shutting down and abandoning module ProjectTargetPlatformEditor (703)
[2025.04.10-03.23.05:828][973]LogModuleManager: Shutting down and abandoning module EditorSettingsViewer (700)
[2025.04.10-03.23.05:829][973]LogModuleManager: Shutting down and abandoning module InternationalizationSettings (699)
[2025.04.10-03.23.05:829][973]LogModuleManager: Shutting down and abandoning module SettingsEditor (696)
[2025.04.10-03.23.05:829][973]LogModuleManager: Shutting down and abandoning module ProjectLauncher (694)
[2025.04.10-03.23.05:884][973]LogModuleManager: Shutting down and abandoning module SessionFrontend (692)
[2025.04.10-03.23.05:884][973]LogModuleManager: Shutting down and abandoning module ProfilerClient (690)
[2025.04.10-03.23.05:885][973]LogModuleManager: Shutting down and abandoning module DeviceManager (688)
[2025.04.10-03.23.05:887][973]LogModuleManager: Shutting down and abandoning module TargetDeviceServices (687)
[2025.04.10-03.23.05:947][973]LogModuleManager: Shutting down and abandoning module AutomationController (684)
[2025.04.10-03.23.05:949][973]LogModuleManager: Shutting down and abandoning module AutomationWindow (682)
[2025.04.10-03.23.05:950][973]LogModuleManager: Shutting down and abandoning module Layers (680)
[2025.04.10-03.23.05:953][973]LogModuleManager: Shutting down and abandoning module ComponentVisualizers (678)
[2025.04.10-03.23.05:953][973]LogModuleManager: Shutting down and abandoning module DetailCustomizations (676)
[2025.04.10-03.23.05:954][973]LogModuleManager: Shutting down and abandoning module PackagesDialog (674)
[2025.04.10-03.23.05:954][973]LogModuleManager: Shutting down and abandoning module AnimationBlueprintEditor (672)
[2025.04.10-03.23.05:957][973]LogModuleManager: Shutting down and abandoning module Persona (670)
[2025.04.10-03.23.05:959][973]LogModuleManager: Shutting down and abandoning module AdvancedPreviewScene (669)
[2025.04.10-03.23.05:960][973]LogModuleManager: Shutting down and abandoning module Kismet (666)
[2025.04.10-03.23.05:961][973]LogModuleManager: Shutting down and abandoning module KismetWidgets (665)
[2025.04.10-03.23.05:962][973]LogModuleManager: Shutting down and abandoning module GraphEditor (662)
[2025.04.10-03.23.05:965][973]LogModuleManager: Shutting down and abandoning module StructViewer (660)
[2025.04.10-03.23.05:966][973]LogModuleManager: Shutting down and abandoning module ClassViewer (658)
[2025.04.10-03.23.05:966][973]LogModuleManager: Shutting down and abandoning module Toolbox (656)
[2025.04.10-03.23.05:966][973]LogModuleManager: Shutting down and abandoning module ModuleUI (654)
[2025.04.10-03.23.05:967][973]LogModuleManager: Shutting down and abandoning module OutputLog (652)
[2025.04.10-03.23.05:968][973]LogModuleManager: Shutting down and abandoning module GammaUI (650)
[2025.04.10-03.23.05:969][973]LogModuleManager: Shutting down and abandoning module Documentation (648)
[2025.04.10-03.23.05:969][973]LogModuleManager: Shutting down and abandoning module LiveCoding (646)
[2025.04.10-03.23.05:970][973]LogModuleManager: Shutting down and abandoning module LevelSequence (644)
[2025.04.10-03.23.05:971][973]LogModuleManager: Shutting down and abandoning module MovieSceneTracks (642)
[2025.04.10-03.23.05:971][973]LogModuleManager: Shutting down and abandoning module MovieScene (640)
[2025.04.10-03.23.05:973][973]LogModuleManager: Shutting down and abandoning module StreamingPauseRendering (638)
[2025.04.10-03.23.05:973][973]LogModuleManager: Shutting down and abandoning module LauncherPlatform (636)
[2025.04.10-03.23.05:974][973]LogModuleManager: Shutting down and abandoning module AnalyticsET (634)
[2025.04.10-03.23.05:974][973]LogModuleManager: Shutting down and abandoning module PortalServices (632)
[2025.04.10-03.23.05:974][973]LogModuleManager: Shutting down and abandoning module PortalRpc (630)
[2025.04.10-03.23.05:974][973]LogModuleManager: Shutting down and abandoning module MessagingRpc (628)
[2025.04.10-03.23.05:974][973]LogModuleManager: Shutting down and abandoning module AudioMixerXAudio2 (626)
[2025.04.10-03.23.05:974][973]LogModuleManager: Shutting down and abandoning module AudioMixerCore (625)
[2025.04.10-03.23.05:974][973]LogModuleManager: Shutting down and abandoning module AIModule (622)
[2025.04.10-03.23.05:988][973]LogModuleManager: Shutting down and abandoning module GameplayDebugger (621)
[2025.04.10-03.23.05:988][973]LogModuleManager: Shutting down and abandoning module AITestSuite (619)
[2025.04.10-03.23.05:988][973]LogModuleManager: Shutting down and abandoning module NavigationSystem (617)
[2025.04.10-03.23.05:988][973]LogModuleManager: Shutting down and abandoning module ImageWriteQueue (614)
[2025.04.10-03.23.05:988][973]LogModuleManager: Shutting down and abandoning module ProfilerService (612)
[2025.04.10-03.23.06:057][973]LogModuleManager: Shutting down and abandoning module TaskGraph (610)
[2025.04.10-03.23.06:059][973]LogModuleManager: Shutting down and abandoning module AudioSynesthesiaEditor (608)
[2025.04.10-03.23.06:059][973]LogModuleManager: Shutting down and abandoning module OculusEditor (606)
[2025.04.10-03.23.06:064][973]LogModuleManager: Shutting down and abandoning module OculusInput (604)
[2025.04.10-03.23.06:064][973]LogModuleManager: Shutting down and abandoning module ContentBrowserClassDataSource (602)
[2025.04.10-03.23.06:064][973]LogModuleManager: Shutting down and abandoning module ContentBrowserFileDataSource (600)
[2025.04.10-03.23.06:064][973]LogModuleManager: Shutting down and abandoning module ContentBrowserAssetDataSource (598)
[2025.04.10-03.23.06:065][973]LogModuleManager: Shutting down and abandoning module CollectionManager (597)
[2025.04.10-03.23.06:067][973]LogModuleManager: Shutting down and abandoning module TakeSequencer (594)
[2025.04.10-03.23.06:067][973]LogModuleManager: Shutting down and abandoning module TakeMovieScene (592)
[2025.04.10-03.23.06:067][973]LogModuleManager: Shutting down and abandoning module SynthesisEditor (590)
[2025.04.10-03.23.06:067][973]LogModuleManager: Shutting down and abandoning module Synthesis (588)
[2025.04.10-03.23.06:068][973]LogModuleManager: Shutting down and abandoning module ProceduralMeshComponentEditor (586)
[2025.04.10-03.23.06:069][973]LogModuleManager: Shutting down and abandoning module ProceduralMeshComponent (584)
[2025.04.10-03.23.06:069][973]LogModuleManager: Shutting down and abandoning module ScreenshotTools (582)
[2025.04.10-03.23.06:069][973]LogModuleManager: Shutting down and abandoning module OpenXREditor (580)
[2025.04.10-03.23.06:070][973]LogModuleManager: Shutting down and abandoning module MobilePatchingUtils (578)
[2025.04.10-03.23.06:070][973]LogModuleManager: Shutting down and abandoning module GooglePAD (576)
[2025.04.10-03.23.06:071][973]LogModuleManager: Shutting down and abandoning module EditableMesh (574)
[2025.04.10-03.23.06:071][973]LogModuleManager: Shutting down and abandoning module CustomMeshComponent (572)
[2025.04.10-03.23.06:071][973]LogModuleManager: Shutting down and abandoning module CableComponent (570)
[2025.04.10-03.23.06:072][973]LogModuleManager: Shutting down and abandoning module AssetTags (568)
[2025.04.10-03.23.06:072][973]LogModuleManager: Shutting down and abandoning module AudioCapture (566)
[2025.04.10-03.23.06:072][973]LogModuleManager: Shutting down and abandoning module AudioCaptureRtAudio (565)
[2025.04.10-03.23.06:072][973]LogModuleManager: Shutting down and abandoning module ArchVisCharacter (562)
[2025.04.10-03.23.06:072][973]LogModuleManager: Shutting down and abandoning module AppleImageUtilsBlueprintSupport (560)
[2025.04.10-03.23.06:072][973]LogModuleManager: Shutting down and abandoning module AppleImageUtils (558)
[2025.04.10-03.23.06:072][973]LogModuleManager: Shutting down and abandoning module AndroidPermission (556)
[2025.04.10-03.23.06:072][973]LogModuleManager: Shutting down and abandoning module ActorLayerUtilitiesEditor (554)
[2025.04.10-03.23.06:072][973]LogModuleManager: Shutting down and abandoning module ActorLayerUtilities (552)
[2025.04.10-03.23.06:073][973]LogModuleManager: Shutting down and abandoning module TemplateSequence (550)
[2025.04.10-03.23.06:073][973]LogModuleManager: Shutting down and abandoning module MediaCompositing (548)
[2025.04.10-03.23.06:073][973]LogModuleManager: Shutting down and abandoning module ImgMedia (546)
[2025.04.10-03.23.06:073][973]LogModuleManager: Shutting down and abandoning module OpenImageDenoise (544)
[2025.04.10-03.23.06:073][973]LogOpenImageDenoise: OIDN shutting down
[2025.04.10-03.23.06:073][973]LogModuleManager: Shutting down and abandoning module MotoSynthEditor (542)
[2025.04.10-03.23.06:073][973]LogModuleManager: Shutting down and abandoning module MotoSynth (540)
[2025.04.10-03.23.06:073][973]LogModuleManager: Shutting down and abandoning module MeshConversion (538)
[2025.04.10-03.23.06:074][973]LogModuleManager: Shutting down and abandoning module DynamicMesh (536)
[2025.04.10-03.23.06:075][973]LogModuleManager: Shutting down and abandoning module GeometryAlgorithms (534)
[2025.04.10-03.23.06:075][973]LogModuleManager: Shutting down and abandoning module GeometricObjects (532)
[2025.04.10-03.23.06:076][973]LogModuleManager: Shutting down and abandoning module GeometryCollectionTracks (530)
[2025.04.10-03.23.06:077][973]LogModuleManager: Shutting down and abandoning module GeometryCollectionSequencer (529)
[2025.04.10-03.23.06:077][973]LogModuleManager: Shutting down and abandoning module GeometryCollectionEditor (526)
[2025.04.10-03.23.06:077][973]LogModuleManager: Shutting down and abandoning module GeometryCacheTracks (524)
[2025.04.10-03.23.06:077][973]LogModuleManager: Shutting down and abandoning module GeometryCacheStreamer (522)
[2025.04.10-03.23.06:137][973]LogModuleManager: Shutting down and abandoning module GeometryCacheSequencer (520)
[2025.04.10-03.23.06:138][973]LogModuleManager: Shutting down and abandoning module BackChannel (518)
[2025.04.10-03.23.06:138][973]LogModuleManager: Shutting down and abandoning module ChaosSolverEditor (516)
[2025.04.10-03.23.06:138][973]LogModuleManager: Shutting down and abandoning module ChaosNiagara (514)
[2025.04.10-03.23.06:138][973]LogModuleManager: Shutting down and abandoning module FractureEditor (512)
[2025.04.10-03.23.06:139][973]LogModuleManager: Shutting down and abandoning module FieldSystemEngine (511)
[2025.04.10-03.23.06:140][973]LogModuleManager: Shutting down and abandoning module ChaosClothEditor (508)
[2025.04.10-03.23.06:141][973]LogModuleManager: Shutting down and abandoning module AutomationUtilsEditor (506)
[2025.04.10-03.23.06:141][973]LogModuleManager: Shutting down and abandoning module AutomationUtils (504)
[2025.04.10-03.23.06:141][973]LogModuleManager: Shutting down and abandoning module AlembicImporter (502)
[2025.04.10-03.23.06:141][973]LogModuleManager: Shutting down and abandoning module AlembicLibrary (501)
[2025.04.10-03.23.06:141][973]LogModuleManager: Shutting down and abandoning module GeometryCache (500)
[2025.04.10-03.23.06:141][973]LogModuleManager: Shutting down and abandoning module GeometryCacheEd (499)
[2025.04.10-03.23.06:141][973]LogModuleManager: Shutting down and abandoning module MagicLeapSharedWorld (494)
[2025.04.10-03.23.06:141][973]LogModuleManager: Shutting down and abandoning module MagicLeapLightEstimation (492)
[2025.04.10-03.23.06:141][973]LogModuleManager: Shutting down and abandoning module NiagaraEditorWidgets (490)
[2025.04.10-03.23.06:144][973]LogModuleManager: Shutting down and abandoning module MagicLeapHelperVulkan (488)
[2025.04.10-03.23.06:144][973]LogModuleManager: Shutting down and abandoning module MagicLeapHelperOpenGL (486)
[2025.04.10-03.23.06:144][973]LogModuleManager: Shutting down and abandoning module MagicLeapAudio (484)
[2025.04.10-03.23.06:145][973]LogModuleManager: Shutting down and abandoning module SpeedTreeImporter (482)
[2025.04.10-03.23.06:145][973]LogModuleManager: Shutting down and abandoning module PluginBrowser (480)
[2025.04.10-03.23.06:147][973]LogModuleManager: Shutting down and abandoning module MobileLauncherProfileWizard (478)
[2025.04.10-03.23.06:148][973]LogModuleManager: Shutting down and abandoning module MaterialAnalyzer (476)
[2025.04.10-03.23.06:148][973]LogModuleManager: Shutting down and abandoning module CurveEditorTools (474)
[2025.04.10-03.23.06:150][973]LogModuleManager: Shutting down and abandoning module CryptoKeysOpenSSL (472)
[2025.04.10-03.23.06:150][973]LogModuleManager: Shutting down and abandoning module CryptoKeys (470)
[2025.04.10-03.23.06:150][973]LogModuleManager: Shutting down and abandoning module VariantManagerContentEditor (468)
[2025.04.10-03.23.06:151][973]LogModuleManager: Shutting down and abandoning module DatasmithContentEditor (466)
[2025.04.10-03.23.06:151][973]LogModuleManager: Shutting down and abandoning module VisualStudioCodeSourceCodeAccess (464)
[2025.04.10-03.23.06:152][973]LogModuleManager: Shutting down and abandoning module VisualStudioSourceCodeAccess (462)
[2025.04.10-03.23.06:152][973]LogModuleManager: Shutting down and abandoning module UObjectPlugin (460)
[2025.04.10-03.23.06:152][973]LogModuleManager: Shutting down and abandoning module SubversionSourceControl (458)
[2025.04.10-03.23.06:154][973]LogModuleManager: Shutting down and abandoning module RiderSourceCodeAccess (456)
[2025.04.10-03.23.06:154][973]LogModuleManager: Shutting down and abandoning module PluginUtils (454)
[2025.04.10-03.23.06:154][973]LogModuleManager: Shutting down and abandoning module PlasticSourceControl (452)
[2025.04.10-03.23.06:155][973]LogModuleManager: Shutting down and abandoning module PerforceSourceControl (450)
[2025.04.10-03.23.06:158][973]LogModuleManager: Shutting down and abandoning module GitSourceControl (448)
[2025.04.10-03.23.06:159][973]LogModuleManager: Shutting down and abandoning module SourceControl (447)
[2025.04.10-03.23.06:160][973]LogModuleManager: Shutting down and abandoning module CLionSourceCodeAccess (444)
[2025.04.10-03.23.06:160][973]LogModuleManager: Shutting down and abandoning module AnimationSharingEd (442)
[2025.04.10-03.23.06:160][973]LogModuleManager: Shutting down and abandoning module OodleNetworkHandlerComponent (440)
[2025.04.10-03.23.06:160][973]LogModuleManager: Shutting down and abandoning module LightPropagationVolumeEditor (438)
[2025.04.10-03.23.06:160][973]LogModuleManager: Shutting down and abandoning module LiveLinkSequencer (436)
[2025.04.10-03.23.06:160][973]LogModuleManager: Shutting down and abandoning module LiveLinkMovieScene (434)
[2025.04.10-03.23.06:160][973]LogModuleManager: Shutting down and abandoning module LiveLinkGraphNode (432)
[2025.04.10-03.23.06:160][973]LogModuleManager: Shutting down and abandoning module LiveLinkEditor (430)
[2025.04.10-03.23.06:161][973]LogModuleManager: Shutting down and abandoning module LiveLinkComponents (428)
[2025.04.10-03.23.06:161][973]LogModuleManager: Shutting down and abandoning module LiveLink (426)
[2025.04.10-03.23.06:264][973]LogModuleManager: Shutting down and abandoning module PaperTiledImporter (424)
[2025.04.10-03.23.06:264][973]LogModuleManager: Shutting down and abandoning module PaperSpriteSheetImporter (422)
[2025.04.10-03.23.06:265][973]LogModuleManager: Shutting down and abandoning module Paper2DEditor (420)
[2025.04.10-03.23.06:268][973]LogModuleManager: Shutting down and abandoning module MeshPaintingToolset (418)
[2025.04.10-03.23.06:269][973]LogModuleManager: Shutting down and abandoning module MeshPaintEditorMode (416)
[2025.04.10-03.23.06:270][973]LogModuleManager: Shutting down and abandoning module TopDownPuzzle (414)
[2025.04.10-03.23.06:270][973]LogModuleManager: Shutting down and abandoning module AnimGraph (413)
[2025.04.10-03.23.06:271][973]LogModuleManager: Shutting down and abandoning module SoundFields (410)
[2025.04.10-03.23.06:271][973]LogModuleManager: Shutting down and abandoning module RuntimePhysXCooking (408)
[2025.04.10-03.23.06:271][973]LogModuleManager: Shutting down and abandoning module SignificanceManager (406)
[2025.04.10-03.23.06:271][973]LogModuleManager: Shutting down and abandoning module PropertyAccessEditor (404)
[2025.04.10-03.23.06:271][973]LogModuleManager: Shutting down and abandoning module PhysXVehiclesEditor (402)
[2025.04.10-03.23.06:271][973]LogModuleManager: Shutting down and abandoning module LocationServicesBPLibrary (398)
[2025.04.10-03.23.06:271][973]LogModuleManager: Shutting down and abandoning module AudioSynesthesia (396)
[2025.04.10-03.23.06:272][973]LogModuleManager: Shutting down and abandoning module AudioSynesthesiaCore (394)
[2025.04.10-03.23.06:272][973]LogModuleManager: Shutting down and abandoning module UdpMessaging (392)
[2025.04.10-03.23.06:373][973]LogModuleManager: Shutting down and abandoning module TcpMessaging (390)
[2025.04.10-03.23.06:534][973]LogModuleManager: Shutting down and abandoning module ActorSequence (388)
[2025.04.10-03.23.06:535][973]LogModuleManager: Shutting down and abandoning module ImgMediaEngine (386)
[2025.04.10-03.23.06:535][973]LogModuleManager: Shutting down and abandoning module PythonScriptPlugin (384)
[2025.04.10-03.23.06:535][973]LogModuleManager: Shutting down and abandoning module MagicLeapARPin (382)
[2025.04.10-03.23.06:535][973]LogModuleManager: Shutting down and abandoning module NiagaraAnimNotifies (380)
[2025.04.10-03.23.06:535][973]LogModuleManager: Shutting down and abandoning module Niagara (378)
[2025.04.10-03.23.06:537][973]LogModuleManager: Shutting down and abandoning module SignalProcessing (377)
[2025.04.10-03.23.06:538][973]LogModuleManager: Shutting down and abandoning module NiagaraEditor (375)
[2025.04.10-03.23.06:542][973]LogModuleManager: Shutting down and abandoning module NiagaraCore (372)
[2025.04.10-03.23.06:542][973]LogModuleManager: Shutting down and abandoning module MagicLeapHandMeshing (370)
[2025.04.10-03.23.06:542][973]LogModuleManager: Shutting down and abandoning module MagicLeapSecureStorage (368)
[2025.04.10-03.23.06:542][973]LogModuleManager: Shutting down and abandoning module MagicLeapPrivileges (366)
[2025.04.10-03.23.06:542][973]LogModuleManager: Shutting down and abandoning module MagicLeapPlanes (364)
[2025.04.10-03.23.06:543][973]LogMagicLeapPlanes: Planes tracker already destroyed.
[2025.04.10-03.23.06:543][973]LogModuleManager: Shutting down and abandoning module MagicLeapImageTracker (362)
[2025.04.10-03.23.06:543][973]LogModuleManager: Shutting down and abandoning module MagicLeapIdentity (360)
[2025.04.10-03.23.06:543][973]LogModuleManager: Shutting down and abandoning module MagicLeapHandTracking (358)
[2025.04.10-03.23.06:544][973]LogModuleManager: Shutting down and abandoning module MagicLeapEyeTracker (356)
[2025.04.10-03.23.06:572][973]LogModuleManager: Shutting down and abandoning module MagicLeapController (354)
[2025.04.10-03.23.06:572][973]LogModuleManager: Shutting down and abandoning module MagicLeapARPinImpl (352)
[2025.04.10-03.23.06:573][973]LogModuleManager: Shutting down and abandoning module MagicLeapAR (350)
[2025.04.10-03.23.06:573][973]LogModuleManager: Shutting down and abandoning module GameplayTagsEditor (348)
[2025.04.10-03.23.06:573][973]LogModuleManager: Shutting down and abandoning module FacialAnimationEditor (346)
[2025.04.10-03.23.06:573][973]LogModuleManager: Shutting down and abandoning module FacialAnimation (344)
[2025.04.10-03.23.06:573][973]LogModuleManager: Shutting down and abandoning module DataValidation (342)
[2025.04.10-03.23.06:573][973]LogModuleManager: Shutting down and abandoning module AssetManagerEditor (340)
[2025.04.10-03.23.06:574][973]LogModuleManager: Shutting down and abandoning module LevelEditor (339)
[2025.04.10-03.23.06:669][973]LogModuleManager: Shutting down and abandoning module PixelInspectorModule (338)
[2025.04.10-03.23.06:670][973]LogModuleManager: Shutting down and abandoning module CommonMenuExtensions (336)
[2025.04.10-03.23.06:670][973]LogModuleManager: Shutting down and abandoning module MainFrame (334)
[2025.04.10-03.23.06:671][973]LogModuleManager: Shutting down and abandoning module HotReload (333)
[2025.04.10-03.23.06:672][973]LogModuleManager: Shutting down and abandoning module ToolMenus (329)
[2025.04.10-03.23.06:672][973]LogModuleManager: Shutting down and abandoning module ContentBrowser (327)
[2025.04.10-03.23.06:672][973]LogModuleManager: Shutting down and abandoning module ContentBrowserData (326)
[2025.04.10-03.23.06:672][973]LogModuleManager: Shutting down and abandoning module TreeMap (323)
[2025.04.10-03.23.06:673][973]LogModuleManager: Shutting down and abandoning module PropertyAccessNode (320)
[2025.04.10-03.23.06:673][973]LogModuleManager: Shutting down and abandoning module AnimationSharing (318)
[2025.04.10-03.23.06:673][973]LogModuleManager: Shutting down and abandoning module GameplayCameras (316)
[2025.04.10-03.23.06:673][973]LogModuleManager: Shutting down and abandoning module LightPropagationVolumeRuntime (314)
[2025.04.10-03.23.06:673][973]LogModuleManager: Shutting down and abandoning module EnvironmentQueryEditor (312)
[2025.04.10-03.23.06:674][973]LogModuleManager: Shutting down and abandoning module Paper2D (310)
[2025.04.10-03.23.06:674][973]LogModuleManager: Shutting down and abandoning module WindowsMoviePlayer (308)
[2025.04.10-03.23.06:750][973]LogModuleManager: Shutting down and abandoning module WebMMoviePlayer (306)
[2025.04.10-03.23.06:751][973]LogModuleManager: Shutting down and abandoning module NetworkReplayStreaming (304)
[2025.04.10-03.23.06:751][973]LogModuleManager: Shutting down and abandoning module PacketHandler (302)
[2025.04.10-03.23.06:751][973]LogModuleManager: Shutting down and abandoning module ClothingSystemEditor (300)
[2025.04.10-03.23.06:751][973]LogModuleManager: Shutting down and abandoning module ClothingSystemRuntimeNv (298)
[2025.04.10-03.23.06:751][973]LogModuleManager: Shutting down and abandoning module MediaAssets (296)
[2025.04.10-03.23.06:751][973]LogModuleManager: Shutting down and abandoning module Overlay (294)
[2025.04.10-03.23.06:751][973]LogModuleManager: Shutting down and abandoning module OverlayEditor (293)
[2025.04.10-03.23.06:751][973]LogModuleManager: Shutting down and abandoning module VREditor (290)
[2025.04.10-03.23.06:752][973]LogModuleManager: Shutting down and abandoning module StringTableEditor (288)
[2025.04.10-03.23.06:752][973]LogModuleManager: Shutting down and abandoning module GameplayTasksEditor (286)
[2025.04.10-03.23.06:752][973]LogModuleManager: Shutting down and abandoning module BehaviorTreeEditor (284)
[2025.04.10-03.23.06:754][973]LogModuleManager: Shutting down and abandoning module FunctionalTesting (282)
[2025.04.10-03.23.06:754][973]LogModuleManager: Shutting down and abandoning module CollisionAnalyzer (280)
[2025.04.10-03.23.06:755][973]LogModuleManager: Shutting down and abandoning module WorkspaceMenuStructure (279)
[2025.04.10-03.23.06:755][973]LogModuleManager: Shutting down and abandoning module UMG (276)
[2025.04.10-03.23.06:755][973]LogModuleManager: Shutting down and abandoning module UMGEditor (275)
[2025.04.10-03.23.06:756][973]LogModuleManager: Shutting down and abandoning module MessageLog (273)
[2025.04.10-03.23.06:756][973]LogModuleManager: Shutting down and abandoning module SlateReflector (268)
[2025.04.10-03.23.06:758][973]LogModuleManager: Shutting down and abandoning module Slate (266)
[2025.04.10-03.23.06:758][973]LogModuleManager: Shutting down and abandoning module SlateCore (264)
[2025.04.10-03.23.06:758][973]LogModuleManager: Shutting down and abandoning module LandscapeEditorUtilities (262)
[2025.04.10-03.23.06:758][973]LogModuleManager: Shutting down and abandoning module UnrealEd (260)
[2025.04.10-03.23.06:759][973]LogModuleManager: Shutting down and abandoning module MRMesh (258)
[2025.04.10-03.23.06:759][973]LogModuleManager: Shutting down and abandoning module SourceCodeAccess (256)
[2025.04.10-03.23.06:759][973]LogModuleManager: Shutting down and abandoning module HeadMountedDisplay (254)
[2025.04.10-03.23.06:759][973]LogModuleManager: Shutting down and abandoning module XAudio2 (252)
[2025.04.10-03.23.06:759][973]LogModuleManager: Shutting down and abandoning module Networking (250)
[2025.04.10-03.23.06:759][973]LogModuleManager: Shutting down and abandoning module Core (248)
[2025.04.10-03.23.06:759][973]LogModuleManager: Shutting down and abandoning module MaterialEditor (246)
[2025.04.10-03.23.06:781][973]LogModuleManager: Shutting down and abandoning module MovieSceneTools (244)
[2025.04.10-03.23.06:816][973]LogModuleManager: Shutting down and abandoning module CurveEditor (243)
[2025.04.10-03.23.06:818][973]LogModuleManager: Shutting down and abandoning module Sequencer (241)
[2025.04.10-03.23.06:821][973]LogModuleManager: Shutting down and abandoning module EditorStyle (240)
[2025.04.10-03.23.06:955][973]LogModuleManager: Shutting down and abandoning module KismetCompiler (236)
[2025.04.10-03.23.06:955][973]LogModuleManager: Shutting down and abandoning module MeshBuilder (234)
[2025.04.10-03.23.06:955][973]LogModuleManager: Shutting down and abandoning module MeshUtilities (232)
[2025.04.10-03.23.06:956][973]LogModuleManager: Shutting down and abandoning module MeshMergeUtilities (231)
[2025.04.10-03.23.06:957][973]LogModuleManager: Shutting down and abandoning module MeshReductionInterface (230)
[2025.04.10-03.23.06:957][973]LogModuleManager: Shutting down and abandoning module MeshBoneReduction (229)
[2025.04.10-03.23.06:957][973]LogModuleManager: Shutting down and abandoning module SkeletalMeshReduction (227)
[2025.04.10-03.23.06:957][973]LogModuleManager: Shutting down and abandoning module ProxyLODMeshReduction (225)
[2025.04.10-03.23.06:959][973]LogModuleManager: Shutting down and abandoning module QuadricMeshReduction (223)
[2025.04.10-03.23.06:959][973]LogModuleManager: Shutting down and abandoning module MaterialBaking (219)
[2025.04.10-03.23.06:960][973]LogModuleManager: Shutting down and abandoning module NullInstallBundleManager (214)
[2025.04.10-03.23.06:960][973]LogModuleManager: Shutting down and abandoning module DerivedDataCache (212)
[2025.04.10-03.23.06:964][973]LogModuleManager: Shutting down and abandoning module TargetPlatform (210)
[2025.04.10-03.23.07:084][973]LogModuleManager: Shutting down and abandoning module VulkanShaderFormat (209)
[2025.04.10-03.23.07:085][973]LogModuleManager: Shutting down and abandoning module ShaderFormatVectorVM (207)
[2025.04.10-03.23.07:085][973]LogModuleManager: Shutting down and abandoning module ShaderFormatOpenGL (205)
[2025.04.10-03.23.07:086][973]LogModuleManager: Shutting down and abandoning module ShaderFormatD3D (203)
[2025.04.10-03.23.07:158][973]LogModuleManager: Shutting down and abandoning module MetalShaderFormat (201)
[2025.04.10-03.23.07:158][973]LogModuleManager: Shutting down and abandoning module TextureFormatOodle (199)
[2025.04.10-03.23.07:158][973]LogModuleManager: Shutting down and abandoning module TextureFormatUncompressed (197)
[2025.04.10-03.23.07:158][973]LogModuleManager: Shutting down and abandoning module TextureFormatPVR (195)
[2025.04.10-03.23.07:158][973]LogModuleManager: Shutting down and abandoning module TextureFormatETC2 (193)
[2025.04.10-03.23.07:158][973]LogModuleManager: Shutting down and abandoning module TextureFormatDXT (191)
[2025.04.10-03.23.07:158][973]LogModuleManager: Shutting down and abandoning module TextureFormatIntelISPCTexComp (189)
[2025.04.10-03.23.07:193][973]LogModuleManager: Shutting down and abandoning module TextureFormatASTC (187)
[2025.04.10-03.23.07:193][973]LogModuleManager: Shutting down and abandoning module ImageWrapper (186)
[2025.04.10-03.23.07:193][973]LogModuleManager: Shutting down and abandoning module AudioFormatOpus (183)
[2025.04.10-03.23.07:193][973]LogModuleManager: Shutting down and abandoning module AudioFormatOgg (181)
[2025.04.10-03.23.07:193][973]LogModuleManager: Shutting down and abandoning module AudioFormatADPCM (179)
[2025.04.10-03.23.07:193][973]LogModuleManager: Shutting down and abandoning module WindowsServerTargetPlatform (177)
[2025.04.10-03.23.07:193][973]LogModuleManager: Shutting down and abandoning module WindowsClientTargetPlatform (175)
[2025.04.10-03.23.07:193][973]LogModuleManager: Shutting down and abandoning module WindowsTargetPlatform (173)
[2025.04.10-03.23.07:193][973]LogModuleManager: Shutting down and abandoning module WindowsNoEditorTargetPlatform (171)
[2025.04.10-03.23.07:193][973]LogModuleManager: Shutting down and abandoning module TVOSTargetPlatform (169)
[2025.04.10-03.23.07:523][973]LogModuleManager: Shutting down and abandoning module MacServerTargetPlatform (167)
[2025.04.10-03.23.07:523][973]LogModuleManager: Shutting down and abandoning module MacClientTargetPlatform (165)
[2025.04.10-03.23.07:523][973]LogModuleManager: Shutting down and abandoning module MacTargetPlatform (163)
[2025.04.10-03.23.07:533][973]LogModuleManager: Shutting down and abandoning module MacNoEditorTargetPlatform (161)
[2025.04.10-03.23.07:533][973]LogModuleManager: Shutting down and abandoning module LuminTargetPlatform (159)
[2025.04.10-03.23.07:774][973]LogModuleManager: Shutting down and abandoning module LinuxAArch64ServerTargetPlatform (157)
[2025.04.10-03.23.07:774][973]LogModuleManager: Shutting down and abandoning module LinuxAArch64ClientTargetPlatform (155)
[2025.04.10-03.23.07:774][973]LogModuleManager: Shutting down and abandoning module LinuxAArch64NoEditorTargetPlatform (153)
[2025.04.10-03.23.07:774][973]LogModuleManager: Shutting down and abandoning module LinuxServerTargetPlatform (151)
[2025.04.10-03.23.07:774][973]LogModuleManager: Shutting down and abandoning module LinuxClientTargetPlatform (149)
[2025.04.10-03.23.07:775][973]LogModuleManager: Shutting down and abandoning module LinuxNoEditorTargetPlatform (147)
[2025.04.10-03.23.07:775][973]LogModuleManager: Shutting down and abandoning module LinuxTargetPlatform (145)
[2025.04.10-03.23.07:776][973]LogModuleManager: Shutting down and abandoning module Messaging (143)
[2025.04.10-03.23.07:776][973]LogModuleManager: Shutting down and abandoning module IOSTargetPlatform (141)
[2025.04.10-03.23.07:847][973]LogModuleManager: Shutting down and abandoning module AndroidTargetPlatform (139)
[2025.04.10-03.23.08:147][973]LogModuleManager: Shutting down and abandoning module AllDesktopTargetPlatform (137)
[2025.04.10-03.23.08:147][973]LogModuleManager: Shutting down and abandoning module D3D11RHI (134)
[2025.04.10-03.23.08:147][973]LogModuleManager: Shutting down and abandoning module InputCore (132)
[2025.04.10-03.23.08:147][973]LogModuleManager: Shutting down and abandoning module Settings (130)
[2025.04.10-03.23.08:148][973]LogModuleManager: Shutting down and abandoning module DirectoryWatcher (128)
[2025.04.10-03.23.08:149][973]LogModuleManager: Shutting down and abandoning module PhysXCooking (126)
[2025.04.10-03.23.08:149][973]LogModuleManager: Shutting down and abandoning module Chaos (124)
[2025.04.10-03.23.08:149][973]LogModuleManager: Shutting down and abandoning module WindowsPlatformFeatures (122)
[2025.04.10-03.23.08:149][973]LogModuleManager: Shutting down and abandoning module GameplayMediaEncoder (121)
[2025.04.10-03.23.08:150][973]LogModuleManager: Shutting down and abandoning module AVEncoder (120)
[2025.04.10-03.23.08:150][973]LogModuleManager: Shutting down and abandoning module SteamVRInputDevice (116)
[2025.04.10-03.23.08:150][973]LogModuleManager: Shutting down and abandoning module SteamVRInput (114)
[2025.04.10-03.23.08:150][973]LogModuleManager: Shutting down and abandoning module SteamVR (112)
[2025.04.10-03.23.08:150][973]LogHMD: Freeing OpenVRDLLHandle.
[2025.04.10-03.23.08:151][973]LogModuleManager: Shutting down and abandoning module OculusHMD (110)
[2025.04.10-03.23.08:151][973]LogModuleManager: Shutting down and abandoning module OnlineBlueprintSupport (108)
[2025.04.10-03.23.08:151][973]LogModuleManager: Shutting down and abandoning module OnlineSubsystem (104)
[2025.04.10-03.23.08:153][973]LogModuleManager: Shutting down and abandoning module XMPP (99)
[2025.04.10-03.23.08:154][973]LogModuleManager: Shutting down and abandoning module WebSockets (98)
[2025.04.10-03.23.08:197][973]LogModuleManager: Shutting down and abandoning module HTTP (95)
[2025.04.10-03.23.08:197][973]LogHttp: Display: Http module shutting down, but needs to wait on 1 outstanding Http requests:
[2025.04.10-03.23.08:198][973]LogHttp: Display: 	verb=[POST] url=[https://datarouter.ol.epicgames.com/datarouter/api/v1/public/data?SessionID=%7B7AA1DAAA-4D19-43EB-143B-AC86AF133D60%7D&AppID=UEEditor.Rocket.Release&AppVersion=4.27.2-18319896%2B%2B%2BUE4%2BRelease-4.27&UserID=1630856f436c572332dc42bd5716ab61%7C7103b13d50da47bcb910eeb6fc950929%7C1a3351ea-d91d-494f-9b74-3a188d739225&AppEnvironment=datacollector-binary&UploadType=eteventstream] refs=[1] status=Processing
[2025.04.10-03.23.08:198][973]LogHttp: Display: cleaning up 1 outstanding Http requests.
[2025.04.10-03.23.08:265][973]LogModuleManager: Shutting down and abandoning module SSL (94)
[2025.04.10-03.23.08:284][973]LogModuleManager: Shutting down and abandoning module OpenXRHandTracking (90)
[2025.04.10-03.23.08:297][973]LogSlate: Slate User Destroyed.  User Index 0, Is Virtual User: 0
[2025.04.10-03.23.08:299][973]LogModuleManager: Shutting down and abandoning module OpenXREyeTracker (88)
[2025.04.10-03.23.08:299][973]LogModuleManager: Shutting down and abandoning module OpenXRAR (86)
[2025.04.10-03.23.08:299][973]LogModuleManager: Shutting down and abandoning module AugmentedReality (85)
[2025.04.10-03.23.08:299][973]LogModuleManager: Shutting down and abandoning module OpenXRHMD (82)
[2025.04.10-03.23.08:301][973]LogModuleManager: Shutting down and abandoning module ExampleDeviceProfileSelector (80)
[2025.04.10-03.23.08:301][973]LogModuleManager: Shutting down and abandoning module ChunkDownloader (78)
[2025.04.10-03.23.08:301][973]LogModuleManager: Shutting down and abandoning module LauncherChunkInstaller (76)
[2025.04.10-03.23.08:301][973]LogModuleManager: Shutting down and abandoning module WmfMedia (74)
[2025.04.10-03.23.08:304][973]LogModuleManager: Shutting down and abandoning module Media (73)
[2025.04.10-03.23.08:320][973]LogModuleManager: Shutting down and abandoning module MediaInfo (72)
[2025.04.10-03.23.08:320][973]LogModuleManager: Shutting down and abandoning module ExrReaderGpu (68)
[2025.04.10-03.23.08:321][973]LogModuleManager: Shutting down and abandoning module ChaosCloth (66)
[2025.04.10-03.23.08:321][973]LogModuleManager: Shutting down and abandoning module MLSDK (64)
[2025.04.10-03.23.08:321][973]LogModuleManager: Shutting down and abandoning module NiagaraVertexFactories (62)
[2025.04.10-03.23.08:321][973]LogModuleManager: Shutting down and abandoning module NiagaraShader (60)
[2025.04.10-03.23.08:322][973]LogModuleManager: Shutting down and abandoning module MagicLeap (58)
[2025.04.10-03.23.08:322][973]LogModuleManager: Shutting down and abandoning module VariantManagerContent (56)
[2025.04.10-03.23.08:322][973]LogModuleManager: Shutting down and abandoning module DatasmithContent (54)
[2025.04.10-03.23.08:342][973]LogModuleManager: Shutting down and abandoning module PixWinPlugin (52)
[2025.04.10-03.23.08:343][973]LogModuleManager: Shutting down and abandoning module AISupportModule (50)
[2025.04.10-03.23.08:343][973]LogModuleManager: Shutting down and abandoning module DesktopPlatform (48)
[2025.04.10-03.23.08:343][973]LogModuleManager: Shutting down and abandoning module PlatformCryptoOpenSSL (46)
[2025.04.10-03.23.08:358][973]LogModuleManager: Shutting down and abandoning module PlatformCryptoTypes (44)
[2025.04.10-03.23.08:358][973]LogModuleManager: Shutting down and abandoning module PlatformCrypto (42)
[2025.04.10-03.23.08:358][973]LogModuleManager: Shutting down and abandoning module PythonScriptPluginPreload (40)
[2025.04.10-03.23.08:359][973]LogModuleManager: Shutting down and abandoning module OodleDataCompressionFormat (38)
[2025.04.10-03.23.08:370][973]LogModuleManager: Shutting down and abandoning module XGEController (36)
[2025.04.10-03.23.08:370][973]LogModuleManager: Shutting down and abandoning module AnimationModifiers (34)
[2025.04.10-03.23.08:371][973]LogModuleManager: Shutting down and abandoning module AudioEditor (32)
[2025.04.10-03.23.08:374][973]LogModuleManager: Shutting down and abandoning module PropertyEditor (31)
[2025.04.10-03.23.08:377][973]LogModuleManager: Shutting down and abandoning module TextureCompressor (28)
[2025.04.10-03.23.08:377][973]LogModuleManager: Shutting down and abandoning module RenderCore (26)
[2025.04.10-03.23.08:377][973]LogModuleManager: Shutting down and abandoning module Landscape (24)
[2025.04.10-03.23.08:377][973]LogModuleManager: Shutting down and abandoning module SlateRHIRenderer (22)
[2025.04.10-03.23.08:379][973]LogModuleManager: Shutting down and abandoning module AnimGraphRuntime (20)
[2025.04.10-03.23.08:380][973]LogModuleManager: Shutting down and abandoning module Renderer (18)
[2025.04.10-03.23.08:385][973]LogModuleManager: Shutting down and abandoning module Engine (16)
[2025.04.10-03.23.08:385][973]LogModuleManager: Shutting down and abandoning module CoreUObject (14)
[2025.04.10-03.23.08:385][973]LogModuleManager: Shutting down and abandoning module NetworkFile (12)
[2025.04.10-03.23.08:385][973]LogModuleManager: Shutting down and abandoning module CookedIterativeFile (10)
[2025.04.10-03.23.08:385][973]LogModuleManager: Shutting down and abandoning module StreamingFile (8)
[2025.04.10-03.23.08:386][973]LogModuleManager: Shutting down and abandoning module SandboxFile (6)
[2025.04.10-03.23.08:386][973]LogModuleManager: Shutting down and abandoning module PakFile (4)
[2025.04.10-03.23.08:386][973]LogModuleManager: Shutting down and abandoning module RSA (3)
[2025.04.10-03.23.08:387][973]LogContentStreaming: Display: There are 1 unreleased StreamingManagers
[2025.04.10-03.23.08:427][973]LogD3D11RHI: Shutdown
[2025.04.10-03.23.08:427][973]LogD3D11RHI: CleanupD3DDevice
[2025.04.10-03.23.08:469][973]LogExit: Exiting.
[2025.04.10-03.23.08:590][973]Log file closed, 04/09/25 23:23:08
