Log file open, 04/10/25 10:57:01
LogWindows: Failed to load 'aqProf.dll' (GetLastError=126)
LogWindows: File 'aqProf.dll' does not exist
LogWindows: Failed to load 'VtuneApi.dll' (GetLastError=126)
LogWindows: File 'VtuneApi.dll' does not exist
LogWindows: Failed to load 'VtuneApi32e.dll' (GetLastError=126)
LogWindows: File 'VtuneApi32e.dll' does not exist
LogConsoleResponse: Display: Failed to find resolution value strings in scalability ini. Falling back to default.
LogConsoleResponse: Display: Failed to find resolution value strings in scalability ini. Falling back to default.
LogInit: Display: Running engine for game: TopDownPuzzle
LogPlatformFile: Not using cached read wrapper
LogTaskGraph: Started task graph with 5 named threads and 23 total threads with 3 sets of task threads.
LogStats: Stats thread started at 0.243176
LogICUInternationalization: ICU TimeZone Detection - Raw Offset: -5:00, Platform Override: ''
LogInit: Display: Loading text-based GConfig....
LogPluginManager: Mounting plugin MeshPainting
LogPluginManager: Mounting plugin XGEController
LogPluginManager: Mounting plugin Paper2D
LogPluginManager: Mounting plugin AISupport
LogPluginManager: Mounting plugin EnvironmentQueryEditor
LogPluginManager: Mounting plugin LiveLink
LogPluginManager: Mounting plugin LightPropagationVolume
LogPluginManager: Mounting plugin GameplayCameras
LogPluginManager: Mounting plugin OodleData
LogPluginManager: Mounting plugin AnimationSharing
LogPluginManager: Mounting plugin OodleNetwork
LogPluginManager: Mounting plugin CameraShakePreviewer
LogPluginManager: Mounting plugin CLionSourceCodeAccess
LogPluginManager: Mounting plugin CodeLiteSourceCodeAccess
LogPluginManager: Mounting plugin GitSourceControl
LogPluginManager: Mounting plugin KDevelopSourceCodeAccess
LogPluginManager: Mounting plugin NullSourceCodeAccess
LogPluginManager: Mounting plugin PerforceSourceControl
LogPluginManager: Mounting plugin PixWinPlugin
LogPluginManager: Mounting plugin PropertyAccessNode
LogPluginManager: Mounting plugin PluginUtils
LogPluginManager: Mounting plugin RiderSourceCodeAccess
LogPluginManager: Mounting plugin PlasticSourceControl
LogPluginManager: Mounting plugin SubversionSourceControl
LogPluginManager: Mounting plugin TextureFormatOodle
LogPluginManager: Mounting plugin UObjectPlugin
LogPluginManager: Mounting plugin VisualStudioSourceCodeAccess
LogPluginManager: Mounting plugin XCodeSourceCodeAccess
LogPluginManager: Mounting plugin VisualStudioCodeSourceCodeAccess
LogPluginManager: Mounting plugin AssetManagerEditor
LogPluginManager: Mounting plugin Niagara
LogPluginManager: Mounting plugin CryptoKeys
LogPluginManager: Mounting plugin CurveEditorTools
LogPluginManager: Mounting plugin DataValidation
LogPluginManager: Mounting plugin FacialAnimation
LogPluginManager: Mounting plugin GameplayTagsEditor
LogPluginManager: Mounting plugin GeometryMode
LogPluginManager: Mounting plugin MacGraphicsSwitching
LogPluginManager: Mounting plugin PluginBrowser
LogPluginManager: Mounting plugin MobileLauncherProfileWizard
LogPluginManager: Mounting plugin SpeedTreeImporter
LogPluginManager: Mounting plugin MaterialAnalyzer
LogPluginManager: Mounting plugin DatasmithContent
LogPluginManager: Mounting plugin LuminPlatformFeatures
LogPluginManager: Mounting plugin MagicLeap
LogPluginManager: Mounting plugin VariantManagerContent
LogPluginManager: Mounting plugin MagicLeapLightEstimation
LogPluginManager: Mounting plugin MagicLeapMedia
LogPluginManager: Mounting plugin MagicLeapPassableWorld
LogPluginManager: Mounting plugin MLSDK
LogPluginManager: Mounting plugin AndroidMedia
LogPluginManager: Mounting plugin AvfMedia
LogPluginManager: Mounting plugin ImgMedia
LogPluginManager: Mounting plugin MediaCompositing
LogPluginManager: Mounting plugin MediaPlayerEditor
LogPluginManager: Mounting plugin WebMMedia
LogPluginManager: Mounting plugin WmfMedia
LogPluginManager: Mounting plugin TcpMessaging
LogPluginManager: Mounting plugin UdpMessaging
LogPluginManager: Mounting plugin ActorSequence
LogPluginManager: Mounting plugin MatineeToLevelSequence
LogPluginManager: Mounting plugin LevelSequenceEditor
LogPluginManager: Mounting plugin TemplateSequence
LogPluginManager: Mounting plugin OnlineSubsystem
LogPluginManager: Mounting plugin OnlineSubsystemNull
LogPluginManager: Mounting plugin OnlineSubsystemUtils
LogPluginManager: Mounting plugin LauncherChunkInstaller
LogPluginManager: Mounting plugin ActorLayerUtilities
LogPluginManager: Mounting plugin AndroidDeviceProfileSelector
LogPluginManager: Mounting plugin AndroidMoviePlayer
LogPluginManager: Mounting plugin AndroidPermission
LogPluginManager: Mounting plugin AppleImageUtils
LogPluginManager: Mounting plugin AppleMoviePlayer
LogPluginManager: Mounting plugin AssetTags
LogPluginManager: Mounting plugin ArchVisCharacter
LogPluginManager: Mounting plugin AudioCapture
LogPluginManager: Mounting plugin AudioSynesthesia
LogPluginManager: Mounting plugin CableComponent
LogPluginManager: Mounting plugin ChunkDownloader
LogPluginManager: Mounting plugin CustomMeshComponent
LogPluginManager: Mounting plugin EditableMesh
LogPluginManager: Mounting plugin ExampleDeviceProfileSelector
LogPluginManager: Mounting plugin GoogleCloudMessaging
LogPluginManager: Mounting plugin GooglePAD
LogPluginManager: Mounting plugin IOSDeviceProfileSelector
LogPluginManager: Mounting plugin LinuxDeviceProfileSelector
LogPluginManager: Mounting plugin LocationServicesBPLibrary
LogPluginManager: Mounting plugin MobilePatchingUtils
LogPluginManager: Mounting plugin OpenXR
LogPluginManager: Mounting plugin OpenXREyeTracker
LogPluginManager: Mounting plugin AlembicImporter
LogPluginManager: Mounting plugin AutomationUtils
LogPluginManager: Mounting plugin BackChannel
LogPluginManager: Mounting plugin ChaosCloth
LogPluginManager: Mounting plugin ChaosClothEditor
LogPluginManager: Mounting plugin ChaosEditor
LogPluginManager: Mounting plugin ChaosNiagara
LogPluginManager: Mounting plugin CharacterAI
LogPluginManager: Mounting plugin ChaosSolverPlugin
LogPluginManager: Mounting plugin ScreenshotTools
LogPluginManager: Mounting plugin OpenXRHandTracking
LogPluginManager: Mounting plugin PhysXVehicles
LogPluginManager: Mounting plugin PostSplashScreen
LogPluginManager: Mounting plugin ProceduralMeshComponent
LogPluginManager: Mounting plugin PropertyAccessEditor
LogPluginManager: Mounting plugin RuntimePhysXCooking
LogPluginManager: Mounting plugin SignificanceManager
LogPluginManager: Mounting plugin SoundFields
LogPluginManager: Mounting plugin Synthesis
LogPluginManager: Mounting plugin WebMMoviePlayer
LogPluginManager: Mounting plugin WindowsMoviePlayer
LogPluginManager: Mounting plugin GeometryCache
LogPluginManager: Mounting plugin GeometryCollectionPlugin
LogPluginManager: Mounting plugin GeometryProcessing
LogPluginManager: Mounting plugin MotoSynth
LogPluginManager: Mounting plugin OpenImageDenoise
LogPluginManager: Mounting plugin Takes
LogPluginManager: Mounting plugin PlanarCut
LogPluginManager: Mounting plugin PlatformCrypto
LogPluginManager: Mounting plugin ProxyLODPlugin
LogPluginManager: Mounting plugin PythonScriptPlugin
LogPluginManager: Mounting plugin SkeletalReduction
LogPluginManager: Mounting plugin ContentBrowserFileDataSource
LogPluginManager: Mounting plugin ContentBrowserClassDataSource
LogPluginManager: Mounting plugin ContentBrowserAssetDataSource
LogPluginManager: Mounting plugin OnlineSubsystemGooglePlay
LogPluginManager: Mounting plugin OnlineSubsystemIOS
LogPluginManager: Mounting plugin OculusVR
LogPluginManager: Mounting plugin SteamVR
PixWinPlugin: PIX capture plugin failed to initialize! Check that the process is launched from PIX.
LogInit: Using libcurl 7.55.1-DEV
LogInit:  - built for x86_64-pc-win32
LogInit:  - supports SSL with OpenSSL/1.1.1
LogInit:  - supports HTTP deflate (compression) using libz 1.2.8
LogInit:  - other features:
LogInit:      CURL_VERSION_SSL
LogInit:      CURL_VERSION_LIBZ
LogInit:      CURL_VERSION_IPV6
LogInit:      CURL_VERSION_ASYNCHDNS
LogInit:      CURL_VERSION_LARGEFILE
LogInit:      CURL_VERSION_IDN
LogInit:  CurlRequestOptions (configurable via config and command line):
LogInit:  - bVerifyPeer = true  - Libcurl will verify peer certificate
LogInit:  - bUseHttpProxy = false  - Libcurl will NOT use HTTP proxy
LogInit:  - bDontReuseConnections = false  - Libcurl will reuse connections
LogInit:  - MaxHostConnections = 16  - Libcurl will limit the number of connections to a host
LogInit:  - LocalHostAddr = Default
LogInit:  - BufferSize = 65536
LogOnline: OSS: Creating online subsystem instance for: NULL
LogInit: WinSock: version 1.1 (2.2), MaxSocks=32767, MaxUdp=65467
LogOnline: OSS: TryLoadSubsystemAndSetDefault: Loaded subsystem for module [NULL]
LogOculusPluginWrapper: OculusPlugin initialized successfully
LogHMD: Failed initializing OVRPlugin 1.59.0
LogInit: Build: ++UE4+Release-4.27-CL-18319896
LogInit: Engine Version: 4.27.2-18319896+++UE4+Release-4.27
LogInit: Compatible Engine Version: 4.27.0-17155196+++UE4+Release-4.27
LogInit: Net CL: 17155196
LogInit: OS: Windows 10 (Release 2009) (), CPU: Intel(R) Core(TM) i5-9300H CPU @ 2.40GHz, GPU: Intel(R) UHD Graphics 630
LogInit: Compiled (64-bit): Nov 30 2021 07:12:08
LogInit: Compiled with Visual C++: 19.24.28315.00
LogInit: Build Configuration: Development
LogInit: Branch Name: ++UE4+Release-4.27
LogInit: Command Line: 
LogInit: Base Directory: C:/Program Files/UE/UE_4.27/Engine/Binaries/Win64/
LogInit: Allocator: TBB
LogInit: Installed Engine Build: 1
LogDevObjectVersion: Number of dev versions registered: 29
LogDevObjectVersion:   Dev-Blueprints (B0D832E4-1F89-4F0D-ACCF-7EB736FD4AA2): 10
LogDevObjectVersion:   Dev-Build (E1C64328-A22C-4D53-A36C-8E866417BD8C): 0
LogDevObjectVersion:   Dev-Core (375EC13C-06E4-48FB-B500-84F0262A717E): 4
LogDevObjectVersion:   Dev-Editor (E4B068ED-F494-42E9-A231-DA0B2E46BB41): 40
LogDevObjectVersion:   Dev-Framework (CFFC743F-43B0-4480-9391-14DF171D2073): 37
LogDevObjectVersion:   Dev-Mobile (B02B49B5-BB20-44E9-A304-32B752E40360): 3
LogDevObjectVersion:   Dev-Networking (A4E4105C-59A1-49B5-A7C5-40C4547EDFEE): 0
LogDevObjectVersion:   Dev-Online (39C831C9-5AE6-47DC-9A44-9C173E1C8E7C): 0
LogDevObjectVersion:   Dev-Physics (78F01B33-EBEA-4F98-B9B4-84EACCB95AA2): 14
LogDevObjectVersion:   Dev-Platform (6631380F-2D4D-43E0-8009-CF276956A95A): 0
LogDevObjectVersion:   Dev-Rendering (12F88B9F-8875-4AFC-A67C-D90C383ABD29): 45
LogDevObjectVersion:   Dev-Sequencer (7B5AE74C-D270-4C10-A958-57980B212A5A): 13
LogDevObjectVersion:   Dev-VR (D7296918-1DD6-4BDD-9DE2-64A83CC13884): 3
LogDevObjectVersion:   Dev-LoadTimes (C2A15278-BFE7-4AFE-6C17-90FF531DF755): 1
LogDevObjectVersion:   Private-Geometry (6EACA3D4-40EC-4CC1-B786-8BED09428FC5): 3
LogDevObjectVersion:   Dev-AnimPhys (29E575DD-E0A3-4627-9D10-D276232CDCEA): 17
LogDevObjectVersion:   Dev-Anim (AF43A65D-7FD3-4947-9873-3E8ED9C1BB05): 15
LogDevObjectVersion:   Dev-ReflectionCapture (6B266CEC-1EC7-4B8F-A30B-E4D90942FC07): 1
LogDevObjectVersion:   Dev-Automation (0DF73D61-A23F-47EA-B727-89E90C41499A): 1
LogDevObjectVersion:   FortniteMain (601D1886-AC64-4F84-AA16-D3DE0DEAC7D6): 47
LogDevObjectVersion:   FortniteRelease (E7086368-6B23-4C58-8439-1B7016265E91): 1
LogDevObjectVersion:   Dev-Enterprise (9DFFBCD6-494F-0158-E221-12823C92A888): 10
LogDevObjectVersion:   Dev-Niagara (F2AED0AC-9AFE-416F-8664-AA7FFA26D6FC): 1
LogDevObjectVersion:   Dev-Destruction (174F1F0B-B4C6-45A5-B13F-2EE8D0FB917D): 10
LogDevObjectVersion:   Dev-Physics-Ext (35F94A83-E258-406C-A318-09F59610247C): 41
LogDevObjectVersion:   Dev-PhysicsMaterial-Chaos (B68FC16E-8B1B-42E2-B453-215C058844FE): 1
LogDevObjectVersion:   Dev-CineCamera (B2E18506-4273-CFC2-A54E-F4BB758BBA07): 1
LogDevObjectVersion:   Dev-VirtualProduction (64F58936-FD1B-42BA-BA96-7289D5D0FA4E): 1
LogDevObjectVersion:   Dev-MediaFramework (6F0ED827-A609-4895-9C91-998D90180EA4): 2
LogInit: Presizing for max 25165824 objects, including 0 objects not considered by GC, pre-allocating 0 bytes for permanent pool.
LogConfig: Applying CVar settings from Section [/Script/Engine.StreamingSettings] File [C:/Unreal Projects/Top-Down-Puzzle/TopDownPuzzle/Saved/Config/Windows/Engine.ini]
LogConfig: Setting CVar [[s.MinBulkDataSizeForAsyncLoading:131072]]
LogConfig: Setting CVar [[s.AsyncLoadingThreadEnabled:0]]
LogConfig: Setting CVar [[s.EventDrivenLoaderEnabled:1]]
LogConfig: Setting CVar [[s.WarnIfTimeLimitExceeded:0]]
LogConfig: Setting CVar [[s.TimeLimitExceededMultiplier:1.5]]
LogConfig: Setting CVar [[s.TimeLimitExceededMinTime:0.005]]
LogConfig: Setting CVar [[s.UseBackgroundLevelStreaming:1]]
LogConfig: Setting CVar [[s.PriorityAsyncLoadingExtraTime:15.0]]
LogConfig: Setting CVar [[s.LevelStreamingActorsUpdateTimeLimit:5.0]]
LogConfig: Setting CVar [[s.PriorityLevelStreamingActorsUpdateExtraTime:5.0]]
LogConfig: Setting CVar [[s.LevelStreamingComponentsRegistrationGranularity:10]]
LogConfig: Setting CVar [[s.UnregisterComponentsTimeLimit:1.0]]
LogConfig: Setting CVar [[s.LevelStreamingComponentsUnregistrationGranularity:5]]
LogConfig: Setting CVar [[s.FlushStreamingOnExit:1]]
LogInit: Object subsystem initialized
LogConfig: Setting CVar [[con.DebugEarlyDefault:1]]
LogConfig: Setting CVar [[r.setres:1280x720]]
[2025.04.10-14.57.02:070][  0]LogConfig: Setting CVar [[r.VSync:0]]
[2025.04.10-14.57.02:070][  0]LogConfig: Setting CVar [[r.RHICmdBypass:0]]
[2025.04.10-14.57.02:070][  0]LogConfig: Applying CVar settings from Section [/Script/Engine.RendererSettings] File [C:/Unreal Projects/Top-Down-Puzzle/TopDownPuzzle/Saved/Config/Windows/Engine.ini]
[2025.04.10-14.57.02:070][  0]LogConfig: Setting CVar [[r.GPUCrashDebugging:0]]
[2025.04.10-14.57.02:070][  0]LogConfig: Setting CVar [[r.Mobile.DisableVertexFog:1]]
[2025.04.10-14.57.02:070][  0]LogConfig: Setting CVar [[r.Shadow.CSM.MaxMobileCascades:2]]
[2025.04.10-14.57.02:070][  0]LogConfig: Setting CVar [[r.MobileMSAA:1]]
[2025.04.10-14.57.02:070][  0]LogConfig: Setting CVar [[r.Mobile.AllowDitheredLODTransition:0]]
[2025.04.10-14.57.02:070][  0]LogConfig: Setting CVar [[r.Mobile.AllowSoftwareOcclusion:0]]
[2025.04.10-14.57.02:070][  0]LogConfig: Setting CVar [[r.Mobile.VirtualTextures:0]]
[2025.04.10-14.57.02:070][  0]LogConfig: Setting CVar [[r.DiscardUnusedQuality:0]]
[2025.04.10-14.57.02:070][  0]LogConfig: Setting CVar [[r.AllowOcclusionQueries:1]]
[2025.04.10-14.57.02:070][  0]LogConfig: Setting CVar [[r.MinScreenRadiusForLights:0.030000]]
[2025.04.10-14.57.02:070][  0]LogConfig: Setting CVar [[r.MinScreenRadiusForDepthPrepass:0.030000]]
[2025.04.10-14.57.02:070][  0]LogConfig: Setting CVar [[r.MinScreenRadiusForCSMDepth:0.010000]]
[2025.04.10-14.57.02:070][  0]LogConfig: Setting CVar [[r.PrecomputedVisibilityWarning:0]]
[2025.04.10-14.57.02:070][  0]LogConfig: Setting CVar [[r.TextureStreaming:1]]
[2025.04.10-14.57.02:070][  0]LogConfig: Setting CVar [[Compat.UseDXT5NormalMaps:0]]
[2025.04.10-14.57.02:070][  0]LogConfig: Setting CVar [[r.VirtualTextures:0]]
[2025.04.10-14.57.02:070][  0]LogConfig: Setting CVar [[r.VT.EnableAutoImport:1]]
[2025.04.10-14.57.02:070][  0]LogConfig: Setting CVar [[r.VirtualTexturedLightmaps:0]]
[2025.04.10-14.57.02:070][  0]LogConfig: Setting CVar [[r.VT.TileSize:128]]
[2025.04.10-14.57.02:070][  0]LogConfig: Setting CVar [[r.VT.TileBorderSize:4]]
[2025.04.10-14.57.02:070][  0]LogConfig: Setting CVar [[r.vt.FeedbackFactor:16]]
[2025.04.10-14.57.02:070][  0]LogConfig: Setting CVar [[r.VT.EnableCompressZlib:1]]
[2025.04.10-14.57.02:070][  0]LogConfig: Setting CVar [[r.VT.EnableCompressCrunch:0]]
[2025.04.10-14.57.02:070][  0]LogConfig: Setting CVar [[r.ClearCoatNormal:0]]
[2025.04.10-14.57.02:070][  0]LogConfig: Setting CVar [[r.ReflectionCaptureResolution:128]]
[2025.04.10-14.57.02:070][  0]LogConfig: Setting CVar [[r.Mobile.ReflectionCaptureCompression:0]]
[2025.04.10-14.57.02:070][  0]LogConfig: Setting CVar [[r.ReflectionEnvironmentLightmapMixBasedOnRoughness:1]]
[2025.04.10-14.57.02:070][  0]LogConfig: Setting CVar [[r.ForwardShading:0]]
[2025.04.10-14.57.02:070][  0]LogConfig: Setting CVar [[r.VertexFoggingForOpaque:1]]
[2025.04.10-14.57.02:070][  0]LogConfig: Setting CVar [[r.AllowStaticLighting:1]]
[2025.04.10-14.57.02:070][  0]LogConfig: Setting CVar [[r.NormalMapsForStaticLighting:0]]
[2025.04.10-14.57.02:070][  0]LogConfig: Setting CVar [[r.GenerateMeshDistanceFields:0]]
[2025.04.10-14.57.02:070][  0]LogConfig: Setting CVar [[r.DistanceFieldBuild.EightBit:0]]
[2025.04.10-14.57.02:070][  0]LogConfig: Setting CVar [[r.GenerateLandscapeGIData:0]]
[2025.04.10-14.57.02:070][  0]LogConfig: Setting CVar [[r.DistanceFieldBuild.Compress:0]]
[2025.04.10-14.57.02:070][  0]LogConfig: Setting CVar [[r.TessellationAdaptivePixelsPerTriangle:48.000000]]
[2025.04.10-14.57.02:070][  0]LogConfig: Setting CVar [[r.SeparateTranslucency:1]]
[2025.04.10-14.57.02:070][  0]LogConfig: Setting CVar [[r.TranslucentSortPolicy:0]]
[2025.04.10-14.57.02:070][  0]LogConfig: Setting CVar [[vr.VRS.HMDFixedFoveationLevel:0]]
[2025.04.10-14.57.02:070][  0]LogConfig: Setting CVar [[r.CustomDepth:1]]
[2025.04.10-14.57.02:070][  0]LogConfig: Setting CVar [[r.CustomDepthTemporalAAJitter:1]]
[2025.04.10-14.57.02:070][  0]LogConfig: Setting CVar [[r.PostProcessing.PropagateAlpha:0]]
[2025.04.10-14.57.02:070][  0]LogConfig: Setting CVar [[r.DefaultFeature.Bloom:1]]
[2025.04.10-14.57.02:070][  0]LogConfig: Setting CVar [[r.DefaultFeature.AmbientOcclusion:1]]
[2025.04.10-14.57.02:070][  0]LogConfig: Setting CVar [[r.DefaultFeature.AmbientOcclusionStaticFraction:1]]
[2025.04.10-14.57.02:070][  0]LogConfig: Setting CVar [[r.DefaultFeature.AutoExposure:0]]
[2025.04.10-14.57.02:070][  0]LogConfig: Setting CVar [[r.DefaultFeature.AutoExposure.Method:0]]
[2025.04.10-14.57.02:070][  0]LogConfig: Setting CVar [[r.DefaultFeature.AutoExposure.Bias:1.000000]]
[2025.04.10-14.57.02:070][  0]LogConfig: Setting CVar [[r.DefaultFeature.AutoExposure.ExtendDefaultLuminanceRange:0]]
[2025.04.10-14.57.02:070][  0]LogConfig: Setting CVar [[r.UsePreExposure:1]]
[2025.04.10-14.57.02:070][  0]LogConfig: Setting CVar [[r.EyeAdaptation.EditorOnly:0]]
[2025.04.10-14.57.02:070][  0]LogConfig: Setting CVar [[r.DefaultFeature.MotionBlur:0]]
[2025.04.10-14.57.02:070][  0]LogConfig: Setting CVar [[r.DefaultFeature.LensFlare:0]]
[2025.04.10-14.57.02:070][  0]LogConfig: Setting CVar [[r.TemporalAA.Upsampling:0]]
[2025.04.10-14.57.02:070][  0]LogConfig: Setting CVar [[r.SSGI.Enable:0]]
[2025.04.10-14.57.02:070][  0]LogConfig: Setting CVar [[r.DefaultFeature.AntiAliasing:0]]
[2025.04.10-14.57.02:070][  0]LogConfig: Setting CVar [[r.DefaultFeature.LightUnits:1]]
[2025.04.10-14.57.02:070][  0]LogConfig: Setting CVar [[r.DefaultBackBufferPixelFormat:4]]
[2025.04.10-14.57.02:071][  0]LogConfig: Setting CVar [[r.Shadow.UnbuiltPreviewInGame:1]]
[2025.04.10-14.57.02:071][  0]LogConfig: Setting CVar [[r.StencilForLODDither:0]]
[2025.04.10-14.57.02:071][  0]LogConfig: Setting CVar [[r.EarlyZPass:3]]
[2025.04.10-14.57.02:071][  0]LogConfig: Setting CVar [[r.EarlyZPassOnlyMaterialMasking:0]]
[2025.04.10-14.57.02:071][  0]LogConfig: Setting CVar [[r.DBuffer:1]]
[2025.04.10-14.57.02:071][  0]LogConfig: Setting CVar [[r.ClearSceneMethod:1]]
[2025.04.10-14.57.02:071][  0]LogConfig: Setting CVar [[r.BasePassOutputsVelocity:0]]
[2025.04.10-14.57.02:071][  0]LogConfig: Setting CVar [[r.VertexDeformationOutputsVelocity:0]]
[2025.04.10-14.57.02:071][  0]LogConfig: Setting CVar [[r.SelectiveBasePassOutputs:0]]
[2025.04.10-14.57.02:071][  0]LogConfig: Setting CVar [[fx.GPUSimulationTextureSizeX:1024]]
[2025.04.10-14.57.02:071][  0]LogConfig: Setting CVar [[fx.GPUSimulationTextureSizeY:1024]]
[2025.04.10-14.57.02:071][  0]LogConfig: Setting CVar [[r.AllowGlobalClipPlane:0]]
[2025.04.10-14.57.02:071][  0]LogConfig: Setting CVar [[r.GBufferFormat:1]]
[2025.04.10-14.57.02:071][  0]LogConfig: Setting CVar [[r.MorphTarget.Mode:1]]
[2025.04.10-14.57.02:071][  0]LogConfig: Setting CVar [[vr.InstancedStereo:0]]
[2025.04.10-14.57.02:071][  0]LogConfig: Setting CVar [[r.MobileHDR:1]]
[2025.04.10-14.57.02:071][  0]LogConfig: Setting CVar [[vr.MobileMultiView:0]]
[2025.04.10-14.57.02:071][  0]LogConfig: Setting CVar [[r.Mobile.UseHWsRGBEncoding:0]]
[2025.04.10-14.57.02:071][  0]LogConfig: Setting CVar [[vr.RoundRobinOcclusion:0]]
[2025.04.10-14.57.02:071][  0]LogConfig: Setting CVar [[vr.ODSCapture:0]]
[2025.04.10-14.57.02:071][  0]LogConfig: Setting CVar [[r.MeshStreaming:0]]
[2025.04.10-14.57.02:071][  0]LogConfig: Setting CVar [[r.WireframeCullThreshold:5.000000]]
[2025.04.10-14.57.02:071][  0]LogConfig: Setting CVar [[r.RayTracing:0]]
[2025.04.10-14.57.02:071][  0]LogConfig: Setting CVar [[r.RayTracing.UseTextureLod:0]]
[2025.04.10-14.57.02:071][  0]LogConfig: Setting CVar [[r.SupportStationarySkylight:1]]
[2025.04.10-14.57.02:071][  0]LogConfig: Setting CVar [[r.SupportLowQualityLightmaps:1]]
[2025.04.10-14.57.02:071][  0]LogConfig: Setting CVar [[r.SupportPointLightWholeSceneShadows:1]]
[2025.04.10-14.57.02:071][  0]LogConfig: Setting CVar [[r.SupportAtmosphericFog:1]]
[2025.04.10-14.57.02:071][  0]LogConfig: Setting CVar [[r.SupportSkyAtmosphere:1]]
[2025.04.10-14.57.02:071][  0]LogConfig: Setting CVar [[r.SupportSkyAtmosphereAffectsHeightFog:0]]
[2025.04.10-14.57.02:071][  0]LogConfig: Setting CVar [[r.SkinCache.CompileShaders:0]]
[2025.04.10-14.57.02:071][  0]LogConfig: Setting CVar [[r.SkinCache.DefaultBehavior:1]]
[2025.04.10-14.57.02:071][  0]LogConfig: Setting CVar [[r.SkinCache.SceneMemoryLimitInMB:128.000000]]
[2025.04.10-14.57.02:071][  0]LogConfig: Setting CVar [[r.Mobile.EnableStaticAndCSMShadowReceivers:1]]
[2025.04.10-14.57.02:071][  0]LogConfig: Setting CVar [[r.Mobile.EnableMovableLightCSMShaderCulling:1]]
[2025.04.10-14.57.02:071][  0]LogConfig: Setting CVar [[r.Mobile.AllowDistanceFieldShadows:1]]
[2025.04.10-14.57.02:071][  0]LogConfig: Setting CVar [[r.Mobile.AllowMovableDirectionalLights:1]]
[2025.04.10-14.57.02:071][  0]LogConfig: Setting CVar [[r.MobileNumDynamicPointLights:4]]
[2025.04.10-14.57.02:071][  0]LogConfig: Setting CVar [[r.MobileDynamicPointLightsUseStaticBranch:1]]
[2025.04.10-14.57.02:071][  0]LogConfig: Setting CVar [[r.Mobile.EnableMovableSpotlights:0]]
[2025.04.10-14.57.02:071][  0]LogConfig: Setting CVar [[r.Mobile.EnableMovableSpotlightsShadow:0]]
[2025.04.10-14.57.02:071][  0]LogConfig: Setting CVar [[r.GPUSkin.Support16BitBoneIndex:0]]
[2025.04.10-14.57.02:071][  0]LogConfig: Setting CVar [[r.GPUSkin.Limit2BoneInfluences:0]]
[2025.04.10-14.57.02:071][  0]LogConfig: Setting CVar [[r.SupportDepthOnlyIndexBuffers:1]]
[2025.04.10-14.57.02:071][  0]LogConfig: Setting CVar [[r.SupportReversedIndexBuffers:1]]
[2025.04.10-14.57.02:071][  0]LogConfig: Setting CVar [[r.LightPropagationVolume:0]]
[2025.04.10-14.57.02:071][  0]LogConfig: Setting CVar [[r.Mobile.AmbientOcclusion:0]]
[2025.04.10-14.57.02:071][  0]LogConfig: Setting CVar [[r.GPUSkin.UnlimitedBoneInfluences:0]]
[2025.04.10-14.57.02:071][  0]LogConfig: Setting CVar [[r.GPUSkin.UnlimitedBoneInfluencesThreshold:8]]
[2025.04.10-14.57.02:071][  0]LogConfig: Setting CVar [[r.Mobile.PlanarReflectionMode:0]]
[2025.04.10-14.57.02:071][  0]LogConfig: Setting CVar [[r.Mobile.SupportsGen4TAA:0]]
[2025.04.10-14.57.02:071][  0]LogConfig: Applying CVar settings from Section [/Script/Engine.RendererOverrideSettings] File [C:/Unreal Projects/Top-Down-Puzzle/TopDownPuzzle/Saved/Config/Windows/Engine.ini]
[2025.04.10-14.57.02:071][  0]LogConfig: Applying CVar settings from Section [/Script/Engine.StreamingSettings] File [C:/Unreal Projects/Top-Down-Puzzle/TopDownPuzzle/Saved/Config/Windows/Engine.ini]
[2025.04.10-14.57.02:071][  0]LogConfig: Setting CVar [[s.MinBulkDataSizeForAsyncLoading:131072]]
[2025.04.10-14.57.02:071][  0]LogConfig: Setting CVar [[s.AsyncLoadingThreadEnabled:0]]
[2025.04.10-14.57.02:071][  0]LogConfig: Setting CVar [[s.EventDrivenLoaderEnabled:1]]
[2025.04.10-14.57.02:071][  0]LogConfig: Setting CVar [[s.WarnIfTimeLimitExceeded:0]]
[2025.04.10-14.57.02:071][  0]LogConfig: Setting CVar [[s.TimeLimitExceededMultiplier:1.5]]
[2025.04.10-14.57.02:071][  0]LogConfig: Setting CVar [[s.TimeLimitExceededMinTime:0.005]]
[2025.04.10-14.57.02:071][  0]LogConfig: Setting CVar [[s.UseBackgroundLevelStreaming:1]]
[2025.04.10-14.57.02:071][  0]LogConfig: Setting CVar [[s.PriorityAsyncLoadingExtraTime:15.0]]
[2025.04.10-14.57.02:071][  0]LogConfig: Setting CVar [[s.LevelStreamingActorsUpdateTimeLimit:5.0]]
[2025.04.10-14.57.02:071][  0]LogConfig: Setting CVar [[s.PriorityLevelStreamingActorsUpdateExtraTime:5.0]]
[2025.04.10-14.57.02:071][  0]LogConfig: Setting CVar [[s.LevelStreamingComponentsRegistrationGranularity:10]]
[2025.04.10-14.57.02:071][  0]LogConfig: Setting CVar [[s.UnregisterComponentsTimeLimit:1.0]]
[2025.04.10-14.57.02:071][  0]LogConfig: Setting CVar [[s.LevelStreamingComponentsUnregistrationGranularity:5]]
[2025.04.10-14.57.02:071][  0]LogConfig: Setting CVar [[s.FlushStreamingOnExit:1]]
[2025.04.10-14.57.02:071][  0]LogConfig: Applying CVar settings from Section [/Script/Engine.GarbageCollectionSettings] File [C:/Unreal Projects/Top-Down-Puzzle/TopDownPuzzle/Saved/Config/Windows/Engine.ini]
[2025.04.10-14.57.02:071][  0]LogConfig: Setting CVar [[gc.MaxObjectsNotConsideredByGC:1]]
[2025.04.10-14.57.02:071][  0]LogConfig: Setting CVar [[gc.SizeOfPermanentObjectPool:0]]
[2025.04.10-14.57.02:071][  0]LogConfig: Setting CVar [[gc.FlushStreamingOnGC:0]]
[2025.04.10-14.57.02:071][  0]LogConfig: Setting CVar [[gc.NumRetriesBeforeForcingGC:10]]
[2025.04.10-14.57.02:071][  0]LogConfig: Setting CVar [[gc.AllowParallelGC:1]]
[2025.04.10-14.57.02:071][  0]LogConfig: Setting CVar [[gc.TimeBetweenPurgingPendingKillObjects:61.1]]
[2025.04.10-14.57.02:071][  0]LogConfig: Setting CVar [[gc.MaxObjectsInEditor:25165824]]
[2025.04.10-14.57.02:071][  0]LogConfig: Setting CVar [[gc.IncrementalBeginDestroyEnabled:1]]
[2025.04.10-14.57.02:071][  0]LogConfig: Setting CVar [[gc.CreateGCClusters:1]]
[2025.04.10-14.57.02:071][  0]LogConfig: Setting CVar [[gc.MinGCClusterSize:5]]
[2025.04.10-14.57.02:071][  0]LogConfig: Setting CVar [[gc.ActorClusteringEnabled:0]]
[2025.04.10-14.57.02:071][  0]LogConfig: Setting CVar [[gc.BlueprintClusteringEnabled:0]]
[2025.04.10-14.57.02:071][  0]LogConfig: Setting CVar [[gc.UseDisregardForGCOnDedicatedServers:0]]
[2025.04.10-14.57.02:071][  0]LogConfig: Setting CVar [[gc.MultithreadedDestructionEnabled:1]]
[2025.04.10-14.57.02:071][  0]LogConfig: Applying CVar settings from Section [/Script/Engine.NetworkSettings] File [C:/Unreal Projects/Top-Down-Puzzle/TopDownPuzzle/Saved/Config/Windows/Engine.ini]
[2025.04.10-14.57.02:071][  0]LogConfig: Applying CVar settings from Section [/Script/UnrealEd.CookerSettings] File [C:/Unreal Projects/Top-Down-Puzzle/TopDownPuzzle/Saved/Config/Windows/Engine.ini]
[2025.04.10-14.57.02:081][  0]LogConfig: Applying CVar settings from Section [ViewDistanceQuality@3] File [C:/Unreal Projects/Top-Down-Puzzle/TopDownPuzzle/Saved/Config/Windows/Scalability.ini]
[2025.04.10-14.57.02:081][  0]LogConfig: Setting CVar [[r.SkeletalMeshLODBias:0]]
[2025.04.10-14.57.02:081][  0]LogConfig: Setting CVar [[r.ViewDistanceScale:1.0]]
[2025.04.10-14.57.02:081][  0]LogConfig: Applying CVar settings from Section [AntiAliasingQuality@3] File [C:/Unreal Projects/Top-Down-Puzzle/TopDownPuzzle/Saved/Config/Windows/Scalability.ini]
[2025.04.10-14.57.02:081][  0]LogConfig: Setting CVar [[r.PostProcessAAQuality:4]]
[2025.04.10-14.57.02:081][  0]LogConfig: Applying CVar settings from Section [ShadowQuality@3] File [C:/Unreal Projects/Top-Down-Puzzle/TopDownPuzzle/Saved/Config/Windows/Scalability.ini]
[2025.04.10-14.57.02:081][  0]LogConfig: Setting CVar [[r.LightFunctionQuality:1]]
[2025.04.10-14.57.02:081][  0]LogConfig: Setting CVar [[r.ShadowQuality:5]]
[2025.04.10-14.57.02:081][  0]LogConfig: Setting CVar [[r.Shadow.CSM.MaxCascades:10]]
[2025.04.10-14.57.02:081][  0]LogConfig: Setting CVar [[r.Shadow.MaxResolution:2048]]
[2025.04.10-14.57.02:081][  0]LogConfig: Setting CVar [[r.Shadow.MaxCSMResolution:2048]]
[2025.04.10-14.57.02:081][  0]LogConfig: Setting CVar [[r.Shadow.RadiusThreshold:0.01]]
[2025.04.10-14.57.02:082][  0]LogConfig: Setting CVar [[r.Shadow.DistanceScale:1.0]]
[2025.04.10-14.57.02:082][  0]LogConfig: Setting CVar [[r.Shadow.CSM.TransitionScale:1.0]]
[2025.04.10-14.57.02:082][  0]LogConfig: Setting CVar [[r.Shadow.PreShadowResolutionFactor:1.0]]
[2025.04.10-14.57.02:082][  0]LogConfig: Setting CVar [[r.DistanceFieldShadowing:1]]
[2025.04.10-14.57.02:082][  0]LogConfig: Setting CVar [[r.DistanceFieldAO:1]]
[2025.04.10-14.57.02:082][  0]LogConfig: Setting CVar [[r.AOQuality:2]]
[2025.04.10-14.57.02:082][  0]LogConfig: Setting CVar [[r.VolumetricFog:1]]
[2025.04.10-14.57.02:082][  0]LogConfig: Setting CVar [[r.VolumetricFog.GridPixelSize:8]]
[2025.04.10-14.57.02:082][  0]LogConfig: Setting CVar [[r.VolumetricFog.GridSizeZ:128]]
[2025.04.10-14.57.02:082][  0]LogConfig: Setting CVar [[r.VolumetricFog.HistoryMissSupersampleCount:4]]
[2025.04.10-14.57.02:082][  0]LogConfig: Setting CVar [[r.LightMaxDrawDistanceScale:1]]
[2025.04.10-14.57.02:082][  0]LogConfig: Setting CVar [[r.CapsuleShadows:1]]
[2025.04.10-14.57.02:082][  0]LogConfig: Applying CVar settings from Section [PostProcessQuality@3] File [C:/Unreal Projects/Top-Down-Puzzle/TopDownPuzzle/Saved/Config/Windows/Scalability.ini]
[2025.04.10-14.57.02:082][  0]LogConfig: Setting CVar [[r.MotionBlurQuality:4]]
[2025.04.10-14.57.02:082][  0]LogConfig: Setting CVar [[r.AmbientOcclusionMipLevelFactor:0.4]]
[2025.04.10-14.57.02:082][  0]LogConfig: Setting CVar [[r.AmbientOcclusionMaxQuality:100]]
[2025.04.10-14.57.02:082][  0]LogConfig: Setting CVar [[r.AmbientOcclusionLevels:-1]]
[2025.04.10-14.57.02:082][  0]LogConfig: Setting CVar [[r.AmbientOcclusionRadiusScale:1.0]]
[2025.04.10-14.57.02:082][  0]LogConfig: Setting CVar [[r.DepthOfFieldQuality:2]]
[2025.04.10-14.57.02:082][  0]LogConfig: Setting CVar [[r.RenderTargetPoolMin:400]]
[2025.04.10-14.57.02:082][  0]LogConfig: Setting CVar [[r.LensFlareQuality:2]]
[2025.04.10-14.57.02:082][  0]LogConfig: Setting CVar [[r.SceneColorFringeQuality:1]]
[2025.04.10-14.57.02:082][  0]LogConfig: Setting CVar [[r.EyeAdaptationQuality:2]]
[2025.04.10-14.57.02:082][  0]LogConfig: Setting CVar [[r.BloomQuality:5]]
[2025.04.10-14.57.02:082][  0]LogConfig: Setting CVar [[r.FastBlurThreshold:100]]
[2025.04.10-14.57.02:082][  0]LogConfig: Setting CVar [[r.Upscale.Quality:3]]
[2025.04.10-14.57.02:082][  0]LogConfig: Setting CVar [[r.Tonemapper.GrainQuantization:1]]
[2025.04.10-14.57.02:082][  0]LogConfig: Setting CVar [[r.LightShaftQuality:1]]
[2025.04.10-14.57.02:082][  0]LogConfig: Setting CVar [[r.Filter.SizeScale:1]]
[2025.04.10-14.57.02:082][  0]LogConfig: Setting CVar [[r.Tonemapper.Quality:5]]
[2025.04.10-14.57.02:082][  0]LogConfig: Setting CVar [[r.DOF.Gather.AccumulatorQuality:1        ; higher gathering accumulator quality]]
[2025.04.10-14.57.02:082][  0]LogConfig: Setting CVar [[r.DOF.Gather.PostfilterMethod:1          ; Median3x3 postfilering method]]
[2025.04.10-14.57.02:082][  0]LogConfig: Setting CVar [[r.DOF.Gather.EnableBokehSettings:0       ; no bokeh simulation when gathering]]
[2025.04.10-14.57.02:082][  0]LogConfig: Setting CVar [[r.DOF.Gather.RingCount:4                 ; medium number of samples when gathering]]
[2025.04.10-14.57.02:082][  0]LogConfig: Setting CVar [[r.DOF.Scatter.ForegroundCompositing:1    ; additive foreground scattering]]
[2025.04.10-14.57.02:082][  0]LogConfig: Setting CVar [[r.DOF.Scatter.BackgroundCompositing:2    ; additive background scattering]]
[2025.04.10-14.57.02:082][  0]LogConfig: Setting CVar [[r.DOF.Scatter.EnableBokehSettings:1      ; bokeh simulation when scattering]]
[2025.04.10-14.57.02:082][  0]LogConfig: Setting CVar [[r.DOF.Scatter.MaxSpriteRatio:0.1         ; only a maximum of 10% of scattered bokeh]]
[2025.04.10-14.57.02:082][  0]LogConfig: Setting CVar [[r.DOF.Recombine.Quality:1                ; cheap slight out of focus]]
[2025.04.10-14.57.02:082][  0]LogConfig: Setting CVar [[r.DOF.Recombine.EnableBokehSettings:0    ; no bokeh simulation on slight out of focus]]
[2025.04.10-14.57.02:082][  0]LogConfig: Setting CVar [[r.DOF.TemporalAAQuality:1                ; more stable temporal accumulation]]
[2025.04.10-14.57.02:082][  0]LogConfig: Setting CVar [[r.DOF.Kernel.MaxForegroundRadius:0.025]]
[2025.04.10-14.57.02:082][  0]LogConfig: Setting CVar [[r.DOF.Kernel.MaxBackgroundRadius:0.025]]
[2025.04.10-14.57.02:082][  0]LogConfig: Applying CVar settings from Section [TextureQuality@3] File [C:/Unreal Projects/Top-Down-Puzzle/TopDownPuzzle/Saved/Config/Windows/Scalability.ini]
[2025.04.10-14.57.02:082][  0]LogConfig: Setting CVar [[r.Streaming.MipBias:0]]
[2025.04.10-14.57.02:082][  0]LogConfig: Setting CVar [[r.Streaming.AmortizeCPUToGPUCopy:0]]
[2025.04.10-14.57.02:082][  0]LogConfig: Setting CVar [[r.Streaming.MaxNumTexturesToStreamPerFrame:0]]
[2025.04.10-14.57.02:082][  0]LogConfig: Setting CVar [[r.Streaming.Boost:1]]
[2025.04.10-14.57.02:082][  0]LogConfig: Setting CVar [[r.MaxAnisotropy:8]]
[2025.04.10-14.57.02:082][  0]LogConfig: Setting CVar [[r.VT.MaxAnisotropy:8]]
[2025.04.10-14.57.02:082][  0]LogConfig: Setting CVar [[r.Streaming.LimitPoolSizeToVRAM:0]]
[2025.04.10-14.57.02:082][  0]LogConfig: Setting CVar [[r.Streaming.PoolSize:1000]]
[2025.04.10-14.57.02:082][  0]LogConfig: Setting CVar [[r.Streaming.MaxEffectiveScreenSize:0]]
[2025.04.10-14.57.02:082][  0]LogConfig: Applying CVar settings from Section [EffectsQuality@3] File [C:/Unreal Projects/Top-Down-Puzzle/TopDownPuzzle/Saved/Config/Windows/Scalability.ini]
[2025.04.10-14.57.02:082][  0]LogConfig: Setting CVar [[r.TranslucencyLightingVolumeDim:64]]
[2025.04.10-14.57.02:082][  0]LogConfig: Setting CVar [[r.RefractionQuality:2]]
[2025.04.10-14.57.02:082][  0]LogConfig: Setting CVar [[r.SSR.Quality:3]]
[2025.04.10-14.57.02:082][  0]LogConfig: Setting CVar [[r.SSR.HalfResSceneColor:0]]
[2025.04.10-14.57.02:082][  0]LogConfig: Setting CVar [[r.SceneColorFormat:4]]
[2025.04.10-14.57.02:082][  0]LogConfig: Setting CVar [[r.DetailMode:2]]
[2025.04.10-14.57.02:082][  0]LogConfig: Setting CVar [[r.TranslucencyVolumeBlur:1]]
[2025.04.10-14.57.02:082][  0]LogConfig: Setting CVar [[r.MaterialQualityLevel:1 ; High quality]]
[2025.04.10-14.57.02:082][  0]LogConfig: Setting CVar [[r.AnisotropicMaterials:1]]
[2025.04.10-14.57.02:082][  0]LogConfig: Setting CVar [[r.SSS.Scale:1]]
[2025.04.10-14.57.02:082][  0]LogConfig: Setting CVar [[r.SSS.SampleSet:2]]
[2025.04.10-14.57.02:082][  0]LogConfig: Setting CVar [[r.SSS.Quality:1]]
[2025.04.10-14.57.02:082][  0]LogConfig: Setting CVar [[r.SSS.HalfRes:0]]
[2025.04.10-14.57.02:082][  0]LogConfig: Setting CVar [[r.SSGI.Quality:3]]
[2025.04.10-14.57.02:082][  0]LogConfig: Setting CVar [[r.EmitterSpawnRateScale:1.0]]
[2025.04.10-14.57.02:082][  0]LogConfig: Setting CVar [[r.ParticleLightQuality:2]]
[2025.04.10-14.57.02:082][  0]LogConfig: Setting CVar [[r.SkyAtmosphere.AerialPerspectiveLUT.FastApplyOnOpaque:1 ; Always have FastSkyLUT 1 in this case to avoid wrong sky]]
[2025.04.10-14.57.02:082][  0]LogConfig: Setting CVar [[r.SkyAtmosphere.AerialPerspectiveLUT.SampleCountMaxPerSlice:4]]
[2025.04.10-14.57.02:082][  0]LogConfig: Setting CVar [[r.SkyAtmosphere.AerialPerspectiveLUT.DepthResolution:16.0]]
[2025.04.10-14.57.02:082][  0]LogConfig: Setting CVar [[r.SkyAtmosphere.FastSkyLUT:1]]
[2025.04.10-14.57.02:082][  0]LogConfig: Setting CVar [[r.SkyAtmosphere.FastSkyLUT.SampleCountMin:4.0]]
[2025.04.10-14.57.02:082][  0]LogConfig: Setting CVar [[r.SkyAtmosphere.FastSkyLUT.SampleCountMax:128.0]]
[2025.04.10-14.57.02:082][  0]LogConfig: Setting CVar [[r.SkyAtmosphere.SampleCountMin:4.0]]
[2025.04.10-14.57.02:082][  0]LogConfig: Setting CVar [[r.SkyAtmosphere.SampleCountMax:128.0]]
[2025.04.10-14.57.02:082][  0]LogConfig: Setting CVar [[r.SkyAtmosphere.TransmittanceLUT.UseSmallFormat:0]]
[2025.04.10-14.57.02:082][  0]LogConfig: Setting CVar [[r.SkyAtmosphere.TransmittanceLUT.SampleCount:10.0]]
[2025.04.10-14.57.02:082][  0]LogConfig: Setting CVar [[r.SkyAtmosphere.MultiScatteringLUT.SampleCount:15.0]]
[2025.04.10-14.57.02:082][  0]LogConfig: Setting CVar [[r.SkyLight.RealTimeReflectionCapture:1]]
[2025.04.10-14.57.02:082][  0]LogConfig: Applying CVar settings from Section [FoliageQuality@3] File [C:/Unreal Projects/Top-Down-Puzzle/TopDownPuzzle/Saved/Config/Windows/Scalability.ini]
[2025.04.10-14.57.02:082][  0]LogConfig: Setting CVar [[foliage.DensityScale:1.0]]
[2025.04.10-14.57.02:082][  0]LogConfig: Setting CVar [[grass.DensityScale:1.0]]
[2025.04.10-14.57.02:082][  0]LogConfig: Applying CVar settings from Section [ShadingQuality@3] File [C:/Unreal Projects/Top-Down-Puzzle/TopDownPuzzle/Saved/Config/Windows/Scalability.ini]
[2025.04.10-14.57.02:082][  0]LogConfig: Setting CVar [[r.HairStrands.SkyLighting.IntegrationType:2]]
[2025.04.10-14.57.02:082][  0]LogConfig: Setting CVar [[r.HairStrands.SkyAO.SampleCount:4]]
[2025.04.10-14.57.02:082][  0]LogConfig: Setting CVar [[r.HairStrands.Visibility.MSAA.SamplePerPixel:4]]
[2025.04.10-14.57.02:082][  0]LogInit: Selected Device Profile: [Windows]
[2025.04.10-14.57.02:083][  0]LogInit: Applying CVar settings loaded from the selected device profile: [Windows]
[2025.04.10-14.57.02:083][  0]LogHAL: Display: Platform has ~ 16 GB [17013329920 / 17179869184 / 16], which maps to Larger [LargestMinGB=32, LargerMinGB=12, DefaultMinGB=8, SmallerMinGB=6, SmallestMinGB=0)
[2025.04.10-14.57.02:083][  0]LogInit: Going up to parent DeviceProfile []
[2025.04.10-14.57.02:083][  0]LogConfig: Applying CVar settings from Section [ViewDistanceQuality@3] File [C:/Unreal Projects/Top-Down-Puzzle/TopDownPuzzle/Saved/Config/Windows/Scalability.ini]
[2025.04.10-14.57.02:083][  0]LogConfig: Setting CVar [[r.SkeletalMeshLODBias:0]]
[2025.04.10-14.57.02:083][  0]LogConfig: Setting CVar [[r.ViewDistanceScale:1.0]]
[2025.04.10-14.57.02:083][  0]LogConfig: Applying CVar settings from Section [AntiAliasingQuality@3] File [C:/Unreal Projects/Top-Down-Puzzle/TopDownPuzzle/Saved/Config/Windows/Scalability.ini]
[2025.04.10-14.57.02:083][  0]LogConfig: Setting CVar [[r.PostProcessAAQuality:4]]
[2025.04.10-14.57.02:083][  0]LogConfig: Applying CVar settings from Section [ShadowQuality@3] File [C:/Unreal Projects/Top-Down-Puzzle/TopDownPuzzle/Saved/Config/Windows/Scalability.ini]
[2025.04.10-14.57.02:083][  0]LogConfig: Setting CVar [[r.LightFunctionQuality:1]]
[2025.04.10-14.57.02:083][  0]LogConfig: Setting CVar [[r.ShadowQuality:5]]
[2025.04.10-14.57.02:083][  0]LogConfig: Setting CVar [[r.Shadow.CSM.MaxCascades:10]]
[2025.04.10-14.57.02:083][  0]LogConfig: Setting CVar [[r.Shadow.MaxResolution:2048]]
[2025.04.10-14.57.02:083][  0]LogConfig: Setting CVar [[r.Shadow.MaxCSMResolution:2048]]
[2025.04.10-14.57.02:083][  0]LogConfig: Setting CVar [[r.Shadow.RadiusThreshold:0.01]]
[2025.04.10-14.57.02:083][  0]LogConfig: Setting CVar [[r.Shadow.DistanceScale:1.0]]
[2025.04.10-14.57.02:083][  0]LogConfig: Setting CVar [[r.Shadow.CSM.TransitionScale:1.0]]
[2025.04.10-14.57.02:083][  0]LogConfig: Setting CVar [[r.Shadow.PreShadowResolutionFactor:1.0]]
[2025.04.10-14.57.02:083][  0]LogConfig: Setting CVar [[r.DistanceFieldShadowing:1]]
[2025.04.10-14.57.02:083][  0]LogConfig: Setting CVar [[r.DistanceFieldAO:1]]
[2025.04.10-14.57.02:083][  0]LogConfig: Setting CVar [[r.AOQuality:2]]
[2025.04.10-14.57.02:083][  0]LogConfig: Setting CVar [[r.VolumetricFog:1]]
[2025.04.10-14.57.02:083][  0]LogConfig: Setting CVar [[r.VolumetricFog.GridPixelSize:8]]
[2025.04.10-14.57.02:083][  0]LogConfig: Setting CVar [[r.VolumetricFog.GridSizeZ:128]]
[2025.04.10-14.57.02:083][  0]LogConfig: Setting CVar [[r.VolumetricFog.HistoryMissSupersampleCount:4]]
[2025.04.10-14.57.02:083][  0]LogConfig: Setting CVar [[r.LightMaxDrawDistanceScale:1]]
[2025.04.10-14.57.02:083][  0]LogConfig: Setting CVar [[r.CapsuleShadows:1]]
[2025.04.10-14.57.02:083][  0]LogConfig: Applying CVar settings from Section [PostProcessQuality@3] File [C:/Unreal Projects/Top-Down-Puzzle/TopDownPuzzle/Saved/Config/Windows/Scalability.ini]
[2025.04.10-14.57.02:083][  0]LogConfig: Setting CVar [[r.MotionBlurQuality:4]]
[2025.04.10-14.57.02:083][  0]LogConfig: Setting CVar [[r.AmbientOcclusionMipLevelFactor:0.4]]
[2025.04.10-14.57.02:083][  0]LogConfig: Setting CVar [[r.AmbientOcclusionMaxQuality:100]]
[2025.04.10-14.57.02:083][  0]LogConfig: Setting CVar [[r.AmbientOcclusionLevels:-1]]
[2025.04.10-14.57.02:083][  0]LogConfig: Setting CVar [[r.AmbientOcclusionRadiusScale:1.0]]
[2025.04.10-14.57.02:083][  0]LogConfig: Setting CVar [[r.DepthOfFieldQuality:2]]
[2025.04.10-14.57.02:083][  0]LogConfig: Setting CVar [[r.RenderTargetPoolMin:400]]
[2025.04.10-14.57.02:083][  0]LogConfig: Setting CVar [[r.LensFlareQuality:2]]
[2025.04.10-14.57.02:083][  0]LogConfig: Setting CVar [[r.SceneColorFringeQuality:1]]
[2025.04.10-14.57.02:083][  0]LogConfig: Setting CVar [[r.EyeAdaptationQuality:2]]
[2025.04.10-14.57.02:083][  0]LogConfig: Setting CVar [[r.BloomQuality:5]]
[2025.04.10-14.57.02:083][  0]LogConfig: Setting CVar [[r.FastBlurThreshold:100]]
[2025.04.10-14.57.02:083][  0]LogConfig: Setting CVar [[r.Upscale.Quality:3]]
[2025.04.10-14.57.02:083][  0]LogConfig: Setting CVar [[r.Tonemapper.GrainQuantization:1]]
[2025.04.10-14.57.02:083][  0]LogConfig: Setting CVar [[r.LightShaftQuality:1]]
[2025.04.10-14.57.02:083][  0]LogConfig: Setting CVar [[r.Filter.SizeScale:1]]
[2025.04.10-14.57.02:083][  0]LogConfig: Setting CVar [[r.Tonemapper.Quality:5]]
[2025.04.10-14.57.02:083][  0]LogConfig: Setting CVar [[r.DOF.Gather.AccumulatorQuality:1        ; higher gathering accumulator quality]]
[2025.04.10-14.57.02:083][  0]LogConfig: Setting CVar [[r.DOF.Gather.PostfilterMethod:1          ; Median3x3 postfilering method]]
[2025.04.10-14.57.02:083][  0]LogConfig: Setting CVar [[r.DOF.Gather.EnableBokehSettings:0       ; no bokeh simulation when gathering]]
[2025.04.10-14.57.02:083][  0]LogConfig: Setting CVar [[r.DOF.Gather.RingCount:4                 ; medium number of samples when gathering]]
[2025.04.10-14.57.02:083][  0]LogConfig: Setting CVar [[r.DOF.Scatter.ForegroundCompositing:1    ; additive foreground scattering]]
[2025.04.10-14.57.02:083][  0]LogConfig: Setting CVar [[r.DOF.Scatter.BackgroundCompositing:2    ; additive background scattering]]
[2025.04.10-14.57.02:083][  0]LogConfig: Setting CVar [[r.DOF.Scatter.EnableBokehSettings:1      ; bokeh simulation when scattering]]
[2025.04.10-14.57.02:083][  0]LogConfig: Setting CVar [[r.DOF.Scatter.MaxSpriteRatio:0.1         ; only a maximum of 10% of scattered bokeh]]
[2025.04.10-14.57.02:083][  0]LogConfig: Setting CVar [[r.DOF.Recombine.Quality:1                ; cheap slight out of focus]]
[2025.04.10-14.57.02:083][  0]LogConfig: Setting CVar [[r.DOF.Recombine.EnableBokehSettings:0    ; no bokeh simulation on slight out of focus]]
[2025.04.10-14.57.02:083][  0]LogConfig: Setting CVar [[r.DOF.TemporalAAQuality:1                ; more stable temporal accumulation]]
[2025.04.10-14.57.02:083][  0]LogConfig: Setting CVar [[r.DOF.Kernel.MaxForegroundRadius:0.025]]
[2025.04.10-14.57.02:083][  0]LogConfig: Setting CVar [[r.DOF.Kernel.MaxBackgroundRadius:0.025]]
[2025.04.10-14.57.02:083][  0]LogConfig: Applying CVar settings from Section [TextureQuality@3] File [C:/Unreal Projects/Top-Down-Puzzle/TopDownPuzzle/Saved/Config/Windows/Scalability.ini]
[2025.04.10-14.57.02:083][  0]LogConfig: Setting CVar [[r.Streaming.MipBias:0]]
[2025.04.10-14.57.02:083][  0]LogConfig: Setting CVar [[r.Streaming.AmortizeCPUToGPUCopy:0]]
[2025.04.10-14.57.02:083][  0]LogConfig: Setting CVar [[r.Streaming.MaxNumTexturesToStreamPerFrame:0]]
[2025.04.10-14.57.02:083][  0]LogConfig: Setting CVar [[r.Streaming.Boost:1]]
[2025.04.10-14.57.02:083][  0]LogConfig: Setting CVar [[r.MaxAnisotropy:8]]
[2025.04.10-14.57.02:083][  0]LogConfig: Setting CVar [[r.VT.MaxAnisotropy:8]]
[2025.04.10-14.57.02:083][  0]LogConfig: Setting CVar [[r.Streaming.LimitPoolSizeToVRAM:0]]
[2025.04.10-14.57.02:083][  0]LogConfig: Setting CVar [[r.Streaming.PoolSize:1000]]
[2025.04.10-14.57.02:083][  0]LogConfig: Setting CVar [[r.Streaming.MaxEffectiveScreenSize:0]]
[2025.04.10-14.57.02:083][  0]LogConfig: Applying CVar settings from Section [EffectsQuality@3] File [C:/Unreal Projects/Top-Down-Puzzle/TopDownPuzzle/Saved/Config/Windows/Scalability.ini]
[2025.04.10-14.57.02:083][  0]LogConfig: Setting CVar [[r.TranslucencyLightingVolumeDim:64]]
[2025.04.10-14.57.02:083][  0]LogConfig: Setting CVar [[r.RefractionQuality:2]]
[2025.04.10-14.57.02:083][  0]LogConfig: Setting CVar [[r.SSR.Quality:3]]
[2025.04.10-14.57.02:083][  0]LogConfig: Setting CVar [[r.SSR.HalfResSceneColor:0]]
[2025.04.10-14.57.02:083][  0]LogConfig: Setting CVar [[r.SceneColorFormat:4]]
[2025.04.10-14.57.02:083][  0]LogConfig: Setting CVar [[r.DetailMode:2]]
[2025.04.10-14.57.02:083][  0]LogConfig: Setting CVar [[r.TranslucencyVolumeBlur:1]]
[2025.04.10-14.57.02:083][  0]LogConfig: Setting CVar [[r.MaterialQualityLevel:1 ; High quality]]
[2025.04.10-14.57.02:083][  0]LogConfig: Setting CVar [[r.AnisotropicMaterials:1]]
[2025.04.10-14.57.02:083][  0]LogConfig: Setting CVar [[r.SSS.Scale:1]]
[2025.04.10-14.57.02:083][  0]LogConfig: Setting CVar [[r.SSS.SampleSet:2]]
[2025.04.10-14.57.02:083][  0]LogConfig: Setting CVar [[r.SSS.Quality:1]]
[2025.04.10-14.57.02:083][  0]LogConfig: Setting CVar [[r.SSS.HalfRes:0]]
[2025.04.10-14.57.02:083][  0]LogConfig: Setting CVar [[r.SSGI.Quality:3]]
[2025.04.10-14.57.02:083][  0]LogConfig: Setting CVar [[r.EmitterSpawnRateScale:1.0]]
[2025.04.10-14.57.02:083][  0]LogConfig: Setting CVar [[r.ParticleLightQuality:2]]
[2025.04.10-14.57.02:083][  0]LogConfig: Setting CVar [[r.SkyAtmosphere.AerialPerspectiveLUT.FastApplyOnOpaque:1 ; Always have FastSkyLUT 1 in this case to avoid wrong sky]]
[2025.04.10-14.57.02:083][  0]LogConfig: Setting CVar [[r.SkyAtmosphere.AerialPerspectiveLUT.SampleCountMaxPerSlice:4]]
[2025.04.10-14.57.02:084][  0]LogConfig: Setting CVar [[r.SkyAtmosphere.AerialPerspectiveLUT.DepthResolution:16.0]]
[2025.04.10-14.57.02:084][  0]LogConfig: Setting CVar [[r.SkyAtmosphere.FastSkyLUT:1]]
[2025.04.10-14.57.02:084][  0]LogConfig: Setting CVar [[r.SkyAtmosphere.FastSkyLUT.SampleCountMin:4.0]]
[2025.04.10-14.57.02:084][  0]LogConfig: Setting CVar [[r.SkyAtmosphere.FastSkyLUT.SampleCountMax:128.0]]
[2025.04.10-14.57.02:084][  0]LogConfig: Setting CVar [[r.SkyAtmosphere.SampleCountMin:4.0]]
[2025.04.10-14.57.02:084][  0]LogConfig: Setting CVar [[r.SkyAtmosphere.SampleCountMax:128.0]]
[2025.04.10-14.57.02:084][  0]LogConfig: Setting CVar [[r.SkyAtmosphere.TransmittanceLUT.UseSmallFormat:0]]
[2025.04.10-14.57.02:084][  0]LogConfig: Setting CVar [[r.SkyAtmosphere.TransmittanceLUT.SampleCount:10.0]]
[2025.04.10-14.57.02:084][  0]LogConfig: Setting CVar [[r.SkyAtmosphere.MultiScatteringLUT.SampleCount:15.0]]
[2025.04.10-14.57.02:084][  0]LogConfig: Setting CVar [[r.SkyLight.RealTimeReflectionCapture:1]]
[2025.04.10-14.57.02:084][  0]LogConfig: Applying CVar settings from Section [FoliageQuality@3] File [C:/Unreal Projects/Top-Down-Puzzle/TopDownPuzzle/Saved/Config/Windows/Scalability.ini]
[2025.04.10-14.57.02:084][  0]LogConfig: Setting CVar [[foliage.DensityScale:1.0]]
[2025.04.10-14.57.02:084][  0]LogConfig: Setting CVar [[grass.DensityScale:1.0]]
[2025.04.10-14.57.02:084][  0]LogConfig: Applying CVar settings from Section [ShadingQuality@3] File [C:/Unreal Projects/Top-Down-Puzzle/TopDownPuzzle/Saved/Config/Windows/Scalability.ini]
[2025.04.10-14.57.02:084][  0]LogConfig: Setting CVar [[r.HairStrands.SkyLighting.IntegrationType:2]]
[2025.04.10-14.57.02:084][  0]LogConfig: Setting CVar [[r.HairStrands.SkyAO.SampleCount:4]]
[2025.04.10-14.57.02:084][  0]LogConfig: Setting CVar [[r.HairStrands.Visibility.MSAA.SamplePerPixel:4]]
[2025.04.10-14.57.02:084][  0]LogConfig: Applying CVar settings from Section [Startup] File [../../../Engine/Config/ConsoleVariables.ini]
[2025.04.10-14.57.02:084][  0]LogConfig: Setting CVar [[net.UseAdaptiveNetUpdateFrequency:0]]
[2025.04.10-14.57.02:084][  0]LogConfig: Setting CVar [[p.chaos.AllowCreatePhysxBodies:1]]
[2025.04.10-14.57.02:084][  0]LogConfig: Setting CVar [[fx.SkipVectorVMBackendOptimizations:1]]
[2025.04.10-14.57.02:084][  0]LogConfig: Applying CVar settings from Section [ConsoleVariables] File [C:/Unreal Projects/Top-Down-Puzzle/TopDownPuzzle/Saved/Config/Windows/Engine.ini]
[2025.04.10-14.57.02:084][  0]LogConfig: Applying CVar settings from Section [ConsoleVariables] File [C:/Unreal Projects/Top-Down-Puzzle/TopDownPuzzle/Saved/Config/Windows/Editor.ini]
[2025.04.10-14.57.02:084][  0]LogInit: Computer: LAPTOP-EJ2DB2HV
[2025.04.10-14.57.02:084][  0]LogInit: User: patel
[2025.04.10-14.57.02:084][  0]LogInit: CPU Page size=4096, Cores=4
[2025.04.10-14.57.02:084][  0]LogInit: High frequency timer resolution =10.000000 MHz
[2025.04.10-14.57.02:084][  0]LogMemory: Memory total: Physical=15.8GB (16GB approx)
[2025.04.10-14.57.02:084][  0]LogMemory: Platform Memory Stats for Windows
[2025.04.10-14.57.02:084][  0]LogMemory: Process Physical Memory: 143.45 MB used, 143.45 MB peak
[2025.04.10-14.57.02:084][  0]LogMemory: Process Virtual Memory: 112.64 MB used, 112.64 MB peak
[2025.04.10-14.57.02:084][  0]LogMemory: Physical Memory: 9197.38 MB used,  7027.79 MB free, 16225.18 MB total
[2025.04.10-14.57.02:084][  0]LogMemory: Virtual Memory: 134198592.00 MB used,  19132.11 MB free, 134217728.00 MB total
[2025.04.10-14.57.02:090][  0]LogWindows: WindowsPlatformFeatures enabled
[2025.04.10-14.57.02:147][  0]LogInit: Physics initialised using underlying interface: PhysX
[2025.04.10-14.57.02:147][  0]LogInit: Using OS detected language (en-US).
[2025.04.10-14.57.02:147][  0]LogInit: Using OS detected locale (en-IN).
[2025.04.10-14.57.02:152][  0]LogTextLocalizationManager: No specific localization for 'en-US' exists, so the 'en' localization will be used.
[2025.04.10-14.57.02:336][  0]LogInit: Setting process to per monitor DPI aware
[2025.04.10-14.57.02:354][  0]LogWindowsTextInputMethodSystem: Display: IME system deactivated.
[2025.04.10-14.57.02:371][  0]LogSlate: New Slate User Created.  User Index 0, Is Virtual User: 0
[2025.04.10-14.57.02:371][  0]LogSlate: Slate User Registered.  User Index 0, Is Virtual User: 0
[2025.04.10-14.57.02:558][  0]LogD3D11RHI: Loaded GFSDK_Aftermath_Lib.x64.dll
[2025.04.10-14.57.02:629][  0]LogHMD: Failed to initialize OpenVR with code 110
[2025.04.10-14.57.02:629][  0]LogD3D11RHI: D3D11 min allowed feature level: 11_0
[2025.04.10-14.57.02:629][  0]LogD3D11RHI: D3D11 max allowed feature level: 11_0
[2025.04.10-14.57.02:629][  0]LogD3D11RHI: D3D11 adapters:
[2025.04.10-14.57.02:809][  0]LogD3D11RHI:    0. 'NVIDIA GeForce GTX 1650' (Feature Level 11_0)
[2025.04.10-14.57.02:809][  0]LogD3D11RHI:       3935/0/8112 MB DedicatedVideo/DedicatedSystem/SharedSystem, Outputs:1, VendorId:0x10de
[2025.04.10-14.57.02:874][  0]LogD3D11RHI:    1. 'Intel(R) UHD Graphics 630' (Feature Level 11_0)
[2025.04.10-14.57.02:874][  0]LogD3D11RHI:       128/0/8112 MB DedicatedVideo/DedicatedSystem/SharedSystem, Outputs:0, VendorId:0x8086
[2025.04.10-14.57.02:877][  0]LogD3D11RHI:    2. 'Microsoft Basic Render Driver' (Feature Level 11_0)
[2025.04.10-14.57.02:877][  0]LogD3D11RHI:       0/0/8112 MB DedicatedVideo/DedicatedSystem/SharedSystem, Outputs:0, VendorId:0x1414
[2025.04.10-14.57.02:877][  0]LogD3D11RHI: Chosen D3D11 Adapter:
[2025.04.10-14.57.02:877][  0]LogD3D11RHI:     Description : NVIDIA GeForce GTX 1650
[2025.04.10-14.57.02:877][  0]LogD3D11RHI:     VendorId    : 10de
[2025.04.10-14.57.02:877][  0]LogD3D11RHI:     DeviceId    : 1f91
[2025.04.10-14.57.02:877][  0]LogD3D11RHI:     SubSysId    : 85fc103c
[2025.04.10-14.57.02:877][  0]LogD3D11RHI:     Revision    : 00a1
[2025.04.10-14.57.02:877][  0]LogD3D11RHI:     DedicatedVideoMemory : 4126146560 bytes
[2025.04.10-14.57.02:877][  0]LogD3D11RHI:     DedicatedSystemMemory : 0 bytes
[2025.04.10-14.57.02:877][  0]LogD3D11RHI:     SharedSystemMemory : 8506664960 bytes
[2025.04.10-14.57.02:877][  0]LogD3D11RHI:     AdapterLuid : 0 80733
[2025.04.10-14.57.02:883][  0]LogD3D11RHI: Creating new Direct3DDevice
[2025.04.10-14.57.02:883][  0]LogD3D11RHI:     GPU DeviceId: 0x1f91 (for the marketing name, search the web for "GPU Device Id")
[2025.04.10-14.57.02:883][  0]LogWindows: EnumDisplayDevices:
[2025.04.10-14.57.02:883][  0]LogWindows:    0. 'Intel(R) UHD Graphics 630' (P:1 D:1)
[2025.04.10-14.57.02:884][  0]LogWindows:    1. 'Intel(R) UHD Graphics 630' (P:0 D:0)
[2025.04.10-14.57.02:884][  0]LogWindows:    2. 'Intel(R) UHD Graphics 630' (P:0 D:0)
[2025.04.10-14.57.02:884][  0]LogWindows:    3. 'NVIDIA GeForce GTX 1650' (P:0 D:0)
[2025.04.10-14.57.02:884][  0]LogWindows:    4. 'NVIDIA GeForce GTX 1650' (P:0 D:0)
[2025.04.10-14.57.02:885][  0]LogWindows:    5. 'NVIDIA GeForce GTX 1650' (P:0 D:0)
[2025.04.10-14.57.02:885][  0]LogWindows:    6. 'NVIDIA GeForce GTX 1650' (P:0 D:0)
[2025.04.10-14.57.02:885][  0]LogWindows: DebugString: PrimaryIsNotTheChoosenAdapter PrimaryIsNotTheChoosenAdapter PrimaryIsNotTheChoosenAdapter FoundDriverCount:4 
[2025.04.10-14.57.02:885][  0]LogD3D11RHI:     Adapter Name: NVIDIA GeForce GTX 1650
[2025.04.10-14.57.02:885][  0]LogD3D11RHI:   Driver Version: 561.19 (internal:32.0.15.6119, unified:561.19)
[2025.04.10-14.57.02:885][  0]LogD3D11RHI:      Driver Date: 11-11-2024
[2025.04.10-14.57.02:885][  0]LogRHI: Texture pool is 2754 MB (70% of 3935 MB)
[2025.04.10-14.57.02:885][  0]LogD3D11RHI: Creating D3DDevice using adapter:
[2025.04.10-14.57.02:885][  0]LogD3D11RHI:     Description : NVIDIA GeForce GTX 1650
[2025.04.10-14.57.02:885][  0]LogD3D11RHI:     VendorId    : 10de
[2025.04.10-14.57.02:885][  0]LogD3D11RHI:     DeviceId    : 1f91
[2025.04.10-14.57.02:885][  0]LogD3D11RHI:     SubSysId    : 85fc103c
[2025.04.10-14.57.02:885][  0]LogD3D11RHI:     Revision    : 00a1
[2025.04.10-14.57.02:885][  0]LogD3D11RHI:     DedicatedVideoMemory : 4126146560 bytes
[2025.04.10-14.57.02:885][  0]LogD3D11RHI:     DedicatedSystemMemory : 0 bytes
[2025.04.10-14.57.02:885][  0]LogD3D11RHI:     SharedSystemMemory : 8506664960 bytes
[2025.04.10-14.57.02:885][  0]LogD3D11RHI:     AdapterLuid : 0 80733
[2025.04.10-14.57.02:993][  0]LogD3D11RHI: RHI has support for 64 bit atomics
[2025.04.10-14.57.02:993][  0]LogD3D11RHI: Async texture creation enabled
[2025.04.10-14.57.02:993][  0]LogD3D11RHI: Array index from any shader is supported
[2025.04.10-14.57.03:011][  0]LogD3D11RHI: GPU Timing Frequency: 1000.000000 (Debug: 2 1)
[2025.04.10-14.57.03:081][  0]LogRHI: GeForceNow SDK initialized: 1
[2025.04.10-14.57.03:405][  0]LogTargetPlatformManager: Display: Loaded TargetPlatform 'AllDesktop'
[2025.04.10-14.57.03:430][  0]LogTargetPlatformManager: Display: Loaded TargetPlatform 'Android'
[2025.04.10-14.57.03:430][  0]LogTargetPlatformManager: Display: Loaded TargetPlatform 'Android_ASTC'
[2025.04.10-14.57.03:430][  0]LogTargetPlatformManager: Display: Loaded TargetPlatform 'Android_DXT'
[2025.04.10-14.57.03:430][  0]LogTargetPlatformManager: Display: Loaded TargetPlatform 'Android_ETC2'
[2025.04.10-14.57.03:430][  0]LogTargetPlatformManager: Display: Loaded TargetPlatform 'AndroidClient'
[2025.04.10-14.57.03:430][  0]LogTargetPlatformManager: Display: Loaded TargetPlatform 'Android_ASTCClient'
[2025.04.10-14.57.03:430][  0]LogTargetPlatformManager: Display: Loaded TargetPlatform 'Android_DXTClient'
[2025.04.10-14.57.03:430][  0]LogTargetPlatformManager: Display: Loaded TargetPlatform 'Android_ETC2Client'
[2025.04.10-14.57.03:430][  0]LogTargetPlatformManager: Display: Loaded TargetPlatform 'Android_Multi'
[2025.04.10-14.57.03:430][  0]LogTargetPlatformManager: Display: Loaded TargetPlatform 'Android_MultiClient'
[2025.04.10-14.57.03:451][  0]LogTargetPlatformManager: Display: Loaded TargetPlatform 'IOSClient'
[2025.04.10-14.57.03:451][  0]LogTargetPlatformManager: Display: Loaded TargetPlatform 'IOS'
[2025.04.10-14.57.03:462][  0]LogTargetPlatformManager: Display: Loaded TargetPlatform 'Linux'
[2025.04.10-14.57.03:467][  0]LogTargetPlatformManager: Display: Loaded TargetPlatform 'LinuxNoEditor'
[2025.04.10-14.57.03:473][  0]LogTargetPlatformManager: Display: Loaded TargetPlatform 'LinuxClient'
[2025.04.10-14.57.03:478][  0]LogTargetPlatformManager: Display: Loaded TargetPlatform 'LinuxServer'
[2025.04.10-14.57.03:489][  0]LogTargetPlatformManager: Display: Loaded TargetPlatform 'LinuxAArch64NoEditor'
[2025.04.10-14.57.03:494][  0]LogTargetPlatformManager: Display: Loaded TargetPlatform 'LinuxAArch64Client'
[2025.04.10-14.57.03:499][  0]LogTargetPlatformManager: Display: Loaded TargetPlatform 'LinuxAArch64Server'
[2025.04.10-14.57.03:525][  0]LogTargetPlatformManager: Display: Loaded TargetPlatform 'Lumin'
[2025.04.10-14.57.03:525][  0]LogTargetPlatformManager: Display: Loaded TargetPlatform 'LuminClient'
[2025.04.10-14.57.03:535][  0]LogTargetPlatformManager: Display: Loaded TargetPlatform 'MacNoEditor'
[2025.04.10-14.57.03:542][  0]LogTargetPlatformManager: Display: Loaded TargetPlatform 'Mac'
[2025.04.10-14.57.03:547][  0]LogTargetPlatformManager: Display: Loaded TargetPlatform 'MacClient'
[2025.04.10-14.57.03:552][  0]LogTargetPlatformManager: Display: Loaded TargetPlatform 'MacServer'
[2025.04.10-14.57.03:564][  0]LogTargetPlatformManager: Display: Loaded TargetPlatform 'TVOSClient'
[2025.04.10-14.57.03:564][  0]LogTargetPlatformManager: Display: Loaded TargetPlatform 'TVOS'
[2025.04.10-14.57.03:574][  0]LogTargetPlatformManager: Display: Loaded TargetPlatform 'WindowsNoEditor'
[2025.04.10-14.57.03:579][  0]LogTargetPlatformManager: Display: Loaded TargetPlatform 'Windows'
[2025.04.10-14.57.03:585][  0]LogTargetPlatformManager: Display: Loaded TargetPlatform 'WindowsClient'
[2025.04.10-14.57.03:590][  0]LogTargetPlatformManager: Display: Loaded TargetPlatform 'WindowsServer'
[2025.04.10-14.57.03:590][  0]LogTargetPlatformManager: Display: Building Assets For Windows
[2025.04.10-14.57.03:600][  0]LogAudioDebug: Display: Lib vorbis DLL was dynamically loaded.
[2025.04.10-14.57.03:644][  0]LogTextureFormatOodle: Display: Oodle Texture 2.9.0 init RDO Off
[2025.04.10-14.57.03:687][  0]LogRendererCore: Ray tracing is disabled. Reason: r.RayTracing=0.
[2025.04.10-14.57.03:687][  0]LogShaderCompilers: Guid format shader working directory is -18 characters bigger than the processId version (../../../../../../Unreal Projects/Top-Down-Puzzle/TopDownPuzzle/Intermediate/Shaders/WorkingDirectory/13468/).
[2025.04.10-14.57.03:687][  0]LogShaderCompilers: Cleaned the shader compiler working directory 'C:/Users/patel/AppData/Local/Temp/UnrealShaderWorkingDir/070C49CB4415BAC05835ADACCE5873CE/'.
[2025.04.10-14.57.03:687][  0]LogXGEController: Cannot use XGE Controller as Incredibuild is not installed on this machine.
[2025.04.10-14.57.03:687][  0]LogShaderCompilers: Cannot use XGE Shader Compiler as Incredibuild is not installed on this machine.
[2025.04.10-14.57.03:687][  0]LogShaderCompilers: Display: Using Local Shader Compiler.
[2025.04.10-14.57.04:429][  0]LogDerivedDataCache: Display: Max Cache Size: 512 MB
[2025.04.10-14.57.04:479][  0]LogDerivedDataCache: Loaded boot cache 0.05s 94MB C:/Users/patel/AppData/Local/UnrealEngine/4.27/DerivedDataCache/Boot.ddc.
[2025.04.10-14.57.04:479][  0]LogDerivedDataCache: Display: Loaded Boot cache: C:/Users/patel/AppData/Local/UnrealEngine/4.27/DerivedDataCache/Boot.ddc
[2025.04.10-14.57.04:479][  0]LogDerivedDataCache: FDerivedDataBackendGraph:  Pak pak cache file ../../../../../../Unreal Projects/Top-Down-Puzzle/TopDownPuzzle/DerivedDataCache/DDC.ddp not found, will not use a pak cache.
[2025.04.10-14.57.04:479][  0]LogDerivedDataCache: Unable to find inner node Pak for hierarchical cache Hierarchy.
[2025.04.10-14.57.04:479][  0]LogDerivedDataCache: FDerivedDataBackendGraph:  CompressedPak pak cache file ../../../../../../Unreal Projects/Top-Down-Puzzle/TopDownPuzzle/DerivedDataCache/Compressed.ddp not found, will not use a pak cache.
[2025.04.10-14.57.04:479][  0]LogDerivedDataCache: Unable to find inner node CompressedPak for hierarchical cache Hierarchy.
[2025.04.10-14.57.04:495][  0]LogDerivedDataCache: Display: Pak cache opened for reading ../../../Engine/DerivedDataCache/Compressed.ddp.
[2025.04.10-14.57.04:495][  0]LogDerivedDataCache: FDerivedDataBackendGraph:  EnterprisePak pak cache file ../../../Enterprise/DerivedDataCache/Compressed.ddp not found, will not use a pak cache.
[2025.04.10-14.57.04:495][  0]LogDerivedDataCache: Unable to find inner node EnterprisePak for hierarchical cache Hierarchy.
[2025.04.10-14.57.04:504][  0]LogDerivedDataCache: Speed tests for C:/Users/patel/AppData/Local/UnrealEngine/Common/DerivedDataCache took 0.01 seconds
[2025.04.10-14.57.04:504][  0]LogDerivedDataCache: Display: Performance to C:/Users/patel/AppData/Local/UnrealEngine/Common/DerivedDataCache: Latency=0.04ms. RandomReadSpeed=890.51MBs, RandomWriteSpeed=119.29MBs. Assigned SpeedClass 'Local'
[2025.04.10-14.57.04:505][  0]LogDerivedDataCache: Using Local data cache path C:/Users/patel/AppData/Local/UnrealEngine/Common/DerivedDataCache: Writable
[2025.04.10-14.57.04:505][  0]LogDerivedDataCache: Shared data cache path not found in *engine.ini, will not use an Shared cache.
[2025.04.10-14.57.04:505][  0]LogDerivedDataCache: Unable to find inner node Shared for hierarchical cache Hierarchy.
[2025.04.10-14.57.04:557][  0]LogSlate: Using FreeType 2.10.0
[2025.04.10-14.57.04:557][  0]LogSlate: SlateFontServices - WITH_FREETYPE: 1, WITH_HARFBUZZ: 1
[2025.04.10-14.57.04:582][  0]LogAssetRegistry: FAssetRegistry took 0.0026 seconds to start up
[2025.04.10-14.57.04:803][  0]LogInit: Selected Device Profile: [Windows]
[2025.04.10-14.57.04:803][  0]LogInit: Active device profile: [0000029A2DB38700][0000029A2ED7B1C0 49] Windows
[2025.04.10-14.57.04:803][  0]LogInit: Profiles: [0000029A2DB38700][0000029A2ED7B1C0 49] Windows, [0000029A2DB03700][0000029A23735340 49] WindowsNoEditor, [0000029A2DB3B300][0000029A237434C0 49] WindowsServer, [0000029A2DB00F00][0000029A2E8E9640 49] WindowsClient, [0000029A2DB3B500][0000029A2E93D7C0 49] IOS, [0000029A2DAD7F00][0000029A2E941940 49] iPadAir, [0000029A2DB03B00][0000029A2E945AC0 49] iPadAir2, [0000029A2DA8C500][0000029A2E94C200 49] IPadPro, [0000029A2DA8C600][0000029A2E948240 49] iPadAir3, [0000029A2DAD4100][0000029A2E9503C0 49] iPadAir4, [0000029A2DA8EC00][0000029A2E954540 49] iPadMini2, [0000029A2DAD6500][0000029A2E9586C0 49] iPadMini3, [0000029A2DA8F400][0000029A2E95C840 49] iPadMini4, [0000029A2DAD4F00][0000029A236EC9C0 49] iPadMini5, [0000029A2DA8BE00][0000029A2E7BCC40 49] iPhone6, [0000029A2DA8BF00][0000029A236F0C80 49] iPodTouch6, [0000029A2DB3B900][0000029A23704EC0 49] iPhone7, [0000029A2DB3A100][0000029A23700F00 49] iPodTouch7, [0000029A2DA88400][0000029A2EFDF080 49] iPhone5S, [0000029A2DA8FD00][0000029A2EFE3200 49] iPhone6Plus, [0000029A2DB3B400][0000029A2EFE7380 49] iPhone6S, [0000029A2DA8E000][0000029A2EFEB500 49] iPhone6SPlus, [0000029A2DB38900][0000029A2EFEF680 49] iPhone7Plus, [0000029A2DA8CE00][0000029A2F177800 49] iPhoneSE, [0000029A2DB38200][0000029A2F17B980 49] iPhone8, [0000029A2DA8E400][0000029A2F189B00 49] iPhone8Plus, [0000029A2DB39E00][0000029A2F18C100 49] iPhoneX, [0000029A2DA8FE00][0000029A2F232280 49] iPhoneXS, [0000029A2DB39600][0000029A2F23E400 49] iPhoneXSMax, [0000029A2DA8E500][0000029A2F27E580 49] iPhoneXR, [0000029A2DB3AA00][0000029A2F282700 49] iPhone11, [0000029A2DA8FA00][0000029A2F286880 49] iPhone11Pro, [0000029A2DB38F00][0000029A2F2CAA00 49] iPhone11ProMax, [0000029A2DA8E300][0000029A2F2CEB80 49] iPhoneSE2, [0000029A2DB3A700][0000029A2F522D00 49] iPhone12Mini, [0000029A2DA8C700][0000029A23708E40 49] iPhone12, [0000029A2DB3B100][0000029A23714F80 49] iPhone12Pro, [0000029A2DA8F500][0000029A237190C0 49] iPhone12ProMax, [0000029A2DB38800][0000029A23721240 49] iPadPro105, [0000029A2DA8DC00][0000029A2F2FF3C0 49] iPadPro129, [0000029A2DB38300][0000029A2F28B540 49] iPadPro97, [0000029A2DA8DD00][0000029A237316C0 49] iPadPro2_129, [0000029A2DB38C00][0000029A2F595840 49] iPad5, [0000029A2DA8F000][0000029A2F5999C0 49] iPad6, [0000029A2DB3AC00][0000029A2F59DB40 49] iPad7, [0000029A2DA8EE00][0000029A236F8140 49] iPad8, [0000029A2DB39800][0000029A236F42C0 49] iPadPro11, [0000029A2DA8DB00][0000029A236E8440 49] iPadPro2_11, [0000029A2DB39500][0000029A2E7C05C0 49] iPadPro3_129, [0000029A2DA8E700][0000029A2E7C4740 49] iPadPro4_129, [0000029A2DB38100][0000029A2E7D08C0 49] AppleTV, [0000029A2DA8EB00][0000029A2E7D4A40 49] AppleTV4K, [0000029A2DB39B00][0000029A2E7D8BC0 49] TVOS, [0000029A2DA8C900][0000029A2E7DCD40 49] Mac, [0000029A2DB39700][0000029A2E7E0EC0 49] MacClient, [0000029A2DA8EF00][0000029A2371D000 49] MacNoEditor, [0000029A2DB38D00][0000029A2E7E5140 49] MacServer, [0000029A2DA8C300][0000029A2E7E9280 49] Linux, [0000029A2DB3AE00][0000029A2E7ED3C0 49] LinuxAArch64, [0000029A2DA8D500][0000029A2E7F5540 49] LinuxNoEditor, [0000029A2DB3A400][0000029A2EB0D6C0 49] LinuxAArch64NoEditor, [0000029A2DA8C200][0000029A2EB11840 49] LinuxClient, [0000029A2DB3AD00][0000029A2EB159C0 49] LinuxAArch64Client, [0000029A2DA8CC00][0000029A2EB19B40 49] LinuxServer, [0000029A2DB38400][0000029A2EB1C140 49] LinuxAArch64Server, [0000029A2DA8D000][0000029A2EB202C0 49] Android, [0000029A2DAD7900][0000029A2EB24440 49] Android_Low, [0000029A2DA89B00][0000029A2EB285C0 49] Android_Mid, [0000029A2DAD7000][0000029A2EB2C740 49] Android_High, [0000029A2DA8A300][0000029A2EB308C0 49] Android_Default, [0000029A2DAD6000][0000029A2EB34A40 49] Android_Adreno4xx, [0000029A2DA88100][0000029A2EB38BC0 49] Android_Adreno5xx_Low, [0000029A2DAD4B00][0000029A2EB3CD40 49] Android_Adreno5xx, [0000029A2DA89800][0000029A2F28EEC0 49] Android_Adreno6xx, [0000029A2DAD5100][0000029A2F293040 49] Android_Adreno6xx_Vulkan, [0000029A2DA88800][0000029A2E7F1180 49] Android_Mali_T6xx, [0000029A2DAD7600][0000029A2F2972C0 49] Android_Mali_T7xx, [0000029A2DA88D00][0000029A2F29B400 49] Android_Mali_T8xx, [0000029A2DAD7C00][0000029A2F29F540 49] Android_Mali_G71, [0000029A2DA89500][0000029A2F2A76C0 49] Android_Mali_G72, [0000029A2DAD7E00][0000029A2F2AB840 49] Android_Mali_G72_Vulkan, [0000029A2DA8BD00][0000029A2F2AF9C0 49] Android_Mali_G76, [0000029A2DAD7A00][0000029A2F2B3B40 49] Android_Mali_G76_Vulkan, [0000029A2DA8B600][0000029A2F2B6140 49] Android_Mali_G77, [0000029A2DAD6200][0000029A2F2BA2C0 49] Android_Mali_G77_Vulkan, [0000029A2DA89200][0000029A2F2BE440 49] Android_Mali_G78, [0000029A2DAD4A00][0000029A2F2C25C0 49] Android_Mali_G78_Vulkan, [0000029A2DA8B000][0000029A2F2C6740 49] Android_Mali_G710, [0000029A2DAD5400][0000029A243D48C0 49] Android_Mali_G710_Vulkan, [0000029A2DA88700][0000029A243D8A40 49] Android_Vulkan_SM5, [0000029A2DAD5800][0000029A243DCBC0 49] Android_PowerVR_G6xxx, [0000029A2DA88E00][0000029A243E0D40 49] Android_PowerVR_GT7xxx, [0000029A2DAD4200][0000029A243E4EC0 49] Android_PowerVR_GE8xxx, [0000029A2DA88600][0000029A243E9040 49] Android_PowerVR_GM9xxx, [0000029A2DAD6600][0000029A243ED1C0 49] Android_PowerVR_GM9xxx_Vulkan, [0000029A2DA8CF00][0000029A243F1340 49] Android_TegraK1, [0000029A2DAD6A00][0000029A2F2A3480 49] Android_Unknown_Vulkan, [0000029A2DA8CD00][0000029A243F55C0 49] Lumin, [0000029A2DAD5200][0000029A243F9700 49] Lumin_Desktop, [0000029A2DA8CB00][0000029A24401880 49] HoloLens, 
[2025.04.10-14.57.04:936][  0]LogMeshReduction: Using QuadricMeshReduction for automatic static mesh reduction
[2025.04.10-14.57.04:936][  0]LogMeshReduction: Using SimplygonMeshReduction for automatic skeletal mesh reduction
[2025.04.10-14.57.04:936][  0]LogMeshReduction: Using ProxyLODMeshReduction for automatic mesh merging
[2025.04.10-14.57.04:936][  0]LogMeshReduction: No distributed automatic mesh merging module available
[2025.04.10-14.57.04:936][  0]LogMeshMerging: No distributed automatic mesh merging module available
[2025.04.10-14.57.04:953][  0]LogNetVersion: TopDownPuzzle 1.0.0, NetCL: 17155196, EngineNetVer: 17, GameNetVer: 0 (Checksum: 565499533)
[2025.04.10-14.57.05:341][  0]LogTexture: Default maximum texture size for cubemaps generated from long-lat sources has been changed from 512 to unlimited. In order to preserve old behaiour for '/Engine/MapTemplates/Sky/DaylightAmbientCubemap.DaylightAmbientCubemap', its maximum texture size has been explicitly set to 512.
[2025.04.10-14.57.05:393][  0]LogHMD: PokeAHoleMaterial loaded successfully
[2025.04.10-14.57.05:398][  0]LogUObjectArray: 17178 objects as part of root set at end of initial load.
[2025.04.10-14.57.05:398][  0]LogUObjectAllocator: 4302048 out of 0 bytes used by permanent object pool.
[2025.04.10-14.57.05:398][  0]LogUObjectArray: CloseDisregardForGC: 0/0 objects in disregard for GC pool
[2025.04.10-14.57.05:698][  0]LogNiagaraDebuggerClient: Niagara Debugger Client Initialized | Session: A759A3404F0C130F02236781DB9DCD46 | Instance: AEA13AB64780A6B236892888703C5CB5 (LAPTOP-EJ2DB2HV-13468).
[2025.04.10-14.57.05:865][  0]LogTcpMessaging: Initializing TcpMessaging bridge
[2025.04.10-14.57.05:869][  0]LogUdpMessaging: Initializing bridge on interface 0.0.0.0:0 to multicast group 230.0.0.1:6666.
[2025.04.10-14.57.05:930][  0]LogPython: Using Python 3.7.7
[2025.04.10-14.57.07:062][  0]SourceControl: Source control is disabled
[2025.04.10-14.57.07:062][  0]SourceControl: Source control is disabled
[2025.04.10-14.57.07:066][  0]SourceControl: Source control is disabled
[2025.04.10-14.57.07:079][  0]SourceControl: Source control is disabled
[2025.04.10-14.57.07:082][  0]SourceControl: Source control is disabled
[2025.04.10-14.57.07:091][  0]LogUProjectInfo: Found projects:
[2025.04.10-14.57.07:243][  0]LogAndroidPermission: UAndroidPermissionCallbackProxy::GetInstance
[2025.04.10-14.57.07:272][  0]LogAudioCaptureCore: Display: No Audio Capture implementations found. Audio input will be silent.
[2025.04.10-14.57.07:272][  0]LogAudioCaptureCore: Display: No Audio Capture implementations found. Audio input will be silent.
[2025.04.10-14.57.07:566][  0]LogOpenImageDenoise: OIDN starting up
[2025.04.10-14.57.07:581][  0]LogCollectionManager: Loaded 0 collections in 0.001482 seconds
[2025.04.10-14.57.07:612][  0]LogFileCache: Scanning file cache for directory 'C:/Unreal Projects/Top-Down-Puzzle/TopDownPuzzle/Saved/Collections/' took 0.00s
[2025.04.10-14.57.07:612][  0]LogFileCache: Scanning file cache for directory 'C:/Unreal Projects/Top-Down-Puzzle/TopDownPuzzle/Content/Developers/patel/Collections/' took 0.00s
[2025.04.10-14.57.07:612][  0]LogFileCache: Scanning file cache for directory 'C:/Unreal Projects/Top-Down-Puzzle/TopDownPuzzle/Content/Collections/' took 0.00s
[2025.04.10-14.57.07:612][  0]LogOcInput: OculusInput pre-init called
[2025.04.10-14.57.07:857][  0]LogEngine: Initializing Engine...
[2025.04.10-14.57.07:943][  0]LogHMD: Failed to enumerate extensions. Please check that you have a valid OpenXR runtime installed.
[2025.04.10-14.57.07:944][  0]LogHMD: Failed to initialize OpenVR with code 110
[2025.04.10-14.57.07:945][  0]LogMagicLeap: Warning: VR disabled because ZI is not enabled.  To enable, in the editor, Edit -> Project Settings -> Plugins -> Magic Leap Plugin -> Enable Zero Iteration
[2025.04.10-14.57.07:946][  0]LogStats: UGameplayTagsManager::InitializeManager -  0.000 s
[2025.04.10-14.57.08:053][  0]LogInit: Initializing FReadOnlyCVARCache
[2025.04.10-14.57.08:062][  0]LogAIModule: Creating AISystem for world Untitled
[2025.04.10-14.57.08:070][  0]LogAudio: Display: Initializing Audio Device Manager...
[2025.04.10-14.57.08:074][  0]LogAudio: Display: Loading Default Audio Settings Objects...
[2025.04.10-14.57.08:076][  0]LogAudio: Display: No default SoundConcurrencyObject specified (or failed to load).
[2025.04.10-14.57.08:076][  0]LogAudio: Display: Audio Device Manager Initialized
[2025.04.10-14.57.08:076][  0]LogAudio: Display: Creating Audio Device:                 Id: 1, Scope: Shared, Realtime: True
[2025.04.10-14.57.08:076][  0]LogAudioMixer: Display: Audio Mixer Platform Settings:
[2025.04.10-14.57.08:076][  0]LogAudioMixer: Display: 	Sample Rate:						  48000
[2025.04.10-14.57.08:076][  0]LogAudioMixer: Display: 	Callback Buffer Frame Size Requested: 1024
[2025.04.10-14.57.08:076][  0]LogAudioMixer: Display: 	Callback Buffer Frame Size To Use:	  1024
[2025.04.10-14.57.08:076][  0]LogAudioMixer: Display: 	Number of buffers to queue:			  2
[2025.04.10-14.57.08:076][  0]LogAudioMixer: Display: 	Max Channels (voices):				  32
[2025.04.10-14.57.08:076][  0]LogAudioMixer: Display: 	Number of Async Source Workers:		  0
[2025.04.10-14.57.08:076][  0]LogAudio: Display: AudioDevice MaxSources: 32
[2025.04.10-14.57.08:076][  0]LogAudio: Display: Audio Spatialization Plugin: None (built-in).
[2025.04.10-14.57.08:076][  0]LogAudio: Display: Audio Reverb Plugin: None (built-in).
[2025.04.10-14.57.08:076][  0]LogAudio: Display: Audio Occlusion Plugin: None (built-in).
[2025.04.10-14.57.08:076][  0]LogAudioMixer: Display: Initializing audio mixer.
[2025.04.10-14.57.08:095][  0]LogAudioMixer: Display: 0: FrontLeft
[2025.04.10-14.57.08:095][  0]LogAudioMixer: Display: 1: FrontRight
[2025.04.10-14.57.08:158][  0]LogAudioMixer: Display: Using Audio Device Headphone (Realtek(R) Audio)
[2025.04.10-14.57.08:160][  0]LogAudioMixer: Display: Initializing Sound Submixes...
[2025.04.10-14.57.08:163][  0]LogAudioMixer: Display: Creating Master Submix 'MasterSubmixDefault'
[2025.04.10-14.57.08:163][  0]LogAudioMixer: Display: Creating Master Submix 'MasterReverbSubmixDefault'
[2025.04.10-14.57.08:163][  0]LogAudioMixer: Display: Creating Master Submix 'MasterEQSubmixDefault'
[2025.04.10-14.57.08:163][  0]LogAudioMixer: FMixerPlatformXAudio2::StartAudioStream() called
[2025.04.10-14.57.08:163][  0]LogAudioMixer: Display: Output buffers initialized: Frames=1024, Channels=2, Samples=2048
[2025.04.10-14.57.08:164][  0]LogAudioMixer: Display: Starting AudioMixerPlatformInterface::RunInternal()
[2025.04.10-14.57.08:164][  0]LogAudioMixer: Display: FMixerPlatformXAudio2::SubmitBuffer() called for the first time
[2025.04.10-14.57.08:164][  0]LogInit: FAudioDevice initialized.
[2025.04.10-14.57.08:164][  0]LogAudio: Display: Audio Device (ID: 1) registered with world 'Untitled'.
[2025.04.10-14.57.08:164][  0]LogNetVersion: Set ProjectVersion to 1.0.0.0. Version Checksum will be recalculated on next use.
[2025.04.10-14.57.08:230][  0]LogDerivedDataCache: Saved boot cache 0.06s 103MB C:/Users/patel/AppData/Local/UnrealEngine/4.27/DerivedDataCache/Boot.ddc.
[2025.04.10-14.57.08:230][  0]LogInit: Texture streaming: Enabled
[2025.04.10-14.57.08:246][  0]LogAnalytics: Display: [UEEditor.Rocket.Release] APIServer = https://datarouter.ol.epicgames.com/. AppVersion = 4.27.2-18319896+++UE4+Release-4.27
[2025.04.10-14.57.08:252][  0]LogEngineSessionManager: EngineSessionManager initialized
[2025.04.10-14.57.08:252][  0]LogEditorSessionSummary: Verbose: Initializing EditorSessionSummaryWriter for editor session tracking
[2025.04.10-14.57.08:257][  0]LogEditorSessionSummary: EditorSessionSummaryWriter initialized
[2025.04.10-14.57.08:292][  0]LogInit: Transaction tracking system initialized
[2025.04.10-14.57.08:320][  0]BlueprintLog: New page: Editor Load
[2025.04.10-14.57.08:401][  0]LocalizationService: Localization service is disabled
[2025.04.10-14.57.08:438][  0]TimingProfiler: Initialize
[2025.04.10-14.57.08:439][  0]TimingProfiler: OnSessionChanged
[2025.04.10-14.57.08:439][  0]LoadingProfiler: Initialize
[2025.04.10-14.57.08:439][  0]LoadingProfiler: OnSessionChanged
[2025.04.10-14.57.08:439][  0]NetworkingProfiler: Initialize
[2025.04.10-14.57.08:439][  0]NetworkingProfiler: OnSessionChanged
[2025.04.10-14.57.08:439][  0]MemoryProfiler: Initialize
[2025.04.10-14.57.08:439][  0]MemoryProfiler: OnSessionChanged
[2025.04.10-14.57.08:622][  0]LogCook: Display: CookSettings for Memory: MemoryMaxUsedVirtual 0MiB, MemoryMaxUsedPhysical 16384MiB, MemoryMinFreeVirtual 0MiB, MemoryMinFreePhysical 1024MiB
[2025.04.10-14.57.08:622][  0]LogCook: Display: Mobile HDR setting 1
[2025.04.10-14.57.08:704][  0]LogFileCache: Scanning file cache for directory 'C:/Unreal Projects/Top-Down-Puzzle/TopDownPuzzle/Content/' took 0.01s
[2025.04.10-14.57.09:044][  0]LogInit: Display: Engine is initialized. Leaving FEngineLoop::Init()
[2025.04.10-14.57.09:049][  0]SourceControl: Source control is disabled
[2025.04.10-14.57.09:049][  0]LogUnrealEdMisc: Loading editor; pre map load, took 8.390
[2025.04.10-14.57.09:049][  0]Cmd: MAP LOAD FILE="../../../../../../Unreal Projects/Top-Down-Puzzle/TopDownPuzzle/Content/TopDownCPP/Maps/TopDownExampleMap.umap" TEMPLATE=0 SHOWPROGRESS=1 FEATURELEVEL=3
[2025.04.10-14.57.09:049][  0]LogEditorServer: Warning: Can't find file '../../../../../../Unreal Projects/Top-Down-Puzzle/TopDownPuzzle/Content/TopDownCPP/Maps/TopDownExampleMap.umap'
[2025.04.10-14.57.09:049][  0]Cmd: MAP CHECKDEP NOCLEARLOG
[2025.04.10-14.57.09:050][  0]MapCheck: Map check complete: 0 Error(s), 0 Warning(s), took 0.186ms to complete.
[2025.04.10-14.57.09:050][  0]LogFileHelpers: Loading map 'TopDownExampleMap' took 0.001
[2025.04.10-14.57.09:052][  0]LogUnrealEdMisc: Total Editor Startup Time, took 8.393
[2025.04.10-14.57.09:208][  0]LogSlate: Updating window title bar state: overlay mode, drag disabled, window buttons hidden, title bar hidden
[2025.04.10-14.57.09:215][  0]LogSlate: Updating window title bar state: overlay mode, drag disabled, window buttons hidden, title bar hidden
[2025.04.10-14.57.09:221][  0]LogSlate: Updating window title bar state: overlay mode, drag disabled, window buttons hidden, title bar hidden
[2025.04.10-14.57.09:227][  0]LogSlate: Updating window title bar state: overlay mode, drag disabled, window buttons hidden, title bar hidden
[2025.04.10-14.57.09:271][  0]LogNativeClassHierarchy: Verbose: Native class hierarchy populated in 0.0087 seconds. Added 3827 classes and 930 folders.
[2025.04.10-14.57.09:279][  0]LogNativeClassHierarchy: Verbose: Native class hierarchy updated for 'WidgetCarousel' in 0.0003 seconds. Added 0 classes and 0 folders.
[2025.04.10-14.57.09:298][  0]LogPakFile: PakFile PrimaryIndexSize=187
[2025.04.10-14.57.09:298][  0]LogPakFile: PakFile PathHashIndexSize=101
[2025.04.10-14.57.09:298][  0]LogPakFile: PakFile FullDirectoryIndexSize=148
[2025.04.10-14.57.09:298][  0]LogShaderLibrary: Display: ShaderCodeLibraryPakFileMountedCallback: PakFile 'C:/Program Files/UE/UE_4.27/FeaturePacks/FP_FirstPerson.upack' (chunk index -1, root 'root:/') mounted
[2025.04.10-14.57.09:298][  0]LogShaderLibrary: Display: ShaderCodeLibraryPakFileMountedCallback: pending pak file info (ChunkID:-1 Root:root:/ File:C:/Program Files/UE/UE_4.27/FeaturePacks/FP_FirstPerson.upack)
[2025.04.10-14.57.09:298][  0]LogPakFile: OnPakFileMounted2Time == 0.000368
[2025.04.10-14.57.09:312][  0]LogPakFile: PakFile PrimaryIndexSize=189
[2025.04.10-14.57.09:312][  0]LogPakFile: PakFile PathHashIndexSize=101
[2025.04.10-14.57.09:312][  0]LogPakFile: PakFile FullDirectoryIndexSize=152
[2025.04.10-14.57.09:312][  0]LogShaderLibrary: Display: ShaderCodeLibraryPakFileMountedCallback: PakFile 'C:/Program Files/UE/UE_4.27/FeaturePacks/FP_FirstPersonBP.upack' (chunk index -1, root 'root:/') mounted
[2025.04.10-14.57.09:312][  0]LogShaderLibrary: Display: ShaderCodeLibraryPakFileMountedCallback: pending pak file info (ChunkID:-1 Root:root:/ File:C:/Program Files/UE/UE_4.27/FeaturePacks/FP_FirstPersonBP.upack)
[2025.04.10-14.57.09:312][  0]LogPakFile: OnPakFileMounted2Time == 0.000051
[2025.04.10-14.57.09:321][  0]LogPakFile: PakFile PrimaryIndexSize=191
[2025.04.10-14.57.09:322][  0]LogPakFile: PakFile PathHashIndexSize=101
[2025.04.10-14.57.09:322][  0]LogPakFile: PakFile FullDirectoryIndexSize=160
[2025.04.10-14.57.09:322][  0]LogShaderLibrary: Display: ShaderCodeLibraryPakFileMountedCallback: PakFile 'C:/Program Files/UE/UE_4.27/FeaturePacks/MobileStarterContent.upack' (chunk index -1, root 'root:/') mounted
[2025.04.10-14.57.09:322][  0]LogShaderLibrary: Display: ShaderCodeLibraryPakFileMountedCallback: pending pak file info (ChunkID:-1 Root:root:/ File:C:/Program Files/UE/UE_4.27/FeaturePacks/MobileStarterContent.upack)
[2025.04.10-14.57.09:322][  0]LogPakFile: OnPakFileMounted2Time == 0.000038
[2025.04.10-14.57.09:330][  0]LogPakFile: PakFile PrimaryIndexSize=185
[2025.04.10-14.57.09:330][  0]LogPakFile: PakFile PathHashIndexSize=101
[2025.04.10-14.57.09:330][  0]LogPakFile: PakFile FullDirectoryIndexSize=148
[2025.04.10-14.57.09:330][  0]LogShaderLibrary: Display: ShaderCodeLibraryPakFileMountedCallback: PakFile 'C:/Program Files/UE/UE_4.27/FeaturePacks/StarterContent.upack' (chunk index -1, root 'root:/') mounted
[2025.04.10-14.57.09:330][  0]LogShaderLibrary: Display: ShaderCodeLibraryPakFileMountedCallback: pending pak file info (ChunkID:-1 Root:root:/ File:C:/Program Files/UE/UE_4.27/FeaturePacks/StarterContent.upack)
[2025.04.10-14.57.09:330][  0]LogPakFile: OnPakFileMounted2Time == 0.000042
[2025.04.10-14.57.09:339][  0]LogPakFile: PakFile PrimaryIndexSize=190
[2025.04.10-14.57.09:340][  0]LogPakFile: PakFile PathHashIndexSize=101
[2025.04.10-14.57.09:340][  0]LogPakFile: PakFile FullDirectoryIndexSize=154
[2025.04.10-14.57.09:340][  0]LogShaderLibrary: Display: ShaderCodeLibraryPakFileMountedCallback: PakFile 'C:/Program Files/UE/UE_4.27/FeaturePacks/TP_2DSideScroller.upack' (chunk index -1, root 'root:/') mounted
[2025.04.10-14.57.09:340][  0]LogShaderLibrary: Display: ShaderCodeLibraryPakFileMountedCallback: pending pak file info (ChunkID:-1 Root:root:/ File:C:/Program Files/UE/UE_4.27/FeaturePacks/TP_2DSideScroller.upack)
[2025.04.10-14.57.09:340][  0]LogPakFile: OnPakFileMounted2Time == 0.000048
[2025.04.10-14.57.09:349][  0]LogPakFile: PakFile PrimaryIndexSize=192
[2025.04.10-14.57.09:349][  0]LogPakFile: PakFile PathHashIndexSize=101
[2025.04.10-14.57.09:349][  0]LogPakFile: PakFile FullDirectoryIndexSize=158
[2025.04.10-14.57.09:349][  0]LogShaderLibrary: Display: ShaderCodeLibraryPakFileMountedCallback: PakFile 'C:/Program Files/UE/UE_4.27/FeaturePacks/TP_2DSideScrollerBP.upack' (chunk index -1, root 'root:/') mounted
[2025.04.10-14.57.09:349][  0]LogShaderLibrary: Display: ShaderCodeLibraryPakFileMountedCallback: pending pak file info (ChunkID:-1 Root:root:/ File:C:/Program Files/UE/UE_4.27/FeaturePacks/TP_2DSideScrollerBP.upack)
[2025.04.10-14.57.09:349][  0]LogPakFile: OnPakFileMounted2Time == 0.000039
[2025.04.10-14.57.09:358][  0]LogPakFile: PakFile PrimaryIndexSize=182
[2025.04.10-14.57.09:358][  0]LogPakFile: PakFile PathHashIndexSize=101
[2025.04.10-14.57.09:358][  0]LogPakFile: PakFile FullDirectoryIndexSize=138
[2025.04.10-14.57.09:358][  0]LogShaderLibrary: Display: ShaderCodeLibraryPakFileMountedCallback: PakFile 'C:/Program Files/UE/UE_4.27/FeaturePacks/TP_Flying.upack' (chunk index -1, root 'root:/') mounted
[2025.04.10-14.57.09:358][  0]LogShaderLibrary: Display: ShaderCodeLibraryPakFileMountedCallback: pending pak file info (ChunkID:-1 Root:root:/ File:C:/Program Files/UE/UE_4.27/FeaturePacks/TP_Flying.upack)
[2025.04.10-14.57.09:358][  0]LogPakFile: OnPakFileMounted2Time == 0.000041
[2025.04.10-14.57.09:368][  0]LogPakFile: PakFile PrimaryIndexSize=184
[2025.04.10-14.57.09:368][  0]LogPakFile: PakFile PathHashIndexSize=101
[2025.04.10-14.57.09:368][  0]LogPakFile: PakFile FullDirectoryIndexSize=142
[2025.04.10-14.57.09:368][  0]LogShaderLibrary: Display: ShaderCodeLibraryPakFileMountedCallback: PakFile 'C:/Program Files/UE/UE_4.27/FeaturePacks/TP_FlyingBP.upack' (chunk index -1, root 'root:/') mounted
[2025.04.10-14.57.09:368][  0]LogShaderLibrary: Display: ShaderCodeLibraryPakFileMountedCallback: pending pak file info (ChunkID:-1 Root:root:/ File:C:/Program Files/UE/UE_4.27/FeaturePacks/TP_FlyingBP.upack)
[2025.04.10-14.57.09:368][  0]LogPakFile: OnPakFileMounted2Time == 0.000038
[2025.04.10-14.57.09:378][  0]LogPakFile: PakFile PrimaryIndexSize=188
[2025.04.10-14.57.09:378][  0]LogPakFile: PakFile PathHashIndexSize=101
[2025.04.10-14.57.09:378][  0]LogPakFile: PakFile FullDirectoryIndexSize=150
[2025.04.10-14.57.09:378][  0]LogShaderLibrary: Display: ShaderCodeLibraryPakFileMountedCallback: PakFile 'C:/Program Files/UE/UE_4.27/FeaturePacks/TP_HandheldARBP.upack' (chunk index -1, root 'root:/') mounted
[2025.04.10-14.57.09:378][  0]LogShaderLibrary: Display: ShaderCodeLibraryPakFileMountedCallback: pending pak file info (ChunkID:-1 Root:root:/ File:C:/Program Files/UE/UE_4.27/FeaturePacks/TP_HandheldARBP.upack)
[2025.04.10-14.57.09:378][  0]LogPakFile: OnPakFileMounted2Time == 0.000039
[2025.04.10-14.57.09:388][  0]LogPakFile: PakFile PrimaryIndexSize=182
[2025.04.10-14.57.09:388][  0]LogPakFile: PakFile PathHashIndexSize=101
[2025.04.10-14.57.09:388][  0]LogPakFile: PakFile FullDirectoryIndexSize=138
[2025.04.10-14.57.09:388][  0]LogShaderLibrary: Display: ShaderCodeLibraryPakFileMountedCallback: PakFile 'C:/Program Files/UE/UE_4.27/FeaturePacks/TP_Puzzle.upack' (chunk index -1, root 'root:/') mounted
[2025.04.10-14.57.09:388][  0]LogShaderLibrary: Display: ShaderCodeLibraryPakFileMountedCallback: pending pak file info (ChunkID:-1 Root:root:/ File:C:/Program Files/UE/UE_4.27/FeaturePacks/TP_Puzzle.upack)
[2025.04.10-14.57.09:388][  0]LogPakFile: OnPakFileMounted2Time == 0.000039
[2025.04.10-14.57.09:396][  0]LogPakFile: PakFile PrimaryIndexSize=184
[2025.04.10-14.57.09:396][  0]LogPakFile: PakFile PathHashIndexSize=101
[2025.04.10-14.57.09:396][  0]LogPakFile: PakFile FullDirectoryIndexSize=142
[2025.04.10-14.57.09:396][  0]LogShaderLibrary: Display: ShaderCodeLibraryPakFileMountedCallback: PakFile 'C:/Program Files/UE/UE_4.27/FeaturePacks/TP_PuzzleBP.upack' (chunk index -1, root 'root:/') mounted
[2025.04.10-14.57.09:396][  0]LogShaderLibrary: Display: ShaderCodeLibraryPakFileMountedCallback: pending pak file info (ChunkID:-1 Root:root:/ File:C:/Program Files/UE/UE_4.27/FeaturePacks/TP_PuzzleBP.upack)
[2025.04.10-14.57.09:396][  0]LogPakFile: OnPakFileMounted2Time == 0.000052
[2025.04.10-14.57.09:405][  0]LogPakFile: PakFile PrimaryIndexSize=183
[2025.04.10-14.57.09:405][  0]LogPakFile: PakFile PathHashIndexSize=101
[2025.04.10-14.57.09:405][  0]LogPakFile: PakFile FullDirectoryIndexSize=140
[2025.04.10-14.57.09:405][  0]LogShaderLibrary: Display: ShaderCodeLibraryPakFileMountedCallback: PakFile 'C:/Program Files/UE/UE_4.27/FeaturePacks/TP_Rolling.upack' (chunk index -1, root 'root:/') mounted
[2025.04.10-14.57.09:405][  0]LogShaderLibrary: Display: ShaderCodeLibraryPakFileMountedCallback: pending pak file info (ChunkID:-1 Root:root:/ File:C:/Program Files/UE/UE_4.27/FeaturePacks/TP_Rolling.upack)
[2025.04.10-14.57.09:405][  0]LogPakFile: OnPakFileMounted2Time == 0.000041
[2025.04.10-14.57.09:415][  0]LogPakFile: PakFile PrimaryIndexSize=185
[2025.04.10-14.57.09:415][  0]LogPakFile: PakFile PathHashIndexSize=101
[2025.04.10-14.57.09:415][  0]LogPakFile: PakFile FullDirectoryIndexSize=144
[2025.04.10-14.57.09:415][  0]LogShaderLibrary: Display: ShaderCodeLibraryPakFileMountedCallback: PakFile 'C:/Program Files/UE/UE_4.27/FeaturePacks/TP_RollingBP.upack' (chunk index -1, root 'root:/') mounted
[2025.04.10-14.57.09:415][  0]LogShaderLibrary: Display: ShaderCodeLibraryPakFileMountedCallback: pending pak file info (ChunkID:-1 Root:root:/ File:C:/Program Files/UE/UE_4.27/FeaturePacks/TP_RollingBP.upack)
[2025.04.10-14.57.09:415][  0]LogPakFile: OnPakFileMounted2Time == 0.000041
[2025.04.10-14.57.09:424][  0]LogPakFile: PakFile PrimaryIndexSize=188
[2025.04.10-14.57.09:424][  0]LogPakFile: PakFile PathHashIndexSize=101
[2025.04.10-14.57.09:424][  0]LogPakFile: PakFile FullDirectoryIndexSize=150
[2025.04.10-14.57.09:424][  0]LogShaderLibrary: Display: ShaderCodeLibraryPakFileMountedCallback: PakFile 'C:/Program Files/UE/UE_4.27/FeaturePacks/TP_SideScroller.upack' (chunk index -1, root 'root:/') mounted
[2025.04.10-14.57.09:424][  0]LogShaderLibrary: Display: ShaderCodeLibraryPakFileMountedCallback: pending pak file info (ChunkID:-1 Root:root:/ File:C:/Program Files/UE/UE_4.27/FeaturePacks/TP_SideScroller.upack)
[2025.04.10-14.57.09:425][  0]LogPakFile: OnPakFileMounted2Time == 0.000041
[2025.04.10-14.57.09:434][  0]LogPakFile: PakFile PrimaryIndexSize=190
[2025.04.10-14.57.09:434][  0]LogPakFile: PakFile PathHashIndexSize=101
[2025.04.10-14.57.09:434][  0]LogPakFile: PakFile FullDirectoryIndexSize=154
[2025.04.10-14.57.09:434][  0]LogShaderLibrary: Display: ShaderCodeLibraryPakFileMountedCallback: PakFile 'C:/Program Files/UE/UE_4.27/FeaturePacks/TP_SideScrollerBP.upack' (chunk index -1, root 'root:/') mounted
[2025.04.10-14.57.09:434][  0]LogShaderLibrary: Display: ShaderCodeLibraryPakFileMountedCallback: pending pak file info (ChunkID:-1 Root:root:/ File:C:/Program Files/UE/UE_4.27/FeaturePacks/TP_SideScrollerBP.upack)
[2025.04.10-14.57.09:434][  0]LogPakFile: OnPakFileMounted2Time == 0.000042
[2025.04.10-14.57.09:445][  0]LogPakFile: PakFile PrimaryIndexSize=187
[2025.04.10-14.57.09:445][  0]LogPakFile: PakFile PathHashIndexSize=101
[2025.04.10-14.57.09:445][  0]LogPakFile: PakFile FullDirectoryIndexSize=148
[2025.04.10-14.57.09:445][  0]LogShaderLibrary: Display: ShaderCodeLibraryPakFileMountedCallback: PakFile 'C:/Program Files/UE/UE_4.27/FeaturePacks/TP_ThirdPerson.upack' (chunk index -1, root 'root:/') mounted
[2025.04.10-14.57.09:445][  0]LogShaderLibrary: Display: ShaderCodeLibraryPakFileMountedCallback: pending pak file info (ChunkID:-1 Root:root:/ File:C:/Program Files/UE/UE_4.27/FeaturePacks/TP_ThirdPerson.upack)
[2025.04.10-14.57.09:445][  0]LogPakFile: OnPakFileMounted2Time == 0.000051
[2025.04.10-14.57.09:454][  0]LogPakFile: PakFile PrimaryIndexSize=189
[2025.04.10-14.57.09:454][  0]LogPakFile: PakFile PathHashIndexSize=101
[2025.04.10-14.57.09:454][  0]LogPakFile: PakFile FullDirectoryIndexSize=152
[2025.04.10-14.57.09:454][  0]LogShaderLibrary: Display: ShaderCodeLibraryPakFileMountedCallback: PakFile 'C:/Program Files/UE/UE_4.27/FeaturePacks/TP_ThirdPersonBP.upack' (chunk index -1, root 'root:/') mounted
[2025.04.10-14.57.09:454][  0]LogShaderLibrary: Display: ShaderCodeLibraryPakFileMountedCallback: pending pak file info (ChunkID:-1 Root:root:/ File:C:/Program Files/UE/UE_4.27/FeaturePacks/TP_ThirdPersonBP.upack)
[2025.04.10-14.57.09:454][  0]LogPakFile: OnPakFileMounted2Time == 0.000040
[2025.04.10-14.57.09:465][  0]LogPakFile: PakFile PrimaryIndexSize=183
[2025.04.10-14.57.09:465][  0]LogPakFile: PakFile PathHashIndexSize=101
[2025.04.10-14.57.09:465][  0]LogPakFile: PakFile FullDirectoryIndexSize=140
[2025.04.10-14.57.09:465][  0]LogShaderLibrary: Display: ShaderCodeLibraryPakFileMountedCallback: PakFile 'C:/Program Files/UE/UE_4.27/FeaturePacks/TP_TopDown.upack' (chunk index -1, root 'root:/') mounted
[2025.04.10-14.57.09:465][  0]LogShaderLibrary: Display: ShaderCodeLibraryPakFileMountedCallback: pending pak file info (ChunkID:-1 Root:root:/ File:C:/Program Files/UE/UE_4.27/FeaturePacks/TP_TopDown.upack)
[2025.04.10-14.57.09:465][  0]LogPakFile: OnPakFileMounted2Time == 0.000051
[2025.04.10-14.57.09:474][  0]LogPakFile: PakFile PrimaryIndexSize=185
[2025.04.10-14.57.09:474][  0]LogPakFile: PakFile PathHashIndexSize=101
[2025.04.10-14.57.09:474][  0]LogPakFile: PakFile FullDirectoryIndexSize=144
[2025.04.10-14.57.09:474][  0]LogShaderLibrary: Display: ShaderCodeLibraryPakFileMountedCallback: PakFile 'C:/Program Files/UE/UE_4.27/FeaturePacks/TP_TopDownBP.upack' (chunk index -1, root 'root:/') mounted
[2025.04.10-14.57.09:474][  0]LogShaderLibrary: Display: ShaderCodeLibraryPakFileMountedCallback: pending pak file info (ChunkID:-1 Root:root:/ File:C:/Program Files/UE/UE_4.27/FeaturePacks/TP_TopDownBP.upack)
[2025.04.10-14.57.09:474][  0]LogPakFile: OnPakFileMounted2Time == 0.000045
[2025.04.10-14.57.09:487][  0]LogPakFile: PakFile PrimaryIndexSize=185
[2025.04.10-14.57.09:487][  0]LogPakFile: PakFile PathHashIndexSize=101
[2025.04.10-14.57.09:487][  0]LogPakFile: PakFile FullDirectoryIndexSize=144
[2025.04.10-14.57.09:487][  0]LogShaderLibrary: Display: ShaderCodeLibraryPakFileMountedCallback: PakFile 'C:/Program Files/UE/UE_4.27/FeaturePacks/TP_TwinStick.upack' (chunk index -1, root 'root:/') mounted
[2025.04.10-14.57.09:487][  0]LogShaderLibrary: Display: ShaderCodeLibraryPakFileMountedCallback: pending pak file info (ChunkID:-1 Root:root:/ File:C:/Program Files/UE/UE_4.27/FeaturePacks/TP_TwinStick.upack)
[2025.04.10-14.57.09:487][  0]LogPakFile: OnPakFileMounted2Time == 0.000048
[2025.04.10-14.57.09:495][  0]LogPakFile: PakFile PrimaryIndexSize=187
[2025.04.10-14.57.09:495][  0]LogPakFile: PakFile PathHashIndexSize=101
[2025.04.10-14.57.09:495][  0]LogPakFile: PakFile FullDirectoryIndexSize=148
[2025.04.10-14.57.09:495][  0]LogShaderLibrary: Display: ShaderCodeLibraryPakFileMountedCallback: PakFile 'C:/Program Files/UE/UE_4.27/FeaturePacks/TP_TwinStickBP.upack' (chunk index -1, root 'root:/') mounted
[2025.04.10-14.57.09:495][  0]LogShaderLibrary: Display: ShaderCodeLibraryPakFileMountedCallback: pending pak file info (ChunkID:-1 Root:root:/ File:C:/Program Files/UE/UE_4.27/FeaturePacks/TP_TwinStickBP.upack)
[2025.04.10-14.57.09:495][  0]LogPakFile: OnPakFileMounted2Time == 0.000058
[2025.04.10-14.57.09:504][  0]LogPakFile: PakFile PrimaryIndexSize=183
[2025.04.10-14.57.09:504][  0]LogPakFile: PakFile PathHashIndexSize=101
[2025.04.10-14.57.09:504][  0]LogPakFile: PakFile FullDirectoryIndexSize=140
[2025.04.10-14.57.09:504][  0]LogShaderLibrary: Display: ShaderCodeLibraryPakFileMountedCallback: PakFile 'C:/Program Files/UE/UE_4.27/FeaturePacks/TP_Vehicle.upack' (chunk index -1, root 'root:/') mounted
[2025.04.10-14.57.09:504][  0]LogShaderLibrary: Display: ShaderCodeLibraryPakFileMountedCallback: pending pak file info (ChunkID:-1 Root:root:/ File:C:/Program Files/UE/UE_4.27/FeaturePacks/TP_Vehicle.upack)
[2025.04.10-14.57.09:504][  0]LogPakFile: OnPakFileMounted2Time == 0.000055
[2025.04.10-14.57.09:514][  0]LogPakFile: PakFile PrimaryIndexSize=186
[2025.04.10-14.57.09:514][  0]LogPakFile: PakFile PathHashIndexSize=101
[2025.04.10-14.57.09:514][  0]LogPakFile: PakFile FullDirectoryIndexSize=146
[2025.04.10-14.57.09:514][  0]LogShaderLibrary: Display: ShaderCodeLibraryPakFileMountedCallback: PakFile 'C:/Program Files/UE/UE_4.27/FeaturePacks/TP_VehicleAdv.upack' (chunk index -1, root 'root:/') mounted
[2025.04.10-14.57.09:514][  0]LogShaderLibrary: Display: ShaderCodeLibraryPakFileMountedCallback: pending pak file info (ChunkID:-1 Root:root:/ File:C:/Program Files/UE/UE_4.27/FeaturePacks/TP_VehicleAdv.upack)
[2025.04.10-14.57.09:514][  0]LogPakFile: OnPakFileMounted2Time == 0.000063
[2025.04.10-14.57.09:525][  0]LogPakFile: PakFile PrimaryIndexSize=188
[2025.04.10-14.57.09:525][  0]LogPakFile: PakFile PathHashIndexSize=101
[2025.04.10-14.57.09:525][  0]LogPakFile: PakFile FullDirectoryIndexSize=150
[2025.04.10-14.57.09:525][  0]LogShaderLibrary: Display: ShaderCodeLibraryPakFileMountedCallback: PakFile 'C:/Program Files/UE/UE_4.27/FeaturePacks/TP_VehicleAdvBP.upack' (chunk index -1, root 'root:/') mounted
[2025.04.10-14.57.09:525][  0]LogShaderLibrary: Display: ShaderCodeLibraryPakFileMountedCallback: pending pak file info (ChunkID:-1 Root:root:/ File:C:/Program Files/UE/UE_4.27/FeaturePacks/TP_VehicleAdvBP.upack)
[2025.04.10-14.57.09:525][  0]LogPakFile: OnPakFileMounted2Time == 0.000039
[2025.04.10-14.57.09:534][  0]LogPakFile: PakFile PrimaryIndexSize=185
[2025.04.10-14.57.09:534][  0]LogPakFile: PakFile PathHashIndexSize=101
[2025.04.10-14.57.09:534][  0]LogPakFile: PakFile FullDirectoryIndexSize=144
[2025.04.10-14.57.09:534][  0]LogShaderLibrary: Display: ShaderCodeLibraryPakFileMountedCallback: PakFile 'C:/Program Files/UE/UE_4.27/FeaturePacks/TP_VehicleBP.upack' (chunk index -1, root 'root:/') mounted
[2025.04.10-14.57.09:534][  0]LogShaderLibrary: Display: ShaderCodeLibraryPakFileMountedCallback: pending pak file info (ChunkID:-1 Root:root:/ File:C:/Program Files/UE/UE_4.27/FeaturePacks/TP_VehicleBP.upack)
[2025.04.10-14.57.09:534][  0]LogPakFile: OnPakFileMounted2Time == 0.000077
[2025.04.10-14.57.09:543][  0]LogPakFile: PakFile PrimaryIndexSize=192
[2025.04.10-14.57.09:543][  0]LogPakFile: PakFile PathHashIndexSize=101
[2025.04.10-14.57.09:543][  0]LogPakFile: PakFile FullDirectoryIndexSize=158
[2025.04.10-14.57.09:543][  0]LogShaderLibrary: Display: ShaderCodeLibraryPakFileMountedCallback: PakFile 'C:/Program Files/UE/UE_4.27/FeaturePacks/TP_VirtualRealityBP.upack' (chunk index -1, root 'root:/') mounted
[2025.04.10-14.57.09:543][  0]LogShaderLibrary: Display: ShaderCodeLibraryPakFileMountedCallback: pending pak file info (ChunkID:-1 Root:root:/ File:C:/Program Files/UE/UE_4.27/FeaturePacks/TP_VirtualRealityBP.upack)
[2025.04.10-14.57.09:543][  0]LogPakFile: OnPakFileMounted2Time == 0.000038
[2025.04.10-14.57.09:865][  0]LogNativeClassHierarchy: Verbose: Native class hierarchy updated for 'AddContentDialog' in 0.0003 seconds. Added 0 classes and 0 folders.
[2025.04.10-14.57.09:875][  0]LogNativeClassHierarchy: Verbose: Native class hierarchy updated for 'SceneOutliner' in 0.0003 seconds. Added 2 classes and 0 folders.
[2025.04.10-14.57.10:057][  0]LogSlate: Took 0.000224 seconds to synchronously load lazily loaded font '../../../Engine/Content/Slate/Fonts/Roboto-Regular.ttf' (155K)
[2025.04.10-14.57.10:068][  0]LogSlate: Took 0.008507 seconds to synchronously load lazily loaded font '../../../Engine/Content/Editor/Slate/Fonts/FontAwesome.ttf' (139K)
[2025.04.10-14.57.10:069][  0]LogSlate: Took 0.000173 seconds to synchronously load lazily loaded font '../../../Engine/Content/Slate/Fonts/Roboto-Bold.ttf' (160K)
[2025.04.10-14.57.10:254][  0]LogRenderer: Reallocating scene render targets to support 892x380 Format 10 NumSamples 1 (Frame:1).
[2025.04.10-14.57.10:318][  0]LogSlate: Took 0.008385 seconds to synchronously load lazily loaded font '../../../Engine/Content/Slate/Fonts/Roboto-Light.ttf' (167K)
[2025.04.10-14.57.10:385][  0]LogNativeClassHierarchy: Verbose: Native class hierarchy updated for 'HierarchicalLODOutliner' in 0.0003 seconds. Added 0 classes and 0 folders.
[2025.04.10-14.57.10:385][  0]LogInput: Warning: Action SetDestination uses invalid key OculusGo_Left_Trigger_Click.
[2025.04.10-14.57.10:385][  0]LogInput: Warning: Action ResetVR uses invalid key OculusGo_Left_Back_Click.
[2025.04.10-14.57.10:385][  0]LogInput: Warning: Use -RemoveInvalidKeys to remove instances of these keys from the action mapping.
[2025.04.10-14.57.10:385][  0]LogLoad: (Engine Initialization) Total time: 9.73 seconds
[2025.04.10-14.57.10:385][  0]LogLoad: (Engine Initialization) Total Blueprint compile time: 0.00 seconds
[2025.04.10-14.57.10:436][  0]LogAssetRegistry: Asset discovery search completed in 5.8547 seconds
[2025.04.10-14.57.10:441][  0]LogCollectionManager: Fixed up redirectors for 0 collections in 0.000003 seconds (updated 0 objects)
[2025.04.10-14.57.10:444][  0]LogContentStreaming: Texture pool size now 1000 MB
[2025.04.10-14.57.11:408][ 49]LogSlate: Took 0.000210 seconds to synchronously load lazily loaded font '../../../Engine/Content/Slate/Fonts/Roboto-Light.ttf' (167K)
[2025.04.10-14.57.16:911][374]LogUObjectHash: Compacting FUObjectHashTables data took   0.95ms
[2025.04.10-14.57.17:242][374]LogAssetEditorSubsystem: Opening Asset editor for World /Game/TopDownCPP/Maps/Level1.Level1
[2025.04.10-14.57.17:242][374]Cmd: MAP LOAD FILE="../../../../../../Unreal Projects/Top-Down-Puzzle/TopDownPuzzle/Content/TopDownCPP/Maps/Level1.umap" TEMPLATE=0 SHOWPROGRESS=1 FEATURELEVEL=3
[2025.04.10-14.57.17:242][374]LightingResults: New page: Lighting Build
[2025.04.10-14.57.17:244][374]LogNativeClassHierarchy: Verbose: Native class hierarchy updated for 'StatsViewer' in 0.0003 seconds. Added 6 classes and 0 folders.
[2025.04.10-14.57.17:244][374]LoadErrors: New page: Loading map: Level1.umap
[2025.04.10-14.57.17:268][374]LogWorld: UWorld::CleanupWorld for Untitled, bSessionEnded=true, bCleanupResources=true
[2025.04.10-14.57.17:268][374]LogSlate: InvalidateAllWidgets triggered.  All widgets were invalidated
[2025.04.10-14.57.17:268][374]MapCheck: New page: Map Check
[2025.04.10-14.57.17:268][374]LightingResults: New page: Lighting Build
[2025.04.10-14.57.17:274][374]LogAudio: Display: Audio Device unregistered from world 'None'.
[2025.04.10-14.57.17:275][374]LogUObjectHash: Compacting FUObjectHashTables data took   0.85ms
[2025.04.10-14.57.17:276][374]LogAudio: Display: Audio Device (ID: 1) registered with world 'Level1'.
[2025.04.10-14.57.17:353][374]LogEditorServer: Finished looking for orphan Actors (0.000 secs)
[2025.04.10-14.57.17:353][374]LogAIModule: Creating AISystem for world Level1
[2025.04.10-14.57.17:363][374]LogUObjectHash: Compacting FUObjectHashTables data took   0.65ms
[2025.04.10-14.57.17:375][374]Cmd: MAP CHECKDEP NOCLEARLOG
[2025.04.10-14.57.17:376][374]MapCheck: Map check complete: 0 Error(s), 0 Warning(s), took 0.179ms to complete.
[2025.04.10-14.57.17:376][374]LogFileHelpers: Loading map 'Level1' took 0.133
[2025.04.10-14.57.18:989][468]LogUObjectHash: Compacting FUObjectHashTables data took   0.33ms
[2025.04.10-14.57.19:120][468]LogAssetEditorSubsystem: Opening Asset editor for World /Game/TopDownCPP/Maps/MainMenuLev.MainMenuLev
[2025.04.10-14.57.19:120][468]Cmd: MAP LOAD FILE="../../../../../../Unreal Projects/Top-Down-Puzzle/TopDownPuzzle/Content/TopDownCPP/Maps/MainMenuLev.umap" TEMPLATE=0 SHOWPROGRESS=1 FEATURELEVEL=3
[2025.04.10-14.57.19:120][468]LightingResults: New page: Lighting Build
[2025.04.10-14.57.19:120][468]LoadErrors: New page: Loading map: MainMenuLev.umap
[2025.04.10-14.57.19:122][468]LogWorld: UWorld::CleanupWorld for Level1, bSessionEnded=true, bCleanupResources=true
[2025.04.10-14.57.19:122][468]LogSlate: InvalidateAllWidgets triggered.  All widgets were invalidated
[2025.04.10-14.57.19:122][468]MapCheck: New page: Map Check
[2025.04.10-14.57.19:122][468]LightingResults: New page: Lighting Build
[2025.04.10-14.57.19:127][468]LogAudio: Display: Audio Device unregistered from world 'None'.
[2025.04.10-14.57.19:130][468]LogUObjectHash: Compacting FUObjectHashTables data took   0.96ms
[2025.04.10-14.57.19:131][468]LogAudio: Display: Audio Device (ID: 1) registered with world 'MainMenuLev'.
[2025.04.10-14.57.19:192][468]LogEditorServer: Finished looking for orphan Actors (0.000 secs)
[2025.04.10-14.57.19:192][468]LogAIModule: Creating AISystem for world MainMenuLev
[2025.04.10-14.57.19:200][468]LogUObjectHash: Compacting FUObjectHashTables data took   0.63ms
[2025.04.10-14.57.19:213][468]Cmd: MAP CHECKDEP NOCLEARLOG
[2025.04.10-14.57.19:214][468]MapCheck: Map check complete: 0 Error(s), 0 Warning(s), took 0.846ms to complete.
[2025.04.10-14.57.19:214][468]LogFileHelpers: Loading map 'MainMenuLev' took 0.094
[2025.04.10-14.57.21:546][597]Candidate modules for hot reload:
[2025.04.10-14.57.21:546][597]  TopDownPuzzle
[2025.04.10-14.57.21:547][597]Launching UnrealBuildTool... [C:/Program Files/UE/UE_4.27/Engine/Binaries/DotNET/UnrealBuildTool.exe  -ModuleWithSuffix=TopDownPuzzle,5128 TopDownPuzzleEditor Win64 Development -Project="C:/Unreal Projects/Top-Down-Puzzle/TopDownPuzzle/TopDownPuzzle.uproject" "C:/Unreal Projects/Top-Down-Puzzle/TopDownPuzzle/TopDownPuzzle.uproject"  -IgnoreJunk]
[2025.04.10-14.57.21:552][597]Warning: Starting HotReload took  0.1s.
[2025.04.10-14.57.23:740][724]CompilerResultsLog: New page: Compilation - 10-Apr-2025, 6:57:23 am
[2025.04.10-14.57.23:740][724]CompilerResultsLog: Using 'git status' to determine working set for adaptive non-unity build (C:\Unreal Projects\Top-Down-Puzzle).
[2025.04.10-14.57.23:741][724]CompilerResultsLog: Building TopDownPuzzleEditor...
[2025.04.10-14.57.23:741][724]CompilerResultsLog: Using Visual Studio 2022 14.43.34808 toolchain (C:\Program Files\Microsoft Visual Studio\2022\Community\VC\Tools\MSVC\14.43.34808) and Windows 10.0.22621.0 SDK (C:\Program Files (x86)\Windows Kits\10).
[2025.04.10-14.57.23:741][724]CompilerResultsLog: Building 3 actions with 8 processes...
[2025.04.10-14.57.23:741][724]CompilerResultsLog:   [1/3] UE4Editor-TopDownPuzzle-5128.lib
[2025.04.10-14.57.23:741][724]CompilerResultsLog:      Creating library C:\Unreal Projects\Top-Down-Puzzle\TopDownPuzzle\Intermediate\Build\Win64\UE4Editor\Development\TopDownPuzzle\UE4Editor-TopDownPuzzle-5128.lib and object C:\Unreal Projects\Top-Down-Puzzle\TopDownPuzzle\Intermediate\Build\Win64\UE4Editor\Development\TopDownPuzzle\UE4Editor-TopDownPuzzle-5128.exp
[2025.04.10-14.57.23:741][724]CompilerResultsLog:   [2/3] UE4Editor-TopDownPuzzle-5128.dll
[2025.04.10-14.57.23:741][724]CompilerResultsLog:      Creating library C:\Unreal Projects\Top-Down-Puzzle\TopDownPuzzle\Intermediate\Build\Win64\UE4Editor\Development\TopDownPuzzle\UE4Editor-TopDownPuzzle-5128.suppressed.lib and object C:\Unreal Projects\Top-Down-Puzzle\TopDownPuzzle\Intermediate\Build\Win64\UE4Editor\Development\TopDownPuzzle\UE4Editor-TopDownPuzzle-5128.suppressed.exp
[2025.04.10-14.57.23:741][724]CompilerResultsLog:   [3/3] TopDownPuzzleEditor.target
[2025.04.10-14.57.23:741][724]CompilerResultsLog: Total time in Parallel executor: 1.04 seconds
[2025.04.10-14.57.23:741][724]CompilerResultsLog: Total execution time: 2.06 seconds
[2025.04.10-14.57.23:741][724]LogMainFrame: MainFrame: Module compiling took 2.219 seconds
[2025.04.10-14.57.23:809][724]LogHotReload: Re-instancing DoorTrigger after hot-reload.
[2025.04.10-14.57.23:817][724]LogNativeClassHierarchy: Verbose: Native class hierarchy updated for 'TopDownPuzzle' in 0.0003 seconds. Added 5 classes and 2 folders.
[2025.04.10-14.57.23:820][724]Display: HotReload successful (5 functions remapped  0 scriptstructs remapped)
[2025.04.10-14.57.23:881][724]LogNativeClassHierarchy: Verbose: Native class hierarchy populated in 0.0092 seconds. Added 3827 classes and 930 folders.
[2025.04.10-14.57.23:885][724]Display: HotReload took  2.4s.
[2025.04.10-14.57.26:605][885]LogTemp: Repeating last play command: New Editor Window (PIE)
[2025.04.10-14.57.26:617][885]LogPlayLevel: PlayLevel: No blueprints needed recompiling
[2025.04.10-14.57.26:617][885]PIE: New page: PIE session: MainMenuLev (10-Apr-2025, 6:57:26 am)
[2025.04.10-14.57.26:619][885]LogOnline: OSS: Creating online subsystem instance for: NULL
[2025.04.10-14.57.26:621][885]LogOnline: OSS: TryLoadSubsystemAndSetDefault: Loaded subsystem for module [NULL]
[2025.04.10-14.57.26:622][885]LogPlayLevel: Creating play world package: /Game/TopDownCPP/Maps/UEDPIE_0_MainMenuLev
[2025.04.10-14.57.26:625][885]LogPlayLevel: PIE: StaticDuplicateObject took: (0.004294s)
[2025.04.10-14.57.26:627][885]LogAIModule: Creating AISystem for world MainMenuLev
[2025.04.10-14.57.26:627][885]LogPlayLevel: PIE: World Init took: (0.001034s)
[2025.04.10-14.57.26:627][885]LogPlayLevel: PIE: Created PIE world by copying editor world from /Game/TopDownCPP/Maps/MainMenuLev.MainMenuLev to /Game/TopDownCPP/Maps/UEDPIE_0_MainMenuLev.MainMenuLev (0.005803s)
[2025.04.10-14.57.26:633][885]LogUObjectHash: Compacting FUObjectHashTables data took   0.70ms
[2025.04.10-14.57.26:633][885]LogAudio: Display: Creating Audio Device:                 Id: 2, Scope: Unique, Realtime: True
[2025.04.10-14.57.26:633][885]LogAudioMixer: Display: Audio Mixer Platform Settings:
[2025.04.10-14.57.26:633][885]LogAudioMixer: Display: 	Sample Rate:						  48000
[2025.04.10-14.57.26:633][885]LogAudioMixer: Display: 	Callback Buffer Frame Size Requested: 1024
[2025.04.10-14.57.26:634][885]LogAudioMixer: Display: 	Callback Buffer Frame Size To Use:	  1024
[2025.04.10-14.57.26:634][885]LogAudioMixer: Display: 	Number of buffers to queue:			  2
[2025.04.10-14.57.26:634][885]LogAudioMixer: Display: 	Max Channels (voices):				  32
[2025.04.10-14.57.26:634][885]LogAudioMixer: Display: 	Number of Async Source Workers:		  0
[2025.04.10-14.57.26:634][885]LogAudio: Display: AudioDevice MaxSources: 32
[2025.04.10-14.57.26:634][885]LogAudio: Display: Audio Spatialization Plugin: None (built-in).
[2025.04.10-14.57.26:634][885]LogAudio: Display: Audio Reverb Plugin: None (built-in).
[2025.04.10-14.57.26:634][885]LogAudio: Display: Audio Occlusion Plugin: None (built-in).
[2025.04.10-14.57.26:634][885]LogAudioMixer: Display: Initializing audio mixer.
[2025.04.10-14.57.26:639][885]LogAudioMixer: Display: 0: FrontLeft
[2025.04.10-14.57.26:639][885]LogAudioMixer: Display: 1: FrontRight
[2025.04.10-14.57.26:655][885]LogAudioMixer: Display: Using Audio Device Headphone (Realtek(R) Audio)
[2025.04.10-14.57.26:655][885]LogAudioMixer: Display: Initializing Sound Submixes...
[2025.04.10-14.57.26:655][885]LogAudioMixer: Display: Creating Master Submix 'MasterSubmixDefault'
[2025.04.10-14.57.26:655][885]LogAudioMixer: Display: Creating Master Submix 'MasterReverbSubmixDefault'
[2025.04.10-14.57.26:655][885]LogAudioMixer: Display: Creating Master Submix 'MasterEQSubmixDefault'
[2025.04.10-14.57.26:655][885]LogAudioMixer: FMixerPlatformXAudio2::StartAudioStream() called
[2025.04.10-14.57.26:655][885]LogAudioMixer: Display: Output buffers initialized: Frames=1024, Channels=2, Samples=2048
[2025.04.10-14.57.26:656][885]LogAudioMixer: Display: Starting AudioMixerPlatformInterface::RunInternal()
[2025.04.10-14.57.26:656][885]LogAudioMixer: Display: FMixerPlatformXAudio2::SubmitBuffer() called for the first time
[2025.04.10-14.57.26:656][885]LogInit: FAudioDevice initialized.
[2025.04.10-14.57.26:656][885]LogAudio: Display: Audio Device (ID: 2) registered with world 'MainMenuLev'.
[2025.04.10-14.57.26:685][885]LogSlate: Updating window title bar state: overlay mode, drag disabled, window buttons hidden, title bar hidden
[2025.04.10-14.57.26:685][885]LogLoad: Game class is 'NewGameMode_C'
[2025.04.10-14.57.26:688][885]LogWorld: Bringing World /Game/TopDownCPP/Maps/UEDPIE_0_MainMenuLev.MainMenuLev up for play (max tick rate 60) at 2025.04.10-10.57.26
[2025.04.10-14.57.26:688][885]LogWorld: Bringing up level for play took: 0.001008
[2025.04.10-14.57.26:690][885]LogOnline: OSS: Creating online subsystem instance for: :Context_1
[2025.04.10-14.57.26:746][885]LogNativeClassHierarchy: Verbose: Native class hierarchy updated for 'MovieSceneCapture' in 0.0003 seconds. Added 20 classes and 0 folders.
[2025.04.10-14.57.26:749][885]LogSpawn: Warning: SpawnActor failed because of collision at the spawn location [X=0.000 Y=0.000 Z=0.000] for [MainMenuCharacter_C]
[2025.04.10-14.57.26:750][885]LogGameMode: Warning: SpawnDefaultPawnAtTransform: Couldn't spawn Pawn of type MainMenuCharacter_C at Rotation: Pitch 0.000000 Yaw 0.000000 Roll 0.000000
Translation: 0.000000 0.000000 0.000000
Scale3D: 1.000000 1.000000 1.000000

[2025.04.10-14.57.26:757][885]PIE: Server logged in
[2025.04.10-14.57.26:758][885]PIE: Play in editor total start time 0.144 seconds.
[2025.04.10-14.57.26:800][886]LogRenderer: Reallocating scene render targets to support 1528x784 Format 10 NumSamples 1 (Frame:1).
[2025.04.10-14.57.29:651][ 56]LogNet: Browse: /Game/TopDownCPP/Maps/Tutorial1
[2025.04.10-14.57.29:651][ 56]LogLoad: LoadMap: /Game/TopDownCPP/Maps/Tutorial1
[2025.04.10-14.57.29:651][ 56]LogWorld: BeginTearingDown for /Game/TopDownCPP/Maps/UEDPIE_0_MainMenuLev
[2025.04.10-14.57.29:652][ 56]LogWorld: UWorld::CleanupWorld for MainMenuLev, bSessionEnded=true, bCleanupResources=true
[2025.04.10-14.57.29:652][ 56]LogSlate: InvalidateAllWidgets triggered.  All widgets were invalidated
[2025.04.10-14.57.29:682][ 56]LogAudio: Display: Audio Device unregistered from world 'None'.
[2025.04.10-14.57.29:684][ 56]LogUObjectHash: Compacting FUObjectHashTables data took   1.10ms
[2025.04.10-14.57.29:738][ 56]LogAudio: Display: Audio Device (ID: 2) registered with world 'Tutorial1'.
[2025.04.10-14.57.29:739][ 56]LogAIModule: Creating AISystem for world Tutorial1
[2025.04.10-14.57.29:739][ 56]LogLoad: Game class is 'TopDownPuzzleGameMode'
[2025.04.10-14.57.29:742][ 56]LogWorld: Bringing World /Game/TopDownCPP/Maps/UEDPIE_0_Tutorial1.Tutorial1 up for play (max tick rate 60) at 2025.04.10-10.57.29
[2025.04.10-14.57.29:742][ 56]LogWorld: Bringing up level for play took: 0.001983
[2025.04.10-14.57.29:749][ 56]LogTemp: Warning: Current Level: Tutorial1
[2025.04.10-14.57.29:749][ 56]LogLoad: Took 0.097508 seconds to LoadMap(/Game/TopDownCPP/Maps/Tutorial1)
[2025.04.10-14.57.45:277][985]LogSlate: Window 'TopDownPuzzle Preview [NetMode: Standalone]  (64-bit/Windows) ' being destroyed
[2025.04.10-14.57.45:287][985]LogWorld: BeginTearingDown for /Game/TopDownCPP/Maps/UEDPIE_0_Tutorial1
[2025.04.10-14.57.45:287][985]LogWorld: UWorld::CleanupWorld for Tutorial1, bSessionEnded=true, bCleanupResources=true
[2025.04.10-14.57.45:288][985]LogSlate: InvalidateAllWidgets triggered.  All widgets were invalidated
[2025.04.10-14.57.45:297][985]LogPlayLevel: Display: Shutting down PIE online subsystems
[2025.04.10-14.57.45:299][985]LogSlate: InvalidateAllWidgets triggered.  All widgets were invalidated
[2025.04.10-14.57.45:305][985]LogAudio: Display: Audio Device unregistered from world 'None'.
[2025.04.10-14.57.45:305][985]LogAudioMixer: FMixerPlatformXAudio2::StopAudioStream() called
[2025.04.10-14.57.45:306][985]LogAudioMixer: FMixerPlatformXAudio2::StopAudioStream() called
[2025.04.10-14.57.45:312][985]LogUObjectHash: Compacting FUObjectHashTables data took   0.78ms
[2025.04.10-14.57.45:377][989]LogPlayLevel: Display: Destroying online subsystem :Context_1
[2025.04.10-14.57.55:073][188]LogTemp: Repeating last play command: New Editor Window (PIE)
[2025.04.10-14.57.55:083][188]LogPlayLevel: PlayLevel: No blueprints needed recompiling
[2025.04.10-14.57.55:083][188]PIE: New page: PIE session: MainMenuLev (10-Apr-2025, 6:57:55 am)
[2025.04.10-14.57.55:083][188]LogPlayLevel: Creating play world package: /Game/TopDownCPP/Maps/UEDPIE_0_MainMenuLev
[2025.04.10-14.57.55:086][188]LogPlayLevel: PIE: StaticDuplicateObject took: (0.003036s)
[2025.04.10-14.57.55:087][188]LogAIModule: Creating AISystem for world MainMenuLev
[2025.04.10-14.57.55:088][188]LogPlayLevel: PIE: World Init took: (0.001156s)
[2025.04.10-14.57.55:088][188]LogPlayLevel: PIE: Created PIE world by copying editor world from /Game/TopDownCPP/Maps/MainMenuLev.MainMenuLev to /Game/TopDownCPP/Maps/UEDPIE_0_MainMenuLev.MainMenuLev (0.004333s)
[2025.04.10-14.57.55:094][188]LogUObjectHash: Compacting FUObjectHashTables data took   0.70ms
[2025.04.10-14.57.55:094][188]LogAudio: Display: Creating Audio Device:                 Id: 3, Scope: Unique, Realtime: True
[2025.04.10-14.57.55:094][188]LogAudioMixer: Display: Audio Mixer Platform Settings:
[2025.04.10-14.57.55:094][188]LogAudioMixer: Display: 	Sample Rate:						  48000
[2025.04.10-14.57.55:094][188]LogAudioMixer: Display: 	Callback Buffer Frame Size Requested: 1024
[2025.04.10-14.57.55:094][188]LogAudioMixer: Display: 	Callback Buffer Frame Size To Use:	  1024
[2025.04.10-14.57.55:094][188]LogAudioMixer: Display: 	Number of buffers to queue:			  2
[2025.04.10-14.57.55:094][188]LogAudioMixer: Display: 	Max Channels (voices):				  32
[2025.04.10-14.57.55:094][188]LogAudioMixer: Display: 	Number of Async Source Workers:		  0
[2025.04.10-14.57.55:094][188]LogAudio: Display: AudioDevice MaxSources: 32
[2025.04.10-14.57.55:095][188]LogAudio: Display: Audio Spatialization Plugin: None (built-in).
[2025.04.10-14.57.55:095][188]LogAudio: Display: Audio Reverb Plugin: None (built-in).
[2025.04.10-14.57.55:095][188]LogAudio: Display: Audio Occlusion Plugin: None (built-in).
[2025.04.10-14.57.55:095][188]LogAudioMixer: Display: Initializing audio mixer.
[2025.04.10-14.57.55:099][188]LogAudioMixer: Display: 0: FrontLeft
[2025.04.10-14.57.55:099][188]LogAudioMixer: Display: 1: FrontRight
[2025.04.10-14.57.55:114][188]LogAudioMixer: Display: Using Audio Device Headphone (Realtek(R) Audio)
[2025.04.10-14.57.55:114][188]LogAudioMixer: Display: Initializing Sound Submixes...
[2025.04.10-14.57.55:114][188]LogAudioMixer: Display: Creating Master Submix 'MasterSubmixDefault'
[2025.04.10-14.57.55:114][188]LogAudioMixer: Display: Creating Master Submix 'MasterReverbSubmixDefault'
[2025.04.10-14.57.55:115][188]LogAudioMixer: Display: Creating Master Submix 'MasterEQSubmixDefault'
[2025.04.10-14.57.55:115][188]LogAudioMixer: FMixerPlatformXAudio2::StartAudioStream() called
[2025.04.10-14.57.55:115][188]LogAudioMixer: Display: Output buffers initialized: Frames=1024, Channels=2, Samples=2048
[2025.04.10-14.57.55:115][188]LogAudioMixer: Display: Starting AudioMixerPlatformInterface::RunInternal()
[2025.04.10-14.57.55:115][188]LogAudioMixer: Display: FMixerPlatformXAudio2::SubmitBuffer() called for the first time
[2025.04.10-14.57.55:115][188]LogInit: FAudioDevice initialized.
[2025.04.10-14.57.55:115][188]LogAudio: Display: Audio Device (ID: 3) registered with world 'MainMenuLev'.
[2025.04.10-14.57.55:153][188]LogSlate: Updating window title bar state: overlay mode, drag disabled, window buttons hidden, title bar hidden
[2025.04.10-14.57.55:154][188]LogLoad: Game class is 'NewGameMode_C'
[2025.04.10-14.57.55:155][188]LogWorld: Bringing World /Game/TopDownCPP/Maps/UEDPIE_0_MainMenuLev.MainMenuLev up for play (max tick rate 60) at 2025.04.10-10.57.55
[2025.04.10-14.57.55:155][188]LogWorld: Bringing up level for play took: 0.000720
[2025.04.10-14.57.55:155][188]LogOnline: OSS: Creating online subsystem instance for: :Context_2
[2025.04.10-14.57.55:157][188]LogSpawn: Warning: SpawnActor failed because of collision at the spawn location [X=0.000 Y=0.000 Z=0.000] for [MainMenuCharacter_C]
[2025.04.10-14.57.55:157][188]LogGameMode: Warning: SpawnDefaultPawnAtTransform: Couldn't spawn Pawn of type MainMenuCharacter_C at Rotation: Pitch 0.000000 Yaw 0.000000 Roll 0.000000
Translation: 0.000000 0.000000 0.000000
Scale3D: 1.000000 1.000000 1.000000

[2025.04.10-14.57.55:159][188]PIE: Server logged in
[2025.04.10-14.57.55:160][188]PIE: Play in editor total start time 0.08 seconds.
[2025.04.10-14.57.56:439][263]LogNet: Browse: /Game/TopDownCPP/Maps/Tutorial1
[2025.04.10-14.57.56:439][263]LogLoad: LoadMap: /Game/TopDownCPP/Maps/Tutorial1
[2025.04.10-14.57.56:439][263]LogWorld: BeginTearingDown for /Game/TopDownCPP/Maps/UEDPIE_0_MainMenuLev
[2025.04.10-14.57.56:440][263]LogWorld: UWorld::CleanupWorld for MainMenuLev, bSessionEnded=true, bCleanupResources=true
[2025.04.10-14.57.56:440][263]LogSlate: InvalidateAllWidgets triggered.  All widgets were invalidated
[2025.04.10-14.57.56:482][263]LogAudio: Display: Audio Device unregistered from world 'None'.
[2025.04.10-14.57.56:483][263]LogUObjectHash: Compacting FUObjectHashTables data took   0.66ms
[2025.04.10-14.57.56:494][263]LogAudio: Display: Audio Device (ID: 3) registered with world 'Tutorial1'.
[2025.04.10-14.57.56:495][263]LogAIModule: Creating AISystem for world Tutorial1
[2025.04.10-14.57.56:495][263]LogLoad: Game class is 'TopDownPuzzleGameMode'
[2025.04.10-14.57.56:502][263]LogWorld: Bringing World /Game/TopDownCPP/Maps/UEDPIE_0_Tutorial1.Tutorial1 up for play (max tick rate 60) at 2025.04.10-10.57.56
[2025.04.10-14.57.56:503][263]LogWorld: Bringing up level for play took: 0.007070
[2025.04.10-14.57.56:504][263]LogTemp: Warning: Current Level: Tutorial1
[2025.04.10-14.57.56:504][263]LogLoad: Took 0.065596 seconds to LoadMap(/Game/TopDownCPP/Maps/Tutorial1)
[2025.04.10-14.57.58:714][393]LogRenderer: Reallocating scene render targets to support 1536x792 Format 10 NumSamples 1 (Frame:131).
[2025.04.10-14.57.59:919][463]LogSlate: Window 'TopDownPuzzle Preview [NetMode: Standalone]  (64-bit/Windows) ' being destroyed
[2025.04.10-14.57.59:932][463]LogWorld: BeginTearingDown for /Game/TopDownCPP/Maps/UEDPIE_0_Tutorial1
[2025.04.10-14.57.59:932][463]LogWorld: UWorld::CleanupWorld for Tutorial1, bSessionEnded=true, bCleanupResources=true
[2025.04.10-14.57.59:932][463]LogSlate: InvalidateAllWidgets triggered.  All widgets were invalidated
[2025.04.10-14.57.59:943][463]LogPlayLevel: Display: Shutting down PIE online subsystems
[2025.04.10-14.57.59:945][463]LogSlate: InvalidateAllWidgets triggered.  All widgets were invalidated
[2025.04.10-14.57.59:954][463]LogAudio: Display: Audio Device unregistered from world 'None'.
[2025.04.10-14.57.59:954][463]LogAudioMixer: FMixerPlatformXAudio2::StopAudioStream() called
[2025.04.10-14.57.59:955][463]LogAudioMixer: FMixerPlatformXAudio2::StopAudioStream() called
[2025.04.10-14.57.59:961][463]LogUObjectHash: Compacting FUObjectHashTables data took   1.52ms
[2025.04.10-14.58.00:037][467]LogPlayLevel: Display: Destroying online subsystem :Context_2
[2025.04.10-14.58.02:767][624]LogPlayLevel: PlayLevel: No blueprints needed recompiling
[2025.04.10-14.58.02:767][624]PIE: New page: PIE session: MainMenuLev (10-Apr-2025, 6:58:02 am)
[2025.04.10-14.58.02:767][624]LogPlayLevel: Creating play world package: /Game/TopDownCPP/Maps/UEDPIE_0_MainMenuLev
[2025.04.10-14.58.02:770][624]LogPlayLevel: PIE: StaticDuplicateObject took: (0.003145s)
[2025.04.10-14.58.02:771][624]LogAIModule: Creating AISystem for world MainMenuLev
[2025.04.10-14.58.02:772][624]LogPlayLevel: PIE: World Init took: (0.001170s)
[2025.04.10-14.58.02:772][624]LogPlayLevel: PIE: Created PIE world by copying editor world from /Game/TopDownCPP/Maps/MainMenuLev.MainMenuLev to /Game/TopDownCPP/Maps/UEDPIE_0_MainMenuLev.MainMenuLev (0.004467s)
[2025.04.10-14.58.02:777][624]LogUObjectHash: Compacting FUObjectHashTables data took   0.70ms
[2025.04.10-14.58.02:778][624]LogAudio: Display: Creating Audio Device:                 Id: 4, Scope: Unique, Realtime: True
[2025.04.10-14.58.02:778][624]LogAudioMixer: Display: Audio Mixer Platform Settings:
[2025.04.10-14.58.02:778][624]LogAudioMixer: Display: 	Sample Rate:						  48000
[2025.04.10-14.58.02:778][624]LogAudioMixer: Display: 	Callback Buffer Frame Size Requested: 1024
[2025.04.10-14.58.02:778][624]LogAudioMixer: Display: 	Callback Buffer Frame Size To Use:	  1024
[2025.04.10-14.58.02:778][624]LogAudioMixer: Display: 	Number of buffers to queue:			  2
[2025.04.10-14.58.02:778][624]LogAudioMixer: Display: 	Max Channels (voices):				  32
[2025.04.10-14.58.02:778][624]LogAudioMixer: Display: 	Number of Async Source Workers:		  0
[2025.04.10-14.58.02:778][624]LogAudio: Display: AudioDevice MaxSources: 32
[2025.04.10-14.58.02:779][624]LogAudio: Display: Audio Spatialization Plugin: None (built-in).
[2025.04.10-14.58.02:779][624]LogAudio: Display: Audio Reverb Plugin: None (built-in).
[2025.04.10-14.58.02:779][624]LogAudio: Display: Audio Occlusion Plugin: None (built-in).
[2025.04.10-14.58.02:779][624]LogAudioMixer: Display: Initializing audio mixer.
[2025.04.10-14.58.02:783][624]LogAudioMixer: Display: 0: FrontLeft
[2025.04.10-14.58.02:784][624]LogAudioMixer: Display: 1: FrontRight
[2025.04.10-14.58.02:799][624]LogAudioMixer: Display: Using Audio Device Headphone (Realtek(R) Audio)
[2025.04.10-14.58.02:799][624]LogAudioMixer: Display: Initializing Sound Submixes...
[2025.04.10-14.58.02:799][624]LogAudioMixer: Display: Creating Master Submix 'MasterSubmixDefault'
[2025.04.10-14.58.02:799][624]LogAudioMixer: Display: Creating Master Submix 'MasterReverbSubmixDefault'
[2025.04.10-14.58.02:799][624]LogAudioMixer: Display: Creating Master Submix 'MasterEQSubmixDefault'
[2025.04.10-14.58.02:799][624]LogAudioMixer: FMixerPlatformXAudio2::StartAudioStream() called
[2025.04.10-14.58.02:799][624]LogAudioMixer: Display: Output buffers initialized: Frames=1024, Channels=2, Samples=2048
[2025.04.10-14.58.02:800][624]LogAudioMixer: Display: Starting AudioMixerPlatformInterface::RunInternal()
[2025.04.10-14.58.02:800][624]LogAudioMixer: Display: FMixerPlatformXAudio2::SubmitBuffer() called for the first time
[2025.04.10-14.58.02:800][624]LogInit: FAudioDevice initialized.
[2025.04.10-14.58.02:800][624]LogAudio: Display: Audio Device (ID: 4) registered with world 'MainMenuLev'.
[2025.04.10-14.58.02:807][624]LogLoad: Game class is 'NewGameMode_C'
[2025.04.10-14.58.02:808][624]LogWorld: Bringing World /Game/TopDownCPP/Maps/UEDPIE_0_MainMenuLev.MainMenuLev up for play (max tick rate 60) at 2025.04.10-10.58.02
[2025.04.10-14.58.02:809][624]LogWorld: Bringing up level for play took: 0.000398
[2025.04.10-14.58.02:809][624]LogOnline: OSS: Creating online subsystem instance for: :Context_3
[2025.04.10-14.58.02:811][624]LogSpawn: Warning: SpawnActor failed because of collision at the spawn location [X=0.000 Y=0.000 Z=0.000] for [MainMenuCharacter_C]
[2025.04.10-14.58.02:811][624]LogGameMode: Warning: SpawnDefaultPawnAtTransform: Couldn't spawn Pawn of type MainMenuCharacter_C at Rotation: Pitch 0.000000 Yaw 0.000000 Roll 0.000000
Translation: 0.000000 0.000000 0.000000
Scale3D: 1.000000 1.000000 1.000000

[2025.04.10-14.58.02:811][624]PIE: Server logged in
[2025.04.10-14.58.02:812][624]PIE: Play in editor total start time 0.049 seconds.
[2025.04.10-14.58.06:252][830]LogNet: Browse: /Game/TopDownCPP/Maps/Tutorial1
[2025.04.10-14.58.06:252][830]LogLoad: LoadMap: /Game/TopDownCPP/Maps/Tutorial1
[2025.04.10-14.58.06:252][830]LogWorld: BeginTearingDown for /Game/TopDownCPP/Maps/UEDPIE_0_MainMenuLev
[2025.04.10-14.58.06:252][830]LogWorld: UWorld::CleanupWorld for MainMenuLev, bSessionEnded=true, bCleanupResources=true
[2025.04.10-14.58.06:252][830]LogSlate: InvalidateAllWidgets triggered.  All widgets were invalidated
[2025.04.10-14.58.06:283][830]LogAudio: Display: Audio Device unregistered from world 'None'.
[2025.04.10-14.58.06:284][830]LogUObjectHash: Compacting FUObjectHashTables data took   0.66ms
[2025.04.10-14.58.06:299][830]LogAudio: Display: Audio Device (ID: 4) registered with world 'Tutorial1'.
[2025.04.10-14.58.06:300][830]LogAIModule: Creating AISystem for world Tutorial1
[2025.04.10-14.58.06:300][830]LogLoad: Game class is 'TopDownPuzzleGameMode'
[2025.04.10-14.58.06:309][830]LogWorld: Bringing World /Game/TopDownCPP/Maps/UEDPIE_0_Tutorial1.Tutorial1 up for play (max tick rate 60) at 2025.04.10-10.58.06
[2025.04.10-14.58.06:309][830]LogWorld: Bringing up level for play took: 0.008771
[2025.04.10-14.58.06:311][830]LogTemp: Warning: Current Level: Tutorial1
[2025.04.10-14.58.06:311][830]LogLoad: Took 0.059006 seconds to LoadMap(/Game/TopDownCPP/Maps/Tutorial1)
[2025.04.10-14.58.20:611][671]LogAssetEditorSubsystem: Opening Asset editor for Blueprint /Game/TopDownCPP/Blueprints/TopDownCharacter.TopDownCharacter
[2025.04.10-14.58.21:599][671]LogNativeClassHierarchy: Verbose: Native class hierarchy updated for 'BlueprintGraph' in 0.0005 seconds. Added 126 classes and 0 folders.
[2025.04.10-14.58.25:724][852]LogSlate: Window 'TopDownCharacter' being destroyed
[2025.04.10-14.58.25:741][852]LogWorld: UWorld::CleanupWorld for World_1, bSessionEnded=true, bCleanupResources=true
[2025.04.10-14.58.25:742][852]LogSlate: InvalidateAllWidgets triggered.  All widgets were invalidated
[2025.04.10-14.58.25:787][852]LogAssetEditorSubsystem: Opening Asset editor for Blueprint /Game/TopDownCPP/Blueprints/TopDownCharacter.TopDownCharacter
[2025.04.10-14.58.26:313][852]LogSlate: Took 0.000215 seconds to synchronously load lazily loaded font '../../../Engine/Content/Slate/Fonts/Roboto-BoldCondensed.ttf' (158K)
[2025.04.10-14.58.26:774][875]LogSlate: Took 0.000258 seconds to synchronously load lazily loaded font '../../../Engine/Content/Slate/Fonts/Roboto-Italic.ttf' (157K)
[2025.04.10-14.59.35:373][300]LogSlate: Took 0.015165 seconds to synchronously load lazily loaded font '../../../Engine/Content/Slate/Fonts/DroidSansMono.ttf' (77K)
[2025.04.10-14.59.42:672][731]LogSlate: Updating window title bar state: overlay mode, drag disabled, window buttons hidden, title bar hidden
[2025.04.10-14.59.42:672][731]LogWorld: BeginTearingDown for /Game/TopDownCPP/Maps/UEDPIE_0_Tutorial1
[2025.04.10-14.59.42:672][731]LogWorld: UWorld::CleanupWorld for Tutorial1, bSessionEnded=true, bCleanupResources=true
[2025.04.10-14.59.42:673][731]LogSlate: InvalidateAllWidgets triggered.  All widgets were invalidated
[2025.04.10-14.59.42:688][731]LogPlayLevel: Display: Shutting down PIE online subsystems
[2025.04.10-14.59.42:692][731]LogSlate: InvalidateAllWidgets triggered.  All widgets were invalidated
[2025.04.10-14.59.42:710][731]LogAudio: Display: Audio Device unregistered from world 'None'.
[2025.04.10-14.59.42:710][731]LogAudioMixer: FMixerPlatformXAudio2::StopAudioStream() called
[2025.04.10-14.59.42:711][731]LogAudioMixer: FMixerPlatformXAudio2::StopAudioStream() called
[2025.04.10-14.59.42:714][731]LogSlate: Updating window title bar state: overlay mode, drag disabled, window buttons hidden, title bar hidden
[2025.04.10-14.59.42:717][731]LogUObjectHash: Compacting FUObjectHashTables data took   2.34ms
[2025.04.10-14.59.42:741][732]LogPlayLevel: Display: Destroying online subsystem :Context_3
[2025.04.10-15.00.01:444][934]LogHotReload: New module detected: UE4Editor-TopDownPuzzle-0002.dll
[2025.04.10-15.00.02:141][937]LogHotReload: Starting Hot-Reload from IDE
[2025.04.10-15.00.02:226][937]LogHotReload: Re-instancing DoorTrigger after hot-reload.
[2025.04.10-15.00.02:247][937]LogNativeClassHierarchy: Verbose: Native class hierarchy updated for 'TopDownPuzzle' in 0.0003 seconds. Added 5 classes and 2 folders.
[2025.04.10-15.00.02:252][937]Display: HotReload successful (5 functions remapped  0 scriptstructs remapped)
[2025.04.10-15.00.02:334][937]LogNativeClassHierarchy: Verbose: Native class hierarchy populated in 0.0095 seconds. Added 3827 classes and 930 folders.
[2025.04.10-15.00.02:346][937]Display: HotReload took  0.2s.
[2025.04.10-15.00.25:246][205]LogSlate: Window 'TopDownCharacter' being destroyed
[2025.04.10-15.00.25:257][205]LogSlate: Window 'TopDownCharacter' being destroyed
[2025.04.10-15.00.25:264][205]LogWorld: UWorld::CleanupWorld for World_2, bSessionEnded=true, bCleanupResources=true
[2025.04.10-15.00.25:264][205]LogSlate: InvalidateAllWidgets triggered.  All widgets were invalidated
[2025.04.10-15.00.26:288][263]Candidate modules for hot reload:
[2025.04.10-15.00.26:288][263]  TopDownPuzzle
[2025.04.10-15.00.26:288][263]Launching UnrealBuildTool... [C:/Program Files/UE/UE_4.27/Engine/Binaries/DotNET/UnrealBuildTool.exe  -ModuleWithSuffix=TopDownPuzzle,4531 TopDownPuzzleEditor Win64 Development -Project="C:/Unreal Projects/Top-Down-Puzzle/TopDownPuzzle/TopDownPuzzle.uproject" "C:/Unreal Projects/Top-Down-Puzzle/TopDownPuzzle/TopDownPuzzle.uproject"  -IgnoreJunk]
[2025.04.10-15.00.26:292][263]Warning: Starting HotReload took  0.0s.
[2025.04.10-15.00.35:115][787]CompilerResultsLog: New page: Compilation - 10-Apr-2025, 7:00:35 am
[2025.04.10-15.00.35:115][787]CompilerResultsLog: Using 'git status' to determine working set for adaptive non-unity build (C:\Unreal Projects\Top-Down-Puzzle).
[2025.04.10-15.00.35:115][787]CompilerResultsLog: Parsing headers for TopDownPuzzleEditor
[2025.04.10-15.00.35:115][787]CompilerResultsLog:   Running UnrealHeaderTool "C:\Unreal Projects\Top-Down-Puzzle\TopDownPuzzle\TopDownPuzzle.uproject" "C:\Unreal Projects\Top-Down-Puzzle\TopDownPuzzle\Intermediate\Build\Win64\TopDownPuzzleEditor\Development\TopDownPuzzleEditor.uhtmanifest" -LogCmds="loginit warning, logexit warning, logdatabase error" -Unattended -WarningsAsErrors -abslog="C:\Users\patel\AppData\Local\UnrealBuildTool\Log_UHT.txt" -installed
[2025.04.10-15.00.35:115][787]CompilerResultsLog: LogInit: Display: Loading text-based GConfig....
[2025.04.10-15.00.35:115][787]CompilerResultsLog: Reflection code generated for TopDownPuzzleEditor in 4.8578267 seconds
[2025.04.10-15.00.35:115][787]CompilerResultsLog: Building TopDownPuzzleEditor...
[2025.04.10-15.00.35:115][787]CompilerResultsLog: Using Visual Studio 2022 14.43.34808 toolchain (C:\Program Files\Microsoft Visual Studio\2022\Community\VC\Tools\MSVC\14.43.34808) and Windows 10.0.22621.0 SDK (C:\Program Files (x86)\Windows Kits\10).
[2025.04.10-15.00.35:115][787]CompilerResultsLog: Building 8 actions with 8 processes...
[2025.04.10-15.00.35:115][787]CompilerResultsLog:   [1/8] TopDownPuzzleGameMode.cpp
[2025.04.10-15.00.35:115][787]CompilerResultsLog:   [2/8] TopDownPuzzleCharacter.gen.cpp
[2025.04.10-15.00.35:115][787]CompilerResultsLog:   [3/8] DoorTrigger.cpp
[2025.04.10-15.00.35:115][787]CompilerResultsLog:   [4/8] TopDownPuzzlePlayerController.cpp
[2025.04.10-15.00.35:115][787]CompilerResultsLog:   [5/8] TopDownPuzzleCharacter.cpp
[2025.04.10-15.00.35:115][787]CompilerResultsLog:   [6/8] UE4Editor-TopDownPuzzle-4531.lib
[2025.04.10-15.00.35:115][787]CompilerResultsLog:      Creating library C:\Unreal Projects\Top-Down-Puzzle\TopDownPuzzle\Intermediate\Build\Win64\UE4Editor\Development\TopDownPuzzle\UE4Editor-TopDownPuzzle-4531.lib and object C:\Unreal Projects\Top-Down-Puzzle\TopDownPuzzle\Intermediate\Build\Win64\UE4Editor\Development\TopDownPuzzle\UE4Editor-TopDownPuzzle-4531.exp
[2025.04.10-15.00.35:115][787]CompilerResultsLog:   [7/8] UE4Editor-TopDownPuzzle-4531.dll
[2025.04.10-15.00.35:115][787]CompilerResultsLog:      Creating library C:\Unreal Projects\Top-Down-Puzzle\TopDownPuzzle\Intermediate\Build\Win64\UE4Editor\Development\TopDownPuzzle\UE4Editor-TopDownPuzzle-4531.suppressed.lib and object C:\Unreal Projects\Top-Down-Puzzle\TopDownPuzzle\Intermediate\Build\Win64\UE4Editor\Development\TopDownPuzzle\UE4Editor-TopDownPuzzle-4531.suppressed.exp
[2025.04.10-15.00.35:115][787]CompilerResultsLog:   [8/8] TopDownPuzzleEditor.target
[2025.04.10-15.00.35:115][787]CompilerResultsLog: Total time in Parallel executor: 2.70 seconds
[2025.04.10-15.00.35:115][787]CompilerResultsLog: Total execution time: 8.72 seconds
[2025.04.10-15.00.35:115][787]LogMainFrame: MainFrame: Module compiling took 8.832 seconds
[2025.04.10-15.00.35:172][787]LogNativeClassHierarchy: Verbose: Native class hierarchy updated for 'TopDownPuzzle' in 0.0003 seconds. Added 5 classes and 2 folders.
[2025.04.10-15.00.35:178][787]Display: HotReload successful (5 functions remapped  0 scriptstructs remapped)
[2025.04.10-15.00.35:274][787]LogNativeClassHierarchy: Verbose: Native class hierarchy populated in 0.0086 seconds. Added 3827 classes and 930 folders.
[2025.04.10-15.00.35:279][787]Display: HotReload took  9.0s.
[2025.04.10-15.00.42:628][207]LogAssetEditorSubsystem: Opening Asset editor for Blueprint /Game/TopDownCPP/Blueprints/TopDownCharacter.TopDownCharacter
[2025.04.10-15.01.06:089][547]LogEditorTransaction: Undo Modify Component(s)
[2025.04.10-15.01.37:106][655]LogSavePackage: Moving '../../../../../../Unreal Projects/Top-Down-Puzzle/TopDownPuzzle/Saved/TopDownCharacter675C420A4C1A50C93F0EE98781E1C7D4.tmp' to '../../../../../../Unreal Projects/Top-Down-Puzzle/TopDownPuzzle/Content/TopDownCPP/Blueprints/TopDownCharacter.uasset'
[2025.04.10-15.01.37:129][655]AssetCheck: New page: Asset Save: TopDownCharacter
[2025.04.10-15.01.37:129][655]LogContentValidation: Display: Validating Blueprint /Game/TopDownCPP/Blueprints/TopDownCharacter.TopDownCharacter
[2025.04.10-15.01.38:083][712]BlueprintLog: New page: Compile TopDownCharacter
[2025.04.10-15.01.38:222][712]LogUObjectHash: Compacting FUObjectHashTables data took   5.09ms
[2025.04.10-15.02.12:956][312]LogHotReload: New module detected: UE4Editor-TopDownPuzzle-0004.dll
[2025.04.10-15.02.13:975][316]LogHotReload: Starting Hot-Reload from IDE
[2025.04.10-15.02.14:054][316]LogNativeClassHierarchy: Verbose: Native class hierarchy updated for 'TopDownPuzzle' in 0.0003 seconds. Added 5 classes and 2 folders.
[2025.04.10-15.02.14:061][316]Display: HotReload successful (5 functions remapped  0 scriptstructs remapped)
[2025.04.10-15.02.14:181][316]LogNativeClassHierarchy: Verbose: Native class hierarchy populated in 0.0092 seconds. Added 3827 classes and 930 folders.
[2025.04.10-15.02.14:190][316]Display: HotReload took  0.2s.
[2025.04.10-15.02.17:364][466]LogSlate: Window 'TopDownCharacter' being destroyed
[2025.04.10-15.02.17:373][466]LogSlate: Window 'TopDownCharacter' being destroyed
[2025.04.10-15.02.17:378][466]LogWorld: UWorld::CleanupWorld for World_4, bSessionEnded=true, bCleanupResources=true
[2025.04.10-15.02.17:378][466]LogSlate: InvalidateAllWidgets triggered.  All widgets were invalidated
[2025.04.10-15.02.18:131][507]Candidate modules for hot reload:
[2025.04.10-15.02.18:131][507]  TopDownPuzzle
[2025.04.10-15.02.18:131][507]Launching UnrealBuildTool... [C:/Program Files/UE/UE_4.27/Engine/Binaries/DotNET/UnrealBuildTool.exe  -ModuleWithSuffix=TopDownPuzzle,2416 TopDownPuzzleEditor Win64 Development -Project="C:/Unreal Projects/Top-Down-Puzzle/TopDownPuzzle/TopDownPuzzle.uproject" "C:/Unreal Projects/Top-Down-Puzzle/TopDownPuzzle/TopDownPuzzle.uproject"  -IgnoreJunk]
[2025.04.10-15.02.18:137][507]Warning: Starting HotReload took  0.0s.
[2025.04.10-15.02.20:228][627]CompilerResultsLog: New page: Compilation - 10-Apr-2025, 7:02:20 am
[2025.04.10-15.02.20:228][627]CompilerResultsLog: Using 'git status' to determine working set for adaptive non-unity build (C:\Unreal Projects\Top-Down-Puzzle).
[2025.04.10-15.02.20:228][627]CompilerResultsLog: Building TopDownPuzzleEditor...
[2025.04.10-15.02.20:228][627]CompilerResultsLog: Using Visual Studio 2022 14.43.34808 toolchain (C:\Program Files\Microsoft Visual Studio\2022\Community\VC\Tools\MSVC\14.43.34808) and Windows 10.0.22621.0 SDK (C:\Program Files (x86)\Windows Kits\10).
[2025.04.10-15.02.20:228][627]CompilerResultsLog: Building 3 actions with 8 processes...
[2025.04.10-15.02.20:228][627]CompilerResultsLog:   [1/3] UE4Editor-TopDownPuzzle-2416.lib
[2025.04.10-15.02.20:228][627]CompilerResultsLog:      Creating library C:\Unreal Projects\Top-Down-Puzzle\TopDownPuzzle\Intermediate\Build\Win64\UE4Editor\Development\TopDownPuzzle\UE4Editor-TopDownPuzzle-2416.lib and object C:\Unreal Projects\Top-Down-Puzzle\TopDownPuzzle\Intermediate\Build\Win64\UE4Editor\Development\TopDownPuzzle\UE4Editor-TopDownPuzzle-2416.exp
[2025.04.10-15.02.20:228][627]CompilerResultsLog:   [2/3] UE4Editor-TopDownPuzzle-2416.dll
[2025.04.10-15.02.20:228][627]CompilerResultsLog:      Creating library C:\Unreal Projects\Top-Down-Puzzle\TopDownPuzzle\Intermediate\Build\Win64\UE4Editor\Development\TopDownPuzzle\UE4Editor-TopDownPuzzle-2416.suppressed.lib and object C:\Unreal Projects\Top-Down-Puzzle\TopDownPuzzle\Intermediate\Build\Win64\UE4Editor\Development\TopDownPuzzle\UE4Editor-TopDownPuzzle-2416.suppressed.exp
[2025.04.10-15.02.20:228][627]CompilerResultsLog:   [3/3] TopDownPuzzleEditor.target
[2025.04.10-15.02.20:228][627]CompilerResultsLog: Total time in Parallel executor: 0.94 seconds
[2025.04.10-15.02.20:228][627]CompilerResultsLog: Total execution time: 1.98 seconds
[2025.04.10-15.02.20:228][627]LogMainFrame: MainFrame: Module compiling took 2.102 seconds
[2025.04.10-15.02.20:293][627]LogNativeClassHierarchy: Verbose: Native class hierarchy updated for 'TopDownPuzzle' in 0.0003 seconds. Added 5 classes and 2 folders.
[2025.04.10-15.02.20:299][627]Display: HotReload successful (5 functions remapped  0 scriptstructs remapped)
[2025.04.10-15.02.20:428][627]LogNativeClassHierarchy: Verbose: Native class hierarchy populated in 0.0091 seconds. Added 3827 classes and 930 folders.
[2025.04.10-15.02.20:433][627]Display: HotReload took  2.3s.
[2025.04.10-15.02.23:458][789]LogTemp: Repeating last play command: Selected Viewport
[2025.04.10-15.02.23:473][789]LogPlayLevel: PlayLevel: No blueprints needed recompiling
[2025.04.10-15.02.23:473][789]PIE: New page: PIE session: MainMenuLev (10-Apr-2025, 7:02:23 am)
[2025.04.10-15.02.23:473][789]LogPlayLevel: Creating play world package: /Game/TopDownCPP/Maps/UEDPIE_0_MainMenuLev
[2025.04.10-15.02.23:477][789]LogPlayLevel: PIE: StaticDuplicateObject took: (0.004020s)
[2025.04.10-15.02.23:478][789]LogAIModule: Creating AISystem for world MainMenuLev
[2025.04.10-15.02.23:479][789]LogPlayLevel: PIE: World Init took: (0.001646s)
[2025.04.10-15.02.23:479][789]LogPlayLevel: PIE: Created PIE world by copying editor world from /Game/TopDownCPP/Maps/MainMenuLev.MainMenuLev to /Game/TopDownCPP/Maps/UEDPIE_0_MainMenuLev.MainMenuLev (0.005857s)
[2025.04.10-15.02.23:614][789]LogUObjectHash: Compacting FUObjectHashTables data took   5.52ms
[2025.04.10-15.02.23:617][789]LogAudio: Display: Creating Audio Device:                 Id: 5, Scope: Unique, Realtime: True
[2025.04.10-15.02.23:617][789]LogAudioMixer: Display: Audio Mixer Platform Settings:
[2025.04.10-15.02.23:617][789]LogAudioMixer: Display: 	Sample Rate:						  48000
[2025.04.10-15.02.23:617][789]LogAudioMixer: Display: 	Callback Buffer Frame Size Requested: 1024
[2025.04.10-15.02.23:617][789]LogAudioMixer: Display: 	Callback Buffer Frame Size To Use:	  1024
[2025.04.10-15.02.23:617][789]LogAudioMixer: Display: 	Number of buffers to queue:			  2
[2025.04.10-15.02.23:617][789]LogAudioMixer: Display: 	Max Channels (voices):				  32
[2025.04.10-15.02.23:617][789]LogAudioMixer: Display: 	Number of Async Source Workers:		  0
[2025.04.10-15.02.23:617][789]LogAudio: Display: AudioDevice MaxSources: 32
[2025.04.10-15.02.23:618][789]LogAudio: Display: Audio Spatialization Plugin: None (built-in).
[2025.04.10-15.02.23:618][789]LogAudio: Display: Audio Reverb Plugin: None (built-in).
[2025.04.10-15.02.23:618][789]LogAudio: Display: Audio Occlusion Plugin: None (built-in).
[2025.04.10-15.02.23:618][789]LogAudioMixer: Display: Initializing audio mixer.
[2025.04.10-15.02.23:622][789]LogAudioMixer: Display: 0: FrontLeft
[2025.04.10-15.02.23:622][789]LogAudioMixer: Display: 1: FrontRight
[2025.04.10-15.02.23:637][789]LogAudioMixer: Display: Using Audio Device Headphone (Realtek(R) Audio)
[2025.04.10-15.02.23:637][789]LogAudioMixer: Display: Initializing Sound Submixes...
[2025.04.10-15.02.23:637][789]LogAudioMixer: Display: Creating Master Submix 'MasterSubmixDefault'
[2025.04.10-15.02.23:637][789]LogAudioMixer: Display: Creating Master Submix 'MasterReverbSubmixDefault'
[2025.04.10-15.02.23:637][789]LogAudioMixer: Display: Creating Master Submix 'MasterEQSubmixDefault'
[2025.04.10-15.02.23:637][789]LogAudioMixer: FMixerPlatformXAudio2::StartAudioStream() called
[2025.04.10-15.02.23:637][789]LogAudioMixer: Display: Output buffers initialized: Frames=1024, Channels=2, Samples=2048
[2025.04.10-15.02.23:638][789]LogAudioMixer: Display: Starting AudioMixerPlatformInterface::RunInternal()
[2025.04.10-15.02.23:638][789]LogAudioMixer: Display: FMixerPlatformXAudio2::SubmitBuffer() called for the first time
[2025.04.10-15.02.23:639][789]LogInit: FAudioDevice initialized.
[2025.04.10-15.02.23:639][789]LogAudio: Display: Audio Device (ID: 5) registered with world 'MainMenuLev'.
[2025.04.10-15.02.23:646][789]LogLoad: Game class is 'NewGameMode_C'
[2025.04.10-15.02.23:647][789]LogWorld: Bringing World /Game/TopDownCPP/Maps/UEDPIE_0_MainMenuLev.MainMenuLev up for play (max tick rate 60) at 2025.04.10-11.02.23
[2025.04.10-15.02.23:647][789]LogWorld: Bringing up level for play took: 0.000422
[2025.04.10-15.02.23:647][789]LogOnline: OSS: Creating online subsystem instance for: :Context_10
[2025.04.10-15.02.23:650][789]PIE: Server logged in
[2025.04.10-15.02.23:651][789]PIE: Play in editor total start time 0.182 seconds.
[2025.04.10-15.02.24:869][860]LogNet: Browse: /Game/TopDownCPP/Maps/Tutorial1
[2025.04.10-15.02.24:869][860]LogLoad: LoadMap: /Game/TopDownCPP/Maps/Tutorial1
[2025.04.10-15.02.24:869][860]LogWorld: BeginTearingDown for /Game/TopDownCPP/Maps/UEDPIE_0_MainMenuLev
[2025.04.10-15.02.24:870][860]LogWorld: UWorld::CleanupWorld for MainMenuLev, bSessionEnded=true, bCleanupResources=true
[2025.04.10-15.02.24:870][860]LogSlate: InvalidateAllWidgets triggered.  All widgets were invalidated
[2025.04.10-15.02.24:909][860]LogAudio: Display: Audio Device unregistered from world 'None'.
[2025.04.10-15.02.24:912][860]LogUObjectHash: Compacting FUObjectHashTables data took   2.27ms
[2025.04.10-15.02.24:923][860]LogAudio: Display: Audio Device (ID: 5) registered with world 'Tutorial1'.
[2025.04.10-15.02.24:924][860]LogAIModule: Creating AISystem for world Tutorial1
[2025.04.10-15.02.24:924][860]LogLoad: Game class is 'TopDownPuzzleGameMode'
[2025.04.10-15.02.24:931][860]LogWorld: Bringing World /Game/TopDownCPP/Maps/UEDPIE_0_Tutorial1.Tutorial1 up for play (max tick rate 60) at 2025.04.10-11.02.24
[2025.04.10-15.02.24:932][860]LogWorld: Bringing up level for play took: 0.006454
[2025.04.10-15.02.24:933][860]LogTemp: Warning: Current Level: Tutorial1
[2025.04.10-15.02.24:933][860]LogLoad: Took 0.064084 seconds to LoadMap(/Game/TopDownCPP/Maps/Tutorial1)
[2025.04.10-15.02.45:364][ 83]LogTemp: Warning: Player entered the door!
[2025.04.10-15.02.45:377][ 84]LogNet: Browse: /Game/TopDownCPP/Maps/Level1
[2025.04.10-15.02.45:377][ 84]LogLoad: LoadMap: /Game/TopDownCPP/Maps/Level1
[2025.04.10-15.02.45:377][ 84]LogWorld: BeginTearingDown for /Game/TopDownCPP/Maps/UEDPIE_0_Tutorial1
[2025.04.10-15.02.45:378][ 84]LogWorld: UWorld::CleanupWorld for Tutorial1, bSessionEnded=true, bCleanupResources=true
[2025.04.10-15.02.45:378][ 84]LogSlate: InvalidateAllWidgets triggered.  All widgets were invalidated
[2025.04.10-15.02.45:392][ 84]LogAudio: Display: Audio Device unregistered from world 'None'.
[2025.04.10-15.02.45:396][ 84]LogUObjectHash: Compacting FUObjectHashTables data took   1.95ms
[2025.04.10-15.02.45:414][ 84]LogAudio: Display: Audio Device (ID: 5) registered with world 'Level1'.
[2025.04.10-15.02.45:415][ 84]LogAIModule: Creating AISystem for world Level1
[2025.04.10-15.02.45:415][ 84]LogLoad: Game class is 'TopDownPuzzleGameMode'
[2025.04.10-15.02.45:423][ 84]LogWorld: Bringing World /Game/TopDownCPP/Maps/UEDPIE_0_Level1.Level1 up for play (max tick rate 60) at 2025.04.10-11.02.45
[2025.04.10-15.02.45:423][ 84]LogWorld: Bringing up level for play took: 0.007138
[2025.04.10-15.02.45:425][ 84]LogTemp: Warning: Current Level: Level1
[2025.04.10-15.02.45:425][ 84]LogLoad: Took 0.047069 seconds to LoadMap(/Game/TopDownCPP/Maps/Level1)
[2025.04.10-15.02.45:449][ 84]LogAudio: Warning: Detected orphaned looping sound 'Level1_AudioCue'.
[2025.04.10-15.03.12:109][683]LogTemp: Warning: Player entered the door!
[2025.04.10-15.03.12:126][684]LogNet: Browse: /Game/TopDownCPP/Maps/MainMenuLev
[2025.04.10-15.03.12:126][684]LogLoad: LoadMap: /Game/TopDownCPP/Maps/MainMenuLev
[2025.04.10-15.03.12:126][684]LogWorld: BeginTearingDown for /Game/TopDownCPP/Maps/UEDPIE_0_Level1
[2025.04.10-15.03.12:127][684]LogWorld: UWorld::CleanupWorld for Level1, bSessionEnded=true, bCleanupResources=true
[2025.04.10-15.03.12:127][684]LogSlate: InvalidateAllWidgets triggered.  All widgets were invalidated
[2025.04.10-15.03.12:173][684]LogAudio: Display: Audio Device unregistered from world 'None'.
[2025.04.10-15.03.12:176][684]LogUObjectHash: Compacting FUObjectHashTables data took   1.96ms
[2025.04.10-15.03.12:178][684]LogPlayLevel: Creating play world package: /Game/TopDownCPP/Maps/UEDPIE_0_MainMenuLev
[2025.04.10-15.03.12:180][684]LogPlayLevel: PIE: StaticDuplicateObject took: (0.002352s)
[2025.04.10-15.03.12:181][684]LogAIModule: Creating AISystem for world MainMenuLev
[2025.04.10-15.03.12:181][684]LogPlayLevel: PIE: World Init took: (0.000939s)
[2025.04.10-15.03.12:181][684]LogPlayLevel: PIE: Created PIE world by copying editor world from /Game/TopDownCPP/Maps/MainMenuLev.MainMenuLev to /Game/TopDownCPP/Maps/UEDPIE_0_MainMenuLev.MainMenuLev (0.003434s)
[2025.04.10-15.03.12:181][684]LogAudio: Display: Audio Device (ID: 5) registered with world 'MainMenuLev'.
[2025.04.10-15.03.12:181][684]LogLoad: Game class is 'NewGameMode_C'
[2025.04.10-15.03.12:182][684]LogWorld: Bringing World /Game/TopDownCPP/Maps/UEDPIE_0_MainMenuLev.MainMenuLev up for play (max tick rate 60) at 2025.04.10-11.03.12
[2025.04.10-15.03.12:183][684]LogWorld: Bringing up level for play took: 0.000431
[2025.04.10-15.03.12:183][684]LogGameMode: FindPlayerStart: PATHS NOT DEFINED or NO PLAYERSTART with positive rating
[2025.04.10-15.03.12:183][684]LogSpawn: Warning: SpawnActor failed because of collision at the spawn location [X=0.000 Y=0.000 Z=0.000] for [MainMenuCharacter_C]
[2025.04.10-15.03.12:183][684]LogGameMode: Warning: SpawnDefaultPawnAtTransform: Couldn't spawn Pawn of type MainMenuCharacter_C at Rotation: Pitch 0.000000 Yaw 0.000000 Roll 0.000000
Translation: 0.000000 0.000000 0.000000
Scale3D: 1.000000 1.000000 1.000000

[2025.04.10-15.03.12:184][684]LogLoad: Took 0.057812 seconds to LoadMap(/Game/TopDownCPP/Maps/UEDPIE_0_MainMenuLev)
[2025.04.10-15.03.14:853][844]LogGenericPlatformMisc: FPlatformMisc::RequestExit(0)
[2025.04.10-15.03.14:853][844]LogCore: Engine exit requested (reason: GenericPlatform RequestExit)
[2025.04.10-15.03.14:869][845]LogCore: Engine exit requested (reason: EngineExit() was called; note: exit was already requested)
[2025.04.10-15.03.15:613][845]LogAudio: Display: Beginning Audio Device Manager Shutdown (Module: AudioMixerXAudio2)...
[2025.04.10-15.03.15:613][845]LogAudio: Display: Destroying 2 Remaining Audio Device(s)...
[2025.04.10-15.03.15:613][845]LogAudio: Display: Audio Device unregistered from world 'MainMenuLev'.
[2025.04.10-15.03.15:613][845]LogAudio: Display: Audio Device unregistered from world 'MainMenuLev'.
[2025.04.10-15.03.15:657][845]LogAudioMixer: FMixerPlatformXAudio2::StopAudioStream() called
[2025.04.10-15.03.15:660][845]LogAudioMixer: FMixerPlatformXAudio2::StopAudioStream() called
[2025.04.10-15.03.15:671][845]LogAudioMixer: FMixerPlatformXAudio2::StopAudioStream() called
[2025.04.10-15.03.15:674][845]LogAudioMixer: FMixerPlatformXAudio2::StopAudioStream() called
[2025.04.10-15.03.15:708][845]LogAudio: Display: Audio Device Manager Shutdown
[2025.04.10-15.03.15:711][845]LogSlate: Window 'TopDownPuzzle - Unreal Editor' being destroyed
[2025.04.10-15.03.15:713][845]LogWindowsTextInputMethodSystem: Display: IME system deactivated.
[2025.04.10-15.03.15:734][845]LogSlate: Updating window title bar state: overlay mode, drag disabled, window buttons hidden, title bar hidden
[2025.04.10-15.03.15:734][845]LogWorld: BeginTearingDown for /Game/TopDownCPP/Maps/UEDPIE_0_MainMenuLev
[2025.04.10-15.03.15:734][845]LogWorld: UWorld::CleanupWorld for MainMenuLev, bSessionEnded=true, bCleanupResources=true
[2025.04.10-15.03.15:735][845]LogSlate: InvalidateAllWidgets triggered.  All widgets were invalidated
[2025.04.10-15.03.15:751][845]LogPlayLevel: Display: Shutting down PIE online subsystems
[2025.04.10-15.03.15:758][845]LogSlate: InvalidateAllWidgets triggered.  All widgets were invalidated
[2025.04.10-15.03.15:781][845]LogSlate: Updating window title bar state: overlay mode, drag disabled, window buttons hidden, title bar hidden
[2025.04.10-15.03.15:785][845]LogUObjectHash: Compacting FUObjectHashTables data took   2.28ms
[2025.04.10-15.03.15:877][845]LogExit: Preparing to exit.
[2025.04.10-15.03.15:899][845]LogUObjectHash: Compacting FUObjectHashTables data took   2.30ms
[2025.04.10-15.03.16:227][845]LogWorld: UWorld::CleanupWorld for World_5, bSessionEnded=true, bCleanupResources=true
[2025.04.10-15.03.16:228][845]LogWorld: UWorld::CleanupWorld for World_3, bSessionEnded=true, bCleanupResources=true
[2025.04.10-15.03.16:229][845]LogWorld: UWorld::CleanupWorld for World_0, bSessionEnded=true, bCleanupResources=true
[2025.04.10-15.03.16:257][845]LogDemo: Cleaned up 0 splitscreen connections with owner deletion
[2025.04.10-15.03.16:266][845]LogWorld: UWorld::CleanupWorld for None, bSessionEnded=true, bCleanupResources=true
[2025.04.10-15.03.16:266][845]LogExit: Editor shut down
[2025.04.10-15.03.16:267][845]LogExit: Transaction tracking system shut down
[2025.04.10-15.03.16:525][845]LogExit: Object subsystem successfully closed.
[2025.04.10-15.03.16:542][845]LogShaderCompilers: Display: === FShaderJobCache stats ===
[2025.04.10-15.03.16:542][845]LogShaderCompilers: Display: Total job queries 0, among them cache hits 0 (0.00%)
[2025.04.10-15.03.16:542][845]LogShaderCompilers: Display: Tracking 0 distinct input hashes that result in 0 distinct outputs (0.00%)
[2025.04.10-15.03.16:542][845]LogShaderCompilers: Display: RAM used: 0.00 MB (0.00 GB) of 819.20 MB (0.80 GB) budget. Usage: 0.00%
[2025.04.10-15.03.16:542][845]LogShaderCompilers: Display: ================================================
[2025.04.10-15.03.16:549][845]LogShaderCompilers: Display: Shaders left to compile 0
[2025.04.10-15.03.16:596][845]LogModuleManager: Shutting down and abandoning module TopDownPuzzle (883)
[2025.04.10-15.03.16:596][845]LogModuleManager: Shutting down and abandoning module BlueprintGraph (879)
[2025.04.10-15.03.16:596][845]LogModuleManager: Shutting down and abandoning module MovieSceneCapture (877)
[2025.04.10-15.03.16:596][845]LogModuleManager: Shutting down and abandoning module Voice (875)
[2025.04.10-15.03.16:597][845]LogModuleManager: Shutting down and abandoning module StatsViewer (872)
[2025.04.10-15.03.16:597][845]LogModuleManager: Shutting down and abandoning module HierarchicalLODOutliner (870)
[2025.04.10-15.03.16:597][845]LogModuleManager: Shutting down and abandoning module SceneOutliner (868)
[2025.04.10-15.03.16:597][845]LogModuleManager: Shutting down and abandoning module AddContentDialog (866)
[2025.04.10-15.03.16:597][845]LogModuleManager: Shutting down and abandoning module WidgetCarousel (865)
[2025.04.10-15.03.16:597][845]LogModuleManager: Shutting down and abandoning module EditorWidgets (862)
[2025.04.10-15.03.16:597][845]LogModuleManager: Shutting down and abandoning module PIEPreviewDeviceProfileSelector (860)
[2025.04.10-15.03.16:597][845]LogModuleManager: Shutting down and abandoning module SequenceRecorderSections (858)
[2025.04.10-15.03.16:597][845]LogModuleManager: Shutting down and abandoning module AutomationWorker (856)
[2025.04.10-15.03.16:597][845]LogModuleManager: Shutting down and abandoning module SteamVREditor (854)
[2025.04.10-15.03.16:597][845]LogModuleManager: Shutting down and abandoning module OculusMR (852)
[2025.04.10-15.03.16:597][845]LogModuleManager: Shutting down and abandoning module PlanarCut (850)
[2025.04.10-15.03.16:597][845]LogModuleManager: Shutting down and abandoning module TakeRecorderSources (848)
[2025.04.10-15.03.16:597][845]LogModuleManager: Shutting down and abandoning module TakeRecorder (847)
[2025.04.10-15.03.16:597][845]LogModuleManager: Shutting down and abandoning module TakeTrackRecorders (844)
[2025.04.10-15.03.16:597][845]LogModuleManager: Shutting down and abandoning module TakesCore (842)
[2025.04.10-15.03.16:597][845]LogModuleManager: Shutting down and abandoning module CharacterAI (840)
[2025.04.10-15.03.16:597][845]LogModuleManager: Shutting down and abandoning module OpenXRInput (838)
[2025.04.10-15.03.16:597][845]LogModuleManager: Shutting down and abandoning module GooglePADEditor (836)
[2025.04.10-15.03.16:597][845]LogModuleManager: Shutting down and abandoning module AudioCaptureEditor (834)
[2025.04.10-15.03.16:597][845]LogModuleManager: Shutting down and abandoning module TemplateSequenceEditor (832)
[2025.04.10-15.03.16:597][845]LogModuleManager: Shutting down and abandoning module LevelSequenceEditor (830)
[2025.04.10-15.03.16:597][845]LogModuleManager: Shutting down and abandoning module MatineeToLevelSequence (828)
[2025.04.10-15.03.16:597][845]LogModuleManager: Shutting down and abandoning module ActorSequenceEditor (826)
[2025.04.10-15.03.16:597][845]LogModuleManager: Shutting down and abandoning module WmfMediaFactory (824)
[2025.04.10-15.03.16:597][845]LogModuleManager: Shutting down and abandoning module WmfMediaEditor (822)
[2025.04.10-15.03.16:597][845]LogModuleManager: Shutting down and abandoning module WebMMediaFactory (820)
[2025.04.10-15.03.16:597][845]LogModuleManager: Shutting down and abandoning module WebMMediaEditor (818)
[2025.04.10-15.03.16:597][845]LogModuleManager: Shutting down and abandoning module WebMMedia (816)
[2025.04.10-15.03.16:597][845]LogModuleManager: Shutting down and abandoning module MediaPlayerEditor (814)
[2025.04.10-15.03.16:597][845]LogModuleManager: Shutting down and abandoning module MediaCompositingEditor (812)
[2025.04.10-15.03.16:597][845]LogModuleManager: Shutting down and abandoning module SequenceRecorder (811)
[2025.04.10-15.03.16:597][845]LogModuleManager: Shutting down and abandoning module OpenExrWrapper (808)
[2025.04.10-15.03.16:597][845]LogModuleManager: Shutting down and abandoning module ImgMediaFactory (806)
[2025.04.10-15.03.16:598][845]LogModuleManager: Shutting down and abandoning module ImgMediaEditor (804)
[2025.04.10-15.03.16:598][845]LogModuleManager: Shutting down and abandoning module AvfMediaFactory (802)
[2025.04.10-15.03.16:598][845]LogModuleManager: Shutting down and abandoning module AvfMediaEditor (800)
[2025.04.10-15.03.16:598][845]LogModuleManager: Shutting down and abandoning module AndroidMediaFactory (798)
[2025.04.10-15.03.16:598][845]LogModuleManager: Shutting down and abandoning module AndroidMediaEditor (796)
[2025.04.10-15.03.16:598][845]LogModuleManager: Shutting down and abandoning module MagicLeapMediaCodecFactory (794)
[2025.04.10-15.03.16:598][845]LogModuleManager: Shutting down and abandoning module MagicLeapMediaFactory (792)
[2025.04.10-15.03.16:598][845]LogModuleManager: Shutting down and abandoning module MagicLeapMediaEditor (790)
[2025.04.10-15.03.16:598][845]LogModuleManager: Shutting down and abandoning module TextureAlignMode (788)
[2025.04.10-15.03.16:598][845]LogModuleManager: Shutting down and abandoning module BspMode (786)
[2025.04.10-15.03.16:598][845]LogModuleManager: Shutting down and abandoning module GeometryMode (784)
[2025.04.10-15.03.16:598][845]LogModuleManager: Shutting down and abandoning module CameraShakePreviewer (782)
[2025.04.10-15.03.16:598][845]LogModuleManager: Shutting down and abandoning module SmartSnapping (780)
[2025.04.10-15.03.16:598][845]LogModuleManager: Shutting down and abandoning module SessionServices (778)
[2025.04.10-15.03.16:598][845]LogModuleManager: Shutting down and abandoning module MeshPaint (776)
[2025.04.10-15.03.16:598][845]LogModuleManager: Shutting down and abandoning module VirtualTexturingEditor (774)
[2025.04.10-15.03.16:598][845]LogModuleManager: Shutting down and abandoning module FoliageEdit (772)
[2025.04.10-15.03.16:598][845]LogModuleManager: Shutting down and abandoning module LandscapeEditor (770)
[2025.04.10-15.03.16:598][845]LogModuleManager: Shutting down and abandoning module MeshPaintMode (768)
[2025.04.10-15.03.16:598][845]LogModuleManager: Shutting down and abandoning module SceneDepthPickerMode (766)
[2025.04.10-15.03.16:598][845]LogModuleManager: Shutting down and abandoning module ActorPickerMode (764)
[2025.04.10-15.03.16:598][845]LogModuleManager: Shutting down and abandoning module PlacementMode (762)
[2025.04.10-15.03.16:598][845]LogModuleManager: Shutting down and abandoning module ViewportSnapping (760)
[2025.04.10-15.03.16:598][845]LogModuleManager: Shutting down and abandoning module ViewportInteraction (758)
[2025.04.10-15.03.16:598][845]LogModuleManager: Shutting down and abandoning module ClothPainter (756)
[2025.04.10-15.03.16:598][845]LogModuleManager: Shutting down and abandoning module SkeletalMeshEditor (755)
[2025.04.10-15.03.16:598][845]LogModuleManager: Shutting down and abandoning module LogVisualizer (752)
[2025.04.10-15.03.16:598][845]LogModuleManager: Shutting down and abandoning module IntroTutorials (750)
[2025.04.10-15.03.16:598][845]LogModuleManager: Shutting down and abandoning module GameProjectGeneration (749)
[2025.04.10-15.03.16:598][845]LogModuleManager: Shutting down and abandoning module LuminPlatformEditor (746)
[2025.04.10-15.03.16:598][845]LogModuleManager: Shutting down and abandoning module IOSPlatformEditor (744)
[2025.04.10-15.03.16:598][845]LogModuleManager: Shutting down and abandoning module AndroidPlatformEditor (742)
[2025.04.10-15.03.16:598][845]LogModuleManager: Shutting down and abandoning module AndroidDeviceDetection (741)
[2025.04.10-15.03.16:692][845]LogModuleManager: Shutting down and abandoning module WindowsPlatformEditor (738)
[2025.04.10-15.03.16:692][845]LogModuleManager: Shutting down and abandoning module LuminRuntimeSettings (736)
[2025.04.10-15.03.16:692][845]LogModuleManager: Shutting down and abandoning module IOSRuntimeSettings (734)
[2025.04.10-15.03.16:692][845]LogModuleManager: Shutting down and abandoning module AndroidRuntimeSettings (732)
[2025.04.10-15.03.16:692][845]LogModuleManager: Shutting down and abandoning module TraceInsights (730)
[2025.04.10-15.03.16:692][845]MemoryProfiler: Shutdown
[2025.04.10-15.03.16:692][845]NetworkingProfiler: Shutdown
[2025.04.10-15.03.16:692][845]LoadingProfiler: Shutdown
[2025.04.10-15.03.16:692][845]TimingProfiler: Shutdown
[2025.04.10-15.03.16:692][845]LogModuleManager: Shutting down and abandoning module TraceServices (729)
[2025.04.10-15.03.16:692][845]LogModuleManager: Shutting down and abandoning module EditorInteractiveToolsFramework (726)
[2025.04.10-15.03.16:692][845]LogModuleManager: Shutting down and abandoning module TimeManagementEditor (724)
[2025.04.10-15.03.16:692][845]LogModuleManager: Shutting down and abandoning module InputBindingEditor (722)
[2025.04.10-15.03.16:692][845]LogModuleManager: Shutting down and abandoning module MergeActors (720)
[2025.04.10-15.03.16:692][845]LogModuleManager: Shutting down and abandoning module LocalizationDashboard (718)
[2025.04.10-15.03.16:692][845]LogModuleManager: Shutting down and abandoning module LocalizationService (717)
[2025.04.10-15.03.16:692][845]LogModuleManager: Shutting down and abandoning module HardwareTargeting (714)
[2025.04.10-15.03.16:692][845]LogModuleManager: Shutting down and abandoning module DeviceProfileEditor (712)
[2025.04.10-15.03.16:692][845]LogModuleManager: Shutting down and abandoning module UndoHistory (710)
[2025.04.10-15.03.16:692][845]LogModuleManager: Shutting down and abandoning module XmlParser (708)
[2025.04.10-15.03.16:692][845]LogModuleManager: Shutting down and abandoning module Blutility (706)
[2025.04.10-15.03.16:692][845]LogModuleManager: Shutting down and abandoning module ProjectSettingsViewer (704)
[2025.04.10-15.03.16:692][845]LogModuleManager: Shutting down and abandoning module ProjectTargetPlatformEditor (703)
[2025.04.10-15.03.16:692][845]LogModuleManager: Shutting down and abandoning module EditorSettingsViewer (700)
[2025.04.10-15.03.16:692][845]LogModuleManager: Shutting down and abandoning module InternationalizationSettings (699)
[2025.04.10-15.03.16:692][845]LogModuleManager: Shutting down and abandoning module SettingsEditor (696)
[2025.04.10-15.03.16:692][845]LogModuleManager: Shutting down and abandoning module ProjectLauncher (694)
[2025.04.10-15.03.16:692][845]LogModuleManager: Shutting down and abandoning module SessionFrontend (692)
[2025.04.10-15.03.16:692][845]LogModuleManager: Shutting down and abandoning module ProfilerClient (690)
[2025.04.10-15.03.16:692][845]LogModuleManager: Shutting down and abandoning module DeviceManager (688)
[2025.04.10-15.03.16:692][845]LogModuleManager: Shutting down and abandoning module TargetDeviceServices (687)
[2025.04.10-15.03.16:724][845]LogModuleManager: Shutting down and abandoning module AutomationController (684)
[2025.04.10-15.03.16:724][845]LogModuleManager: Shutting down and abandoning module AutomationWindow (682)
[2025.04.10-15.03.16:724][845]LogModuleManager: Shutting down and abandoning module Layers (680)
[2025.04.10-15.03.16:724][845]LogModuleManager: Shutting down and abandoning module ComponentVisualizers (678)
[2025.04.10-15.03.16:724][845]LogModuleManager: Shutting down and abandoning module DetailCustomizations (676)
[2025.04.10-15.03.16:724][845]LogModuleManager: Shutting down and abandoning module PackagesDialog (674)
[2025.04.10-15.03.16:724][845]LogModuleManager: Shutting down and abandoning module AnimationBlueprintEditor (672)
[2025.04.10-15.03.16:724][845]LogModuleManager: Shutting down and abandoning module Persona (670)
[2025.04.10-15.03.16:724][845]LogModuleManager: Shutting down and abandoning module AdvancedPreviewScene (669)
[2025.04.10-15.03.16:724][845]LogModuleManager: Shutting down and abandoning module Kismet (666)
[2025.04.10-15.03.16:730][845]LogModuleManager: Shutting down and abandoning module KismetWidgets (665)
[2025.04.10-15.03.16:730][845]LogModuleManager: Shutting down and abandoning module GraphEditor (662)
[2025.04.10-15.03.16:730][845]LogModuleManager: Shutting down and abandoning module StructViewer (660)
[2025.04.10-15.03.16:730][845]LogModuleManager: Shutting down and abandoning module ClassViewer (658)
[2025.04.10-15.03.16:730][845]LogModuleManager: Shutting down and abandoning module Toolbox (656)
[2025.04.10-15.03.16:731][845]LogModuleManager: Shutting down and abandoning module ModuleUI (654)
[2025.04.10-15.03.16:731][845]LogModuleManager: Shutting down and abandoning module OutputLog (652)
[2025.04.10-15.03.16:731][845]LogModuleManager: Shutting down and abandoning module GammaUI (650)
[2025.04.10-15.03.16:731][845]LogModuleManager: Shutting down and abandoning module Documentation (648)
[2025.04.10-15.03.16:731][845]LogModuleManager: Shutting down and abandoning module LiveCoding (646)
[2025.04.10-15.03.16:731][845]LogModuleManager: Shutting down and abandoning module LevelSequence (644)
[2025.04.10-15.03.16:731][845]LogModuleManager: Shutting down and abandoning module MovieSceneTracks (642)
[2025.04.10-15.03.16:731][845]LogModuleManager: Shutting down and abandoning module MovieScene (640)
[2025.04.10-15.03.16:731][845]LogModuleManager: Shutting down and abandoning module StreamingPauseRendering (638)
[2025.04.10-15.03.16:731][845]LogModuleManager: Shutting down and abandoning module LauncherPlatform (636)
[2025.04.10-15.03.16:731][845]LogModuleManager: Shutting down and abandoning module AnalyticsET (634)
[2025.04.10-15.03.16:731][845]LogModuleManager: Shutting down and abandoning module PortalServices (632)
[2025.04.10-15.03.16:731][845]LogModuleManager: Shutting down and abandoning module PortalRpc (630)
[2025.04.10-15.03.16:731][845]LogModuleManager: Shutting down and abandoning module MessagingRpc (628)
[2025.04.10-15.03.16:732][845]LogModuleManager: Shutting down and abandoning module AudioMixerXAudio2 (626)
[2025.04.10-15.03.16:732][845]LogModuleManager: Shutting down and abandoning module AudioMixerCore (625)
[2025.04.10-15.03.16:732][845]LogModuleManager: Shutting down and abandoning module AIModule (622)
[2025.04.10-15.03.16:732][845]LogModuleManager: Shutting down and abandoning module GameplayDebugger (621)
[2025.04.10-15.03.16:732][845]LogModuleManager: Shutting down and abandoning module AITestSuite (619)
[2025.04.10-15.03.16:732][845]LogModuleManager: Shutting down and abandoning module NavigationSystem (617)
[2025.04.10-15.03.16:732][845]LogModuleManager: Shutting down and abandoning module ImageWriteQueue (614)
[2025.04.10-15.03.16:732][845]LogModuleManager: Shutting down and abandoning module ProfilerService (612)
[2025.04.10-15.03.16:916][845]LogModuleManager: Shutting down and abandoning module TaskGraph (610)
[2025.04.10-15.03.16:916][845]LogModuleManager: Shutting down and abandoning module AudioSynesthesiaEditor (608)
[2025.04.10-15.03.16:916][845]LogModuleManager: Shutting down and abandoning module OculusEditor (606)
[2025.04.10-15.03.16:917][845]LogModuleManager: Shutting down and abandoning module OculusInput (604)
[2025.04.10-15.03.16:917][845]LogModuleManager: Shutting down and abandoning module ContentBrowserAssetDataSource (602)
[2025.04.10-15.03.16:917][845]LogModuleManager: Shutting down and abandoning module ContentBrowserClassDataSource (600)
[2025.04.10-15.03.16:918][845]LogModuleManager: Shutting down and abandoning module CollectionManager (599)
[2025.04.10-15.03.16:918][845]LogModuleManager: Shutting down and abandoning module ContentBrowserFileDataSource (596)
[2025.04.10-15.03.16:919][845]LogModuleManager: Shutting down and abandoning module TakeSequencer (594)
[2025.04.10-15.03.16:919][845]LogModuleManager: Shutting down and abandoning module TakeMovieScene (592)
[2025.04.10-15.03.16:919][845]LogModuleManager: Shutting down and abandoning module OpenImageDenoise (590)
[2025.04.10-15.03.16:919][845]LogOpenImageDenoise: OIDN shutting down
[2025.04.10-15.03.16:919][845]LogModuleManager: Shutting down and abandoning module MotoSynthEditor (588)
[2025.04.10-15.03.16:919][845]LogModuleManager: Shutting down and abandoning module MotoSynth (586)
[2025.04.10-15.03.16:919][845]LogModuleManager: Shutting down and abandoning module MeshConversion (584)
[2025.04.10-15.03.16:919][845]LogModuleManager: Shutting down and abandoning module DynamicMesh (582)
[2025.04.10-15.03.16:919][845]LogModuleManager: Shutting down and abandoning module GeometryAlgorithms (580)
[2025.04.10-15.03.16:919][845]LogModuleManager: Shutting down and abandoning module GeometricObjects (578)
[2025.04.10-15.03.16:919][845]LogModuleManager: Shutting down and abandoning module GeometryCollectionTracks (576)
[2025.04.10-15.03.16:919][845]LogModuleManager: Shutting down and abandoning module GeometryCollectionSequencer (575)
[2025.04.10-15.03.16:919][845]LogModuleManager: Shutting down and abandoning module GeometryCollectionEditor (572)
[2025.04.10-15.03.16:919][845]LogModuleManager: Shutting down and abandoning module GeometryCacheTracks (570)
[2025.04.10-15.03.16:919][845]LogModuleManager: Shutting down and abandoning module GeometryCacheStreamer (568)
[2025.04.10-15.03.16:919][845]LogModuleManager: Shutting down and abandoning module GeometryCacheSequencer (566)
[2025.04.10-15.03.16:919][845]LogModuleManager: Shutting down and abandoning module SynthesisEditor (564)
[2025.04.10-15.03.16:919][845]LogModuleManager: Shutting down and abandoning module Synthesis (562)
[2025.04.10-15.03.16:920][845]LogModuleManager: Shutting down and abandoning module ProceduralMeshComponentEditor (560)
[2025.04.10-15.03.16:920][845]LogModuleManager: Shutting down and abandoning module ProceduralMeshComponent (558)
[2025.04.10-15.03.16:920][845]LogModuleManager: Shutting down and abandoning module ScreenshotTools (556)
[2025.04.10-15.03.16:920][845]LogModuleManager: Shutting down and abandoning module ChaosSolverEditor (554)
[2025.04.10-15.03.16:920][845]LogModuleManager: Shutting down and abandoning module ChaosNiagara (552)
[2025.04.10-15.03.16:920][845]LogModuleManager: Shutting down and abandoning module FractureEditor (550)
[2025.04.10-15.03.16:920][845]LogModuleManager: Shutting down and abandoning module ChaosClothEditor (548)
[2025.04.10-15.03.16:920][845]LogModuleManager: Shutting down and abandoning module BackChannel (546)
[2025.04.10-15.03.16:920][845]LogModuleManager: Shutting down and abandoning module AutomationUtilsEditor (544)
[2025.04.10-15.03.16:920][845]LogModuleManager: Shutting down and abandoning module AutomationUtils (542)
[2025.04.10-15.03.16:920][845]LogModuleManager: Shutting down and abandoning module AlembicImporter (540)
[2025.04.10-15.03.16:920][845]LogModuleManager: Shutting down and abandoning module AlembicLibrary (539)
[2025.04.10-15.03.16:920][845]LogModuleManager: Shutting down and abandoning module GeometryCache (538)
[2025.04.10-15.03.16:920][845]LogModuleManager: Shutting down and abandoning module GeometryCacheEd (537)
[2025.04.10-15.03.16:920][845]LogModuleManager: Shutting down and abandoning module OpenXREditor (532)
[2025.04.10-15.03.16:920][845]LogModuleManager: Shutting down and abandoning module MobilePatchingUtils (530)
[2025.04.10-15.03.16:920][845]LogModuleManager: Shutting down and abandoning module GooglePAD (528)
[2025.04.10-15.03.16:920][845]LogModuleManager: Shutting down and abandoning module EditableMesh (526)
[2025.04.10-15.03.16:920][845]LogModuleManager: Shutting down and abandoning module FieldSystemEngine (525)
[2025.04.10-15.03.16:920][845]LogModuleManager: Shutting down and abandoning module CustomMeshComponent (522)
[2025.04.10-15.03.16:921][845]LogModuleManager: Shutting down and abandoning module CableComponent (520)
[2025.04.10-15.03.16:921][845]LogModuleManager: Shutting down and abandoning module AudioCapture (518)
[2025.04.10-15.03.16:921][845]LogModuleManager: Shutting down and abandoning module AudioCaptureRtAudio (517)
[2025.04.10-15.03.16:921][845]LogModuleManager: Shutting down and abandoning module ArchVisCharacter (514)
[2025.04.10-15.03.16:921][845]LogModuleManager: Shutting down and abandoning module AssetTags (512)
[2025.04.10-15.03.16:921][845]LogModuleManager: Shutting down and abandoning module AppleImageUtilsBlueprintSupport (510)
[2025.04.10-15.03.16:921][845]LogModuleManager: Shutting down and abandoning module AppleImageUtils (508)
[2025.04.10-15.03.16:921][845]LogModuleManager: Shutting down and abandoning module AndroidPermission (506)
[2025.04.10-15.03.16:921][845]LogModuleManager: Shutting down and abandoning module ActorLayerUtilitiesEditor (504)
[2025.04.10-15.03.16:921][845]LogModuleManager: Shutting down and abandoning module ActorLayerUtilities (502)
[2025.04.10-15.03.16:921][845]LogModuleManager: Shutting down and abandoning module TemplateSequence (500)
[2025.04.10-15.03.16:921][845]LogModuleManager: Shutting down and abandoning module MediaCompositing (498)
[2025.04.10-15.03.16:921][845]LogModuleManager: Shutting down and abandoning module ImgMedia (496)
[2025.04.10-15.03.16:921][845]LogModuleManager: Shutting down and abandoning module MagicLeapSharedWorld (494)
[2025.04.10-15.03.16:921][845]LogModuleManager: Shutting down and abandoning module MagicLeapLightEstimation (492)
[2025.04.10-15.03.16:921][845]LogModuleManager: Shutting down and abandoning module VariantManagerContentEditor (490)
[2025.04.10-15.03.16:921][845]LogModuleManager: Shutting down and abandoning module MagicLeapHelperVulkan (488)
[2025.04.10-15.03.16:921][845]LogModuleManager: Shutting down and abandoning module MagicLeapHelperOpenGL (486)
[2025.04.10-15.03.16:921][845]LogModuleManager: Shutting down and abandoning module MagicLeapAudio (484)
[2025.04.10-15.03.16:921][845]LogModuleManager: Shutting down and abandoning module DatasmithContentEditor (482)
[2025.04.10-15.03.16:922][845]LogModuleManager: Shutting down and abandoning module MaterialAnalyzer (480)
[2025.04.10-15.03.16:922][845]LogModuleManager: Shutting down and abandoning module SpeedTreeImporter (478)
[2025.04.10-15.03.16:922][845]LogModuleManager: Shutting down and abandoning module MobileLauncherProfileWizard (476)
[2025.04.10-15.03.16:922][845]LogModuleManager: Shutting down and abandoning module PluginBrowser (474)
[2025.04.10-15.03.16:922][845]LogModuleManager: Shutting down and abandoning module CurveEditorTools (472)
[2025.04.10-15.03.16:922][845]LogModuleManager: Shutting down and abandoning module CryptoKeysOpenSSL (470)
[2025.04.10-15.03.16:922][845]LogModuleManager: Shutting down and abandoning module CryptoKeys (468)
[2025.04.10-15.03.16:922][845]LogModuleManager: Shutting down and abandoning module NiagaraEditorWidgets (466)
[2025.04.10-15.03.16:922][845]LogModuleManager: Shutting down and abandoning module VisualStudioCodeSourceCodeAccess (464)
[2025.04.10-15.03.16:922][845]LogModuleManager: Shutting down and abandoning module VisualStudioSourceCodeAccess (462)
[2025.04.10-15.03.16:922][845]LogModuleManager: Shutting down and abandoning module UObjectPlugin (460)
[2025.04.10-15.03.16:922][845]LogModuleManager: Shutting down and abandoning module SubversionSourceControl (458)
[2025.04.10-15.03.16:923][845]LogModuleManager: Shutting down and abandoning module PlasticSourceControl (456)
[2025.04.10-15.03.16:923][845]LogModuleManager: Shutting down and abandoning module RiderSourceCodeAccess (454)
[2025.04.10-15.03.16:923][845]LogModuleManager: Shutting down and abandoning module PluginUtils (452)
[2025.04.10-15.03.16:923][845]LogModuleManager: Shutting down and abandoning module PerforceSourceControl (450)
[2025.04.10-15.03.16:923][845]LogModuleManager: Shutting down and abandoning module GitSourceControl (448)
[2025.04.10-15.03.16:923][845]LogModuleManager: Shutting down and abandoning module SourceControl (447)
[2025.04.10-15.03.16:923][845]LogModuleManager: Shutting down and abandoning module CLionSourceCodeAccess (444)
[2025.04.10-15.03.16:923][845]LogModuleManager: Shutting down and abandoning module OodleNetworkHandlerComponent (442)
[2025.04.10-15.03.16:923][845]LogModuleManager: Shutting down and abandoning module AnimationSharingEd (440)
[2025.04.10-15.03.16:923][845]LogModuleManager: Shutting down and abandoning module LightPropagationVolumeEditor (438)
[2025.04.10-15.03.16:923][845]LogModuleManager: Shutting down and abandoning module LiveLinkSequencer (436)
[2025.04.10-15.03.16:923][845]LogModuleManager: Shutting down and abandoning module LiveLinkMovieScene (434)
[2025.04.10-15.03.16:923][845]LogModuleManager: Shutting down and abandoning module LiveLinkGraphNode (432)
[2025.04.10-15.03.16:923][845]LogModuleManager: Shutting down and abandoning module LiveLinkEditor (430)
[2025.04.10-15.03.16:923][845]LogModuleManager: Shutting down and abandoning module LiveLinkComponents (428)
[2025.04.10-15.03.16:923][845]LogModuleManager: Shutting down and abandoning module LiveLink (426)
[2025.04.10-15.03.17:185][845]LogModuleManager: Shutting down and abandoning module PaperTiledImporter (424)
[2025.04.10-15.03.17:185][845]LogModuleManager: Shutting down and abandoning module PaperSpriteSheetImporter (422)
[2025.04.10-15.03.17:185][845]LogModuleManager: Shutting down and abandoning module Paper2DEditor (420)
[2025.04.10-15.03.17:185][845]LogModuleManager: Shutting down and abandoning module MeshPaintingToolset (418)
[2025.04.10-15.03.17:186][845]LogModuleManager: Shutting down and abandoning module MeshPaintEditorMode (416)
[2025.04.10-15.03.17:186][845]LogModuleManager: Shutting down and abandoning module AnimGraph (413)
[2025.04.10-15.03.17:186][845]LogModuleManager: Shutting down and abandoning module PythonScriptPlugin (410)
[2025.04.10-15.03.17:186][845]LogModuleManager: Shutting down and abandoning module SoundFields (408)
[2025.04.10-15.03.17:186][845]LogModuleManager: Shutting down and abandoning module SignificanceManager (406)
[2025.04.10-15.03.17:186][845]LogModuleManager: Shutting down and abandoning module RuntimePhysXCooking (404)
[2025.04.10-15.03.17:186][845]LogModuleManager: Shutting down and abandoning module PropertyAccessEditor (402)
[2025.04.10-15.03.17:186][845]LogModuleManager: Shutting down and abandoning module PhysXVehiclesEditor (400)
[2025.04.10-15.03.17:186][845]LogModuleManager: Shutting down and abandoning module LocationServicesBPLibrary (396)
[2025.04.10-15.03.17:186][845]LogModuleManager: Shutting down and abandoning module AudioSynesthesia (394)
[2025.04.10-15.03.17:186][845]LogModuleManager: Shutting down and abandoning module AudioSynesthesiaCore (392)
[2025.04.10-15.03.17:186][845]LogModuleManager: Shutting down and abandoning module ActorSequence (390)
[2025.04.10-15.03.17:186][845]LogModuleManager: Shutting down and abandoning module UdpMessaging (388)
[2025.04.10-15.03.17:287][845]LogModuleManager: Shutting down and abandoning module TcpMessaging (386)
[2025.04.10-15.03.17:388][845]LogModuleManager: Shutting down and abandoning module ImgMediaEngine (384)
[2025.04.10-15.03.17:388][845]LogModuleManager: Shutting down and abandoning module MagicLeapARPin (382)
[2025.04.10-15.03.17:388][845]LogModuleManager: Shutting down and abandoning module MagicLeapHandMeshing (380)
[2025.04.10-15.03.17:388][845]LogModuleManager: Shutting down and abandoning module MagicLeapSecureStorage (378)
[2025.04.10-15.03.17:388][845]LogModuleManager: Shutting down and abandoning module MagicLeapPrivileges (376)
[2025.04.10-15.03.17:388][845]LogModuleManager: Shutting down and abandoning module MagicLeapPlanes (374)
[2025.04.10-15.03.17:388][845]LogMagicLeapPlanes: Planes tracker already destroyed.
[2025.04.10-15.03.17:388][845]LogModuleManager: Shutting down and abandoning module MagicLeapImageTracker (372)
[2025.04.10-15.03.17:388][845]LogModuleManager: Shutting down and abandoning module MagicLeapIdentity (370)
[2025.04.10-15.03.17:388][845]LogModuleManager: Shutting down and abandoning module MagicLeapHandTracking (368)
[2025.04.10-15.03.17:388][845]LogModuleManager: Shutting down and abandoning module MagicLeapEyeTracker (366)
[2025.04.10-15.03.17:388][845]LogModuleManager: Shutting down and abandoning module MagicLeapController (364)
[2025.04.10-15.03.17:388][845]LogModuleManager: Shutting down and abandoning module MagicLeapARPinImpl (362)
[2025.04.10-15.03.17:388][845]LogModuleManager: Shutting down and abandoning module MagicLeapAR (360)
[2025.04.10-15.03.17:388][845]LogModuleManager: Shutting down and abandoning module GameplayTagsEditor (358)
[2025.04.10-15.03.17:388][845]LogModuleManager: Shutting down and abandoning module FacialAnimationEditor (356)
[2025.04.10-15.03.17:388][845]LogModuleManager: Shutting down and abandoning module FacialAnimation (354)
[2025.04.10-15.03.17:388][845]LogModuleManager: Shutting down and abandoning module DataValidation (352)
[2025.04.10-15.03.17:388][845]LogModuleManager: Shutting down and abandoning module NiagaraAnimNotifies (350)
[2025.04.10-15.03.17:388][845]LogModuleManager: Shutting down and abandoning module Niagara (348)
[2025.04.10-15.03.17:388][845]LogModuleManager: Shutting down and abandoning module SignalProcessing (347)
[2025.04.10-15.03.17:388][845]LogModuleManager: Shutting down and abandoning module NiagaraEditor (345)
[2025.04.10-15.03.17:388][845]LogModuleManager: Shutting down and abandoning module NiagaraCore (342)
[2025.04.10-15.03.17:388][845]LogModuleManager: Shutting down and abandoning module AssetManagerEditor (340)
[2025.04.10-15.03.17:388][845]LogModuleManager: Shutting down and abandoning module LevelEditor (339)
[2025.04.10-15.03.17:389][845]LogModuleManager: Shutting down and abandoning module PixelInspectorModule (338)
[2025.04.10-15.03.17:390][845]LogModuleManager: Shutting down and abandoning module CommonMenuExtensions (336)
[2025.04.10-15.03.17:390][845]LogModuleManager: Shutting down and abandoning module MainFrame (334)
[2025.04.10-15.03.17:390][845]LogModuleManager: Shutting down and abandoning module HotReload (333)
[2025.04.10-15.03.17:390][845]LogModuleManager: Shutting down and abandoning module ToolMenus (329)
[2025.04.10-15.03.17:390][845]LogModuleManager: Shutting down and abandoning module ContentBrowser (327)
[2025.04.10-15.03.17:390][845]LogModuleManager: Shutting down and abandoning module ContentBrowserData (326)
[2025.04.10-15.03.17:390][845]LogModuleManager: Shutting down and abandoning module TreeMap (323)
[2025.04.10-15.03.17:390][845]LogModuleManager: Shutting down and abandoning module PropertyAccessNode (320)
[2025.04.10-15.03.17:390][845]LogModuleManager: Shutting down and abandoning module AnimationSharing (318)
[2025.04.10-15.03.17:390][845]LogModuleManager: Shutting down and abandoning module GameplayCameras (316)
[2025.04.10-15.03.17:390][845]LogModuleManager: Shutting down and abandoning module LightPropagationVolumeRuntime (314)
[2025.04.10-15.03.17:390][845]LogModuleManager: Shutting down and abandoning module EnvironmentQueryEditor (312)
[2025.04.10-15.03.17:391][845]LogModuleManager: Shutting down and abandoning module Paper2D (310)
[2025.04.10-15.03.17:391][845]LogModuleManager: Shutting down and abandoning module WindowsMoviePlayer (308)
[2025.04.10-15.03.17:391][845]LogModuleManager: Shutting down and abandoning module WebMMoviePlayer (306)
[2025.04.10-15.03.17:391][845]LogModuleManager: Shutting down and abandoning module NetworkReplayStreaming (304)
[2025.04.10-15.03.17:391][845]LogModuleManager: Shutting down and abandoning module PacketHandler (302)
[2025.04.10-15.03.17:391][845]LogModuleManager: Shutting down and abandoning module ClothingSystemEditor (300)
[2025.04.10-15.03.17:391][845]LogModuleManager: Shutting down and abandoning module ClothingSystemRuntimeNv (298)
[2025.04.10-15.03.17:392][845]LogModuleManager: Shutting down and abandoning module MediaAssets (296)
[2025.04.10-15.03.17:392][845]LogModuleManager: Shutting down and abandoning module Overlay (294)
[2025.04.10-15.03.17:392][845]LogModuleManager: Shutting down and abandoning module OverlayEditor (293)
[2025.04.10-15.03.17:392][845]LogModuleManager: Shutting down and abandoning module VREditor (290)
[2025.04.10-15.03.17:392][845]LogModuleManager: Shutting down and abandoning module StringTableEditor (288)
[2025.04.10-15.03.17:392][845]LogModuleManager: Shutting down and abandoning module GameplayTasksEditor (286)
[2025.04.10-15.03.17:392][845]LogModuleManager: Shutting down and abandoning module BehaviorTreeEditor (284)
[2025.04.10-15.03.17:392][845]LogModuleManager: Shutting down and abandoning module FunctionalTesting (282)
[2025.04.10-15.03.17:392][845]LogModuleManager: Shutting down and abandoning module CollisionAnalyzer (280)
[2025.04.10-15.03.17:392][845]LogModuleManager: Shutting down and abandoning module WorkspaceMenuStructure (279)
[2025.04.10-15.03.17:392][845]LogModuleManager: Shutting down and abandoning module UMG (276)
[2025.04.10-15.03.17:392][845]LogModuleManager: Shutting down and abandoning module UMGEditor (275)
[2025.04.10-15.03.17:392][845]LogModuleManager: Shutting down and abandoning module MessageLog (273)
[2025.04.10-15.03.17:392][845]LogModuleManager: Shutting down and abandoning module SlateReflector (268)
[2025.04.10-15.03.17:392][845]LogModuleManager: Shutting down and abandoning module Slate (266)
[2025.04.10-15.03.17:392][845]LogModuleManager: Shutting down and abandoning module SlateCore (264)
[2025.04.10-15.03.17:393][845]LogModuleManager: Shutting down and abandoning module LandscapeEditorUtilities (262)
[2025.04.10-15.03.17:393][845]LogModuleManager: Shutting down and abandoning module UnrealEd (260)
[2025.04.10-15.03.17:393][845]LogModuleManager: Shutting down and abandoning module MRMesh (258)
[2025.04.10-15.03.17:393][845]LogModuleManager: Shutting down and abandoning module SourceCodeAccess (256)
[2025.04.10-15.03.17:393][845]LogModuleManager: Shutting down and abandoning module HeadMountedDisplay (254)
[2025.04.10-15.03.17:393][845]LogModuleManager: Shutting down and abandoning module XAudio2 (252)
[2025.04.10-15.03.17:393][845]LogModuleManager: Shutting down and abandoning module Networking (250)
[2025.04.10-15.03.17:393][845]LogModuleManager: Shutting down and abandoning module Core (248)
[2025.04.10-15.03.17:393][845]LogModuleManager: Shutting down and abandoning module MaterialEditor (246)
[2025.04.10-15.03.17:393][845]LogModuleManager: Shutting down and abandoning module MovieSceneTools (244)
[2025.04.10-15.03.17:393][845]LogModuleManager: Shutting down and abandoning module CurveEditor (243)
[2025.04.10-15.03.17:393][845]LogModuleManager: Shutting down and abandoning module Sequencer (241)
[2025.04.10-15.03.17:393][845]LogModuleManager: Shutting down and abandoning module EditorStyle (240)
[2025.04.10-15.03.17:394][845]LogModuleManager: Shutting down and abandoning module KismetCompiler (236)
[2025.04.10-15.03.17:394][845]LogModuleManager: Shutting down and abandoning module MeshBuilder (234)
[2025.04.10-15.03.17:394][845]LogModuleManager: Shutting down and abandoning module MeshUtilities (232)
[2025.04.10-15.03.17:394][845]LogModuleManager: Shutting down and abandoning module MeshMergeUtilities (231)
[2025.04.10-15.03.17:394][845]LogModuleManager: Shutting down and abandoning module MeshReductionInterface (230)
[2025.04.10-15.03.17:394][845]LogModuleManager: Shutting down and abandoning module MeshBoneReduction (229)
[2025.04.10-15.03.17:394][845]LogModuleManager: Shutting down and abandoning module SkeletalMeshReduction (227)
[2025.04.10-15.03.17:394][845]LogModuleManager: Shutting down and abandoning module ProxyLODMeshReduction (225)
[2025.04.10-15.03.17:394][845]LogModuleManager: Shutting down and abandoning module QuadricMeshReduction (223)
[2025.04.10-15.03.17:394][845]LogModuleManager: Shutting down and abandoning module MaterialBaking (219)
[2025.04.10-15.03.17:394][845]LogModuleManager: Shutting down and abandoning module NullInstallBundleManager (214)
[2025.04.10-15.03.17:394][845]LogModuleManager: Shutting down and abandoning module DerivedDataCache (212)
[2025.04.10-15.03.17:394][845]LogModuleManager: Shutting down and abandoning module TargetPlatform (210)
[2025.04.10-15.03.17:395][845]LogModuleManager: Shutting down and abandoning module VulkanShaderFormat (209)
[2025.04.10-15.03.17:395][845]LogModuleManager: Shutting down and abandoning module ShaderFormatVectorVM (207)
[2025.04.10-15.03.17:395][845]LogModuleManager: Shutting down and abandoning module ShaderFormatOpenGL (205)
[2025.04.10-15.03.17:395][845]LogModuleManager: Shutting down and abandoning module ShaderFormatD3D (203)
[2025.04.10-15.03.17:395][845]LogModuleManager: Shutting down and abandoning module MetalShaderFormat (201)
[2025.04.10-15.03.17:395][845]LogModuleManager: Shutting down and abandoning module TextureFormatOodle (199)
[2025.04.10-15.03.17:395][845]LogModuleManager: Shutting down and abandoning module TextureFormatUncompressed (197)
[2025.04.10-15.03.17:395][845]LogModuleManager: Shutting down and abandoning module TextureFormatPVR (195)
[2025.04.10-15.03.17:395][845]LogModuleManager: Shutting down and abandoning module TextureFormatETC2 (193)
[2025.04.10-15.03.17:395][845]LogModuleManager: Shutting down and abandoning module TextureFormatDXT (191)
[2025.04.10-15.03.17:395][845]LogModuleManager: Shutting down and abandoning module TextureFormatIntelISPCTexComp (189)
[2025.04.10-15.03.17:395][845]LogModuleManager: Shutting down and abandoning module TextureFormatASTC (187)
[2025.04.10-15.03.17:395][845]LogModuleManager: Shutting down and abandoning module ImageWrapper (186)
[2025.04.10-15.03.17:395][845]LogModuleManager: Shutting down and abandoning module AudioFormatOpus (183)
[2025.04.10-15.03.17:395][845]LogModuleManager: Shutting down and abandoning module AudioFormatOgg (181)
[2025.04.10-15.03.17:395][845]LogModuleManager: Shutting down and abandoning module AudioFormatADPCM (179)
[2025.04.10-15.03.17:395][845]LogModuleManager: Shutting down and abandoning module WindowsServerTargetPlatform (177)
[2025.04.10-15.03.17:395][845]LogModuleManager: Shutting down and abandoning module WindowsClientTargetPlatform (175)
[2025.04.10-15.03.17:395][845]LogModuleManager: Shutting down and abandoning module WindowsTargetPlatform (173)
[2025.04.10-15.03.17:395][845]LogModuleManager: Shutting down and abandoning module WindowsNoEditorTargetPlatform (171)
[2025.04.10-15.03.17:395][845]LogModuleManager: Shutting down and abandoning module TVOSTargetPlatform (169)
[2025.04.10-15.03.17:396][845]LogModuleManager: Shutting down and abandoning module MacServerTargetPlatform (167)
[2025.04.10-15.03.17:396][845]LogModuleManager: Shutting down and abandoning module MacClientTargetPlatform (165)
[2025.04.10-15.03.17:396][845]LogModuleManager: Shutting down and abandoning module MacTargetPlatform (163)
[2025.04.10-15.03.17:396][845]LogModuleManager: Shutting down and abandoning module MacNoEditorTargetPlatform (161)
[2025.04.10-15.03.17:396][845]LogModuleManager: Shutting down and abandoning module LuminTargetPlatform (159)
[2025.04.10-15.03.17:396][845]LogModuleManager: Shutting down and abandoning module LinuxAArch64ServerTargetPlatform (157)
[2025.04.10-15.03.17:396][845]LogModuleManager: Shutting down and abandoning module LinuxAArch64ClientTargetPlatform (155)
[2025.04.10-15.03.17:396][845]LogModuleManager: Shutting down and abandoning module LinuxAArch64NoEditorTargetPlatform (153)
[2025.04.10-15.03.17:396][845]LogModuleManager: Shutting down and abandoning module LinuxServerTargetPlatform (151)
[2025.04.10-15.03.17:396][845]LogModuleManager: Shutting down and abandoning module LinuxClientTargetPlatform (149)
[2025.04.10-15.03.17:396][845]LogModuleManager: Shutting down and abandoning module LinuxNoEditorTargetPlatform (147)
[2025.04.10-15.03.17:396][845]LogModuleManager: Shutting down and abandoning module LinuxTargetPlatform (145)
[2025.04.10-15.03.17:397][845]LogModuleManager: Shutting down and abandoning module Messaging (143)
[2025.04.10-15.03.17:397][845]LogModuleManager: Shutting down and abandoning module IOSTargetPlatform (141)
[2025.04.10-15.03.17:397][845]LogModuleManager: Shutting down and abandoning module AndroidTargetPlatform (139)
[2025.04.10-15.03.17:401][845]LogModuleManager: Shutting down and abandoning module AllDesktopTargetPlatform (137)
[2025.04.10-15.03.17:401][845]LogModuleManager: Shutting down and abandoning module D3D11RHI (134)
[2025.04.10-15.03.17:401][845]LogModuleManager: Shutting down and abandoning module InputCore (132)
[2025.04.10-15.03.17:401][845]LogModuleManager: Shutting down and abandoning module Settings (130)
[2025.04.10-15.03.17:401][845]LogModuleManager: Shutting down and abandoning module DirectoryWatcher (128)
[2025.04.10-15.03.17:401][845]LogModuleManager: Shutting down and abandoning module PhysXCooking (126)
[2025.04.10-15.03.17:401][845]LogModuleManager: Shutting down and abandoning module Chaos (124)
[2025.04.10-15.03.17:401][845]LogModuleManager: Shutting down and abandoning module WindowsPlatformFeatures (122)
[2025.04.10-15.03.17:401][845]LogModuleManager: Shutting down and abandoning module GameplayMediaEncoder (121)
[2025.04.10-15.03.17:401][845]LogModuleManager: Shutting down and abandoning module AVEncoder (120)
[2025.04.10-15.03.17:401][845]LogModuleManager: Shutting down and abandoning module SteamVRInputDevice (116)
[2025.04.10-15.03.17:401][845]LogModuleManager: Shutting down and abandoning module SteamVRInput (114)
[2025.04.10-15.03.17:401][845]LogModuleManager: Shutting down and abandoning module SteamVR (112)
[2025.04.10-15.03.17:401][845]LogHMD: Freeing OpenVRDLLHandle.
[2025.04.10-15.03.17:401][845]LogModuleManager: Shutting down and abandoning module OculusHMD (110)
[2025.04.10-15.03.17:401][845]LogModuleManager: Shutting down and abandoning module OpenXRHandTracking (108)
[2025.04.10-15.03.17:401][845]LogSlate: Slate User Destroyed.  User Index 0, Is Virtual User: 0
[2025.04.10-15.03.17:401][845]LogModuleManager: Shutting down and abandoning module ChaosCloth (106)
[2025.04.10-15.03.17:401][845]LogModuleManager: Shutting down and abandoning module OpenXREyeTracker (104)
[2025.04.10-15.03.17:401][845]LogModuleManager: Shutting down and abandoning module OpenXRAR (102)
[2025.04.10-15.03.17:401][845]LogModuleManager: Shutting down and abandoning module AugmentedReality (101)
[2025.04.10-15.03.17:401][845]LogModuleManager: Shutting down and abandoning module OpenXRHMD (98)
[2025.04.10-15.03.17:402][845]LogModuleManager: Shutting down and abandoning module ExampleDeviceProfileSelector (96)
[2025.04.10-15.03.17:402][845]LogModuleManager: Shutting down and abandoning module ChunkDownloader (94)
[2025.04.10-15.03.17:402][845]LogModuleManager: Shutting down and abandoning module LauncherChunkInstaller (92)
[2025.04.10-15.03.17:402][845]LogModuleManager: Shutting down and abandoning module OnlineBlueprintSupport (90)
[2025.04.10-15.03.17:402][845]LogModuleManager: Shutting down and abandoning module OnlineSubsystem (86)
[2025.04.10-15.03.17:402][845]LogModuleManager: Shutting down and abandoning module XMPP (81)
[2025.04.10-15.03.17:403][845]LogModuleManager: Shutting down and abandoning module WebSockets (80)
[2025.04.10-15.03.17:421][845]LogModuleManager: Shutting down and abandoning module HTTP (77)
[2025.04.10-15.03.17:421][845]LogHttp: Display: Http module shutting down, but needs to wait on 1 outstanding Http requests:
[2025.04.10-15.03.17:421][845]LogHttp: Display: 	verb=[POST] url=[https://datarouter.ol.epicgames.com/datarouter/api/v1/public/data?SessionID=%7BA7944DA2-470B-7881-B7D0-4BAC2272881A%7D&AppID=UEEditor.Rocket.Release&AppVersion=4.27.2-18319896%2B%2B%2BUE4%2BRelease-4.27&UserID=1630856f436c572332dc42bd5716ab61%7C7103b13d50da47bcb910eeb6fc950929%7C1a3351ea-d91d-494f-9b74-3a188d739225&AppEnvironment=datacollector-binary&UploadType=eteventstream] refs=[1] status=Processing
[2025.04.10-15.03.17:421][845]LogHttp: Display: cleaning up 1 outstanding Http requests.
[2025.04.10-15.03.17:454][845]LogModuleManager: Shutting down and abandoning module SSL (76)
[2025.04.10-15.03.17:455][845]LogModuleManager: Shutting down and abandoning module WmfMedia (72)
[2025.04.10-15.03.17:457][845]LogModuleManager: Shutting down and abandoning module Media (71)
[2025.04.10-15.03.17:459][845]LogModuleManager: Shutting down and abandoning module MediaInfo (70)
[2025.04.10-15.03.17:459][845]LogModuleManager: Shutting down and abandoning module ExrReaderGpu (66)
[2025.04.10-15.03.17:459][845]LogModuleManager: Shutting down and abandoning module MLSDK (64)
[2025.04.10-15.03.17:459][845]LogModuleManager: Shutting down and abandoning module VariantManagerContent (62)
[2025.04.10-15.03.17:459][845]LogModuleManager: Shutting down and abandoning module MagicLeap (60)
[2025.04.10-15.03.17:459][845]LogModuleManager: Shutting down and abandoning module DatasmithContent (58)
[2025.04.10-15.03.17:459][845]LogModuleManager: Shutting down and abandoning module NiagaraVertexFactories (56)
[2025.04.10-15.03.17:459][845]LogModuleManager: Shutting down and abandoning module NiagaraShader (54)
[2025.04.10-15.03.17:459][845]LogModuleManager: Shutting down and abandoning module PixWinPlugin (52)
[2025.04.10-15.03.17:459][845]LogModuleManager: Shutting down and abandoning module AISupportModule (50)
[2025.04.10-15.03.17:459][845]LogModuleManager: Shutting down and abandoning module DesktopPlatform (48)
[2025.04.10-15.03.17:459][845]LogModuleManager: Shutting down and abandoning module PythonScriptPluginPreload (46)
[2025.04.10-15.03.17:460][845]LogModuleManager: Shutting down and abandoning module PlatformCryptoOpenSSL (44)
[2025.04.10-15.03.17:460][845]LogModuleManager: Shutting down and abandoning module PlatformCryptoTypes (42)
[2025.04.10-15.03.17:460][845]LogModuleManager: Shutting down and abandoning module PlatformCrypto (40)
[2025.04.10-15.03.17:460][845]LogModuleManager: Shutting down and abandoning module OodleDataCompressionFormat (38)
[2025.04.10-15.03.17:460][845]LogModuleManager: Shutting down and abandoning module XGEController (36)
[2025.04.10-15.03.17:460][845]LogModuleManager: Shutting down and abandoning module AnimationModifiers (34)
[2025.04.10-15.03.17:460][845]LogModuleManager: Shutting down and abandoning module AudioEditor (32)
[2025.04.10-15.03.17:460][845]LogModuleManager: Shutting down and abandoning module PropertyEditor (31)
[2025.04.10-15.03.17:460][845]LogModuleManager: Shutting down and abandoning module TextureCompressor (28)
[2025.04.10-15.03.17:460][845]LogModuleManager: Shutting down and abandoning module RenderCore (26)
[2025.04.10-15.03.17:460][845]LogModuleManager: Shutting down and abandoning module Landscape (24)
[2025.04.10-15.03.17:460][845]LogModuleManager: Shutting down and abandoning module SlateRHIRenderer (22)
[2025.04.10-15.03.17:461][845]LogModuleManager: Shutting down and abandoning module AnimGraphRuntime (20)
[2025.04.10-15.03.17:461][845]LogModuleManager: Shutting down and abandoning module Renderer (18)
[2025.04.10-15.03.17:461][845]LogModuleManager: Shutting down and abandoning module Engine (16)
[2025.04.10-15.03.17:461][845]LogModuleManager: Shutting down and abandoning module CoreUObject (14)
[2025.04.10-15.03.17:461][845]LogModuleManager: Shutting down and abandoning module NetworkFile (12)
[2025.04.10-15.03.17:461][845]LogModuleManager: Shutting down and abandoning module CookedIterativeFile (10)
[2025.04.10-15.03.17:461][845]LogModuleManager: Shutting down and abandoning module StreamingFile (8)
[2025.04.10-15.03.17:461][845]LogModuleManager: Shutting down and abandoning module SandboxFile (6)
[2025.04.10-15.03.17:461][845]LogModuleManager: Shutting down and abandoning module PakFile (4)
[2025.04.10-15.03.17:461][845]LogModuleManager: Shutting down and abandoning module RSA (3)
[2025.04.10-15.03.17:461][845]LogContentStreaming: Display: There are 1 unreleased StreamingManagers
[2025.04.10-15.03.17:479][845]LogD3D11RHI: Shutdown
[2025.04.10-15.03.17:479][845]LogD3D11RHI: CleanupD3DDevice
[2025.04.10-15.03.17:481][845]LogExit: Exiting.
[2025.04.10-15.03.17:492][845]Log file closed, 04/10/25 11:03:17
