Log file open, 04/04/25 17:51:17
LogWindows: Failed to load 'aqProf.dll' (GetLastError=126)
LogWindows: File 'aqProf.dll' does not exist
LogWindows: Failed to load 'VtuneApi.dll' (GetLastError=126)
LogWindows: File 'VtuneApi.dll' does not exist
LogWindows: Failed to load 'VtuneApi32e.dll' (GetLastError=126)
LogWindows: File 'VtuneApi32e.dll' does not exist
LogConsoleResponse: Display: Failed to find resolution value strings in scalability ini. Falling back to default.
LogConsoleResponse: Display: Failed to find resolution value strings in scalability ini. Falling back to default.
LogInit: Display: Running engine for game: TopDownPuzzle
LogPlatformFile: Not using cached read wrapper
LogTaskGraph: Started task graph with 5 named threads and 23 total threads with 3 sets of task threads.
LogStats: Stats thread started at 0.338663
LogICUInternationalization: ICU TimeZone Detection - Raw Offset: -5:00, Platform Override: ''
LogInit: Display: Loading text-based GConfig....
LogPluginManager: Mounting plugin MeshPainting
LogPluginManager: Mounting plugin XGEController
LogPluginManager: Mounting plugin Paper2D
LogPluginManager: Mounting plugin AISupport
LogPluginManager: Mounting plugin EnvironmentQueryEditor
LogPluginManager: Mounting plugin LiveLink
LogPluginManager: Mounting plugin LightPropagationVolume
LogPluginManager: Mounting plugin CameraShakePreviewer
LogPluginManager: Mounting plugin GameplayCameras
LogPluginManager: Mounting plugin OodleData
LogPluginManager: Mounting plugin OodleNetwork
LogPluginManager: Mounting plugin AnimationSharing
LogPluginManager: Mounting plugin CLionSourceCodeAccess
LogPluginManager: Mounting plugin CodeLiteSourceCodeAccess
LogPluginManager: Mounting plugin GitSourceControl
LogPluginManager: Mounting plugin KDevelopSourceCodeAccess
LogPluginManager: Mounting plugin NullSourceCodeAccess
LogPluginManager: Mounting plugin PerforceSourceControl
LogPluginManager: Mounting plugin PixWinPlugin
LogPluginManager: Mounting plugin PlasticSourceControl
LogPluginManager: Mounting plugin PluginUtils
LogPluginManager: Mounting plugin PropertyAccessNode
LogPluginManager: Mounting plugin RiderSourceCodeAccess
LogPluginManager: Mounting plugin SubversionSourceControl
LogPluginManager: Mounting plugin TextureFormatOodle
LogPluginManager: Mounting plugin UObjectPlugin
LogPluginManager: Mounting plugin VisualStudioSourceCodeAccess
LogPluginManager: Mounting plugin VisualStudioCodeSourceCodeAccess
LogPluginManager: Mounting plugin XCodeSourceCodeAccess
LogPluginManager: Mounting plugin AssetManagerEditor
LogPluginManager: Mounting plugin CryptoKeys
LogPluginManager: Mounting plugin CurveEditorTools
LogPluginManager: Mounting plugin DataValidation
LogPluginManager: Mounting plugin FacialAnimation
LogPluginManager: Mounting plugin GameplayTagsEditor
LogPluginManager: Mounting plugin MacGraphicsSwitching
LogPluginManager: Mounting plugin GeometryMode
LogPluginManager: Mounting plugin MaterialAnalyzer
LogPluginManager: Mounting plugin MobileLauncherProfileWizard
LogPluginManager: Mounting plugin PluginBrowser
LogPluginManager: Mounting plugin SpeedTreeImporter
LogPluginManager: Mounting plugin DatasmithContent
LogPluginManager: Mounting plugin VariantManagerContent
LogPluginManager: Mounting plugin AlembicImporter
LogPluginManager: Mounting plugin AutomationUtils
LogPluginManager: Mounting plugin Niagara
LogPluginManager: Mounting plugin BackChannel
LogPluginManager: Mounting plugin ChaosCloth
LogPluginManager: Mounting plugin ChaosClothEditor
LogPluginManager: Mounting plugin ChaosEditor
LogPluginManager: Mounting plugin ChaosNiagara
LogPluginManager: Mounting plugin ChaosSolverPlugin
LogPluginManager: Mounting plugin CharacterAI
LogPluginManager: Mounting plugin GeometryCache
LogPluginManager: Mounting plugin GeometryCollectionPlugin
LogPluginManager: Mounting plugin GeometryProcessing
LogPluginManager: Mounting plugin MotoSynth
LogPluginManager: Mounting plugin OpenImageDenoise
LogPluginManager: Mounting plugin PlanarCut
LogPluginManager: Mounting plugin PlatformCrypto
LogPluginManager: Mounting plugin ProxyLODPlugin
LogPluginManager: Mounting plugin PythonScriptPlugin
LogPluginManager: Mounting plugin SkeletalReduction
LogPluginManager: Mounting plugin LuminPlatformFeatures
LogPluginManager: Mounting plugin MagicLeap
LogPluginManager: Mounting plugin MagicLeapLightEstimation
LogPluginManager: Mounting plugin MagicLeapMedia
LogPluginManager: Mounting plugin MagicLeapPassableWorld
LogPluginManager: Mounting plugin MLSDK
LogPluginManager: Mounting plugin AndroidMedia
LogPluginManager: Mounting plugin AvfMedia
LogPluginManager: Mounting plugin ImgMedia
LogPluginManager: Mounting plugin MediaCompositing
LogPluginManager: Mounting plugin MediaPlayerEditor
LogPluginManager: Mounting plugin WebMMedia
LogPluginManager: Mounting plugin WmfMedia
LogPluginManager: Mounting plugin TcpMessaging
LogPluginManager: Mounting plugin ActorSequence
LogPluginManager: Mounting plugin UdpMessaging
LogPluginManager: Mounting plugin LevelSequenceEditor
LogPluginManager: Mounting plugin MatineeToLevelSequence
LogPluginManager: Mounting plugin TemplateSequence
LogPluginManager: Mounting plugin OnlineSubsystem
LogPluginManager: Mounting plugin OnlineSubsystemNull
LogPluginManager: Mounting plugin OnlineSubsystemUtils
LogPluginManager: Mounting plugin LauncherChunkInstaller
LogPluginManager: Mounting plugin ActorLayerUtilities
LogPluginManager: Mounting plugin AndroidMoviePlayer
LogPluginManager: Mounting plugin AndroidPermission
LogPluginManager: Mounting plugin AndroidDeviceProfileSelector
LogPluginManager: Mounting plugin AppleImageUtils
LogPluginManager: Mounting plugin AppleMoviePlayer
LogPluginManager: Mounting plugin ArchVisCharacter
LogPluginManager: Mounting plugin AssetTags
LogPluginManager: Mounting plugin AudioCapture
LogPluginManager: Mounting plugin AudioSynesthesia
LogPluginManager: Mounting plugin CableComponent
LogPluginManager: Mounting plugin CustomMeshComponent
LogPluginManager: Mounting plugin ChunkDownloader
LogPluginManager: Mounting plugin EditableMesh
LogPluginManager: Mounting plugin ExampleDeviceProfileSelector
LogPluginManager: Mounting plugin GoogleCloudMessaging
LogPluginManager: Mounting plugin GooglePAD
LogPluginManager: Mounting plugin LinuxDeviceProfileSelector
LogPluginManager: Mounting plugin IOSDeviceProfileSelector
LogPluginManager: Mounting plugin LocationServicesBPLibrary
LogPluginManager: Mounting plugin MobilePatchingUtils
LogPluginManager: Mounting plugin OpenXR
LogPluginManager: Mounting plugin OpenXREyeTracker
LogPluginManager: Mounting plugin OpenXRHandTracking
LogPluginManager: Mounting plugin PostSplashScreen
LogPluginManager: Mounting plugin PhysXVehicles
LogPluginManager: Mounting plugin ProceduralMeshComponent
LogPluginManager: Mounting plugin PropertyAccessEditor
LogPluginManager: Mounting plugin RuntimePhysXCooking
LogPluginManager: Mounting plugin SignificanceManager
LogPluginManager: Mounting plugin SoundFields
LogPluginManager: Mounting plugin Synthesis
LogPluginManager: Mounting plugin WebMMoviePlayer
LogPluginManager: Mounting plugin WindowsMoviePlayer
LogPluginManager: Mounting plugin ScreenshotTools
LogPluginManager: Mounting plugin Takes
LogPluginManager: Mounting plugin ContentBrowserAssetDataSource
LogPluginManager: Mounting plugin ContentBrowserClassDataSource
LogPluginManager: Mounting plugin ContentBrowserFileDataSource
LogPluginManager: Mounting plugin OnlineSubsystemGooglePlay
LogPluginManager: Mounting plugin OnlineSubsystemIOS
LogPluginManager: Mounting plugin OculusVR
LogPluginManager: Mounting plugin SteamVR
PixWinPlugin: PIX capture plugin failed to initialize! Check that the process is launched from PIX.
LogInit: Using libcurl 7.55.1-DEV
LogInit:  - built for x86_64-pc-win32
LogInit:  - supports SSL with OpenSSL/1.1.1
LogInit:  - supports HTTP deflate (compression) using libz 1.2.8
LogInit:  - other features:
LogInit:      CURL_VERSION_SSL
LogInit:      CURL_VERSION_LIBZ
LogInit:      CURL_VERSION_IPV6
LogInit:      CURL_VERSION_ASYNCHDNS
LogInit:      CURL_VERSION_LARGEFILE
LogInit:      CURL_VERSION_IDN
LogInit:  CurlRequestOptions (configurable via config and command line):
LogInit:  - bVerifyPeer = true  - Libcurl will verify peer certificate
LogInit:  - bUseHttpProxy = false  - Libcurl will NOT use HTTP proxy
LogInit:  - bDontReuseConnections = false  - Libcurl will reuse connections
LogInit:  - MaxHostConnections = 16  - Libcurl will limit the number of connections to a host
LogInit:  - LocalHostAddr = Default
LogInit:  - BufferSize = 65536
LogOnline: OSS: Creating online subsystem instance for: NULL
LogInit: WinSock: version 1.1 (2.2), MaxSocks=32767, MaxUdp=65467
LogOnline: OSS: TryLoadSubsystemAndSetDefault: Loaded subsystem for module [NULL]
LogOculusPluginWrapper: OculusPlugin initialized successfully
LogHMD: Failed initializing OVRPlugin 1.59.0
LogInit: Build: ++UE4+Release-4.27-CL-18319896
LogInit: Engine Version: 4.27.2-18319896+++UE4+Release-4.27
LogInit: Compatible Engine Version: 4.27.0-17155196+++UE4+Release-4.27
LogInit: Net CL: 17155196
LogInit: OS: Windows 10 (Release 2009) (), CPU: Intel(R) Core(TM) i5-9300H CPU @ 2.40GHz, GPU: Intel(R) UHD Graphics 630
LogInit: Compiled (64-bit): Nov 30 2021 07:12:08
LogInit: Compiled with Visual C++: 19.24.28315.00
LogInit: Build Configuration: Development
LogInit: Branch Name: ++UE4+Release-4.27
LogInit: Command Line: 
LogInit: Base Directory: C:/Program Files/UE/UE_4.27/Engine/Binaries/Win64/
LogInit: Allocator: TBB
LogInit: Installed Engine Build: 1
LogDevObjectVersion: Number of dev versions registered: 29
LogDevObjectVersion:   Dev-Blueprints (B0D832E4-1F89-4F0D-ACCF-7EB736FD4AA2): 10
LogDevObjectVersion:   Dev-Build (E1C64328-A22C-4D53-A36C-8E866417BD8C): 0
LogDevObjectVersion:   Dev-Core (375EC13C-06E4-48FB-B500-84F0262A717E): 4
LogDevObjectVersion:   Dev-Editor (E4B068ED-F494-42E9-A231-DA0B2E46BB41): 40
LogDevObjectVersion:   Dev-Framework (CFFC743F-43B0-4480-9391-14DF171D2073): 37
LogDevObjectVersion:   Dev-Mobile (B02B49B5-BB20-44E9-A304-32B752E40360): 3
LogDevObjectVersion:   Dev-Networking (A4E4105C-59A1-49B5-A7C5-40C4547EDFEE): 0
LogDevObjectVersion:   Dev-Online (39C831C9-5AE6-47DC-9A44-9C173E1C8E7C): 0
LogDevObjectVersion:   Dev-Physics (78F01B33-EBEA-4F98-B9B4-84EACCB95AA2): 14
LogDevObjectVersion:   Dev-Platform (6631380F-2D4D-43E0-8009-CF276956A95A): 0
LogDevObjectVersion:   Dev-Rendering (12F88B9F-8875-4AFC-A67C-D90C383ABD29): 45
LogDevObjectVersion:   Dev-Sequencer (7B5AE74C-D270-4C10-A958-57980B212A5A): 13
LogDevObjectVersion:   Dev-VR (D7296918-1DD6-4BDD-9DE2-64A83CC13884): 3
LogDevObjectVersion:   Dev-LoadTimes (C2A15278-BFE7-4AFE-6C17-90FF531DF755): 1
LogDevObjectVersion:   Private-Geometry (6EACA3D4-40EC-4CC1-B786-8BED09428FC5): 3
LogDevObjectVersion:   Dev-AnimPhys (29E575DD-E0A3-4627-9D10-D276232CDCEA): 17
LogDevObjectVersion:   Dev-Anim (AF43A65D-7FD3-4947-9873-3E8ED9C1BB05): 15
LogDevObjectVersion:   Dev-ReflectionCapture (6B266CEC-1EC7-4B8F-A30B-E4D90942FC07): 1
LogDevObjectVersion:   Dev-Automation (0DF73D61-A23F-47EA-B727-89E90C41499A): 1
LogDevObjectVersion:   FortniteMain (601D1886-AC64-4F84-AA16-D3DE0DEAC7D6): 47
LogDevObjectVersion:   FortniteRelease (E7086368-6B23-4C58-8439-1B7016265E91): 1
LogDevObjectVersion:   Dev-Enterprise (9DFFBCD6-494F-0158-E221-12823C92A888): 10
LogDevObjectVersion:   Dev-Niagara (F2AED0AC-9AFE-416F-8664-AA7FFA26D6FC): 1
LogDevObjectVersion:   Dev-Destruction (174F1F0B-B4C6-45A5-B13F-2EE8D0FB917D): 10
LogDevObjectVersion:   Dev-Physics-Ext (35F94A83-E258-406C-A318-09F59610247C): 41
LogDevObjectVersion:   Dev-PhysicsMaterial-Chaos (B68FC16E-8B1B-42E2-B453-215C058844FE): 1
LogDevObjectVersion:   Dev-CineCamera (B2E18506-4273-CFC2-A54E-F4BB758BBA07): 1
LogDevObjectVersion:   Dev-VirtualProduction (64F58936-FD1B-42BA-BA96-7289D5D0FA4E): 1
LogDevObjectVersion:   Dev-MediaFramework (6F0ED827-A609-4895-9C91-998D90180EA4): 2
LogInit: Presizing for max 25165824 objects, including 0 objects not considered by GC, pre-allocating 0 bytes for permanent pool.
LogConfig: Applying CVar settings from Section [/Script/Engine.StreamingSettings] File [C:/Unreal Projects/Top-Down-Puzzle/TopDownPuzzle/Saved/Config/Windows/Engine.ini]
LogConfig: Setting CVar [[s.MinBulkDataSizeForAsyncLoading:131072]]
LogConfig: Setting CVar [[s.AsyncLoadingThreadEnabled:0]]
LogConfig: Setting CVar [[s.EventDrivenLoaderEnabled:1]]
LogConfig: Setting CVar [[s.WarnIfTimeLimitExceeded:0]]
LogConfig: Setting CVar [[s.TimeLimitExceededMultiplier:1.5]]
LogConfig: Setting CVar [[s.TimeLimitExceededMinTime:0.005]]
LogConfig: Setting CVar [[s.UseBackgroundLevelStreaming:1]]
LogConfig: Setting CVar [[s.PriorityAsyncLoadingExtraTime:15.0]]
LogConfig: Setting CVar [[s.LevelStreamingActorsUpdateTimeLimit:5.0]]
LogConfig: Setting CVar [[s.PriorityLevelStreamingActorsUpdateExtraTime:5.0]]
LogConfig: Setting CVar [[s.LevelStreamingComponentsRegistrationGranularity:10]]
LogConfig: Setting CVar [[s.UnregisterComponentsTimeLimit:1.0]]
LogConfig: Setting CVar [[s.LevelStreamingComponentsUnregistrationGranularity:5]]
LogConfig: Setting CVar [[s.FlushStreamingOnExit:1]]
LogInit: Object subsystem initialized
LogConfig: Setting CVar [[con.DebugEarlyDefault:1]]
LogConfig: Setting CVar [[r.setres:1280x720]]
[2025.04.04-21.51.18:694][  0]LogConfig: Setting CVar [[r.VSync:0]]
[2025.04.04-21.51.18:694][  0]LogConfig: Setting CVar [[r.RHICmdBypass:0]]
[2025.04.04-21.51.18:694][  0]LogConfig: Applying CVar settings from Section [/Script/Engine.RendererSettings] File [C:/Unreal Projects/Top-Down-Puzzle/TopDownPuzzle/Saved/Config/Windows/Engine.ini]
[2025.04.04-21.51.18:694][  0]LogConfig: Setting CVar [[r.GPUCrashDebugging:0]]
[2025.04.04-21.51.18:694][  0]LogConfig: Setting CVar [[r.Mobile.DisableVertexFog:1]]
[2025.04.04-21.51.18:694][  0]LogConfig: Setting CVar [[r.Shadow.CSM.MaxMobileCascades:2]]
[2025.04.04-21.51.18:694][  0]LogConfig: Setting CVar [[r.MobileMSAA:1]]
[2025.04.04-21.51.18:694][  0]LogConfig: Setting CVar [[r.Mobile.AllowDitheredLODTransition:0]]
[2025.04.04-21.51.18:694][  0]LogConfig: Setting CVar [[r.Mobile.AllowSoftwareOcclusion:0]]
[2025.04.04-21.51.18:694][  0]LogConfig: Setting CVar [[r.Mobile.VirtualTextures:0]]
[2025.04.04-21.51.18:694][  0]LogConfig: Setting CVar [[r.DiscardUnusedQuality:0]]
[2025.04.04-21.51.18:694][  0]LogConfig: Setting CVar [[r.AllowOcclusionQueries:1]]
[2025.04.04-21.51.18:694][  0]LogConfig: Setting CVar [[r.MinScreenRadiusForLights:0.030000]]
[2025.04.04-21.51.18:694][  0]LogConfig: Setting CVar [[r.MinScreenRadiusForDepthPrepass:0.030000]]
[2025.04.04-21.51.18:694][  0]LogConfig: Setting CVar [[r.MinScreenRadiusForCSMDepth:0.010000]]
[2025.04.04-21.51.18:694][  0]LogConfig: Setting CVar [[r.PrecomputedVisibilityWarning:0]]
[2025.04.04-21.51.18:694][  0]LogConfig: Setting CVar [[r.TextureStreaming:1]]
[2025.04.04-21.51.18:694][  0]LogConfig: Setting CVar [[Compat.UseDXT5NormalMaps:0]]
[2025.04.04-21.51.18:694][  0]LogConfig: Setting CVar [[r.VirtualTextures:0]]
[2025.04.04-21.51.18:694][  0]LogConfig: Setting CVar [[r.VT.EnableAutoImport:1]]
[2025.04.04-21.51.18:695][  0]LogConfig: Setting CVar [[r.VirtualTexturedLightmaps:0]]
[2025.04.04-21.51.18:695][  0]LogConfig: Setting CVar [[r.VT.TileSize:128]]
[2025.04.04-21.51.18:695][  0]LogConfig: Setting CVar [[r.VT.TileBorderSize:4]]
[2025.04.04-21.51.18:695][  0]LogConfig: Setting CVar [[r.vt.FeedbackFactor:16]]
[2025.04.04-21.51.18:695][  0]LogConfig: Setting CVar [[r.VT.EnableCompressZlib:1]]
[2025.04.04-21.51.18:695][  0]LogConfig: Setting CVar [[r.VT.EnableCompressCrunch:0]]
[2025.04.04-21.51.18:695][  0]LogConfig: Setting CVar [[r.ClearCoatNormal:0]]
[2025.04.04-21.51.18:695][  0]LogConfig: Setting CVar [[r.ReflectionCaptureResolution:128]]
[2025.04.04-21.51.18:695][  0]LogConfig: Setting CVar [[r.Mobile.ReflectionCaptureCompression:0]]
[2025.04.04-21.51.18:695][  0]LogConfig: Setting CVar [[r.ReflectionEnvironmentLightmapMixBasedOnRoughness:1]]
[2025.04.04-21.51.18:695][  0]LogConfig: Setting CVar [[r.ForwardShading:0]]
[2025.04.04-21.51.18:695][  0]LogConfig: Setting CVar [[r.VertexFoggingForOpaque:1]]
[2025.04.04-21.51.18:695][  0]LogConfig: Setting CVar [[r.AllowStaticLighting:1]]
[2025.04.04-21.51.18:695][  0]LogConfig: Setting CVar [[r.NormalMapsForStaticLighting:0]]
[2025.04.04-21.51.18:695][  0]LogConfig: Setting CVar [[r.GenerateMeshDistanceFields:0]]
[2025.04.04-21.51.18:695][  0]LogConfig: Setting CVar [[r.DistanceFieldBuild.EightBit:0]]
[2025.04.04-21.51.18:695][  0]LogConfig: Setting CVar [[r.GenerateLandscapeGIData:0]]
[2025.04.04-21.51.18:695][  0]LogConfig: Setting CVar [[r.DistanceFieldBuild.Compress:0]]
[2025.04.04-21.51.18:695][  0]LogConfig: Setting CVar [[r.TessellationAdaptivePixelsPerTriangle:48.000000]]
[2025.04.04-21.51.18:695][  0]LogConfig: Setting CVar [[r.SeparateTranslucency:1]]
[2025.04.04-21.51.18:695][  0]LogConfig: Setting CVar [[r.TranslucentSortPolicy:0]]
[2025.04.04-21.51.18:695][  0]LogConfig: Setting CVar [[vr.VRS.HMDFixedFoveationLevel:0]]
[2025.04.04-21.51.18:695][  0]LogConfig: Setting CVar [[r.CustomDepth:1]]
[2025.04.04-21.51.18:695][  0]LogConfig: Setting CVar [[r.CustomDepthTemporalAAJitter:1]]
[2025.04.04-21.51.18:695][  0]LogConfig: Setting CVar [[r.PostProcessing.PropagateAlpha:0]]
[2025.04.04-21.51.18:695][  0]LogConfig: Setting CVar [[r.DefaultFeature.Bloom:1]]
[2025.04.04-21.51.18:695][  0]LogConfig: Setting CVar [[r.DefaultFeature.AmbientOcclusion:1]]
[2025.04.04-21.51.18:695][  0]LogConfig: Setting CVar [[r.DefaultFeature.AmbientOcclusionStaticFraction:1]]
[2025.04.04-21.51.18:695][  0]LogConfig: Setting CVar [[r.DefaultFeature.AutoExposure:0]]
[2025.04.04-21.51.18:695][  0]LogConfig: Setting CVar [[r.DefaultFeature.AutoExposure.Method:0]]
[2025.04.04-21.51.18:695][  0]LogConfig: Setting CVar [[r.DefaultFeature.AutoExposure.Bias:1.000000]]
[2025.04.04-21.51.18:695][  0]LogConfig: Setting CVar [[r.DefaultFeature.AutoExposure.ExtendDefaultLuminanceRange:0]]
[2025.04.04-21.51.18:695][  0]LogConfig: Setting CVar [[r.UsePreExposure:1]]
[2025.04.04-21.51.18:695][  0]LogConfig: Setting CVar [[r.EyeAdaptation.EditorOnly:0]]
[2025.04.04-21.51.18:695][  0]LogConfig: Setting CVar [[r.DefaultFeature.MotionBlur:0]]
[2025.04.04-21.51.18:695][  0]LogConfig: Setting CVar [[r.DefaultFeature.LensFlare:0]]
[2025.04.04-21.51.18:695][  0]LogConfig: Setting CVar [[r.TemporalAA.Upsampling:0]]
[2025.04.04-21.51.18:695][  0]LogConfig: Setting CVar [[r.SSGI.Enable:0]]
[2025.04.04-21.51.18:695][  0]LogConfig: Setting CVar [[r.DefaultFeature.AntiAliasing:0]]
[2025.04.04-21.51.18:695][  0]LogConfig: Setting CVar [[r.DefaultFeature.LightUnits:1]]
[2025.04.04-21.51.18:695][  0]LogConfig: Setting CVar [[r.DefaultBackBufferPixelFormat:4]]
[2025.04.04-21.51.18:695][  0]LogConfig: Setting CVar [[r.Shadow.UnbuiltPreviewInGame:1]]
[2025.04.04-21.51.18:695][  0]LogConfig: Setting CVar [[r.StencilForLODDither:0]]
[2025.04.04-21.51.18:695][  0]LogConfig: Setting CVar [[r.EarlyZPass:3]]
[2025.04.04-21.51.18:695][  0]LogConfig: Setting CVar [[r.EarlyZPassOnlyMaterialMasking:0]]
[2025.04.04-21.51.18:695][  0]LogConfig: Setting CVar [[r.DBuffer:1]]
[2025.04.04-21.51.18:695][  0]LogConfig: Setting CVar [[r.ClearSceneMethod:1]]
[2025.04.04-21.51.18:695][  0]LogConfig: Setting CVar [[r.BasePassOutputsVelocity:0]]
[2025.04.04-21.51.18:695][  0]LogConfig: Setting CVar [[r.VertexDeformationOutputsVelocity:0]]
[2025.04.04-21.51.18:695][  0]LogConfig: Setting CVar [[r.SelectiveBasePassOutputs:0]]
[2025.04.04-21.51.18:695][  0]LogConfig: Setting CVar [[fx.GPUSimulationTextureSizeX:1024]]
[2025.04.04-21.51.18:695][  0]LogConfig: Setting CVar [[fx.GPUSimulationTextureSizeY:1024]]
[2025.04.04-21.51.18:695][  0]LogConfig: Setting CVar [[r.AllowGlobalClipPlane:0]]
[2025.04.04-21.51.18:695][  0]LogConfig: Setting CVar [[r.GBufferFormat:1]]
[2025.04.04-21.51.18:696][  0]LogConfig: Setting CVar [[r.MorphTarget.Mode:1]]
[2025.04.04-21.51.18:696][  0]LogConfig: Setting CVar [[vr.InstancedStereo:0]]
[2025.04.04-21.51.18:696][  0]LogConfig: Setting CVar [[r.MobileHDR:1]]
[2025.04.04-21.51.18:696][  0]LogConfig: Setting CVar [[vr.MobileMultiView:0]]
[2025.04.04-21.51.18:696][  0]LogConfig: Setting CVar [[r.Mobile.UseHWsRGBEncoding:0]]
[2025.04.04-21.51.18:696][  0]LogConfig: Setting CVar [[vr.RoundRobinOcclusion:0]]
[2025.04.04-21.51.18:696][  0]LogConfig: Setting CVar [[vr.ODSCapture:0]]
[2025.04.04-21.51.18:696][  0]LogConfig: Setting CVar [[r.MeshStreaming:0]]
[2025.04.04-21.51.18:696][  0]LogConfig: Setting CVar [[r.WireframeCullThreshold:5.000000]]
[2025.04.04-21.51.18:696][  0]LogConfig: Setting CVar [[r.RayTracing:0]]
[2025.04.04-21.51.18:696][  0]LogConfig: Setting CVar [[r.RayTracing.UseTextureLod:0]]
[2025.04.04-21.51.18:696][  0]LogConfig: Setting CVar [[r.SupportStationarySkylight:1]]
[2025.04.04-21.51.18:696][  0]LogConfig: Setting CVar [[r.SupportLowQualityLightmaps:1]]
[2025.04.04-21.51.18:696][  0]LogConfig: Setting CVar [[r.SupportPointLightWholeSceneShadows:1]]
[2025.04.04-21.51.18:696][  0]LogConfig: Setting CVar [[r.SupportAtmosphericFog:1]]
[2025.04.04-21.51.18:696][  0]LogConfig: Setting CVar [[r.SupportSkyAtmosphere:1]]
[2025.04.04-21.51.18:696][  0]LogConfig: Setting CVar [[r.SupportSkyAtmosphereAffectsHeightFog:0]]
[2025.04.04-21.51.18:696][  0]LogConfig: Setting CVar [[r.SkinCache.CompileShaders:0]]
[2025.04.04-21.51.18:696][  0]LogConfig: Setting CVar [[r.SkinCache.DefaultBehavior:1]]
[2025.04.04-21.51.18:696][  0]LogConfig: Setting CVar [[r.SkinCache.SceneMemoryLimitInMB:128.000000]]
[2025.04.04-21.51.18:696][  0]LogConfig: Setting CVar [[r.Mobile.EnableStaticAndCSMShadowReceivers:1]]
[2025.04.04-21.51.18:696][  0]LogConfig: Setting CVar [[r.Mobile.EnableMovableLightCSMShaderCulling:1]]
[2025.04.04-21.51.18:696][  0]LogConfig: Setting CVar [[r.Mobile.AllowDistanceFieldShadows:1]]
[2025.04.04-21.51.18:696][  0]LogConfig: Setting CVar [[r.Mobile.AllowMovableDirectionalLights:1]]
[2025.04.04-21.51.18:696][  0]LogConfig: Setting CVar [[r.MobileNumDynamicPointLights:4]]
[2025.04.04-21.51.18:696][  0]LogConfig: Setting CVar [[r.MobileDynamicPointLightsUseStaticBranch:1]]
[2025.04.04-21.51.18:696][  0]LogConfig: Setting CVar [[r.Mobile.EnableMovableSpotlights:0]]
[2025.04.04-21.51.18:696][  0]LogConfig: Setting CVar [[r.Mobile.EnableMovableSpotlightsShadow:0]]
[2025.04.04-21.51.18:696][  0]LogConfig: Setting CVar [[r.GPUSkin.Support16BitBoneIndex:0]]
[2025.04.04-21.51.18:696][  0]LogConfig: Setting CVar [[r.GPUSkin.Limit2BoneInfluences:0]]
[2025.04.04-21.51.18:696][  0]LogConfig: Setting CVar [[r.SupportDepthOnlyIndexBuffers:1]]
[2025.04.04-21.51.18:696][  0]LogConfig: Setting CVar [[r.SupportReversedIndexBuffers:1]]
[2025.04.04-21.51.18:696][  0]LogConfig: Setting CVar [[r.LightPropagationVolume:0]]
[2025.04.04-21.51.18:696][  0]LogConfig: Setting CVar [[r.Mobile.AmbientOcclusion:0]]
[2025.04.04-21.51.18:696][  0]LogConfig: Setting CVar [[r.GPUSkin.UnlimitedBoneInfluences:0]]
[2025.04.04-21.51.18:696][  0]LogConfig: Setting CVar [[r.GPUSkin.UnlimitedBoneInfluencesThreshold:8]]
[2025.04.04-21.51.18:696][  0]LogConfig: Setting CVar [[r.Mobile.PlanarReflectionMode:0]]
[2025.04.04-21.51.18:696][  0]LogConfig: Setting CVar [[r.Mobile.SupportsGen4TAA:0]]
[2025.04.04-21.51.18:696][  0]LogConfig: Applying CVar settings from Section [/Script/Engine.RendererOverrideSettings] File [C:/Unreal Projects/Top-Down-Puzzle/TopDownPuzzle/Saved/Config/Windows/Engine.ini]
[2025.04.04-21.51.18:696][  0]LogConfig: Applying CVar settings from Section [/Script/Engine.StreamingSettings] File [C:/Unreal Projects/Top-Down-Puzzle/TopDownPuzzle/Saved/Config/Windows/Engine.ini]
[2025.04.04-21.51.18:696][  0]LogConfig: Setting CVar [[s.MinBulkDataSizeForAsyncLoading:131072]]
[2025.04.04-21.51.18:696][  0]LogConfig: Setting CVar [[s.AsyncLoadingThreadEnabled:0]]
[2025.04.04-21.51.18:696][  0]LogConfig: Setting CVar [[s.EventDrivenLoaderEnabled:1]]
[2025.04.04-21.51.18:696][  0]LogConfig: Setting CVar [[s.WarnIfTimeLimitExceeded:0]]
[2025.04.04-21.51.18:696][  0]LogConfig: Setting CVar [[s.TimeLimitExceededMultiplier:1.5]]
[2025.04.04-21.51.18:696][  0]LogConfig: Setting CVar [[s.TimeLimitExceededMinTime:0.005]]
[2025.04.04-21.51.18:696][  0]LogConfig: Setting CVar [[s.UseBackgroundLevelStreaming:1]]
[2025.04.04-21.51.18:696][  0]LogConfig: Setting CVar [[s.PriorityAsyncLoadingExtraTime:15.0]]
[2025.04.04-21.51.18:696][  0]LogConfig: Setting CVar [[s.LevelStreamingActorsUpdateTimeLimit:5.0]]
[2025.04.04-21.51.18:696][  0]LogConfig: Setting CVar [[s.PriorityLevelStreamingActorsUpdateExtraTime:5.0]]
[2025.04.04-21.51.18:696][  0]LogConfig: Setting CVar [[s.LevelStreamingComponentsRegistrationGranularity:10]]
[2025.04.04-21.51.18:696][  0]LogConfig: Setting CVar [[s.UnregisterComponentsTimeLimit:1.0]]
[2025.04.04-21.51.18:696][  0]LogConfig: Setting CVar [[s.LevelStreamingComponentsUnregistrationGranularity:5]]
[2025.04.04-21.51.18:696][  0]LogConfig: Setting CVar [[s.FlushStreamingOnExit:1]]
[2025.04.04-21.51.18:696][  0]LogConfig: Applying CVar settings from Section [/Script/Engine.GarbageCollectionSettings] File [C:/Unreal Projects/Top-Down-Puzzle/TopDownPuzzle/Saved/Config/Windows/Engine.ini]
[2025.04.04-21.51.18:697][  0]LogConfig: Setting CVar [[gc.MaxObjectsNotConsideredByGC:1]]
[2025.04.04-21.51.18:697][  0]LogConfig: Setting CVar [[gc.SizeOfPermanentObjectPool:0]]
[2025.04.04-21.51.18:697][  0]LogConfig: Setting CVar [[gc.FlushStreamingOnGC:0]]
[2025.04.04-21.51.18:697][  0]LogConfig: Setting CVar [[gc.NumRetriesBeforeForcingGC:10]]
[2025.04.04-21.51.18:697][  0]LogConfig: Setting CVar [[gc.AllowParallelGC:1]]
[2025.04.04-21.51.18:697][  0]LogConfig: Setting CVar [[gc.TimeBetweenPurgingPendingKillObjects:61.1]]
[2025.04.04-21.51.18:697][  0]LogConfig: Setting CVar [[gc.MaxObjectsInEditor:25165824]]
[2025.04.04-21.51.18:697][  0]LogConfig: Setting CVar [[gc.IncrementalBeginDestroyEnabled:1]]
[2025.04.04-21.51.18:697][  0]LogConfig: Setting CVar [[gc.CreateGCClusters:1]]
[2025.04.04-21.51.18:697][  0]LogConfig: Setting CVar [[gc.MinGCClusterSize:5]]
[2025.04.04-21.51.18:697][  0]LogConfig: Setting CVar [[gc.ActorClusteringEnabled:0]]
[2025.04.04-21.51.18:697][  0]LogConfig: Setting CVar [[gc.BlueprintClusteringEnabled:0]]
[2025.04.04-21.51.18:697][  0]LogConfig: Setting CVar [[gc.UseDisregardForGCOnDedicatedServers:0]]
[2025.04.04-21.51.18:697][  0]LogConfig: Setting CVar [[gc.MultithreadedDestructionEnabled:1]]
[2025.04.04-21.51.18:697][  0]LogConfig: Applying CVar settings from Section [/Script/Engine.NetworkSettings] File [C:/Unreal Projects/Top-Down-Puzzle/TopDownPuzzle/Saved/Config/Windows/Engine.ini]
[2025.04.04-21.51.18:697][  0]LogConfig: Applying CVar settings from Section [/Script/UnrealEd.CookerSettings] File [C:/Unreal Projects/Top-Down-Puzzle/TopDownPuzzle/Saved/Config/Windows/Engine.ini]
[2025.04.04-21.51.18:708][  0]LogConfig: Applying CVar settings from Section [ViewDistanceQuality@3] File [C:/Unreal Projects/Top-Down-Puzzle/TopDownPuzzle/Saved/Config/Windows/Scalability.ini]
[2025.04.04-21.51.18:708][  0]LogConfig: Setting CVar [[r.SkeletalMeshLODBias:0]]
[2025.04.04-21.51.18:708][  0]LogConfig: Setting CVar [[r.ViewDistanceScale:1.0]]
[2025.04.04-21.51.18:708][  0]LogConfig: Applying CVar settings from Section [AntiAliasingQuality@3] File [C:/Unreal Projects/Top-Down-Puzzle/TopDownPuzzle/Saved/Config/Windows/Scalability.ini]
[2025.04.04-21.51.18:708][  0]LogConfig: Setting CVar [[r.PostProcessAAQuality:4]]
[2025.04.04-21.51.18:708][  0]LogConfig: Applying CVar settings from Section [ShadowQuality@3] File [C:/Unreal Projects/Top-Down-Puzzle/TopDownPuzzle/Saved/Config/Windows/Scalability.ini]
[2025.04.04-21.51.18:708][  0]LogConfig: Setting CVar [[r.LightFunctionQuality:1]]
[2025.04.04-21.51.18:708][  0]LogConfig: Setting CVar [[r.ShadowQuality:5]]
[2025.04.04-21.51.18:708][  0]LogConfig: Setting CVar [[r.Shadow.CSM.MaxCascades:10]]
[2025.04.04-21.51.18:708][  0]LogConfig: Setting CVar [[r.Shadow.MaxResolution:2048]]
[2025.04.04-21.51.18:708][  0]LogConfig: Setting CVar [[r.Shadow.MaxCSMResolution:2048]]
[2025.04.04-21.51.18:708][  0]LogConfig: Setting CVar [[r.Shadow.RadiusThreshold:0.01]]
[2025.04.04-21.51.18:708][  0]LogConfig: Setting CVar [[r.Shadow.DistanceScale:1.0]]
[2025.04.04-21.51.18:708][  0]LogConfig: Setting CVar [[r.Shadow.CSM.TransitionScale:1.0]]
[2025.04.04-21.51.18:708][  0]LogConfig: Setting CVar [[r.Shadow.PreShadowResolutionFactor:1.0]]
[2025.04.04-21.51.18:708][  0]LogConfig: Setting CVar [[r.DistanceFieldShadowing:1]]
[2025.04.04-21.51.18:708][  0]LogConfig: Setting CVar [[r.DistanceFieldAO:1]]
[2025.04.04-21.51.18:708][  0]LogConfig: Setting CVar [[r.AOQuality:2]]
[2025.04.04-21.51.18:708][  0]LogConfig: Setting CVar [[r.VolumetricFog:1]]
[2025.04.04-21.51.18:708][  0]LogConfig: Setting CVar [[r.VolumetricFog.GridPixelSize:8]]
[2025.04.04-21.51.18:708][  0]LogConfig: Setting CVar [[r.VolumetricFog.GridSizeZ:128]]
[2025.04.04-21.51.18:708][  0]LogConfig: Setting CVar [[r.VolumetricFog.HistoryMissSupersampleCount:4]]
[2025.04.04-21.51.18:708][  0]LogConfig: Setting CVar [[r.LightMaxDrawDistanceScale:1]]
[2025.04.04-21.51.18:708][  0]LogConfig: Setting CVar [[r.CapsuleShadows:1]]
[2025.04.04-21.51.18:708][  0]LogConfig: Applying CVar settings from Section [PostProcessQuality@3] File [C:/Unreal Projects/Top-Down-Puzzle/TopDownPuzzle/Saved/Config/Windows/Scalability.ini]
[2025.04.04-21.51.18:708][  0]LogConfig: Setting CVar [[r.MotionBlurQuality:4]]
[2025.04.04-21.51.18:708][  0]LogConfig: Setting CVar [[r.AmbientOcclusionMipLevelFactor:0.4]]
[2025.04.04-21.51.18:708][  0]LogConfig: Setting CVar [[r.AmbientOcclusionMaxQuality:100]]
[2025.04.04-21.51.18:708][  0]LogConfig: Setting CVar [[r.AmbientOcclusionLevels:-1]]
[2025.04.04-21.51.18:708][  0]LogConfig: Setting CVar [[r.AmbientOcclusionRadiusScale:1.0]]
[2025.04.04-21.51.18:708][  0]LogConfig: Setting CVar [[r.DepthOfFieldQuality:2]]
[2025.04.04-21.51.18:708][  0]LogConfig: Setting CVar [[r.RenderTargetPoolMin:400]]
[2025.04.04-21.51.18:708][  0]LogConfig: Setting CVar [[r.LensFlareQuality:2]]
[2025.04.04-21.51.18:708][  0]LogConfig: Setting CVar [[r.SceneColorFringeQuality:1]]
[2025.04.04-21.51.18:708][  0]LogConfig: Setting CVar [[r.EyeAdaptationQuality:2]]
[2025.04.04-21.51.18:709][  0]LogConfig: Setting CVar [[r.BloomQuality:5]]
[2025.04.04-21.51.18:709][  0]LogConfig: Setting CVar [[r.FastBlurThreshold:100]]
[2025.04.04-21.51.18:709][  0]LogConfig: Setting CVar [[r.Upscale.Quality:3]]
[2025.04.04-21.51.18:709][  0]LogConfig: Setting CVar [[r.Tonemapper.GrainQuantization:1]]
[2025.04.04-21.51.18:709][  0]LogConfig: Setting CVar [[r.LightShaftQuality:1]]
[2025.04.04-21.51.18:709][  0]LogConfig: Setting CVar [[r.Filter.SizeScale:1]]
[2025.04.04-21.51.18:709][  0]LogConfig: Setting CVar [[r.Tonemapper.Quality:5]]
[2025.04.04-21.51.18:709][  0]LogConfig: Setting CVar [[r.DOF.Gather.AccumulatorQuality:1        ; higher gathering accumulator quality]]
[2025.04.04-21.51.18:709][  0]LogConfig: Setting CVar [[r.DOF.Gather.PostfilterMethod:1          ; Median3x3 postfilering method]]
[2025.04.04-21.51.18:709][  0]LogConfig: Setting CVar [[r.DOF.Gather.EnableBokehSettings:0       ; no bokeh simulation when gathering]]
[2025.04.04-21.51.18:709][  0]LogConfig: Setting CVar [[r.DOF.Gather.RingCount:4                 ; medium number of samples when gathering]]
[2025.04.04-21.51.18:709][  0]LogConfig: Setting CVar [[r.DOF.Scatter.ForegroundCompositing:1    ; additive foreground scattering]]
[2025.04.04-21.51.18:709][  0]LogConfig: Setting CVar [[r.DOF.Scatter.BackgroundCompositing:2    ; additive background scattering]]
[2025.04.04-21.51.18:709][  0]LogConfig: Setting CVar [[r.DOF.Scatter.EnableBokehSettings:1      ; bokeh simulation when scattering]]
[2025.04.04-21.51.18:709][  0]LogConfig: Setting CVar [[r.DOF.Scatter.MaxSpriteRatio:0.1         ; only a maximum of 10% of scattered bokeh]]
[2025.04.04-21.51.18:709][  0]LogConfig: Setting CVar [[r.DOF.Recombine.Quality:1                ; cheap slight out of focus]]
[2025.04.04-21.51.18:709][  0]LogConfig: Setting CVar [[r.DOF.Recombine.EnableBokehSettings:0    ; no bokeh simulation on slight out of focus]]
[2025.04.04-21.51.18:709][  0]LogConfig: Setting CVar [[r.DOF.TemporalAAQuality:1                ; more stable temporal accumulation]]
[2025.04.04-21.51.18:709][  0]LogConfig: Setting CVar [[r.DOF.Kernel.MaxForegroundRadius:0.025]]
[2025.04.04-21.51.18:709][  0]LogConfig: Setting CVar [[r.DOF.Kernel.MaxBackgroundRadius:0.025]]
[2025.04.04-21.51.18:709][  0]LogConfig: Applying CVar settings from Section [TextureQuality@3] File [C:/Unreal Projects/Top-Down-Puzzle/TopDownPuzzle/Saved/Config/Windows/Scalability.ini]
[2025.04.04-21.51.18:709][  0]LogConfig: Setting CVar [[r.Streaming.MipBias:0]]
[2025.04.04-21.51.18:709][  0]LogConfig: Setting CVar [[r.Streaming.AmortizeCPUToGPUCopy:0]]
[2025.04.04-21.51.18:709][  0]LogConfig: Setting CVar [[r.Streaming.MaxNumTexturesToStreamPerFrame:0]]
[2025.04.04-21.51.18:709][  0]LogConfig: Setting CVar [[r.Streaming.Boost:1]]
[2025.04.04-21.51.18:709][  0]LogConfig: Setting CVar [[r.MaxAnisotropy:8]]
[2025.04.04-21.51.18:709][  0]LogConfig: Setting CVar [[r.VT.MaxAnisotropy:8]]
[2025.04.04-21.51.18:709][  0]LogConfig: Setting CVar [[r.Streaming.LimitPoolSizeToVRAM:0]]
[2025.04.04-21.51.18:709][  0]LogConfig: Setting CVar [[r.Streaming.PoolSize:1000]]
[2025.04.04-21.51.18:709][  0]LogConfig: Setting CVar [[r.Streaming.MaxEffectiveScreenSize:0]]
[2025.04.04-21.51.18:709][  0]LogConfig: Applying CVar settings from Section [EffectsQuality@3] File [C:/Unreal Projects/Top-Down-Puzzle/TopDownPuzzle/Saved/Config/Windows/Scalability.ini]
[2025.04.04-21.51.18:709][  0]LogConfig: Setting CVar [[r.TranslucencyLightingVolumeDim:64]]
[2025.04.04-21.51.18:709][  0]LogConfig: Setting CVar [[r.RefractionQuality:2]]
[2025.04.04-21.51.18:709][  0]LogConfig: Setting CVar [[r.SSR.Quality:3]]
[2025.04.04-21.51.18:709][  0]LogConfig: Setting CVar [[r.SSR.HalfResSceneColor:0]]
[2025.04.04-21.51.18:709][  0]LogConfig: Setting CVar [[r.SceneColorFormat:4]]
[2025.04.04-21.51.18:709][  0]LogConfig: Setting CVar [[r.DetailMode:2]]
[2025.04.04-21.51.18:709][  0]LogConfig: Setting CVar [[r.TranslucencyVolumeBlur:1]]
[2025.04.04-21.51.18:709][  0]LogConfig: Setting CVar [[r.MaterialQualityLevel:1 ; High quality]]
[2025.04.04-21.51.18:709][  0]LogConfig: Setting CVar [[r.AnisotropicMaterials:1]]
[2025.04.04-21.51.18:709][  0]LogConfig: Setting CVar [[r.SSS.Scale:1]]
[2025.04.04-21.51.18:709][  0]LogConfig: Setting CVar [[r.SSS.SampleSet:2]]
[2025.04.04-21.51.18:709][  0]LogConfig: Setting CVar [[r.SSS.Quality:1]]
[2025.04.04-21.51.18:709][  0]LogConfig: Setting CVar [[r.SSS.HalfRes:0]]
[2025.04.04-21.51.18:709][  0]LogConfig: Setting CVar [[r.SSGI.Quality:3]]
[2025.04.04-21.51.18:709][  0]LogConfig: Setting CVar [[r.EmitterSpawnRateScale:1.0]]
[2025.04.04-21.51.18:709][  0]LogConfig: Setting CVar [[r.ParticleLightQuality:2]]
[2025.04.04-21.51.18:709][  0]LogConfig: Setting CVar [[r.SkyAtmosphere.AerialPerspectiveLUT.FastApplyOnOpaque:1 ; Always have FastSkyLUT 1 in this case to avoid wrong sky]]
[2025.04.04-21.51.18:709][  0]LogConfig: Setting CVar [[r.SkyAtmosphere.AerialPerspectiveLUT.SampleCountMaxPerSlice:4]]
[2025.04.04-21.51.18:709][  0]LogConfig: Setting CVar [[r.SkyAtmosphere.AerialPerspectiveLUT.DepthResolution:16.0]]
[2025.04.04-21.51.18:709][  0]LogConfig: Setting CVar [[r.SkyAtmosphere.FastSkyLUT:1]]
[2025.04.04-21.51.18:709][  0]LogConfig: Setting CVar [[r.SkyAtmosphere.FastSkyLUT.SampleCountMin:4.0]]
[2025.04.04-21.51.18:709][  0]LogConfig: Setting CVar [[r.SkyAtmosphere.FastSkyLUT.SampleCountMax:128.0]]
[2025.04.04-21.51.18:709][  0]LogConfig: Setting CVar [[r.SkyAtmosphere.SampleCountMin:4.0]]
[2025.04.04-21.51.18:709][  0]LogConfig: Setting CVar [[r.SkyAtmosphere.SampleCountMax:128.0]]
[2025.04.04-21.51.18:709][  0]LogConfig: Setting CVar [[r.SkyAtmosphere.TransmittanceLUT.UseSmallFormat:0]]
[2025.04.04-21.51.18:709][  0]LogConfig: Setting CVar [[r.SkyAtmosphere.TransmittanceLUT.SampleCount:10.0]]
[2025.04.04-21.51.18:710][  0]LogConfig: Setting CVar [[r.SkyAtmosphere.MultiScatteringLUT.SampleCount:15.0]]
[2025.04.04-21.51.18:710][  0]LogConfig: Setting CVar [[r.SkyLight.RealTimeReflectionCapture:1]]
[2025.04.04-21.51.18:710][  0]LogConfig: Applying CVar settings from Section [FoliageQuality@3] File [C:/Unreal Projects/Top-Down-Puzzle/TopDownPuzzle/Saved/Config/Windows/Scalability.ini]
[2025.04.04-21.51.18:710][  0]LogConfig: Setting CVar [[foliage.DensityScale:1.0]]
[2025.04.04-21.51.18:710][  0]LogConfig: Setting CVar [[grass.DensityScale:1.0]]
[2025.04.04-21.51.18:710][  0]LogConfig: Applying CVar settings from Section [ShadingQuality@3] File [C:/Unreal Projects/Top-Down-Puzzle/TopDownPuzzle/Saved/Config/Windows/Scalability.ini]
[2025.04.04-21.51.18:710][  0]LogConfig: Setting CVar [[r.HairStrands.SkyLighting.IntegrationType:2]]
[2025.04.04-21.51.18:710][  0]LogConfig: Setting CVar [[r.HairStrands.SkyAO.SampleCount:4]]
[2025.04.04-21.51.18:710][  0]LogConfig: Setting CVar [[r.HairStrands.Visibility.MSAA.SamplePerPixel:4]]
[2025.04.04-21.51.18:710][  0]LogInit: Selected Device Profile: [Windows]
[2025.04.04-21.51.18:710][  0]LogInit: Applying CVar settings loaded from the selected device profile: [Windows]
[2025.04.04-21.51.18:710][  0]LogHAL: Display: Platform has ~ 16 GB [17013329920 / 17179869184 / 16], which maps to Larger [LargestMinGB=32, LargerMinGB=12, DefaultMinGB=8, SmallerMinGB=6, SmallestMinGB=0)
[2025.04.04-21.51.18:710][  0]LogInit: Going up to parent DeviceProfile []
[2025.04.04-21.51.18:710][  0]LogConfig: Applying CVar settings from Section [ViewDistanceQuality@3] File [C:/Unreal Projects/Top-Down-Puzzle/TopDownPuzzle/Saved/Config/Windows/Scalability.ini]
[2025.04.04-21.51.18:710][  0]LogConfig: Setting CVar [[r.SkeletalMeshLODBias:0]]
[2025.04.04-21.51.18:710][  0]LogConfig: Setting CVar [[r.ViewDistanceScale:1.0]]
[2025.04.04-21.51.18:710][  0]LogConfig: Applying CVar settings from Section [AntiAliasingQuality@3] File [C:/Unreal Projects/Top-Down-Puzzle/TopDownPuzzle/Saved/Config/Windows/Scalability.ini]
[2025.04.04-21.51.18:710][  0]LogConfig: Setting CVar [[r.PostProcessAAQuality:4]]
[2025.04.04-21.51.18:710][  0]LogConfig: Applying CVar settings from Section [ShadowQuality@3] File [C:/Unreal Projects/Top-Down-Puzzle/TopDownPuzzle/Saved/Config/Windows/Scalability.ini]
[2025.04.04-21.51.18:710][  0]LogConfig: Setting CVar [[r.LightFunctionQuality:1]]
[2025.04.04-21.51.18:710][  0]LogConfig: Setting CVar [[r.ShadowQuality:5]]
[2025.04.04-21.51.18:710][  0]LogConfig: Setting CVar [[r.Shadow.CSM.MaxCascades:10]]
[2025.04.04-21.51.18:710][  0]LogConfig: Setting CVar [[r.Shadow.MaxResolution:2048]]
[2025.04.04-21.51.18:710][  0]LogConfig: Setting CVar [[r.Shadow.MaxCSMResolution:2048]]
[2025.04.04-21.51.18:710][  0]LogConfig: Setting CVar [[r.Shadow.RadiusThreshold:0.01]]
[2025.04.04-21.51.18:710][  0]LogConfig: Setting CVar [[r.Shadow.DistanceScale:1.0]]
[2025.04.04-21.51.18:710][  0]LogConfig: Setting CVar [[r.Shadow.CSM.TransitionScale:1.0]]
[2025.04.04-21.51.18:710][  0]LogConfig: Setting CVar [[r.Shadow.PreShadowResolutionFactor:1.0]]
[2025.04.04-21.51.18:710][  0]LogConfig: Setting CVar [[r.DistanceFieldShadowing:1]]
[2025.04.04-21.51.18:710][  0]LogConfig: Setting CVar [[r.DistanceFieldAO:1]]
[2025.04.04-21.51.18:710][  0]LogConfig: Setting CVar [[r.AOQuality:2]]
[2025.04.04-21.51.18:710][  0]LogConfig: Setting CVar [[r.VolumetricFog:1]]
[2025.04.04-21.51.18:710][  0]LogConfig: Setting CVar [[r.VolumetricFog.GridPixelSize:8]]
[2025.04.04-21.51.18:710][  0]LogConfig: Setting CVar [[r.VolumetricFog.GridSizeZ:128]]
[2025.04.04-21.51.18:710][  0]LogConfig: Setting CVar [[r.VolumetricFog.HistoryMissSupersampleCount:4]]
[2025.04.04-21.51.18:710][  0]LogConfig: Setting CVar [[r.LightMaxDrawDistanceScale:1]]
[2025.04.04-21.51.18:710][  0]LogConfig: Setting CVar [[r.CapsuleShadows:1]]
[2025.04.04-21.51.18:710][  0]LogConfig: Applying CVar settings from Section [PostProcessQuality@3] File [C:/Unreal Projects/Top-Down-Puzzle/TopDownPuzzle/Saved/Config/Windows/Scalability.ini]
[2025.04.04-21.51.18:710][  0]LogConfig: Setting CVar [[r.MotionBlurQuality:4]]
[2025.04.04-21.51.18:710][  0]LogConfig: Setting CVar [[r.AmbientOcclusionMipLevelFactor:0.4]]
[2025.04.04-21.51.18:710][  0]LogConfig: Setting CVar [[r.AmbientOcclusionMaxQuality:100]]
[2025.04.04-21.51.18:710][  0]LogConfig: Setting CVar [[r.AmbientOcclusionLevels:-1]]
[2025.04.04-21.51.18:710][  0]LogConfig: Setting CVar [[r.AmbientOcclusionRadiusScale:1.0]]
[2025.04.04-21.51.18:710][  0]LogConfig: Setting CVar [[r.DepthOfFieldQuality:2]]
[2025.04.04-21.51.18:710][  0]LogConfig: Setting CVar [[r.RenderTargetPoolMin:400]]
[2025.04.04-21.51.18:710][  0]LogConfig: Setting CVar [[r.LensFlareQuality:2]]
[2025.04.04-21.51.18:710][  0]LogConfig: Setting CVar [[r.SceneColorFringeQuality:1]]
[2025.04.04-21.51.18:711][  0]LogConfig: Setting CVar [[r.EyeAdaptationQuality:2]]
[2025.04.04-21.51.18:711][  0]LogConfig: Setting CVar [[r.BloomQuality:5]]
[2025.04.04-21.51.18:711][  0]LogConfig: Setting CVar [[r.FastBlurThreshold:100]]
[2025.04.04-21.51.18:711][  0]LogConfig: Setting CVar [[r.Upscale.Quality:3]]
[2025.04.04-21.51.18:711][  0]LogConfig: Setting CVar [[r.Tonemapper.GrainQuantization:1]]
[2025.04.04-21.51.18:711][  0]LogConfig: Setting CVar [[r.LightShaftQuality:1]]
[2025.04.04-21.51.18:711][  0]LogConfig: Setting CVar [[r.Filter.SizeScale:1]]
[2025.04.04-21.51.18:711][  0]LogConfig: Setting CVar [[r.Tonemapper.Quality:5]]
[2025.04.04-21.51.18:711][  0]LogConfig: Setting CVar [[r.DOF.Gather.AccumulatorQuality:1        ; higher gathering accumulator quality]]
[2025.04.04-21.51.18:711][  0]LogConfig: Setting CVar [[r.DOF.Gather.PostfilterMethod:1          ; Median3x3 postfilering method]]
[2025.04.04-21.51.18:711][  0]LogConfig: Setting CVar [[r.DOF.Gather.EnableBokehSettings:0       ; no bokeh simulation when gathering]]
[2025.04.04-21.51.18:711][  0]LogConfig: Setting CVar [[r.DOF.Gather.RingCount:4                 ; medium number of samples when gathering]]
[2025.04.04-21.51.18:711][  0]LogConfig: Setting CVar [[r.DOF.Scatter.ForegroundCompositing:1    ; additive foreground scattering]]
[2025.04.04-21.51.18:711][  0]LogConfig: Setting CVar [[r.DOF.Scatter.BackgroundCompositing:2    ; additive background scattering]]
[2025.04.04-21.51.18:711][  0]LogConfig: Setting CVar [[r.DOF.Scatter.EnableBokehSettings:1      ; bokeh simulation when scattering]]
[2025.04.04-21.51.18:711][  0]LogConfig: Setting CVar [[r.DOF.Scatter.MaxSpriteRatio:0.1         ; only a maximum of 10% of scattered bokeh]]
[2025.04.04-21.51.18:711][  0]LogConfig: Setting CVar [[r.DOF.Recombine.Quality:1                ; cheap slight out of focus]]
[2025.04.04-21.51.18:711][  0]LogConfig: Setting CVar [[r.DOF.Recombine.EnableBokehSettings:0    ; no bokeh simulation on slight out of focus]]
[2025.04.04-21.51.18:711][  0]LogConfig: Setting CVar [[r.DOF.TemporalAAQuality:1                ; more stable temporal accumulation]]
[2025.04.04-21.51.18:711][  0]LogConfig: Setting CVar [[r.DOF.Kernel.MaxForegroundRadius:0.025]]
[2025.04.04-21.51.18:711][  0]LogConfig: Setting CVar [[r.DOF.Kernel.MaxBackgroundRadius:0.025]]
[2025.04.04-21.51.18:711][  0]LogConfig: Applying CVar settings from Section [TextureQuality@3] File [C:/Unreal Projects/Top-Down-Puzzle/TopDownPuzzle/Saved/Config/Windows/Scalability.ini]
[2025.04.04-21.51.18:711][  0]LogConfig: Setting CVar [[r.Streaming.MipBias:0]]
[2025.04.04-21.51.18:711][  0]LogConfig: Setting CVar [[r.Streaming.AmortizeCPUToGPUCopy:0]]
[2025.04.04-21.51.18:711][  0]LogConfig: Setting CVar [[r.Streaming.MaxNumTexturesToStreamPerFrame:0]]
[2025.04.04-21.51.18:711][  0]LogConfig: Setting CVar [[r.Streaming.Boost:1]]
[2025.04.04-21.51.18:711][  0]LogConfig: Setting CVar [[r.MaxAnisotropy:8]]
[2025.04.04-21.51.18:711][  0]LogConfig: Setting CVar [[r.VT.MaxAnisotropy:8]]
[2025.04.04-21.51.18:711][  0]LogConfig: Setting CVar [[r.Streaming.LimitPoolSizeToVRAM:0]]
[2025.04.04-21.51.18:711][  0]LogConfig: Setting CVar [[r.Streaming.PoolSize:1000]]
[2025.04.04-21.51.18:711][  0]LogConfig: Setting CVar [[r.Streaming.MaxEffectiveScreenSize:0]]
[2025.04.04-21.51.18:711][  0]LogConfig: Applying CVar settings from Section [EffectsQuality@3] File [C:/Unreal Projects/Top-Down-Puzzle/TopDownPuzzle/Saved/Config/Windows/Scalability.ini]
[2025.04.04-21.51.18:711][  0]LogConfig: Setting CVar [[r.TranslucencyLightingVolumeDim:64]]
[2025.04.04-21.51.18:711][  0]LogConfig: Setting CVar [[r.RefractionQuality:2]]
[2025.04.04-21.51.18:711][  0]LogConfig: Setting CVar [[r.SSR.Quality:3]]
[2025.04.04-21.51.18:711][  0]LogConfig: Setting CVar [[r.SSR.HalfResSceneColor:0]]
[2025.04.04-21.51.18:711][  0]LogConfig: Setting CVar [[r.SceneColorFormat:4]]
[2025.04.04-21.51.18:711][  0]LogConfig: Setting CVar [[r.DetailMode:2]]
[2025.04.04-21.51.18:711][  0]LogConfig: Setting CVar [[r.TranslucencyVolumeBlur:1]]
[2025.04.04-21.51.18:711][  0]LogConfig: Setting CVar [[r.MaterialQualityLevel:1 ; High quality]]
[2025.04.04-21.51.18:711][  0]LogConfig: Setting CVar [[r.AnisotropicMaterials:1]]
[2025.04.04-21.51.18:711][  0]LogConfig: Setting CVar [[r.SSS.Scale:1]]
[2025.04.04-21.51.18:711][  0]LogConfig: Setting CVar [[r.SSS.SampleSet:2]]
[2025.04.04-21.51.18:711][  0]LogConfig: Setting CVar [[r.SSS.Quality:1]]
[2025.04.04-21.51.18:711][  0]LogConfig: Setting CVar [[r.SSS.HalfRes:0]]
[2025.04.04-21.51.18:711][  0]LogConfig: Setting CVar [[r.SSGI.Quality:3]]
[2025.04.04-21.51.18:711][  0]LogConfig: Setting CVar [[r.EmitterSpawnRateScale:1.0]]
[2025.04.04-21.51.18:711][  0]LogConfig: Setting CVar [[r.ParticleLightQuality:2]]
[2025.04.04-21.51.18:711][  0]LogConfig: Setting CVar [[r.SkyAtmosphere.AerialPerspectiveLUT.FastApplyOnOpaque:1 ; Always have FastSkyLUT 1 in this case to avoid wrong sky]]
[2025.04.04-21.51.18:711][  0]LogConfig: Setting CVar [[r.SkyAtmosphere.AerialPerspectiveLUT.SampleCountMaxPerSlice:4]]
[2025.04.04-21.51.18:711][  0]LogConfig: Setting CVar [[r.SkyAtmosphere.AerialPerspectiveLUT.DepthResolution:16.0]]
[2025.04.04-21.51.18:711][  0]LogConfig: Setting CVar [[r.SkyAtmosphere.FastSkyLUT:1]]
[2025.04.04-21.51.18:711][  0]LogConfig: Setting CVar [[r.SkyAtmosphere.FastSkyLUT.SampleCountMin:4.0]]
[2025.04.04-21.51.18:711][  0]LogConfig: Setting CVar [[r.SkyAtmosphere.FastSkyLUT.SampleCountMax:128.0]]
[2025.04.04-21.51.18:711][  0]LogConfig: Setting CVar [[r.SkyAtmosphere.SampleCountMin:4.0]]
[2025.04.04-21.51.18:711][  0]LogConfig: Setting CVar [[r.SkyAtmosphere.SampleCountMax:128.0]]
[2025.04.04-21.51.18:711][  0]LogConfig: Setting CVar [[r.SkyAtmosphere.TransmittanceLUT.UseSmallFormat:0]]
[2025.04.04-21.51.18:711][  0]LogConfig: Setting CVar [[r.SkyAtmosphere.TransmittanceLUT.SampleCount:10.0]]
[2025.04.04-21.51.18:711][  0]LogConfig: Setting CVar [[r.SkyAtmosphere.MultiScatteringLUT.SampleCount:15.0]]
[2025.04.04-21.51.18:711][  0]LogConfig: Setting CVar [[r.SkyLight.RealTimeReflectionCapture:1]]
[2025.04.04-21.51.18:711][  0]LogConfig: Applying CVar settings from Section [FoliageQuality@3] File [C:/Unreal Projects/Top-Down-Puzzle/TopDownPuzzle/Saved/Config/Windows/Scalability.ini]
[2025.04.04-21.51.18:711][  0]LogConfig: Setting CVar [[foliage.DensityScale:1.0]]
[2025.04.04-21.51.18:711][  0]LogConfig: Setting CVar [[grass.DensityScale:1.0]]
[2025.04.04-21.51.18:711][  0]LogConfig: Applying CVar settings from Section [ShadingQuality@3] File [C:/Unreal Projects/Top-Down-Puzzle/TopDownPuzzle/Saved/Config/Windows/Scalability.ini]
[2025.04.04-21.51.18:711][  0]LogConfig: Setting CVar [[r.HairStrands.SkyLighting.IntegrationType:2]]
[2025.04.04-21.51.18:711][  0]LogConfig: Setting CVar [[r.HairStrands.SkyAO.SampleCount:4]]
[2025.04.04-21.51.18:711][  0]LogConfig: Setting CVar [[r.HairStrands.Visibility.MSAA.SamplePerPixel:4]]
[2025.04.04-21.51.18:711][  0]LogConfig: Applying CVar settings from Section [Startup] File [../../../Engine/Config/ConsoleVariables.ini]
[2025.04.04-21.51.18:712][  0]LogConfig: Setting CVar [[net.UseAdaptiveNetUpdateFrequency:0]]
[2025.04.04-21.51.18:712][  0]LogConfig: Setting CVar [[p.chaos.AllowCreatePhysxBodies:1]]
[2025.04.04-21.51.18:712][  0]LogConfig: Setting CVar [[fx.SkipVectorVMBackendOptimizations:1]]
[2025.04.04-21.51.18:712][  0]LogConfig: Applying CVar settings from Section [ConsoleVariables] File [C:/Unreal Projects/Top-Down-Puzzle/TopDownPuzzle/Saved/Config/Windows/Engine.ini]
[2025.04.04-21.51.18:712][  0]LogConfig: Applying CVar settings from Section [ConsoleVariables] File [C:/Unreal Projects/Top-Down-Puzzle/TopDownPuzzle/Saved/Config/Windows/Editor.ini]
[2025.04.04-21.51.18:712][  0]LogInit: Computer: LAPTOP-EJ2DB2HV
[2025.04.04-21.51.18:712][  0]LogInit: User: patel
[2025.04.04-21.51.18:712][  0]LogInit: CPU Page size=4096, Cores=4
[2025.04.04-21.51.18:712][  0]LogInit: High frequency timer resolution =10.000000 MHz
[2025.04.04-21.51.18:712][  0]LogMemory: Memory total: Physical=15.8GB (16GB approx)
[2025.04.04-21.51.18:712][  0]LogMemory: Platform Memory Stats for Windows
[2025.04.04-21.51.18:712][  0]LogMemory: Process Physical Memory: 143.45 MB used, 143.45 MB peak
[2025.04.04-21.51.18:712][  0]LogMemory: Process Virtual Memory: 124.95 MB used, 124.95 MB peak
[2025.04.04-21.51.18:712][  0]LogMemory: Physical Memory: 7963.02 MB used,  8262.16 MB free, 16225.18 MB total
[2025.04.04-21.51.18:712][  0]LogMemory: Virtual Memory: 134194832.00 MB used,  22892.90 MB free, 134217728.00 MB total
[2025.04.04-21.51.18:721][  0]LogWindows: WindowsPlatformFeatures enabled
[2025.04.04-21.51.18:792][  0]LogInit: Physics initialised using underlying interface: PhysX
[2025.04.04-21.51.18:793][  0]LogInit: Using OS detected language (en-US).
[2025.04.04-21.51.18:793][  0]LogInit: Using OS detected locale (en-IN).
[2025.04.04-21.51.18:799][  0]LogTextLocalizationManager: No specific localization for 'en-US' exists, so the 'en' localization will be used.
[2025.04.04-21.51.19:066][  0]LogInit: Setting process to per monitor DPI aware
[2025.04.04-21.51.19:086][  0]LogWindowsTextInputMethodSystem: Display: IME system deactivated.
[2025.04.04-21.51.19:103][  0]LogSlate: New Slate User Created.  User Index 0, Is Virtual User: 0
[2025.04.04-21.51.19:103][  0]LogSlate: Slate User Registered.  User Index 0, Is Virtual User: 0
[2025.04.04-21.51.19:329][  0]LogD3D11RHI: Loaded GFSDK_Aftermath_Lib.x64.dll
[2025.04.04-21.51.19:409][  0]LogHMD: Failed to initialize OpenVR with code 110
[2025.04.04-21.51.19:409][  0]LogD3D11RHI: D3D11 min allowed feature level: 11_0
[2025.04.04-21.51.19:409][  0]LogD3D11RHI: D3D11 max allowed feature level: 11_0
[2025.04.04-21.51.19:409][  0]LogD3D11RHI: D3D11 adapters:
[2025.04.04-21.51.19:539][  0]LogD3D11RHI:    0. 'NVIDIA GeForce GTX 1650' (Feature Level 11_0)
[2025.04.04-21.51.19:539][  0]LogD3D11RHI:       3935/0/8112 MB DedicatedVideo/DedicatedSystem/SharedSystem, Outputs:1, VendorId:0x10de
[2025.04.04-21.51.19:604][  0]LogD3D11RHI:    1. 'Intel(R) UHD Graphics 630' (Feature Level 11_0)
[2025.04.04-21.51.19:604][  0]LogD3D11RHI:       128/0/8112 MB DedicatedVideo/DedicatedSystem/SharedSystem, Outputs:0, VendorId:0x8086
[2025.04.04-21.51.19:607][  0]LogD3D11RHI:    2. 'Microsoft Basic Render Driver' (Feature Level 11_0)
[2025.04.04-21.51.19:607][  0]LogD3D11RHI:       0/0/8112 MB DedicatedVideo/DedicatedSystem/SharedSystem, Outputs:0, VendorId:0x1414
[2025.04.04-21.51.19:607][  0]LogD3D11RHI: Chosen D3D11 Adapter:
[2025.04.04-21.51.19:607][  0]LogD3D11RHI:     Description : NVIDIA GeForce GTX 1650
[2025.04.04-21.51.19:607][  0]LogD3D11RHI:     VendorId    : 10de
[2025.04.04-21.51.19:607][  0]LogD3D11RHI:     DeviceId    : 1f91
[2025.04.04-21.51.19:607][  0]LogD3D11RHI:     SubSysId    : 85fc103c
[2025.04.04-21.51.19:607][  0]LogD3D11RHI:     Revision    : 00a1
[2025.04.04-21.51.19:607][  0]LogD3D11RHI:     DedicatedVideoMemory : 4126146560 bytes
[2025.04.04-21.51.19:607][  0]LogD3D11RHI:     DedicatedSystemMemory : 0 bytes
[2025.04.04-21.51.19:607][  0]LogD3D11RHI:     SharedSystemMemory : 8506664960 bytes
[2025.04.04-21.51.19:607][  0]LogD3D11RHI:     AdapterLuid : 0 81656
[2025.04.04-21.51.19:613][  0]LogD3D11RHI: Creating new Direct3DDevice
[2025.04.04-21.51.19:613][  0]LogD3D11RHI:     GPU DeviceId: 0x1f91 (for the marketing name, search the web for "GPU Device Id")
[2025.04.04-21.51.19:613][  0]LogWindows: EnumDisplayDevices:
[2025.04.04-21.51.19:613][  0]LogWindows:    0. 'Intel(R) UHD Graphics 630' (P:1 D:1)
[2025.04.04-21.51.19:613][  0]LogWindows:    1. 'Intel(R) UHD Graphics 630' (P:0 D:0)
[2025.04.04-21.51.19:613][  0]LogWindows:    2. 'Intel(R) UHD Graphics 630' (P:0 D:0)
[2025.04.04-21.51.19:614][  0]LogWindows:    3. 'NVIDIA GeForce GTX 1650' (P:0 D:0)
[2025.04.04-21.51.19:614][  0]LogWindows:    4. 'NVIDIA GeForce GTX 1650' (P:0 D:0)
[2025.04.04-21.51.19:614][  0]LogWindows:    5. 'NVIDIA GeForce GTX 1650' (P:0 D:0)
[2025.04.04-21.51.19:614][  0]LogWindows:    6. 'NVIDIA GeForce GTX 1650' (P:0 D:0)
[2025.04.04-21.51.19:614][  0]LogWindows: DebugString: PrimaryIsNotTheChoosenAdapter PrimaryIsNotTheChoosenAdapter PrimaryIsNotTheChoosenAdapter FoundDriverCount:4 
[2025.04.04-21.51.19:614][  0]LogD3D11RHI:     Adapter Name: NVIDIA GeForce GTX 1650
[2025.04.04-21.51.19:614][  0]LogD3D11RHI:   Driver Version: 561.19 (internal:32.0.15.6119, unified:561.19)
[2025.04.04-21.51.19:614][  0]LogD3D11RHI:      Driver Date: 11-11-2024
[2025.04.04-21.51.19:614][  0]LogRHI: Texture pool is 2754 MB (70% of 3935 MB)
[2025.04.04-21.51.19:614][  0]LogD3D11RHI: Creating D3DDevice using adapter:
[2025.04.04-21.51.19:614][  0]LogD3D11RHI:     Description : NVIDIA GeForce GTX 1650
[2025.04.04-21.51.19:615][  0]LogD3D11RHI:     VendorId    : 10de
[2025.04.04-21.51.19:615][  0]LogD3D11RHI:     DeviceId    : 1f91
[2025.04.04-21.51.19:615][  0]LogD3D11RHI:     SubSysId    : 85fc103c
[2025.04.04-21.51.19:615][  0]LogD3D11RHI:     Revision    : 00a1
[2025.04.04-21.51.19:615][  0]LogD3D11RHI:     DedicatedVideoMemory : 4126146560 bytes
[2025.04.04-21.51.19:615][  0]LogD3D11RHI:     DedicatedSystemMemory : 0 bytes
[2025.04.04-21.51.19:615][  0]LogD3D11RHI:     SharedSystemMemory : 8506664960 bytes
[2025.04.04-21.51.19:615][  0]LogD3D11RHI:     AdapterLuid : 0 81656
[2025.04.04-21.51.19:692][  0]LogD3D11RHI: RHI has support for 64 bit atomics
[2025.04.04-21.51.19:693][  0]LogD3D11RHI: Async texture creation enabled
[2025.04.04-21.51.19:693][  0]LogD3D11RHI: Array index from any shader is supported
[2025.04.04-21.51.19:711][  0]LogD3D11RHI: GPU Timing Frequency: 1000.000000 (Debug: 2 1)
[2025.04.04-21.51.19:768][  0]LogRHI: GeForceNow SDK initialized: 1
[2025.04.04-21.51.20:122][  0]LogTargetPlatformManager: Display: Loaded TargetPlatform 'AllDesktop'
[2025.04.04-21.51.20:145][  0]LogTargetPlatformManager: Display: Loaded TargetPlatform 'Android'
[2025.04.04-21.51.20:145][  0]LogTargetPlatformManager: Display: Loaded TargetPlatform 'Android_ASTC'
[2025.04.04-21.51.20:145][  0]LogTargetPlatformManager: Display: Loaded TargetPlatform 'Android_DXT'
[2025.04.04-21.51.20:145][  0]LogTargetPlatformManager: Display: Loaded TargetPlatform 'Android_ETC2'
[2025.04.04-21.51.20:145][  0]LogTargetPlatformManager: Display: Loaded TargetPlatform 'AndroidClient'
[2025.04.04-21.51.20:145][  0]LogTargetPlatformManager: Display: Loaded TargetPlatform 'Android_ASTCClient'
[2025.04.04-21.51.20:145][  0]LogTargetPlatformManager: Display: Loaded TargetPlatform 'Android_DXTClient'
[2025.04.04-21.51.20:145][  0]LogTargetPlatformManager: Display: Loaded TargetPlatform 'Android_ETC2Client'
[2025.04.04-21.51.20:145][  0]LogTargetPlatformManager: Display: Loaded TargetPlatform 'Android_Multi'
[2025.04.04-21.51.20:145][  0]LogTargetPlatformManager: Display: Loaded TargetPlatform 'Android_MultiClient'
[2025.04.04-21.51.20:171][  0]LogTargetPlatformManager: Display: Loaded TargetPlatform 'IOSClient'
[2025.04.04-21.51.20:171][  0]LogTargetPlatformManager: Display: Loaded TargetPlatform 'IOS'
[2025.04.04-21.51.20:183][  0]LogTargetPlatformManager: Display: Loaded TargetPlatform 'Linux'
[2025.04.04-21.51.20:189][  0]LogTargetPlatformManager: Display: Loaded TargetPlatform 'LinuxNoEditor'
[2025.04.04-21.51.20:194][  0]LogTargetPlatformManager: Display: Loaded TargetPlatform 'LinuxClient'
[2025.04.04-21.51.20:200][  0]LogTargetPlatformManager: Display: Loaded TargetPlatform 'LinuxServer'
[2025.04.04-21.51.20:211][  0]LogTargetPlatformManager: Display: Loaded TargetPlatform 'LinuxAArch64NoEditor'
[2025.04.04-21.51.20:217][  0]LogTargetPlatformManager: Display: Loaded TargetPlatform 'LinuxAArch64Client'
[2025.04.04-21.51.20:222][  0]LogTargetPlatformManager: Display: Loaded TargetPlatform 'LinuxAArch64Server'
[2025.04.04-21.51.20:257][  0]LogTargetPlatformManager: Display: Loaded TargetPlatform 'Lumin'
[2025.04.04-21.51.20:257][  0]LogTargetPlatformManager: Display: Loaded TargetPlatform 'LuminClient'
[2025.04.04-21.51.20:270][  0]LogTargetPlatformManager: Display: Loaded TargetPlatform 'MacNoEditor'
[2025.04.04-21.51.20:277][  0]LogTargetPlatformManager: Display: Loaded TargetPlatform 'Mac'
[2025.04.04-21.51.20:283][  0]LogTargetPlatformManager: Display: Loaded TargetPlatform 'MacClient'
[2025.04.04-21.51.20:289][  0]LogTargetPlatformManager: Display: Loaded TargetPlatform 'MacServer'
[2025.04.04-21.51.20:301][  0]LogTargetPlatformManager: Display: Loaded TargetPlatform 'TVOSClient'
[2025.04.04-21.51.20:301][  0]LogTargetPlatformManager: Display: Loaded TargetPlatform 'TVOS'
[2025.04.04-21.51.20:312][  0]LogTargetPlatformManager: Display: Loaded TargetPlatform 'WindowsNoEditor'
[2025.04.04-21.51.20:318][  0]LogTargetPlatformManager: Display: Loaded TargetPlatform 'Windows'
[2025.04.04-21.51.20:324][  0]LogTargetPlatformManager: Display: Loaded TargetPlatform 'WindowsClient'
[2025.04.04-21.51.20:329][  0]LogTargetPlatformManager: Display: Loaded TargetPlatform 'WindowsServer'
[2025.04.04-21.51.20:329][  0]LogTargetPlatformManager: Display: Building Assets For Windows
[2025.04.04-21.51.20:341][  0]LogAudioDebug: Display: Lib vorbis DLL was dynamically loaded.
[2025.04.04-21.51.20:387][  0]LogTextureFormatOodle: Display: Oodle Texture 2.9.0 init RDO Off
[2025.04.04-21.51.20:435][  0]LogRendererCore: Ray tracing is disabled. Reason: r.RayTracing=0.
[2025.04.04-21.51.20:435][  0]LogShaderCompilers: Guid format shader working directory is -18 characters bigger than the processId version (../../../../../../Unreal Projects/Top-Down-Puzzle/TopDownPuzzle/Intermediate/Shaders/WorkingDirectory/27720/).
[2025.04.04-21.51.20:435][  0]LogShaderCompilers: Cleaned the shader compiler working directory 'C:/Users/patel/AppData/Local/Temp/UnrealShaderWorkingDir/BF3561744D649D6D0D89938B4AE73F32/'.
[2025.04.04-21.51.20:435][  0]LogXGEController: Cannot use XGE Controller as Incredibuild is not installed on this machine.
[2025.04.04-21.51.20:436][  0]LogShaderCompilers: Cannot use XGE Shader Compiler as Incredibuild is not installed on this machine.
[2025.04.04-21.51.20:436][  0]LogShaderCompilers: Display: Using Local Shader Compiler.
[2025.04.04-21.51.21:182][  0]LogDerivedDataCache: Display: Max Cache Size: 512 MB
[2025.04.04-21.51.21:239][  0]LogDerivedDataCache: Loaded boot cache 0.06s 94MB C:/Users/patel/AppData/Local/UnrealEngine/4.27/DerivedDataCache/Boot.ddc.
[2025.04.04-21.51.21:239][  0]LogDerivedDataCache: Display: Loaded Boot cache: C:/Users/patel/AppData/Local/UnrealEngine/4.27/DerivedDataCache/Boot.ddc
[2025.04.04-21.51.21:239][  0]LogDerivedDataCache: FDerivedDataBackendGraph:  Pak pak cache file ../../../../../../Unreal Projects/Top-Down-Puzzle/TopDownPuzzle/DerivedDataCache/DDC.ddp not found, will not use a pak cache.
[2025.04.04-21.51.21:239][  0]LogDerivedDataCache: Unable to find inner node Pak for hierarchical cache Hierarchy.
[2025.04.04-21.51.21:239][  0]LogDerivedDataCache: FDerivedDataBackendGraph:  CompressedPak pak cache file ../../../../../../Unreal Projects/Top-Down-Puzzle/TopDownPuzzle/DerivedDataCache/Compressed.ddp not found, will not use a pak cache.
[2025.04.04-21.51.21:239][  0]LogDerivedDataCache: Unable to find inner node CompressedPak for hierarchical cache Hierarchy.
[2025.04.04-21.51.21:255][  0]LogDerivedDataCache: Display: Pak cache opened for reading ../../../Engine/DerivedDataCache/Compressed.ddp.
[2025.04.04-21.51.21:255][  0]LogDerivedDataCache: FDerivedDataBackendGraph:  EnterprisePak pak cache file ../../../Enterprise/DerivedDataCache/Compressed.ddp not found, will not use a pak cache.
[2025.04.04-21.51.21:255][  0]LogDerivedDataCache: Unable to find inner node EnterprisePak for hierarchical cache Hierarchy.
[2025.04.04-21.51.21:265][  0]LogDerivedDataCache: Speed tests for C:/Users/patel/AppData/Local/UnrealEngine/Common/DerivedDataCache took 0.01 seconds
[2025.04.04-21.51.21:265][  0]LogDerivedDataCache: Display: Performance to C:/Users/patel/AppData/Local/UnrealEngine/Common/DerivedDataCache: Latency=0.05ms. RandomReadSpeed=874.10MBs, RandomWriteSpeed=115.88MBs. Assigned SpeedClass 'Local'
[2025.04.04-21.51.21:272][  0]LogDerivedDataCache: Using Local data cache path C:/Users/patel/AppData/Local/UnrealEngine/Common/DerivedDataCache: Writable
[2025.04.04-21.51.21:272][  0]LogDerivedDataCache: Shared data cache path not found in *engine.ini, will not use an Shared cache.
[2025.04.04-21.51.21:272][  0]LogDerivedDataCache: Unable to find inner node Shared for hierarchical cache Hierarchy.
[2025.04.04-21.51.21:322][  0]LogSlate: Using FreeType 2.10.0
[2025.04.04-21.51.21:323][  0]LogSlate: SlateFontServices - WITH_FREETYPE: 1, WITH_HARFBUZZ: 1
[2025.04.04-21.51.21:352][  0]LogAssetRegistry: FAssetRegistry took 0.0026 seconds to start up
[2025.04.04-21.51.21:584][  0]LogInit: Selected Device Profile: [Windows]
[2025.04.04-21.51.21:584][  0]LogInit: Active device profile: [000001EF31070700][000001EF30EDF1C0 49] Windows
[2025.04.04-21.51.21:584][  0]LogInit: Profiles: [000001EF31070700][000001EF30EDF1C0 49] Windows, [000001EF30FF3700][000001EF30C7B340 49] WindowsNoEditor, [000001EF31073300][000001EF30C7F4C0 49] WindowsServer, [000001EF30FF0F00][000001EF30C83640 49] WindowsClient, [000001EF31073500][000001EF30C877C0 49] IOS, [000001EF31EE7F00][000001EF2B977940 49] iPadAir, [000001EF30FF3B00][000001EF2B983AC0 49] iPadAir2, [000001EF31EA8500][000001EF30F0A200 49] IPadPro, [000001EF31EA8600][000001EF30F06240 49] iPadAir3, [000001EF31EE4100][000001EF293803C0 49] iPadAir4, [000001EF31EAAC00][000001EF29384540 49] iPadMini2, [000001EF31EE6500][000001EF293886C0 49] iPadMini3, [000001EF31EAB400][000001EF2938C840 49] iPadMini4, [000001EF31EE4F00][000001EF293909C0 49] iPadMini5, [000001EF31E6FE00][000001EF30EE2C40 49] iPhone6, [000001EF31E6FF00][000001EF30D24C80 49] iPodTouch6, [000001EF31073900][000001EF29394EC0 49] iPhone7, [000001EF31072100][000001EF30D28F00 49] iPodTouch7, [000001EF31E6C400][000001EF29399080 49] iPhone5S, [000001EF31EABD00][000001EF2BA79200 49] iPhone6Plus, [000001EF31073400][000001EF2BA7D380 49] iPhone6S, [000001EF31EAA000][000001EF2BA8D500 49] iPhone6SPlus, [000001EF31070900][000001EF2BA95680 49] iPhone7Plus, [000001EF31EA8E00][000001EF30EC3800 49] iPhoneSE, [000001EF31070200][000001EF30ED1980 49] iPhone8, [000001EF31EAA400][000001EF30ED5B00 49] iPhone8Plus, [000001EF31071E00][000001EF30ED8100 49] iPhoneX, [000001EF31EABE00][000001EF31FEE280 49] iPhoneXS, [000001EF31071600][000001EF31FF2400 49] iPhoneXSMax, [000001EF31EAA500][000001EF32234580 49] iPhoneXR, [000001EF31072A00][000001EF32238700 49] iPhone11, [000001EF31EABA00][000001EF3223C880 49] iPhone11Pro, [000001EF31070F00][000001EF32254A00 49] iPhone11ProMax, [000001EF31EAA300][000001EF320A2B80 49] iPhoneSE2, [000001EF31072700][000001EF320A6D00 49] iPhone12Mini, [000001EF31EA8700][000001EF3231CE40 49] iPhone12, [000001EF31073100][000001EF320AAF80 49] iPhone12Pro, [000001EF31EAB500][000001EF327050C0 49] iPhone12ProMax, [000001EF31070800][000001EF3270D240 49] iPadPro105, [000001EF31EA9C00][000001EF323113C0 49] iPadPro129, [000001EF31070300][000001EF32315540 49] iPadPro97, [000001EF31EA9D00][000001EF323196C0 49] iPadPro2_129, [000001EF31070C00][000001EF28BBF840 49] iPad5, [000001EF31EAB000][000001EF28BC39C0 49] iPad6, [000001EF31072C00][000001EF3230DB40 49] iPad7, [000001EF31EAAE00][000001EF326C6140 49] iPad8, [000001EF31071800][000001EF327262C0 49] iPadPro11, [000001EF31EA9B00][000001EF3272A440 49] iPadPro2_11, [000001EF31071500][000001EF28BD25C0 49] iPadPro3_129, [000001EF31EAA700][000001EF28BD6740 49] iPadPro4_129, [000001EF31070100][000001EF2939C8C0 49] AppleTV, [000001EF31EAAB00][000001EF30C8AA40 49] AppleTV4K, [000001EF31071B00][000001EF2B972BC0 49] TVOS, [000001EF31EA8900][000001EF28BDAD40 49] Mac, [000001EF31071700][000001EF28B96EC0 49] MacClient, [000001EF31EAAF00][000001EF32709000 49] MacNoEditor, [000001EF31070D00][000001EF28B9B140 49] MacServer, [000001EF31EA8300][000001EF28B9F280 49] Linux, [000001EF31072E00][000001EF28BA33C0 49] LinuxAArch64, [000001EF31EA9500][000001EF28BAB540 49] LinuxNoEditor, [000001EF31072400][000001EF28BAF6C0 49] LinuxAArch64NoEditor, [000001EF31EA8200][000001EF28BB3840 49] LinuxClient, [000001EF31072D00][000001EF28BB79C0 49] LinuxAArch64Client, [000001EF31EA8C00][000001EF28BBBB40 49] LinuxServer, [000001EF31070400][000001EF30CFC140 49] LinuxAArch64Server, [000001EF31EA9000][000001EF30D002C0 49] Android, [000001EF31EE7900][000001EF30D04440 49] Android_Low, [000001EF31E6DB00][000001EF30D085C0 49] Android_Mid, [000001EF31EE7000][000001EF30D0C740 49] Android_High, [000001EF31E6E300][000001EF30D108C0 49] Android_Default, [000001EF31EE6000][000001EF30D14A40 49] Android_Adreno4xx, [000001EF31E6C100][000001EF30D18BC0 49] Android_Adreno5xx_Low, [000001EF31EE4B00][000001EF30D1CD40 49] Android_Adreno5xx, [000001EF31E6D800][000001EF30D20EC0 49] Android_Adreno6xx, [000001EF31EE5100][000001EF2BA47040 49] Android_Adreno6xx_Vulkan, [000001EF31E6C800][000001EF28BA7180 49] Android_Mali_T6xx, [000001EF31EE7600][000001EF2BA4B2C0 49] Android_Mali_T7xx, [000001EF31E6CD00][000001EF2BA4F400 49] Android_Mali_T8xx, [000001EF31EE7C00][000001EF2BA53540 49] Android_Mali_G71, [000001EF31E6D500][000001EF2BA5B6C0 49] Android_Mali_G72, [000001EF31EE7E00][000001EF2BA5F840 49] Android_Mali_G72_Vulkan, [000001EF31E6FD00][000001EF2BA639C0 49] Android_Mali_G76, [000001EF31EE7A00][000001EF2BA67B40 49] Android_Mali_G76_Vulkan, [000001EF31E6F600][000001EF2BA6A140 49] Android_Mali_G77, [000001EF31EE6200][000001EF2BA6E2C0 49] Android_Mali_G77_Vulkan, [000001EF31E6D200][000001EF2BA72440 49] Android_Mali_G78, [000001EF31EE4A00][000001EF31FB65C0 49] Android_Mali_G78_Vulkan, [000001EF31E6F000][000001EF31FBA740 49] Android_Mali_G710, [000001EF31EE5400][000001EF31FBE8C0 49] Android_Mali_G710_Vulkan, [000001EF31E6C700][000001EF31FC2A40 49] Android_Vulkan_SM5, [000001EF31EE5800][000001EF31FC6BC0 49] Android_PowerVR_G6xxx, [000001EF31E6CE00][000001EF31FCAD40 49] Android_PowerVR_GT7xxx, [000001EF31EE4200][000001EF31FCEEC0 49] Android_PowerVR_GE8xxx, [000001EF31E6C600][000001EF31FD3040 49] Android_PowerVR_GM9xxx, [000001EF31EE6600][000001EF31FD71C0 49] Android_PowerVR_GM9xxx_Vulkan, [000001EF31EA8F00][000001EF31FDB340 49] Android_TegraK1, [000001EF31EE6A00][000001EF2BA57480 49] Android_Unknown_Vulkan, [000001EF31EA8D00][000001EF31FDF5C0 49] Lumin, [000001EF31EE5200][000001EF31FE3700 49] Lumin_Desktop, [000001EF31EA8B00][000001EF31FEB880 49] HoloLens, 
[2025.04.04-21.51.21:718][  0]LogMeshReduction: Using QuadricMeshReduction for automatic static mesh reduction
[2025.04.04-21.51.21:718][  0]LogMeshReduction: Using SimplygonMeshReduction for automatic skeletal mesh reduction
[2025.04.04-21.51.21:718][  0]LogMeshReduction: Using ProxyLODMeshReduction for automatic mesh merging
[2025.04.04-21.51.21:718][  0]LogMeshReduction: No distributed automatic mesh merging module available
[2025.04.04-21.51.21:718][  0]LogMeshMerging: No distributed automatic mesh merging module available
[2025.04.04-21.51.21:733][  0]LogNetVersion: TopDownPuzzle 1.0.0, NetCL: 17155196, EngineNetVer: 17, GameNetVer: 0 (Checksum: 565499533)
[2025.04.04-21.51.22:125][  0]LogTexture: Default maximum texture size for cubemaps generated from long-lat sources has been changed from 512 to unlimited. In order to preserve old behaiour for '/Engine/MapTemplates/Sky/DaylightAmbientCubemap.DaylightAmbientCubemap', its maximum texture size has been explicitly set to 512.
[2025.04.04-21.51.22:177][  0]LogHMD: PokeAHoleMaterial loaded successfully
[2025.04.04-21.51.22:183][  0]LogUObjectArray: 17178 objects as part of root set at end of initial load.
[2025.04.04-21.51.22:183][  0]LogUObjectAllocator: 4302048 out of 0 bytes used by permanent object pool.
[2025.04.04-21.51.22:183][  0]LogUObjectArray: CloseDisregardForGC: 0/0 objects in disregard for GC pool
[2025.04.04-21.51.22:563][  0]LogNiagaraDebuggerClient: Niagara Debugger Client Initialized | Session: 0941C7B84C9B56F35E18859F6EEC1F83 | Instance: 6310940740D6554203618692EA8D1D9D (LAPTOP-EJ2DB2HV-27720).
[2025.04.04-21.51.22:605][  0]LogPython: Using Python 3.7.7
[2025.04.04-21.51.23:249][  0]LogTcpMessaging: Initializing TcpMessaging bridge
[2025.04.04-21.51.23:260][  0]LogUdpMessaging: Initializing bridge on interface 0.0.0.0:0 to multicast group 230.0.0.1:6666.
[2025.04.04-21.51.23:949][  0]SourceControl: Source control is disabled
[2025.04.04-21.51.23:949][  0]SourceControl: Source control is disabled
[2025.04.04-21.51.23:953][  0]SourceControl: Source control is disabled
[2025.04.04-21.51.23:957][  0]SourceControl: Source control is disabled
[2025.04.04-21.51.23:970][  0]SourceControl: Source control is disabled
[2025.04.04-21.51.23:978][  0]LogUProjectInfo: Found projects:
[2025.04.04-21.51.24:234][  0]LogOpenImageDenoise: OIDN starting up
[2025.04.04-21.51.24:292][  0]LogAndroidPermission: UAndroidPermissionCallbackProxy::GetInstance
[2025.04.04-21.51.24:321][  0]LogAudioCaptureCore: Display: No Audio Capture implementations found. Audio input will be silent.
[2025.04.04-21.51.24:321][  0]LogAudioCaptureCore: Display: No Audio Capture implementations found. Audio input will be silent.
[2025.04.04-21.51.24:458][  0]LogCollectionManager: Loaded 0 collections in 0.001586 seconds
[2025.04.04-21.51.24:488][  0]LogFileCache: Scanning file cache for directory 'C:/Unreal Projects/Top-Down-Puzzle/TopDownPuzzle/Saved/Collections/' took 0.00s
[2025.04.04-21.51.24:488][  0]LogFileCache: Scanning file cache for directory 'C:/Unreal Projects/Top-Down-Puzzle/TopDownPuzzle/Content/Developers/patel/Collections/' took 0.00s
[2025.04.04-21.51.24:488][  0]LogFileCache: Scanning file cache for directory 'C:/Unreal Projects/Top-Down-Puzzle/TopDownPuzzle/Content/Collections/' took 0.00s
[2025.04.04-21.51.24:488][  0]LogOcInput: OculusInput pre-init called
[2025.04.04-21.51.24:741][  0]LogEngine: Initializing Engine...
[2025.04.04-21.51.24:809][  0]LogHMD: Failed to enumerate extensions. Please check that you have a valid OpenXR runtime installed.
[2025.04.04-21.51.24:810][  0]LogHMD: Failed to initialize OpenVR with code 110
[2025.04.04-21.51.24:810][  0]LogMagicLeap: Warning: VR disabled because ZI is not enabled.  To enable, in the editor, Edit -> Project Settings -> Plugins -> Magic Leap Plugin -> Enable Zero Iteration
[2025.04.04-21.51.24:811][  0]LogStats: UGameplayTagsManager::InitializeManager -  0.000 s
[2025.04.04-21.51.24:931][  0]LogInit: Initializing FReadOnlyCVARCache
[2025.04.04-21.51.24:946][  0]LogAIModule: Creating AISystem for world Untitled
[2025.04.04-21.51.24:980][  0]LogAudio: Display: Initializing Audio Device Manager...
[2025.04.04-21.51.24:985][  0]LogAudio: Display: Loading Default Audio Settings Objects...
[2025.04.04-21.51.24:985][  0]LogAudio: Display: No default SoundConcurrencyObject specified (or failed to load).
[2025.04.04-21.51.24:986][  0]LogAudio: Display: Audio Device Manager Initialized
[2025.04.04-21.51.24:986][  0]LogAudio: Display: Creating Audio Device:                 Id: 1, Scope: Shared, Realtime: True
[2025.04.04-21.51.24:986][  0]LogAudioMixer: Display: Audio Mixer Platform Settings:
[2025.04.04-21.51.24:986][  0]LogAudioMixer: Display: 	Sample Rate:						  48000
[2025.04.04-21.51.24:986][  0]LogAudioMixer: Display: 	Callback Buffer Frame Size Requested: 1024
[2025.04.04-21.51.24:986][  0]LogAudioMixer: Display: 	Callback Buffer Frame Size To Use:	  1024
[2025.04.04-21.51.24:986][  0]LogAudioMixer: Display: 	Number of buffers to queue:			  2
[2025.04.04-21.51.24:986][  0]LogAudioMixer: Display: 	Max Channels (voices):				  32
[2025.04.04-21.51.24:986][  0]LogAudioMixer: Display: 	Number of Async Source Workers:		  0
[2025.04.04-21.51.24:986][  0]LogAudio: Display: AudioDevice MaxSources: 32
[2025.04.04-21.51.24:986][  0]LogAudio: Display: Audio Spatialization Plugin: None (built-in).
[2025.04.04-21.51.24:986][  0]LogAudio: Display: Audio Reverb Plugin: None (built-in).
[2025.04.04-21.51.24:986][  0]LogAudio: Display: Audio Occlusion Plugin: None (built-in).
[2025.04.04-21.51.24:986][  0]LogAudioMixer: Display: Initializing audio mixer.
[2025.04.04-21.51.25:006][  0]LogAudioMixer: Display: 0: FrontLeft
[2025.04.04-21.51.25:006][  0]LogAudioMixer: Display: 1: FrontRight
[2025.04.04-21.51.25:083][  0]LogAudioMixer: Display: Using Audio Device Headphone (Realtek(R) Audio)
[2025.04.04-21.51.25:085][  0]LogAudioMixer: Display: Initializing Sound Submixes...
[2025.04.04-21.51.25:087][  0]LogAudioMixer: Display: Creating Master Submix 'MasterSubmixDefault'
[2025.04.04-21.51.25:087][  0]LogAudioMixer: Display: Creating Master Submix 'MasterReverbSubmixDefault'
[2025.04.04-21.51.25:088][  0]LogAudioMixer: Display: Creating Master Submix 'MasterEQSubmixDefault'
[2025.04.04-21.51.25:088][  0]LogAudioMixer: FMixerPlatformXAudio2::StartAudioStream() called
[2025.04.04-21.51.25:088][  0]LogAudioMixer: Display: Output buffers initialized: Frames=1024, Channels=2, Samples=2048
[2025.04.04-21.51.25:089][  0]LogAudioMixer: Display: Starting AudioMixerPlatformInterface::RunInternal()
[2025.04.04-21.51.25:089][  0]LogAudioMixer: Display: FMixerPlatformXAudio2::SubmitBuffer() called for the first time
[2025.04.04-21.51.25:089][  0]LogInit: FAudioDevice initialized.
[2025.04.04-21.51.25:089][  0]LogAudio: Display: Audio Device (ID: 1) registered with world 'Untitled'.
[2025.04.04-21.51.25:089][  0]LogNetVersion: Set ProjectVersion to 1.0.0.0. Version Checksum will be recalculated on next use.
[2025.04.04-21.51.25:207][  0]LogDerivedDataCache: Saved boot cache 0.12s 103MB C:/Users/patel/AppData/Local/UnrealEngine/4.27/DerivedDataCache/Boot.ddc.
[2025.04.04-21.51.25:208][  0]LogInit: Texture streaming: Enabled
[2025.04.04-21.51.25:224][  0]LogAnalytics: Display: [UEEditor.Rocket.Release] APIServer = https://datarouter.ol.epicgames.com/. AppVersion = 4.27.2-18319896+++UE4+Release-4.27
[2025.04.04-21.51.25:232][  0]LogEngineSessionManager: EngineSessionManager initialized
[2025.04.04-21.51.25:232][  0]LogEditorSessionSummary: Verbose: Initializing EditorSessionSummaryWriter for editor session tracking
[2025.04.04-21.51.25:237][  0]LogEditorSessionSummary: EditorSessionSummaryWriter initialized
[2025.04.04-21.51.25:277][  0]LogInit: Transaction tracking system initialized
[2025.04.04-21.51.25:309][  0]BlueprintLog: New page: Editor Load
[2025.04.04-21.51.25:396][  0]LocalizationService: Localization service is disabled
[2025.04.04-21.51.25:444][  0]TimingProfiler: Initialize
[2025.04.04-21.51.25:444][  0]TimingProfiler: OnSessionChanged
[2025.04.04-21.51.25:444][  0]LoadingProfiler: Initialize
[2025.04.04-21.51.25:444][  0]LoadingProfiler: OnSessionChanged
[2025.04.04-21.51.25:444][  0]NetworkingProfiler: Initialize
[2025.04.04-21.51.25:444][  0]NetworkingProfiler: OnSessionChanged
[2025.04.04-21.51.25:444][  0]MemoryProfiler: Initialize
[2025.04.04-21.51.25:444][  0]MemoryProfiler: OnSessionChanged
[2025.04.04-21.51.25:659][  0]LogCook: Display: CookSettings for Memory: MemoryMaxUsedVirtual 0MiB, MemoryMaxUsedPhysical 16384MiB, MemoryMinFreeVirtual 0MiB, MemoryMinFreePhysical 1024MiB
[2025.04.04-21.51.25:659][  0]LogCook: Display: Mobile HDR setting 1
[2025.04.04-21.51.25:934][  0]LogFileCache: Scanning file cache for directory 'C:/Unreal Projects/Top-Down-Puzzle/TopDownPuzzle/Content/' took 0.01s
[2025.04.04-21.51.26:160][  0]LogInit: Display: Engine is initialized. Leaving FEngineLoop::Init()
[2025.04.04-21.51.26:167][  0]SourceControl: Source control is disabled
[2025.04.04-21.51.26:167][  0]LogUnrealEdMisc: Loading editor; pre map load, took 9.217
[2025.04.04-21.51.26:168][  0]Cmd: MAP LOAD FILE="../../../../../../Unreal Projects/Top-Down-Puzzle/TopDownPuzzle/Content/TopDownCPP/Maps/TopDownExampleMap.umap" TEMPLATE=0 SHOWPROGRESS=1 FEATURELEVEL=3
[2025.04.04-21.51.26:168][  0]LightingResults: New page: Lighting Build
[2025.04.04-21.51.26:169][  0]LogWorld: UWorld::CleanupWorld for Untitled, bSessionEnded=true, bCleanupResources=true
[2025.04.04-21.51.26:171][  0]LogSlate: InvalidateAllWidgets triggered.  All widgets were invalidated
[2025.04.04-21.51.26:171][  0]MapCheck: New page: Map Check
[2025.04.04-21.51.26:171][  0]LightingResults: New page: Lighting Build
[2025.04.04-21.51.26:176][  0]LogAudio: Display: Audio Device unregistered from world 'None'.
[2025.04.04-21.51.26:181][  0]LogUObjectHash: Compacting FUObjectHashTables data took   1.84ms
[2025.04.04-21.51.26:435][  0]LogAudio: Display: Audio Device (ID: 1) registered with world 'TopDownExampleMap'.
[2025.04.04-21.51.26:436][  0]LogAIModule: Creating AISystem for world TopDownExampleMap
[2025.04.04-21.51.26:451][  0]LogEditorServer: Finished looking for orphan Actors (0.000 secs)
[2025.04.04-21.51.26:465][  0]LogUObjectHash: Compacting FUObjectHashTables data took   1.54ms
[2025.04.04-21.51.26:466][  0]Cmd: MAP CHECKDEP NOCLEARLOG
[2025.04.04-21.51.26:466][  0]MapCheck: Map check complete: 0 Error(s), 0 Warning(s), took 0.287ms to complete.
[2025.04.04-21.51.26:466][  0]LogFileHelpers: Loading map 'TopDownExampleMap' took 0.298
[2025.04.04-21.51.26:471][  0]LogUnrealEdMisc: Total Editor Startup Time, took 9.521
[2025.04.04-21.51.26:663][  0]LogSlate: Updating window title bar state: overlay mode, drag disabled, window buttons hidden, title bar hidden
[2025.04.04-21.51.26:675][  0]LogSlate: Updating window title bar state: overlay mode, drag disabled, window buttons hidden, title bar hidden
[2025.04.04-21.51.26:689][  0]LogSlate: Updating window title bar state: overlay mode, drag disabled, window buttons hidden, title bar hidden
[2025.04.04-21.51.26:703][  0]LogSlate: Updating window title bar state: overlay mode, drag disabled, window buttons hidden, title bar hidden
[2025.04.04-21.51.26:755][  0]LogNativeClassHierarchy: Verbose: Native class hierarchy populated in 0.0141 seconds. Added 3826 classes and 930 folders.
[2025.04.04-21.51.26:761][  0]LogNativeClassHierarchy: Verbose: Native class hierarchy updated for 'WidgetCarousel' in 0.0003 seconds. Added 0 classes and 0 folders.
[2025.04.04-21.51.26:779][  0]LogPakFile: PakFile PrimaryIndexSize=187
[2025.04.04-21.51.26:779][  0]LogPakFile: PakFile PathHashIndexSize=101
[2025.04.04-21.51.26:779][  0]LogPakFile: PakFile FullDirectoryIndexSize=148
[2025.04.04-21.51.26:780][  0]LogShaderLibrary: Display: ShaderCodeLibraryPakFileMountedCallback: PakFile 'C:/Program Files/UE/UE_4.27/FeaturePacks/FP_FirstPerson.upack' (chunk index -1, root 'root:/') mounted
[2025.04.04-21.51.26:780][  0]LogShaderLibrary: Display: ShaderCodeLibraryPakFileMountedCallback: pending pak file info (ChunkID:-1 Root:root:/ File:C:/Program Files/UE/UE_4.27/FeaturePacks/FP_FirstPerson.upack)
[2025.04.04-21.51.26:780][  0]LogPakFile: OnPakFileMounted2Time == 0.000339
[2025.04.04-21.51.26:800][  0]LogPakFile: PakFile PrimaryIndexSize=189
[2025.04.04-21.51.26:800][  0]LogPakFile: PakFile PathHashIndexSize=101
[2025.04.04-21.51.26:800][  0]LogPakFile: PakFile FullDirectoryIndexSize=152
[2025.04.04-21.51.26:800][  0]LogShaderLibrary: Display: ShaderCodeLibraryPakFileMountedCallback: PakFile 'C:/Program Files/UE/UE_4.27/FeaturePacks/FP_FirstPersonBP.upack' (chunk index -1, root 'root:/') mounted
[2025.04.04-21.51.26:800][  0]LogShaderLibrary: Display: ShaderCodeLibraryPakFileMountedCallback: pending pak file info (ChunkID:-1 Root:root:/ File:C:/Program Files/UE/UE_4.27/FeaturePacks/FP_FirstPersonBP.upack)
[2025.04.04-21.51.26:800][  0]LogPakFile: OnPakFileMounted2Time == 0.000069
[2025.04.04-21.51.26:812][  0]LogPakFile: PakFile PrimaryIndexSize=191
[2025.04.04-21.51.26:812][  0]LogPakFile: PakFile PathHashIndexSize=101
[2025.04.04-21.51.26:812][  0]LogPakFile: PakFile FullDirectoryIndexSize=160
[2025.04.04-21.51.26:812][  0]LogShaderLibrary: Display: ShaderCodeLibraryPakFileMountedCallback: PakFile 'C:/Program Files/UE/UE_4.27/FeaturePacks/MobileStarterContent.upack' (chunk index -1, root 'root:/') mounted
[2025.04.04-21.51.26:812][  0]LogShaderLibrary: Display: ShaderCodeLibraryPakFileMountedCallback: pending pak file info (ChunkID:-1 Root:root:/ File:C:/Program Files/UE/UE_4.27/FeaturePacks/MobileStarterContent.upack)
[2025.04.04-21.51.26:812][  0]LogPakFile: OnPakFileMounted2Time == 0.000065
[2025.04.04-21.51.26:861][  0]LogPakFile: PakFile PrimaryIndexSize=185
[2025.04.04-21.51.26:862][  0]LogPakFile: PakFile PathHashIndexSize=101
[2025.04.04-21.51.26:862][  0]LogPakFile: PakFile FullDirectoryIndexSize=148
[2025.04.04-21.51.26:862][  0]LogShaderLibrary: Display: ShaderCodeLibraryPakFileMountedCallback: PakFile 'C:/Program Files/UE/UE_4.27/FeaturePacks/StarterContent.upack' (chunk index -1, root 'root:/') mounted
[2025.04.04-21.51.26:862][  0]LogShaderLibrary: Display: ShaderCodeLibraryPakFileMountedCallback: pending pak file info (ChunkID:-1 Root:root:/ File:C:/Program Files/UE/UE_4.27/FeaturePacks/StarterContent.upack)
[2025.04.04-21.51.26:862][  0]LogPakFile: OnPakFileMounted2Time == 0.000067
[2025.04.04-21.51.26:872][  0]LogPakFile: PakFile PrimaryIndexSize=190
[2025.04.04-21.51.26:872][  0]LogPakFile: PakFile PathHashIndexSize=101
[2025.04.04-21.51.26:872][  0]LogPakFile: PakFile FullDirectoryIndexSize=154
[2025.04.04-21.51.26:872][  0]LogShaderLibrary: Display: ShaderCodeLibraryPakFileMountedCallback: PakFile 'C:/Program Files/UE/UE_4.27/FeaturePacks/TP_2DSideScroller.upack' (chunk index -1, root 'root:/') mounted
[2025.04.04-21.51.26:872][  0]LogShaderLibrary: Display: ShaderCodeLibraryPakFileMountedCallback: pending pak file info (ChunkID:-1 Root:root:/ File:C:/Program Files/UE/UE_4.27/FeaturePacks/TP_2DSideScroller.upack)
[2025.04.04-21.51.26:872][  0]LogPakFile: OnPakFileMounted2Time == 0.000040
[2025.04.04-21.51.26:881][  0]LogPakFile: PakFile PrimaryIndexSize=192
[2025.04.04-21.51.26:881][  0]LogPakFile: PakFile PathHashIndexSize=101
[2025.04.04-21.51.26:881][  0]LogPakFile: PakFile FullDirectoryIndexSize=158
[2025.04.04-21.51.26:881][  0]LogShaderLibrary: Display: ShaderCodeLibraryPakFileMountedCallback: PakFile 'C:/Program Files/UE/UE_4.27/FeaturePacks/TP_2DSideScrollerBP.upack' (chunk index -1, root 'root:/') mounted
[2025.04.04-21.51.26:881][  0]LogShaderLibrary: Display: ShaderCodeLibraryPakFileMountedCallback: pending pak file info (ChunkID:-1 Root:root:/ File:C:/Program Files/UE/UE_4.27/FeaturePacks/TP_2DSideScrollerBP.upack)
[2025.04.04-21.51.26:881][  0]LogPakFile: OnPakFileMounted2Time == 0.000041
[2025.04.04-21.51.26:889][  0]LogPakFile: PakFile PrimaryIndexSize=182
[2025.04.04-21.51.26:889][  0]LogPakFile: PakFile PathHashIndexSize=101
[2025.04.04-21.51.26:889][  0]LogPakFile: PakFile FullDirectoryIndexSize=138
[2025.04.04-21.51.26:889][  0]LogShaderLibrary: Display: ShaderCodeLibraryPakFileMountedCallback: PakFile 'C:/Program Files/UE/UE_4.27/FeaturePacks/TP_Flying.upack' (chunk index -1, root 'root:/') mounted
[2025.04.04-21.51.26:889][  0]LogShaderLibrary: Display: ShaderCodeLibraryPakFileMountedCallback: pending pak file info (ChunkID:-1 Root:root:/ File:C:/Program Files/UE/UE_4.27/FeaturePacks/TP_Flying.upack)
[2025.04.04-21.51.26:889][  0]LogPakFile: OnPakFileMounted2Time == 0.000049
[2025.04.04-21.51.26:901][  0]LogPakFile: PakFile PrimaryIndexSize=184
[2025.04.04-21.51.26:901][  0]LogPakFile: PakFile PathHashIndexSize=101
[2025.04.04-21.51.26:901][  0]LogPakFile: PakFile FullDirectoryIndexSize=142
[2025.04.04-21.51.26:901][  0]LogShaderLibrary: Display: ShaderCodeLibraryPakFileMountedCallback: PakFile 'C:/Program Files/UE/UE_4.27/FeaturePacks/TP_FlyingBP.upack' (chunk index -1, root 'root:/') mounted
[2025.04.04-21.51.26:901][  0]LogShaderLibrary: Display: ShaderCodeLibraryPakFileMountedCallback: pending pak file info (ChunkID:-1 Root:root:/ File:C:/Program Files/UE/UE_4.27/FeaturePacks/TP_FlyingBP.upack)
[2025.04.04-21.51.26:901][  0]LogPakFile: OnPakFileMounted2Time == 0.000040
[2025.04.04-21.51.26:911][  0]LogPakFile: PakFile PrimaryIndexSize=188
[2025.04.04-21.51.26:911][  0]LogPakFile: PakFile PathHashIndexSize=101
[2025.04.04-21.51.26:911][  0]LogPakFile: PakFile FullDirectoryIndexSize=150
[2025.04.04-21.51.26:911][  0]LogShaderLibrary: Display: ShaderCodeLibraryPakFileMountedCallback: PakFile 'C:/Program Files/UE/UE_4.27/FeaturePacks/TP_HandheldARBP.upack' (chunk index -1, root 'root:/') mounted
[2025.04.04-21.51.26:911][  0]LogShaderLibrary: Display: ShaderCodeLibraryPakFileMountedCallback: pending pak file info (ChunkID:-1 Root:root:/ File:C:/Program Files/UE/UE_4.27/FeaturePacks/TP_HandheldARBP.upack)
[2025.04.04-21.51.26:911][  0]LogPakFile: OnPakFileMounted2Time == 0.000047
[2025.04.04-21.51.26:939][  0]LogPakFile: PakFile PrimaryIndexSize=182
[2025.04.04-21.51.26:939][  0]LogPakFile: PakFile PathHashIndexSize=101
[2025.04.04-21.51.26:939][  0]LogPakFile: PakFile FullDirectoryIndexSize=138
[2025.04.04-21.51.26:939][  0]LogShaderLibrary: Display: ShaderCodeLibraryPakFileMountedCallback: PakFile 'C:/Program Files/UE/UE_4.27/FeaturePacks/TP_Puzzle.upack' (chunk index -1, root 'root:/') mounted
[2025.04.04-21.51.26:939][  0]LogShaderLibrary: Display: ShaderCodeLibraryPakFileMountedCallback: pending pak file info (ChunkID:-1 Root:root:/ File:C:/Program Files/UE/UE_4.27/FeaturePacks/TP_Puzzle.upack)
[2025.04.04-21.51.26:940][  0]LogPakFile: OnPakFileMounted2Time == 0.000146
[2025.04.04-21.51.26:956][  0]LogPakFile: PakFile PrimaryIndexSize=184
[2025.04.04-21.51.26:956][  0]LogPakFile: PakFile PathHashIndexSize=101
[2025.04.04-21.51.26:956][  0]LogPakFile: PakFile FullDirectoryIndexSize=142
[2025.04.04-21.51.26:956][  0]LogShaderLibrary: Display: ShaderCodeLibraryPakFileMountedCallback: PakFile 'C:/Program Files/UE/UE_4.27/FeaturePacks/TP_PuzzleBP.upack' (chunk index -1, root 'root:/') mounted
[2025.04.04-21.51.26:956][  0]LogShaderLibrary: Display: ShaderCodeLibraryPakFileMountedCallback: pending pak file info (ChunkID:-1 Root:root:/ File:C:/Program Files/UE/UE_4.27/FeaturePacks/TP_PuzzleBP.upack)
[2025.04.04-21.51.26:956][  0]LogPakFile: OnPakFileMounted2Time == 0.000069
[2025.04.04-21.51.26:967][  0]LogPakFile: PakFile PrimaryIndexSize=183
[2025.04.04-21.51.26:967][  0]LogPakFile: PakFile PathHashIndexSize=101
[2025.04.04-21.51.26:967][  0]LogPakFile: PakFile FullDirectoryIndexSize=140
[2025.04.04-21.51.26:967][  0]LogShaderLibrary: Display: ShaderCodeLibraryPakFileMountedCallback: PakFile 'C:/Program Files/UE/UE_4.27/FeaturePacks/TP_Rolling.upack' (chunk index -1, root 'root:/') mounted
[2025.04.04-21.51.26:967][  0]LogShaderLibrary: Display: ShaderCodeLibraryPakFileMountedCallback: pending pak file info (ChunkID:-1 Root:root:/ File:C:/Program Files/UE/UE_4.27/FeaturePacks/TP_Rolling.upack)
[2025.04.04-21.51.26:967][  0]LogPakFile: OnPakFileMounted2Time == 0.000060
[2025.04.04-21.51.26:977][  0]LogPakFile: PakFile PrimaryIndexSize=185
[2025.04.04-21.51.26:977][  0]LogPakFile: PakFile PathHashIndexSize=101
[2025.04.04-21.51.26:977][  0]LogPakFile: PakFile FullDirectoryIndexSize=144
[2025.04.04-21.51.26:977][  0]LogShaderLibrary: Display: ShaderCodeLibraryPakFileMountedCallback: PakFile 'C:/Program Files/UE/UE_4.27/FeaturePacks/TP_RollingBP.upack' (chunk index -1, root 'root:/') mounted
[2025.04.04-21.51.26:977][  0]LogShaderLibrary: Display: ShaderCodeLibraryPakFileMountedCallback: pending pak file info (ChunkID:-1 Root:root:/ File:C:/Program Files/UE/UE_4.27/FeaturePacks/TP_RollingBP.upack)
[2025.04.04-21.51.26:977][  0]LogPakFile: OnPakFileMounted2Time == 0.000040
[2025.04.04-21.51.26:986][  0]LogPakFile: PakFile PrimaryIndexSize=188
[2025.04.04-21.51.26:986][  0]LogPakFile: PakFile PathHashIndexSize=101
[2025.04.04-21.51.26:986][  0]LogPakFile: PakFile FullDirectoryIndexSize=150
[2025.04.04-21.51.26:986][  0]LogShaderLibrary: Display: ShaderCodeLibraryPakFileMountedCallback: PakFile 'C:/Program Files/UE/UE_4.27/FeaturePacks/TP_SideScroller.upack' (chunk index -1, root 'root:/') mounted
[2025.04.04-21.51.26:986][  0]LogShaderLibrary: Display: ShaderCodeLibraryPakFileMountedCallback: pending pak file info (ChunkID:-1 Root:root:/ File:C:/Program Files/UE/UE_4.27/FeaturePacks/TP_SideScroller.upack)
[2025.04.04-21.51.26:986][  0]LogPakFile: OnPakFileMounted2Time == 0.000041
[2025.04.04-21.51.26:994][  0]LogPakFile: PakFile PrimaryIndexSize=190
[2025.04.04-21.51.26:994][  0]LogPakFile: PakFile PathHashIndexSize=101
[2025.04.04-21.51.26:994][  0]LogPakFile: PakFile FullDirectoryIndexSize=154
[2025.04.04-21.51.26:994][  0]LogShaderLibrary: Display: ShaderCodeLibraryPakFileMountedCallback: PakFile 'C:/Program Files/UE/UE_4.27/FeaturePacks/TP_SideScrollerBP.upack' (chunk index -1, root 'root:/') mounted
[2025.04.04-21.51.26:994][  0]LogShaderLibrary: Display: ShaderCodeLibraryPakFileMountedCallback: pending pak file info (ChunkID:-1 Root:root:/ File:C:/Program Files/UE/UE_4.27/FeaturePacks/TP_SideScrollerBP.upack)
[2025.04.04-21.51.26:994][  0]LogPakFile: OnPakFileMounted2Time == 0.000041
[2025.04.04-21.51.27:003][  0]LogPakFile: PakFile PrimaryIndexSize=187
[2025.04.04-21.51.27:003][  0]LogPakFile: PakFile PathHashIndexSize=101
[2025.04.04-21.51.27:003][  0]LogPakFile: PakFile FullDirectoryIndexSize=148
[2025.04.04-21.51.27:003][  0]LogShaderLibrary: Display: ShaderCodeLibraryPakFileMountedCallback: PakFile 'C:/Program Files/UE/UE_4.27/FeaturePacks/TP_ThirdPerson.upack' (chunk index -1, root 'root:/') mounted
[2025.04.04-21.51.27:003][  0]LogShaderLibrary: Display: ShaderCodeLibraryPakFileMountedCallback: pending pak file info (ChunkID:-1 Root:root:/ File:C:/Program Files/UE/UE_4.27/FeaturePacks/TP_ThirdPerson.upack)
[2025.04.04-21.51.27:003][  0]LogPakFile: OnPakFileMounted2Time == 0.000039
[2025.04.04-21.51.27:011][  0]LogPakFile: PakFile PrimaryIndexSize=189
[2025.04.04-21.51.27:011][  0]LogPakFile: PakFile PathHashIndexSize=101
[2025.04.04-21.51.27:011][  0]LogPakFile: PakFile FullDirectoryIndexSize=152
[2025.04.04-21.51.27:011][  0]LogShaderLibrary: Display: ShaderCodeLibraryPakFileMountedCallback: PakFile 'C:/Program Files/UE/UE_4.27/FeaturePacks/TP_ThirdPersonBP.upack' (chunk index -1, root 'root:/') mounted
[2025.04.04-21.51.27:011][  0]LogShaderLibrary: Display: ShaderCodeLibraryPakFileMountedCallback: pending pak file info (ChunkID:-1 Root:root:/ File:C:/Program Files/UE/UE_4.27/FeaturePacks/TP_ThirdPersonBP.upack)
[2025.04.04-21.51.27:011][  0]LogPakFile: OnPakFileMounted2Time == 0.000040
[2025.04.04-21.51.27:019][  0]LogPakFile: PakFile PrimaryIndexSize=183
[2025.04.04-21.51.27:019][  0]LogPakFile: PakFile PathHashIndexSize=101
[2025.04.04-21.51.27:019][  0]LogPakFile: PakFile FullDirectoryIndexSize=140
[2025.04.04-21.51.27:019][  0]LogShaderLibrary: Display: ShaderCodeLibraryPakFileMountedCallback: PakFile 'C:/Program Files/UE/UE_4.27/FeaturePacks/TP_TopDown.upack' (chunk index -1, root 'root:/') mounted
[2025.04.04-21.51.27:019][  0]LogShaderLibrary: Display: ShaderCodeLibraryPakFileMountedCallback: pending pak file info (ChunkID:-1 Root:root:/ File:C:/Program Files/UE/UE_4.27/FeaturePacks/TP_TopDown.upack)
[2025.04.04-21.51.27:019][  0]LogPakFile: OnPakFileMounted2Time == 0.000062
[2025.04.04-21.51.27:030][  0]LogPakFile: PakFile PrimaryIndexSize=185
[2025.04.04-21.51.27:030][  0]LogPakFile: PakFile PathHashIndexSize=101
[2025.04.04-21.51.27:030][  0]LogPakFile: PakFile FullDirectoryIndexSize=144
[2025.04.04-21.51.27:030][  0]LogShaderLibrary: Display: ShaderCodeLibraryPakFileMountedCallback: PakFile 'C:/Program Files/UE/UE_4.27/FeaturePacks/TP_TopDownBP.upack' (chunk index -1, root 'root:/') mounted
[2025.04.04-21.51.27:030][  0]LogShaderLibrary: Display: ShaderCodeLibraryPakFileMountedCallback: pending pak file info (ChunkID:-1 Root:root:/ File:C:/Program Files/UE/UE_4.27/FeaturePacks/TP_TopDownBP.upack)
[2025.04.04-21.51.27:030][  0]LogPakFile: OnPakFileMounted2Time == 0.000055
[2025.04.04-21.51.27:044][  0]LogPakFile: PakFile PrimaryIndexSize=185
[2025.04.04-21.51.27:044][  0]LogPakFile: PakFile PathHashIndexSize=101
[2025.04.04-21.51.27:044][  0]LogPakFile: PakFile FullDirectoryIndexSize=144
[2025.04.04-21.51.27:045][  0]LogShaderLibrary: Display: ShaderCodeLibraryPakFileMountedCallback: PakFile 'C:/Program Files/UE/UE_4.27/FeaturePacks/TP_TwinStick.upack' (chunk index -1, root 'root:/') mounted
[2025.04.04-21.51.27:045][  0]LogShaderLibrary: Display: ShaderCodeLibraryPakFileMountedCallback: pending pak file info (ChunkID:-1 Root:root:/ File:C:/Program Files/UE/UE_4.27/FeaturePacks/TP_TwinStick.upack)
[2025.04.04-21.51.27:045][  0]LogPakFile: OnPakFileMounted2Time == 0.000054
[2025.04.04-21.51.27:054][  0]LogPakFile: PakFile PrimaryIndexSize=187
[2025.04.04-21.51.27:054][  0]LogPakFile: PakFile PathHashIndexSize=101
[2025.04.04-21.51.27:054][  0]LogPakFile: PakFile FullDirectoryIndexSize=148
[2025.04.04-21.51.27:054][  0]LogShaderLibrary: Display: ShaderCodeLibraryPakFileMountedCallback: PakFile 'C:/Program Files/UE/UE_4.27/FeaturePacks/TP_TwinStickBP.upack' (chunk index -1, root 'root:/') mounted
[2025.04.04-21.51.27:054][  0]LogShaderLibrary: Display: ShaderCodeLibraryPakFileMountedCallback: pending pak file info (ChunkID:-1 Root:root:/ File:C:/Program Files/UE/UE_4.27/FeaturePacks/TP_TwinStickBP.upack)
[2025.04.04-21.51.27:054][  0]LogPakFile: OnPakFileMounted2Time == 0.000052
[2025.04.04-21.51.27:064][  0]LogPakFile: PakFile PrimaryIndexSize=183
[2025.04.04-21.51.27:064][  0]LogPakFile: PakFile PathHashIndexSize=101
[2025.04.04-21.51.27:064][  0]LogPakFile: PakFile FullDirectoryIndexSize=140
[2025.04.04-21.51.27:064][  0]LogShaderLibrary: Display: ShaderCodeLibraryPakFileMountedCallback: PakFile 'C:/Program Files/UE/UE_4.27/FeaturePacks/TP_Vehicle.upack' (chunk index -1, root 'root:/') mounted
[2025.04.04-21.51.27:064][  0]LogShaderLibrary: Display: ShaderCodeLibraryPakFileMountedCallback: pending pak file info (ChunkID:-1 Root:root:/ File:C:/Program Files/UE/UE_4.27/FeaturePacks/TP_Vehicle.upack)
[2025.04.04-21.51.27:064][  0]LogPakFile: OnPakFileMounted2Time == 0.000038
[2025.04.04-21.51.27:072][  0]LogPakFile: PakFile PrimaryIndexSize=186
[2025.04.04-21.51.27:072][  0]LogPakFile: PakFile PathHashIndexSize=101
[2025.04.04-21.51.27:072][  0]LogPakFile: PakFile FullDirectoryIndexSize=146
[2025.04.04-21.51.27:073][  0]LogShaderLibrary: Display: ShaderCodeLibraryPakFileMountedCallback: PakFile 'C:/Program Files/UE/UE_4.27/FeaturePacks/TP_VehicleAdv.upack' (chunk index -1, root 'root:/') mounted
[2025.04.04-21.51.27:073][  0]LogShaderLibrary: Display: ShaderCodeLibraryPakFileMountedCallback: pending pak file info (ChunkID:-1 Root:root:/ File:C:/Program Files/UE/UE_4.27/FeaturePacks/TP_VehicleAdv.upack)
[2025.04.04-21.51.27:073][  0]LogPakFile: OnPakFileMounted2Time == 0.000052
[2025.04.04-21.51.27:081][  0]LogPakFile: PakFile PrimaryIndexSize=188
[2025.04.04-21.51.27:081][  0]LogPakFile: PakFile PathHashIndexSize=101
[2025.04.04-21.51.27:081][  0]LogPakFile: PakFile FullDirectoryIndexSize=150
[2025.04.04-21.51.27:081][  0]LogShaderLibrary: Display: ShaderCodeLibraryPakFileMountedCallback: PakFile 'C:/Program Files/UE/UE_4.27/FeaturePacks/TP_VehicleAdvBP.upack' (chunk index -1, root 'root:/') mounted
[2025.04.04-21.51.27:081][  0]LogShaderLibrary: Display: ShaderCodeLibraryPakFileMountedCallback: pending pak file info (ChunkID:-1 Root:root:/ File:C:/Program Files/UE/UE_4.27/FeaturePacks/TP_VehicleAdvBP.upack)
[2025.04.04-21.51.27:081][  0]LogPakFile: OnPakFileMounted2Time == 0.000038
[2025.04.04-21.51.27:089][  0]LogPakFile: PakFile PrimaryIndexSize=185
[2025.04.04-21.51.27:089][  0]LogPakFile: PakFile PathHashIndexSize=101
[2025.04.04-21.51.27:089][  0]LogPakFile: PakFile FullDirectoryIndexSize=144
[2025.04.04-21.51.27:089][  0]LogShaderLibrary: Display: ShaderCodeLibraryPakFileMountedCallback: PakFile 'C:/Program Files/UE/UE_4.27/FeaturePacks/TP_VehicleBP.upack' (chunk index -1, root 'root:/') mounted
[2025.04.04-21.51.27:089][  0]LogShaderLibrary: Display: ShaderCodeLibraryPakFileMountedCallback: pending pak file info (ChunkID:-1 Root:root:/ File:C:/Program Files/UE/UE_4.27/FeaturePacks/TP_VehicleBP.upack)
[2025.04.04-21.51.27:089][  0]LogPakFile: OnPakFileMounted2Time == 0.000039
[2025.04.04-21.51.27:099][  0]LogPakFile: PakFile PrimaryIndexSize=192
[2025.04.04-21.51.27:099][  0]LogPakFile: PakFile PathHashIndexSize=101
[2025.04.04-21.51.27:099][  0]LogPakFile: PakFile FullDirectoryIndexSize=158
[2025.04.04-21.51.27:099][  0]LogShaderLibrary: Display: ShaderCodeLibraryPakFileMountedCallback: PakFile 'C:/Program Files/UE/UE_4.27/FeaturePacks/TP_VirtualRealityBP.upack' (chunk index -1, root 'root:/') mounted
[2025.04.04-21.51.27:099][  0]LogShaderLibrary: Display: ShaderCodeLibraryPakFileMountedCallback: pending pak file info (ChunkID:-1 Root:root:/ File:C:/Program Files/UE/UE_4.27/FeaturePacks/TP_VirtualRealityBP.upack)
[2025.04.04-21.51.27:099][  0]LogPakFile: OnPakFileMounted2Time == 0.000043
[2025.04.04-21.51.27:398][  0]LogNativeClassHierarchy: Verbose: Native class hierarchy updated for 'AddContentDialog' in 0.0002 seconds. Added 0 classes and 0 folders.
[2025.04.04-21.51.27:402][  0]LogNativeClassHierarchy: Verbose: Native class hierarchy updated for 'SceneOutliner' in 0.0002 seconds. Added 2 classes and 0 folders.
[2025.04.04-21.51.27:489][  0]LogSlate: Took 0.000240 seconds to synchronously load lazily loaded font '../../../Engine/Content/Slate/Fonts/Roboto-Regular.ttf' (155K)
[2025.04.04-21.51.27:501][  0]LogSlate: Took 0.010720 seconds to synchronously load lazily loaded font '../../../Engine/Content/Editor/Slate/Fonts/FontAwesome.ttf' (139K)
[2025.04.04-21.51.27:502][  0]LogSlate: Took 0.000208 seconds to synchronously load lazily loaded font '../../../Engine/Content/Slate/Fonts/Roboto-Bold.ttf' (160K)
[2025.04.04-21.51.27:702][  0]LogRenderer: Reallocating scene render targets to support 964x428 Format 10 NumSamples 1 (Frame:1).
[2025.04.04-21.51.27:859][  0]LogNativeClassHierarchy: Verbose: Native class hierarchy updated for 'HierarchicalLODOutliner' in 0.0003 seconds. Added 0 classes and 0 folders.
[2025.04.04-21.51.27:859][  0]LogInput: Warning: Action SetDestination uses invalid key OculusGo_Left_Trigger_Click.
[2025.04.04-21.51.27:859][  0]LogInput: Warning: Action ResetVR uses invalid key OculusGo_Left_Back_Click.
[2025.04.04-21.51.27:859][  0]LogInput: Warning: Use -RemoveInvalidKeys to remove instances of these keys from the action mapping.
[2025.04.04-21.51.27:859][  0]LogLoad: (Engine Initialization) Total time: 10.91 seconds
[2025.04.04-21.51.27:859][  0]LogLoad: (Engine Initialization) Total Blueprint compile time: 0.00 seconds
[2025.04.04-21.51.27:916][  0]LogAssetRegistry: Asset discovery search completed in 6.5650 seconds
[2025.04.04-21.51.27:921][  0]LogCollectionManager: Fixed up redirectors for 0 collections in 0.000003 seconds (updated 0 objects)
[2025.04.04-21.51.27:923][  0]LogContentStreaming: Texture pool size now 1000 MB
[2025.04.04-21.51.28:100][  3]LogSlate: Took 0.009680 seconds to synchronously load lazily loaded font '../../../Engine/Content/Slate/Fonts/Roboto-Light.ttf' (167K)
[2025.04.04-21.51.41:686][807]LogTemp: Repeating last play command: Selected Viewport
[2025.04.04-21.51.41:695][807]LogPlayLevel: PlayLevel: No blueprints needed recompiling
[2025.04.04-21.51.41:695][807]PIE: New page: PIE session: TopDownExampleMap (04-Apr-2025, 1:51:41 pm)
[2025.04.04-21.51.41:697][807]LogOnline: OSS: Creating online subsystem instance for: NULL
[2025.04.04-21.51.41:699][807]LogOnline: OSS: TryLoadSubsystemAndSetDefault: Loaded subsystem for module [NULL]
[2025.04.04-21.51.41:699][807]LogPlayLevel: Creating play world package: /Game/TopDownCPP/Maps/UEDPIE_0_TopDownExampleMap
[2025.04.04-21.51.41:721][807]LogPlayLevel: PIE: StaticDuplicateObject took: (0.020709s)
[2025.04.04-21.51.41:722][807]LogAIModule: Creating AISystem for world TopDownExampleMap
[2025.04.04-21.51.41:722][807]LogPlayLevel: PIE: World Init took: (0.001605s)
[2025.04.04-21.51.41:722][807]LogPlayLevel: PIE: Created PIE world by copying editor world from /Game/TopDownCPP/Maps/TopDownExampleMap.TopDownExampleMap to /Game/TopDownCPP/Maps/UEDPIE_0_TopDownExampleMap.TopDownExampleMap (0.022823s)
[2025.04.04-21.51.41:731][807]LogUObjectHash: Compacting FUObjectHashTables data took   1.13ms
[2025.04.04-21.51.41:732][807]LogAudio: Display: Creating Audio Device:                 Id: 2, Scope: Unique, Realtime: True
[2025.04.04-21.51.41:732][807]LogAudioMixer: Display: Audio Mixer Platform Settings:
[2025.04.04-21.51.41:732][807]LogAudioMixer: Display: 	Sample Rate:						  48000
[2025.04.04-21.51.41:732][807]LogAudioMixer: Display: 	Callback Buffer Frame Size Requested: 1024
[2025.04.04-21.51.41:732][807]LogAudioMixer: Display: 	Callback Buffer Frame Size To Use:	  1024
[2025.04.04-21.51.41:732][807]LogAudioMixer: Display: 	Number of buffers to queue:			  2
[2025.04.04-21.51.41:732][807]LogAudioMixer: Display: 	Max Channels (voices):				  32
[2025.04.04-21.51.41:732][807]LogAudioMixer: Display: 	Number of Async Source Workers:		  0
[2025.04.04-21.51.41:732][807]LogAudio: Display: AudioDevice MaxSources: 32
[2025.04.04-21.51.41:733][807]LogAudio: Display: Audio Spatialization Plugin: None (built-in).
[2025.04.04-21.51.41:733][807]LogAudio: Display: Audio Reverb Plugin: None (built-in).
[2025.04.04-21.51.41:733][807]LogAudio: Display: Audio Occlusion Plugin: None (built-in).
[2025.04.04-21.51.41:733][807]LogAudioMixer: Display: Initializing audio mixer.
[2025.04.04-21.51.41:738][807]LogAudioMixer: Display: 0: FrontLeft
[2025.04.04-21.51.41:738][807]LogAudioMixer: Display: 1: FrontRight
[2025.04.04-21.51.41:755][807]LogAudioMixer: Display: Using Audio Device Headphone (Realtek(R) Audio)
[2025.04.04-21.51.41:755][807]LogAudioMixer: Display: Initializing Sound Submixes...
[2025.04.04-21.51.41:755][807]LogAudioMixer: Display: Creating Master Submix 'MasterSubmixDefault'
[2025.04.04-21.51.41:755][807]LogAudioMixer: Display: Creating Master Submix 'MasterReverbSubmixDefault'
[2025.04.04-21.51.41:756][807]LogAudioMixer: Display: Creating Master Submix 'MasterEQSubmixDefault'
[2025.04.04-21.51.41:756][807]LogAudioMixer: FMixerPlatformXAudio2::StartAudioStream() called
[2025.04.04-21.51.41:756][807]LogAudioMixer: Display: Output buffers initialized: Frames=1024, Channels=2, Samples=2048
[2025.04.04-21.51.41:758][807]LogAudioMixer: Display: Starting AudioMixerPlatformInterface::RunInternal()
[2025.04.04-21.51.41:758][807]LogAudioMixer: Display: FMixerPlatformXAudio2::SubmitBuffer() called for the first time
[2025.04.04-21.51.41:758][807]LogInit: FAudioDevice initialized.
[2025.04.04-21.51.41:758][807]LogAudio: Display: Audio Device (ID: 2) registered with world 'TopDownExampleMap'.
[2025.04.04-21.51.41:770][807]LogLoad: Game class is 'TopDownPuzzleGameMode'
[2025.04.04-21.51.41:773][807]LogWorld: Bringing World /Game/TopDownCPP/Maps/UEDPIE_0_TopDownExampleMap.TopDownExampleMap up for play (max tick rate 60) at 2025.04.04-17.51.41
[2025.04.04-21.51.41:774][807]LogWorld: Bringing up level for play took: 0.001432
[2025.04.04-21.51.41:774][807]LogOnline: OSS: Creating online subsystem instance for: :Context_1
[2025.04.04-21.51.41:784][807]LogNativeClassHierarchy: Verbose: Native class hierarchy updated for 'MovieSceneCapture' in 0.0005 seconds. Added 20 classes and 0 folders.
[2025.04.04-21.51.41:801][807]PIE: Server logged in
[2025.04.04-21.51.41:803][807]PIE: Play in editor total start time 0.111 seconds.
[2025.04.04-21.52.06:970][313]LogSlate: Took 0.007961 seconds to synchronously load lazily loaded font '../../../Engine/Content/Slate/Fonts/Roboto-Italic.ttf' (157K)
[2025.04.04-21.52.10:356][510]LogSlate: Updating window title bar state: overlay mode, drag disabled, window buttons hidden, title bar hidden
[2025.04.04-21.52.10:356][510]LogWorld: BeginTearingDown for /Game/TopDownCPP/Maps/UEDPIE_0_TopDownExampleMap
[2025.04.04-21.52.10:358][510]LogWorld: UWorld::CleanupWorld for TopDownExampleMap, bSessionEnded=true, bCleanupResources=true
[2025.04.04-21.52.10:359][510]LogSlate: InvalidateAllWidgets triggered.  All widgets were invalidated
[2025.04.04-21.52.10:376][510]LogPlayLevel: Display: Shutting down PIE online subsystems
[2025.04.04-21.52.10:381][510]LogSlate: InvalidateAllWidgets triggered.  All widgets were invalidated
[2025.04.04-21.52.10:394][510]LogAudio: Display: Audio Device unregistered from world 'None'.
[2025.04.04-21.52.10:394][510]LogAudioMixer: FMixerPlatformXAudio2::StopAudioStream() called
[2025.04.04-21.52.10:396][510]LogAudioMixer: FMixerPlatformXAudio2::StopAudioStream() called
[2025.04.04-21.52.10:402][510]LogSlate: Updating window title bar state: overlay mode, drag disabled, window buttons hidden, title bar hidden
[2025.04.04-21.52.10:406][510]LogUObjectHash: Compacting FUObjectHashTables data took   1.17ms
[2025.04.04-21.52.10:428][511]LogPlayLevel: Display: Destroying online subsystem :Context_1
[2025.04.04-21.52.30:476][701]Cmd: TRANSACTION UNDO
[2025.04.04-21.52.30:478][701]LogEditorTransaction: Undo Move Actors
[2025.04.04-21.52.30:497][701]LogSlate: Took 0.000239 seconds to synchronously load lazily loaded font '../../../Engine/Content/Slate/Fonts/Roboto-Light.ttf' (167K)
[2025.04.04-21.53.17:519][501]LogEditorViewport: Clicking on Actor (context menu): StaticMeshActor (Floor)
[2025.04.04-21.53.19:357][605]LogEditorViewport: Clicking on Actor (context menu): StaticMeshActor (Floor)
[2025.04.04-21.53.52:014][547]LogEditorClassViewer: Warning: Class /Engine/Tutorial/InWorldBlueprintEditing/TutorialAssets/IWBE_Blutility.IWBE_Blutility_C has parent /Script/Blutility.PlacedEditorUtilityBase, but this parent is not found. The Class will not be shown in ClassViewer.
[2025.04.04-21.53.56:473][810]Cmd: TRANSACTION UNDO
[2025.04.04-21.53.56:473][810]LogEditorTransaction: Undo Brush Set
[2025.04.04-21.54.05:955][373]Cmd: TRANSACTION UNDO
[2025.04.04-21.54.05:955][373]LogEditorTransaction: Undo Move Actors
[2025.04.04-21.54.09:118][557]Cmd: TRANSACTION UNDO
[2025.04.04-21.54.09:118][557]LogEditorTransaction: Undo Clicking on Actors
[2025.04.04-21.54.09:481][574]Cmd: TRANSACTION UNDO
[2025.04.04-21.54.09:481][574]LogEditorTransaction: Undo Clicking on Actors (context menu)
[2025.04.04-21.54.09:967][600]Cmd: TRANSACTION UNDO
[2025.04.04-21.54.09:967][600]LogEditorTransaction: Undo Set Scale
[2025.04.04-21.54.11:167][672]Cmd: TRANSACTION UNDO
[2025.04.04-21.54.11:167][672]LogEditorTransaction: Undo Set Scale
[2025.04.04-21.54.11:801][710]Cmd: TRANSACTION UNDO
[2025.04.04-21.54.11:801][710]LogEditorTransaction: Undo Clicking on Actors
[2025.04.04-21.54.23:825][425]Cmd: TRANSACTION UNDO
[2025.04.04-21.54.23:825][425]LogEditorTransaction: Undo Edit X
[2025.04.04-21.54.27:444][631]Cmd: TRANSACTION UNDO
[2025.04.04-21.54.27:444][631]LogEditorTransaction: Undo Edit Y
[2025.04.04-21.54.35:794][118]Cmd: TRANSACTION UNDO
[2025.04.04-21.54.35:795][118]LogEditorTransaction: Undo Edit Z
[2025.04.04-21.54.58:108][743]LogUObjectHash: Compacting FUObjectHashTables data took   0.72ms
[2025.04.04-21.54.58:144][743]LogSavePackage: Moving '../../../../../../Unreal Projects/Top-Down-Puzzle/TopDownPuzzle/Saved/TopDownExampleMap74AF97BE4E2FD67E50B47C9C899995D2.tmp' to '../../../../../../Unreal Projects/Top-Down-Puzzle/TopDownPuzzle/Content/TopDownCPP/Maps/TopDownExampleMap.umap'
[2025.04.04-21.54.58:299][743]LogSavePackage: Moving '../../../../../../Unreal Projects/Top-Down-Puzzle/TopDownPuzzle/Saved/TopDownExampleMap_BuiltDataC09197B545934B417396B680407B0CF5.tmp' to '../../../../../../Unreal Projects/Top-Down-Puzzle/TopDownPuzzle/Content/TopDownCPP/Maps/TopDownExampleMap_BuiltData.uasset'
[2025.04.04-21.54.58:317][743]AssetCheck: New page: Asset Save: multiple assets
[2025.04.04-21.54.58:317][743]LogContentValidation: Display: Validating MapBuildDataRegistry /Game/TopDownCPP/Maps/TopDownExampleMap_BuiltData.TopDownExampleMap_BuiltData
[2025.04.04-21.54.58:317][743]LogContentValidation: Display: Validating World /Game/TopDownCPP/Maps/TopDownExampleMap.TopDownExampleMap
[2025.04.04-21.54.59:128][792]LogUObjectHash: Compacting FUObjectHashTables data took   0.31ms
[2025.04.04-21.54.59:176][792]LogSlate: Window 'TopDownPuzzle - Unreal Editor' being destroyed
[2025.04.04-21.54.59:287][793]Cmd: QUIT_EDITOR
[2025.04.04-21.54.59:287][793]LogCore: Engine exit requested (reason: UUnrealEdEngine::CloseEditor())
[2025.04.04-21.54.59:291][793]LogCore: Engine exit requested (reason: EngineExit() was called; note: exit was already requested)
[2025.04.04-21.54.59:779][793]LogAudio: Display: Beginning Audio Device Manager Shutdown (Module: AudioMixerXAudio2)...
[2025.04.04-21.54.59:779][793]LogAudio: Display: Destroying 1 Remaining Audio Device(s)...
[2025.04.04-21.54.59:779][793]LogAudio: Display: Audio Device unregistered from world 'TopDownExampleMap'.
[2025.04.04-21.54.59:779][793]LogAudioMixer: FMixerPlatformXAudio2::StopAudioStream() called
[2025.04.04-21.54.59:781][793]LogAudioMixer: FMixerPlatformXAudio2::StopAudioStream() called
[2025.04.04-21.54.59:784][793]LogAudio: Display: Audio Device Manager Shutdown
[2025.04.04-21.54.59:784][793]LogWindowsTextInputMethodSystem: Display: IME system deactivated.
[2025.04.04-21.54.59:789][793]LogExit: Preparing to exit.
[2025.04.04-21.55.00:389][793]LogUObjectHash: Compacting FUObjectHashTables data took   0.77ms
[2025.04.04-21.55.00:613][793]LogWorld: UWorld::CleanupWorld for World_0, bSessionEnded=true, bCleanupResources=true
[2025.04.04-21.55.00:613][793]LogWorld: UWorld::CleanupWorld for World_1, bSessionEnded=true, bCleanupResources=true
[2025.04.04-21.55.00:639][793]LogDemo: Cleaned up 0 splitscreen connections with owner deletion
[2025.04.04-21.55.00:651][793]LogExit: Editor shut down
[2025.04.04-21.55.00:652][793]LogExit: Transaction tracking system shut down
[2025.04.04-21.55.00:840][793]LogExit: Object subsystem successfully closed.
[2025.04.04-21.55.00:858][793]LogShaderCompilers: Display: === FShaderJobCache stats ===
[2025.04.04-21.55.00:858][793]LogShaderCompilers: Display: Total job queries 0, among them cache hits 0 (0.00%)
[2025.04.04-21.55.00:858][793]LogShaderCompilers: Display: Tracking 0 distinct input hashes that result in 0 distinct outputs (0.00%)
[2025.04.04-21.55.00:858][793]LogShaderCompilers: Display: RAM used: 0.00 MB (0.00 GB) of 819.20 MB (0.80 GB) budget. Usage: 0.00%
[2025.04.04-21.55.00:858][793]LogShaderCompilers: Display: ================================================
[2025.04.04-21.55.00:867][793]LogShaderCompilers: Display: Shaders left to compile 0
[2025.04.04-21.55.00:913][793]LogModuleManager: Shutting down and abandoning module MovieSceneCapture (876)
[2025.04.04-21.55.00:913][793]LogModuleManager: Shutting down and abandoning module Voice (874)
[2025.04.04-21.55.00:913][793]LogModuleManager: Shutting down and abandoning module HierarchicalLODOutliner (872)
[2025.04.04-21.55.00:913][793]LogModuleManager: Shutting down and abandoning module SceneOutliner (870)
[2025.04.04-21.55.00:913][793]LogModuleManager: Shutting down and abandoning module AddContentDialog (868)
[2025.04.04-21.55.00:914][793]LogModuleManager: Shutting down and abandoning module WidgetCarousel (867)
[2025.04.04-21.55.00:914][793]LogModuleManager: Shutting down and abandoning module EditorWidgets (864)
[2025.04.04-21.55.00:914][793]LogModuleManager: Shutting down and abandoning module StatsViewer (862)
[2025.04.04-21.55.00:914][793]LogModuleManager: Shutting down and abandoning module PIEPreviewDeviceProfileSelector (860)
[2025.04.04-21.55.00:914][793]LogModuleManager: Shutting down and abandoning module SequenceRecorderSections (858)
[2025.04.04-21.55.00:914][793]LogModuleManager: Shutting down and abandoning module AutomationWorker (856)
[2025.04.04-21.55.00:914][793]LogModuleManager: Shutting down and abandoning module SteamVREditor (854)
[2025.04.04-21.55.00:914][793]LogModuleManager: Shutting down and abandoning module OculusMR (852)
[2025.04.04-21.55.00:914][793]LogModuleManager: Shutting down and abandoning module TakeRecorderSources (850)
[2025.04.04-21.55.00:914][793]LogModuleManager: Shutting down and abandoning module TakeRecorder (849)
[2025.04.04-21.55.00:914][793]LogModuleManager: Shutting down and abandoning module TakeTrackRecorders (846)
[2025.04.04-21.55.00:914][793]LogModuleManager: Shutting down and abandoning module TakesCore (844)
[2025.04.04-21.55.00:914][793]LogModuleManager: Shutting down and abandoning module OpenXRInput (842)
[2025.04.04-21.55.00:914][793]LogModuleManager: Shutting down and abandoning module GooglePADEditor (840)
[2025.04.04-21.55.00:914][793]LogModuleManager: Shutting down and abandoning module AudioCaptureEditor (838)
[2025.04.04-21.55.00:914][793]LogModuleManager: Shutting down and abandoning module TemplateSequenceEditor (836)
[2025.04.04-21.55.00:915][793]LogModuleManager: Shutting down and abandoning module MatineeToLevelSequence (834)
[2025.04.04-21.55.00:915][793]LogModuleManager: Shutting down and abandoning module LevelSequenceEditor (832)
[2025.04.04-21.55.00:915][793]LogModuleManager: Shutting down and abandoning module ActorSequenceEditor (830)
[2025.04.04-21.55.00:915][793]LogModuleManager: Shutting down and abandoning module WmfMediaFactory (828)
[2025.04.04-21.55.00:915][793]LogModuleManager: Shutting down and abandoning module WmfMediaEditor (826)
[2025.04.04-21.55.00:915][793]LogModuleManager: Shutting down and abandoning module WebMMediaFactory (824)
[2025.04.04-21.55.00:915][793]LogModuleManager: Shutting down and abandoning module WebMMediaEditor (822)
[2025.04.04-21.55.00:915][793]LogModuleManager: Shutting down and abandoning module WebMMedia (820)
[2025.04.04-21.55.00:915][793]LogModuleManager: Shutting down and abandoning module MediaPlayerEditor (818)
[2025.04.04-21.55.00:915][793]LogModuleManager: Shutting down and abandoning module MediaCompositingEditor (816)
[2025.04.04-21.55.00:915][793]LogModuleManager: Shutting down and abandoning module SequenceRecorder (815)
[2025.04.04-21.55.00:915][793]LogModuleManager: Shutting down and abandoning module OpenExrWrapper (812)
[2025.04.04-21.55.00:915][793]LogModuleManager: Shutting down and abandoning module ImgMediaFactory (810)
[2025.04.04-21.55.00:915][793]LogModuleManager: Shutting down and abandoning module ImgMediaEditor (808)
[2025.04.04-21.55.00:915][793]LogModuleManager: Shutting down and abandoning module AvfMediaFactory (806)
[2025.04.04-21.55.00:915][793]LogModuleManager: Shutting down and abandoning module AvfMediaEditor (804)
[2025.04.04-21.55.00:915][793]LogModuleManager: Shutting down and abandoning module AndroidMediaFactory (802)
[2025.04.04-21.55.00:915][793]LogModuleManager: Shutting down and abandoning module AndroidMediaEditor (800)
[2025.04.04-21.55.00:915][793]LogModuleManager: Shutting down and abandoning module MagicLeapMediaCodecFactory (798)
[2025.04.04-21.55.00:915][793]LogModuleManager: Shutting down and abandoning module MagicLeapMediaFactory (796)
[2025.04.04-21.55.00:915][793]LogModuleManager: Shutting down and abandoning module MagicLeapMediaEditor (794)
[2025.04.04-21.55.00:915][793]LogModuleManager: Shutting down and abandoning module PlanarCut (792)
[2025.04.04-21.55.00:915][793]LogModuleManager: Shutting down and abandoning module CharacterAI (790)
[2025.04.04-21.55.00:915][793]LogModuleManager: Shutting down and abandoning module TextureAlignMode (788)
[2025.04.04-21.55.00:915][793]LogModuleManager: Shutting down and abandoning module BspMode (786)
[2025.04.04-21.55.00:915][793]LogModuleManager: Shutting down and abandoning module GeometryMode (784)
[2025.04.04-21.55.00:915][793]LogModuleManager: Shutting down and abandoning module CameraShakePreviewer (782)
[2025.04.04-21.55.00:915][793]LogModuleManager: Shutting down and abandoning module SmartSnapping (780)
[2025.04.04-21.55.00:915][793]LogModuleManager: Shutting down and abandoning module SessionServices (778)
[2025.04.04-21.55.00:915][793]LogModuleManager: Shutting down and abandoning module MeshPaint (776)
[2025.04.04-21.55.00:915][793]LogModuleManager: Shutting down and abandoning module VirtualTexturingEditor (774)
[2025.04.04-21.55.00:915][793]LogModuleManager: Shutting down and abandoning module FoliageEdit (772)
[2025.04.04-21.55.00:915][793]LogModuleManager: Shutting down and abandoning module LandscapeEditor (770)
[2025.04.04-21.55.00:915][793]LogModuleManager: Shutting down and abandoning module MeshPaintMode (768)
[2025.04.04-21.55.00:915][793]LogModuleManager: Shutting down and abandoning module SceneDepthPickerMode (766)
[2025.04.04-21.55.00:915][793]LogModuleManager: Shutting down and abandoning module ActorPickerMode (764)
[2025.04.04-21.55.00:915][793]LogModuleManager: Shutting down and abandoning module PlacementMode (762)
[2025.04.04-21.55.00:915][793]LogModuleManager: Shutting down and abandoning module ViewportSnapping (760)
[2025.04.04-21.55.00:915][793]LogModuleManager: Shutting down and abandoning module ViewportInteraction (758)
[2025.04.04-21.55.00:915][793]LogModuleManager: Shutting down and abandoning module ClothPainter (756)
[2025.04.04-21.55.00:915][793]LogModuleManager: Shutting down and abandoning module SkeletalMeshEditor (755)
[2025.04.04-21.55.00:915][793]LogModuleManager: Shutting down and abandoning module LogVisualizer (752)
[2025.04.04-21.55.00:915][793]LogModuleManager: Shutting down and abandoning module IntroTutorials (750)
[2025.04.04-21.55.00:916][793]LogModuleManager: Shutting down and abandoning module GameProjectGeneration (749)
[2025.04.04-21.55.00:916][793]LogModuleManager: Shutting down and abandoning module LuminPlatformEditor (746)
[2025.04.04-21.55.00:916][793]LogModuleManager: Shutting down and abandoning module IOSPlatformEditor (744)
[2025.04.04-21.55.00:916][793]LogModuleManager: Shutting down and abandoning module AndroidPlatformEditor (742)
[2025.04.04-21.55.00:916][793]LogModuleManager: Shutting down and abandoning module AndroidDeviceDetection (741)
[2025.04.04-21.55.01:617][793]LogModuleManager: Shutting down and abandoning module WindowsPlatformEditor (738)
[2025.04.04-21.55.01:617][793]LogModuleManager: Shutting down and abandoning module LuminRuntimeSettings (736)
[2025.04.04-21.55.01:617][793]LogModuleManager: Shutting down and abandoning module IOSRuntimeSettings (734)
[2025.04.04-21.55.01:617][793]LogModuleManager: Shutting down and abandoning module AndroidRuntimeSettings (732)
[2025.04.04-21.55.01:617][793]LogModuleManager: Shutting down and abandoning module TraceInsights (730)
[2025.04.04-21.55.01:617][793]MemoryProfiler: Shutdown
[2025.04.04-21.55.01:617][793]NetworkingProfiler: Shutdown
[2025.04.04-21.55.01:618][793]LoadingProfiler: Shutdown
[2025.04.04-21.55.01:618][793]TimingProfiler: Shutdown
[2025.04.04-21.55.01:618][793]LogModuleManager: Shutting down and abandoning module TraceServices (729)
[2025.04.04-21.55.01:618][793]LogModuleManager: Shutting down and abandoning module EditorInteractiveToolsFramework (726)
[2025.04.04-21.55.01:618][793]LogModuleManager: Shutting down and abandoning module TimeManagementEditor (724)
[2025.04.04-21.55.01:618][793]LogModuleManager: Shutting down and abandoning module InputBindingEditor (722)
[2025.04.04-21.55.01:618][793]LogModuleManager: Shutting down and abandoning module MergeActors (720)
[2025.04.04-21.55.01:618][793]LogModuleManager: Shutting down and abandoning module LocalizationDashboard (718)
[2025.04.04-21.55.01:618][793]LogModuleManager: Shutting down and abandoning module LocalizationService (717)
[2025.04.04-21.55.01:618][793]LogModuleManager: Shutting down and abandoning module HardwareTargeting (714)
[2025.04.04-21.55.01:618][793]LogModuleManager: Shutting down and abandoning module DeviceProfileEditor (712)
[2025.04.04-21.55.01:618][793]LogModuleManager: Shutting down and abandoning module UndoHistory (710)
[2025.04.04-21.55.01:618][793]LogModuleManager: Shutting down and abandoning module XmlParser (708)
[2025.04.04-21.55.01:618][793]LogModuleManager: Shutting down and abandoning module Blutility (706)
[2025.04.04-21.55.01:618][793]LogModuleManager: Shutting down and abandoning module ProjectSettingsViewer (704)
[2025.04.04-21.55.01:618][793]LogModuleManager: Shutting down and abandoning module ProjectTargetPlatformEditor (703)
[2025.04.04-21.55.01:618][793]LogModuleManager: Shutting down and abandoning module EditorSettingsViewer (700)
[2025.04.04-21.55.01:619][793]LogModuleManager: Shutting down and abandoning module InternationalizationSettings (699)
[2025.04.04-21.55.01:619][793]LogModuleManager: Shutting down and abandoning module SettingsEditor (696)
[2025.04.04-21.55.01:619][793]LogModuleManager: Shutting down and abandoning module ProjectLauncher (694)
[2025.04.04-21.55.01:619][793]LogModuleManager: Shutting down and abandoning module SessionFrontend (692)
[2025.04.04-21.55.01:619][793]LogModuleManager: Shutting down and abandoning module ProfilerClient (690)
[2025.04.04-21.55.01:620][793]LogModuleManager: Shutting down and abandoning module DeviceManager (688)
[2025.04.04-21.55.01:620][793]LogModuleManager: Shutting down and abandoning module TargetDeviceServices (687)
[2025.04.04-21.55.01:653][793]LogModuleManager: Shutting down and abandoning module AutomationController (684)
[2025.04.04-21.55.01:653][793]LogModuleManager: Shutting down and abandoning module AutomationWindow (682)
[2025.04.04-21.55.01:653][793]LogModuleManager: Shutting down and abandoning module Layers (680)
[2025.04.04-21.55.01:653][793]LogModuleManager: Shutting down and abandoning module ComponentVisualizers (678)
[2025.04.04-21.55.01:653][793]LogModuleManager: Shutting down and abandoning module DetailCustomizations (676)
[2025.04.04-21.55.01:653][793]LogModuleManager: Shutting down and abandoning module PackagesDialog (674)
[2025.04.04-21.55.01:653][793]LogModuleManager: Shutting down and abandoning module AnimationBlueprintEditor (672)
[2025.04.04-21.55.01:653][793]LogModuleManager: Shutting down and abandoning module Persona (670)
[2025.04.04-21.55.01:653][793]LogModuleManager: Shutting down and abandoning module AdvancedPreviewScene (669)
[2025.04.04-21.55.01:653][793]LogModuleManager: Shutting down and abandoning module Kismet (666)
[2025.04.04-21.55.01:653][793]LogModuleManager: Shutting down and abandoning module KismetWidgets (665)
[2025.04.04-21.55.01:653][793]LogModuleManager: Shutting down and abandoning module GraphEditor (662)
[2025.04.04-21.55.01:653][793]LogModuleManager: Shutting down and abandoning module StructViewer (660)
[2025.04.04-21.55.01:653][793]LogModuleManager: Shutting down and abandoning module ClassViewer (658)
[2025.04.04-21.55.01:655][793]LogModuleManager: Shutting down and abandoning module Toolbox (656)
[2025.04.04-21.55.01:655][793]LogModuleManager: Shutting down and abandoning module ModuleUI (654)
[2025.04.04-21.55.01:655][793]LogModuleManager: Shutting down and abandoning module OutputLog (652)
[2025.04.04-21.55.01:655][793]LogModuleManager: Shutting down and abandoning module GammaUI (650)
[2025.04.04-21.55.01:655][793]LogModuleManager: Shutting down and abandoning module Documentation (648)
[2025.04.04-21.55.01:655][793]LogModuleManager: Shutting down and abandoning module LiveCoding (646)
[2025.04.04-21.55.01:655][793]LogModuleManager: Shutting down and abandoning module LevelSequence (644)
[2025.04.04-21.55.01:655][793]LogModuleManager: Shutting down and abandoning module MovieSceneTracks (642)
[2025.04.04-21.55.01:655][793]LogModuleManager: Shutting down and abandoning module MovieScene (640)
[2025.04.04-21.55.01:655][793]LogModuleManager: Shutting down and abandoning module StreamingPauseRendering (638)
[2025.04.04-21.55.01:656][793]LogModuleManager: Shutting down and abandoning module LauncherPlatform (636)
[2025.04.04-21.55.01:656][793]LogModuleManager: Shutting down and abandoning module AnalyticsET (634)
[2025.04.04-21.55.01:656][793]LogModuleManager: Shutting down and abandoning module PortalServices (632)
[2025.04.04-21.55.01:656][793]LogModuleManager: Shutting down and abandoning module PortalRpc (630)
[2025.04.04-21.55.01:656][793]LogModuleManager: Shutting down and abandoning module MessagingRpc (628)
[2025.04.04-21.55.01:656][793]LogModuleManager: Shutting down and abandoning module AudioMixerXAudio2 (626)
[2025.04.04-21.55.01:656][793]LogModuleManager: Shutting down and abandoning module AudioMixerCore (625)
[2025.04.04-21.55.01:656][793]LogModuleManager: Shutting down and abandoning module AIModule (622)
[2025.04.04-21.55.01:656][793]LogModuleManager: Shutting down and abandoning module GameplayDebugger (621)
[2025.04.04-21.55.01:656][793]LogModuleManager: Shutting down and abandoning module AITestSuite (619)
[2025.04.04-21.55.01:656][793]LogModuleManager: Shutting down and abandoning module NavigationSystem (617)
[2025.04.04-21.55.01:656][793]LogModuleManager: Shutting down and abandoning module ImageWriteQueue (614)
[2025.04.04-21.55.01:656][793]LogModuleManager: Shutting down and abandoning module ProfilerService (612)
[2025.04.04-21.55.01:666][793]LogModuleManager: Shutting down and abandoning module TaskGraph (610)
[2025.04.04-21.55.01:666][793]LogModuleManager: Shutting down and abandoning module AudioSynesthesiaEditor (608)
[2025.04.04-21.55.01:666][793]LogModuleManager: Shutting down and abandoning module OculusEditor (606)
[2025.04.04-21.55.01:667][793]LogModuleManager: Shutting down and abandoning module OculusInput (604)
[2025.04.04-21.55.01:667][793]LogModuleManager: Shutting down and abandoning module ContentBrowserFileDataSource (602)
[2025.04.04-21.55.01:667][793]LogModuleManager: Shutting down and abandoning module ContentBrowserClassDataSource (600)
[2025.04.04-21.55.01:667][793]LogModuleManager: Shutting down and abandoning module ContentBrowserAssetDataSource (598)
[2025.04.04-21.55.01:667][793]LogModuleManager: Shutting down and abandoning module CollectionManager (597)
[2025.04.04-21.55.01:667][793]LogModuleManager: Shutting down and abandoning module TakeSequencer (594)
[2025.04.04-21.55.01:667][793]LogModuleManager: Shutting down and abandoning module TakeMovieScene (592)
[2025.04.04-21.55.01:667][793]LogModuleManager: Shutting down and abandoning module ScreenshotTools (590)
[2025.04.04-21.55.01:667][793]LogModuleManager: Shutting down and abandoning module SynthesisEditor (588)
[2025.04.04-21.55.01:667][793]LogModuleManager: Shutting down and abandoning module Synthesis (586)
[2025.04.04-21.55.01:667][793]LogModuleManager: Shutting down and abandoning module ProceduralMeshComponentEditor (584)
[2025.04.04-21.55.01:667][793]LogModuleManager: Shutting down and abandoning module ProceduralMeshComponent (582)
[2025.04.04-21.55.01:667][793]LogModuleManager: Shutting down and abandoning module OpenXREditor (580)
[2025.04.04-21.55.01:667][793]LogModuleManager: Shutting down and abandoning module MobilePatchingUtils (578)
[2025.04.04-21.55.01:667][793]LogModuleManager: Shutting down and abandoning module GooglePAD (576)
[2025.04.04-21.55.01:667][793]LogModuleManager: Shutting down and abandoning module EditableMesh (574)
[2025.04.04-21.55.01:667][793]LogModuleManager: Shutting down and abandoning module CustomMeshComponent (572)
[2025.04.04-21.55.01:667][793]LogModuleManager: Shutting down and abandoning module CableComponent (570)
[2025.04.04-21.55.01:667][793]LogModuleManager: Shutting down and abandoning module AudioCapture (568)
[2025.04.04-21.55.01:667][793]LogModuleManager: Shutting down and abandoning module AudioCaptureRtAudio (567)
[2025.04.04-21.55.01:667][793]LogModuleManager: Shutting down and abandoning module AssetTags (564)
[2025.04.04-21.55.01:667][793]LogModuleManager: Shutting down and abandoning module ArchVisCharacter (562)
[2025.04.04-21.55.01:667][793]LogModuleManager: Shutting down and abandoning module AppleImageUtilsBlueprintSupport (560)
[2025.04.04-21.55.01:667][793]LogModuleManager: Shutting down and abandoning module AppleImageUtils (558)
[2025.04.04-21.55.01:667][793]LogModuleManager: Shutting down and abandoning module AndroidPermission (556)
[2025.04.04-21.55.01:667][793]LogModuleManager: Shutting down and abandoning module ActorLayerUtilitiesEditor (554)
[2025.04.04-21.55.01:667][793]LogModuleManager: Shutting down and abandoning module ActorLayerUtilities (552)
[2025.04.04-21.55.01:667][793]LogModuleManager: Shutting down and abandoning module TemplateSequence (550)
[2025.04.04-21.55.01:667][793]LogModuleManager: Shutting down and abandoning module MediaCompositing (548)
[2025.04.04-21.55.01:667][793]LogModuleManager: Shutting down and abandoning module ImgMedia (546)
[2025.04.04-21.55.01:667][793]LogModuleManager: Shutting down and abandoning module MagicLeapSharedWorld (544)
[2025.04.04-21.55.01:667][793]LogModuleManager: Shutting down and abandoning module MagicLeapLightEstimation (542)
[2025.04.04-21.55.01:667][793]LogModuleManager: Shutting down and abandoning module MagicLeapHelperVulkan (540)
[2025.04.04-21.55.01:667][793]LogModuleManager: Shutting down and abandoning module MagicLeapHelperOpenGL (538)
[2025.04.04-21.55.01:667][793]LogModuleManager: Shutting down and abandoning module MagicLeapAudio (536)
[2025.04.04-21.55.01:667][793]LogModuleManager: Shutting down and abandoning module OpenImageDenoise (534)
[2025.04.04-21.55.01:667][793]LogOpenImageDenoise: OIDN shutting down
[2025.04.04-21.55.01:667][793]LogModuleManager: Shutting down and abandoning module MotoSynthEditor (532)
[2025.04.04-21.55.01:667][793]LogModuleManager: Shutting down and abandoning module MotoSynth (530)
[2025.04.04-21.55.01:667][793]LogModuleManager: Shutting down and abandoning module MeshConversion (528)
[2025.04.04-21.55.01:667][793]LogModuleManager: Shutting down and abandoning module DynamicMesh (526)
[2025.04.04-21.55.01:667][793]LogModuleManager: Shutting down and abandoning module GeometryAlgorithms (524)
[2025.04.04-21.55.01:668][793]LogModuleManager: Shutting down and abandoning module GeometricObjects (522)
[2025.04.04-21.55.01:668][793]LogModuleManager: Shutting down and abandoning module GeometryCollectionTracks (520)
[2025.04.04-21.55.01:668][793]LogModuleManager: Shutting down and abandoning module GeometryCollectionSequencer (519)
[2025.04.04-21.55.01:668][793]LogModuleManager: Shutting down and abandoning module GeometryCollectionEditor (516)
[2025.04.04-21.55.01:668][793]LogModuleManager: Shutting down and abandoning module GeometryCacheTracks (514)
[2025.04.04-21.55.01:668][793]LogModuleManager: Shutting down and abandoning module GeometryCacheStreamer (512)
[2025.04.04-21.55.01:668][793]LogModuleManager: Shutting down and abandoning module GeometryCacheSequencer (510)
[2025.04.04-21.55.01:668][793]LogModuleManager: Shutting down and abandoning module ChaosSolverEditor (508)
[2025.04.04-21.55.01:668][793]LogModuleManager: Shutting down and abandoning module ChaosNiagara (506)
[2025.04.04-21.55.01:668][793]LogModuleManager: Shutting down and abandoning module FractureEditor (504)
[2025.04.04-21.55.01:668][793]LogModuleManager: Shutting down and abandoning module FieldSystemEngine (503)
[2025.04.04-21.55.01:668][793]LogModuleManager: Shutting down and abandoning module ChaosClothEditor (500)
[2025.04.04-21.55.01:668][793]LogModuleManager: Shutting down and abandoning module BackChannel (498)
[2025.04.04-21.55.01:668][793]LogModuleManager: Shutting down and abandoning module NiagaraEditorWidgets (496)
[2025.04.04-21.55.01:668][793]LogModuleManager: Shutting down and abandoning module AutomationUtilsEditor (494)
[2025.04.04-21.55.01:668][793]LogModuleManager: Shutting down and abandoning module AutomationUtils (492)
[2025.04.04-21.55.01:668][793]LogModuleManager: Shutting down and abandoning module AlembicImporter (490)
[2025.04.04-21.55.01:668][793]LogModuleManager: Shutting down and abandoning module AlembicLibrary (489)
[2025.04.04-21.55.01:668][793]LogModuleManager: Shutting down and abandoning module GeometryCache (488)
[2025.04.04-21.55.01:668][793]LogModuleManager: Shutting down and abandoning module GeometryCacheEd (487)
[2025.04.04-21.55.01:668][793]LogModuleManager: Shutting down and abandoning module VariantManagerContentEditor (482)
[2025.04.04-21.55.01:668][793]LogModuleManager: Shutting down and abandoning module DatasmithContentEditor (480)
[2025.04.04-21.55.01:668][793]LogModuleManager: Shutting down and abandoning module SpeedTreeImporter (478)
[2025.04.04-21.55.01:668][793]LogModuleManager: Shutting down and abandoning module PluginBrowser (476)
[2025.04.04-21.55.01:668][793]LogModuleManager: Shutting down and abandoning module MobileLauncherProfileWizard (474)
[2025.04.04-21.55.01:668][793]LogModuleManager: Shutting down and abandoning module MaterialAnalyzer (472)
[2025.04.04-21.55.01:668][793]LogModuleManager: Shutting down and abandoning module CurveEditorTools (470)
[2025.04.04-21.55.01:668][793]LogModuleManager: Shutting down and abandoning module CryptoKeysOpenSSL (468)
[2025.04.04-21.55.01:668][793]LogModuleManager: Shutting down and abandoning module CryptoKeys (466)
[2025.04.04-21.55.01:668][793]LogModuleManager: Shutting down and abandoning module VisualStudioCodeSourceCodeAccess (464)
[2025.04.04-21.55.01:668][793]LogModuleManager: Shutting down and abandoning module VisualStudioSourceCodeAccess (462)
[2025.04.04-21.55.01:668][793]LogModuleManager: Shutting down and abandoning module UObjectPlugin (460)
[2025.04.04-21.55.01:668][793]LogModuleManager: Shutting down and abandoning module SubversionSourceControl (458)
[2025.04.04-21.55.01:668][793]LogModuleManager: Shutting down and abandoning module RiderSourceCodeAccess (456)
[2025.04.04-21.55.01:668][793]LogModuleManager: Shutting down and abandoning module PluginUtils (454)
[2025.04.04-21.55.01:668][793]LogModuleManager: Shutting down and abandoning module PlasticSourceControl (452)
[2025.04.04-21.55.01:668][793]LogModuleManager: Shutting down and abandoning module PerforceSourceControl (450)
[2025.04.04-21.55.01:668][793]LogModuleManager: Shutting down and abandoning module GitSourceControl (448)
[2025.04.04-21.55.01:668][793]LogModuleManager: Shutting down and abandoning module SourceControl (447)
[2025.04.04-21.55.01:668][793]LogModuleManager: Shutting down and abandoning module CLionSourceCodeAccess (444)
[2025.04.04-21.55.01:668][793]LogModuleManager: Shutting down and abandoning module AnimationSharingEd (442)
[2025.04.04-21.55.01:668][793]LogModuleManager: Shutting down and abandoning module OodleNetworkHandlerComponent (440)
[2025.04.04-21.55.01:668][793]LogModuleManager: Shutting down and abandoning module LightPropagationVolumeEditor (438)
[2025.04.04-21.55.01:668][793]LogModuleManager: Shutting down and abandoning module LiveLinkSequencer (436)
[2025.04.04-21.55.01:668][793]LogModuleManager: Shutting down and abandoning module LiveLinkMovieScene (434)
[2025.04.04-21.55.01:668][793]LogModuleManager: Shutting down and abandoning module LiveLinkGraphNode (432)
[2025.04.04-21.55.01:668][793]LogModuleManager: Shutting down and abandoning module LiveLinkEditor (430)
[2025.04.04-21.55.01:668][793]LogModuleManager: Shutting down and abandoning module LiveLinkComponents (428)
[2025.04.04-21.55.01:668][793]LogModuleManager: Shutting down and abandoning module LiveLink (426)
[2025.04.04-21.55.01:978][793]LogModuleManager: Shutting down and abandoning module PaperTiledImporter (424)
[2025.04.04-21.55.01:978][793]LogModuleManager: Shutting down and abandoning module PaperSpriteSheetImporter (422)
[2025.04.04-21.55.01:978][793]LogModuleManager: Shutting down and abandoning module Paper2DEditor (420)
[2025.04.04-21.55.01:978][793]LogModuleManager: Shutting down and abandoning module MeshPaintingToolset (418)
[2025.04.04-21.55.01:978][793]LogModuleManager: Shutting down and abandoning module MeshPaintEditorMode (416)
[2025.04.04-21.55.01:978][793]LogModuleManager: Shutting down and abandoning module TopDownPuzzle (414)
[2025.04.04-21.55.01:978][793]LogModuleManager: Shutting down and abandoning module AnimGraph (413)
[2025.04.04-21.55.01:978][793]LogModuleManager: Shutting down and abandoning module SoundFields (410)
[2025.04.04-21.55.01:978][793]LogModuleManager: Shutting down and abandoning module SignificanceManager (408)
[2025.04.04-21.55.01:978][793]LogModuleManager: Shutting down and abandoning module RuntimePhysXCooking (406)
[2025.04.04-21.55.01:978][793]LogModuleManager: Shutting down and abandoning module PropertyAccessEditor (404)
[2025.04.04-21.55.01:978][793]LogModuleManager: Shutting down and abandoning module PhysXVehiclesEditor (402)
[2025.04.04-21.55.01:978][793]LogModuleManager: Shutting down and abandoning module LocationServicesBPLibrary (398)
[2025.04.04-21.55.01:978][793]LogModuleManager: Shutting down and abandoning module AudioSynesthesia (396)
[2025.04.04-21.55.01:978][793]LogModuleManager: Shutting down and abandoning module AudioSynesthesiaCore (394)
[2025.04.04-21.55.01:978][793]LogModuleManager: Shutting down and abandoning module UdpMessaging (392)
[2025.04.04-21.55.02:079][793]LogModuleManager: Shutting down and abandoning module ActorSequence (390)
[2025.04.04-21.55.02:079][793]LogModuleManager: Shutting down and abandoning module TcpMessaging (388)
[2025.04.04-21.55.02:181][793]LogModuleManager: Shutting down and abandoning module ImgMediaEngine (386)
[2025.04.04-21.55.02:181][793]LogModuleManager: Shutting down and abandoning module MagicLeapARPin (384)
[2025.04.04-21.55.02:181][793]LogModuleManager: Shutting down and abandoning module MagicLeapHandMeshing (382)
[2025.04.04-21.55.02:181][793]LogModuleManager: Shutting down and abandoning module MagicLeapSecureStorage (380)
[2025.04.04-21.55.02:181][793]LogModuleManager: Shutting down and abandoning module MagicLeapPrivileges (378)
[2025.04.04-21.55.02:181][793]LogModuleManager: Shutting down and abandoning module MagicLeapPlanes (376)
[2025.04.04-21.55.02:181][793]LogMagicLeapPlanes: Planes tracker already destroyed.
[2025.04.04-21.55.02:181][793]LogModuleManager: Shutting down and abandoning module MagicLeapImageTracker (374)
[2025.04.04-21.55.02:181][793]LogModuleManager: Shutting down and abandoning module MagicLeapIdentity (372)
[2025.04.04-21.55.02:181][793]LogModuleManager: Shutting down and abandoning module MagicLeapHandTracking (370)
[2025.04.04-21.55.02:181][793]LogModuleManager: Shutting down and abandoning module MagicLeapEyeTracker (368)
[2025.04.04-21.55.02:181][793]LogModuleManager: Shutting down and abandoning module MagicLeapController (366)
[2025.04.04-21.55.02:181][793]LogModuleManager: Shutting down and abandoning module MagicLeapARPinImpl (364)
[2025.04.04-21.55.02:181][793]LogModuleManager: Shutting down and abandoning module MagicLeapAR (362)
[2025.04.04-21.55.02:181][793]LogModuleManager: Shutting down and abandoning module PythonScriptPlugin (360)
[2025.04.04-21.55.02:181][793]LogModuleManager: Shutting down and abandoning module NiagaraAnimNotifies (358)
[2025.04.04-21.55.02:181][793]LogModuleManager: Shutting down and abandoning module Niagara (356)
[2025.04.04-21.55.02:181][793]LogModuleManager: Shutting down and abandoning module SignalProcessing (355)
[2025.04.04-21.55.02:181][793]LogModuleManager: Shutting down and abandoning module NiagaraEditor (353)
[2025.04.04-21.55.02:182][793]LogModuleManager: Shutting down and abandoning module NiagaraCore (350)
[2025.04.04-21.55.02:182][793]LogModuleManager: Shutting down and abandoning module GameplayTagsEditor (348)
[2025.04.04-21.55.02:182][793]LogModuleManager: Shutting down and abandoning module FacialAnimationEditor (346)
[2025.04.04-21.55.02:182][793]LogModuleManager: Shutting down and abandoning module FacialAnimation (344)
[2025.04.04-21.55.02:183][793]LogModuleManager: Shutting down and abandoning module DataValidation (342)
[2025.04.04-21.55.02:183][793]LogModuleManager: Shutting down and abandoning module AssetManagerEditor (340)
[2025.04.04-21.55.02:183][793]LogModuleManager: Shutting down and abandoning module LevelEditor (339)
[2025.04.04-21.55.02:186][793]LogModuleManager: Shutting down and abandoning module PixelInspectorModule (338)
[2025.04.04-21.55.02:186][793]LogModuleManager: Shutting down and abandoning module CommonMenuExtensions (336)
[2025.04.04-21.55.02:186][793]LogModuleManager: Shutting down and abandoning module MainFrame (334)
[2025.04.04-21.55.02:187][793]LogModuleManager: Shutting down and abandoning module HotReload (333)
[2025.04.04-21.55.02:188][793]LogModuleManager: Shutting down and abandoning module ToolMenus (329)
[2025.04.04-21.55.02:188][793]LogModuleManager: Shutting down and abandoning module ContentBrowser (327)
[2025.04.04-21.55.02:188][793]LogModuleManager: Shutting down and abandoning module ContentBrowserData (326)
[2025.04.04-21.55.02:188][793]LogModuleManager: Shutting down and abandoning module TreeMap (323)
[2025.04.04-21.55.02:188][793]LogModuleManager: Shutting down and abandoning module PropertyAccessNode (320)
[2025.04.04-21.55.02:188][793]LogModuleManager: Shutting down and abandoning module AnimationSharing (318)
[2025.04.04-21.55.02:188][793]LogModuleManager: Shutting down and abandoning module GameplayCameras (316)
[2025.04.04-21.55.02:188][793]LogModuleManager: Shutting down and abandoning module LightPropagationVolumeRuntime (314)
[2025.04.04-21.55.02:188][793]LogModuleManager: Shutting down and abandoning module EnvironmentQueryEditor (312)
[2025.04.04-21.55.02:188][793]LogModuleManager: Shutting down and abandoning module Paper2D (310)
[2025.04.04-21.55.02:188][793]LogModuleManager: Shutting down and abandoning module WindowsMoviePlayer (308)
[2025.04.04-21.55.02:191][793]LogModuleManager: Shutting down and abandoning module WebMMoviePlayer (306)
[2025.04.04-21.55.02:191][793]LogModuleManager: Shutting down and abandoning module NetworkReplayStreaming (304)
[2025.04.04-21.55.02:191][793]LogModuleManager: Shutting down and abandoning module PacketHandler (302)
[2025.04.04-21.55.02:191][793]LogModuleManager: Shutting down and abandoning module ClothingSystemEditor (300)
[2025.04.04-21.55.02:191][793]LogModuleManager: Shutting down and abandoning module ClothingSystemRuntimeNv (298)
[2025.04.04-21.55.02:191][793]LogModuleManager: Shutting down and abandoning module MediaAssets (296)
[2025.04.04-21.55.02:191][793]LogModuleManager: Shutting down and abandoning module Overlay (294)
[2025.04.04-21.55.02:191][793]LogModuleManager: Shutting down and abandoning module OverlayEditor (293)
[2025.04.04-21.55.02:191][793]LogModuleManager: Shutting down and abandoning module VREditor (290)
[2025.04.04-21.55.02:191][793]LogModuleManager: Shutting down and abandoning module StringTableEditor (288)
[2025.04.04-21.55.02:191][793]LogModuleManager: Shutting down and abandoning module GameplayTasksEditor (286)
[2025.04.04-21.55.02:191][793]LogModuleManager: Shutting down and abandoning module BehaviorTreeEditor (284)
[2025.04.04-21.55.02:191][793]LogModuleManager: Shutting down and abandoning module FunctionalTesting (282)
[2025.04.04-21.55.02:191][793]LogModuleManager: Shutting down and abandoning module CollisionAnalyzer (280)
[2025.04.04-21.55.02:191][793]LogModuleManager: Shutting down and abandoning module WorkspaceMenuStructure (279)
[2025.04.04-21.55.02:192][793]LogModuleManager: Shutting down and abandoning module UMG (276)
[2025.04.04-21.55.02:192][793]LogModuleManager: Shutting down and abandoning module UMGEditor (275)
[2025.04.04-21.55.02:192][793]LogModuleManager: Shutting down and abandoning module MessageLog (273)
[2025.04.04-21.55.02:192][793]LogModuleManager: Shutting down and abandoning module SlateReflector (268)
[2025.04.04-21.55.02:192][793]LogModuleManager: Shutting down and abandoning module Slate (266)
[2025.04.04-21.55.02:192][793]LogModuleManager: Shutting down and abandoning module SlateCore (264)
[2025.04.04-21.55.02:194][793]LogModuleManager: Shutting down and abandoning module LandscapeEditorUtilities (262)
[2025.04.04-21.55.02:194][793]LogModuleManager: Shutting down and abandoning module UnrealEd (260)
[2025.04.04-21.55.02:194][793]LogModuleManager: Shutting down and abandoning module MRMesh (258)
[2025.04.04-21.55.02:194][793]LogModuleManager: Shutting down and abandoning module SourceCodeAccess (256)
[2025.04.04-21.55.02:194][793]LogModuleManager: Shutting down and abandoning module HeadMountedDisplay (254)
[2025.04.04-21.55.02:194][793]LogModuleManager: Shutting down and abandoning module XAudio2 (252)
[2025.04.04-21.55.02:194][793]LogModuleManager: Shutting down and abandoning module Networking (250)
[2025.04.04-21.55.02:194][793]LogModuleManager: Shutting down and abandoning module Core (248)
[2025.04.04-21.55.02:194][793]LogModuleManager: Shutting down and abandoning module MaterialEditor (246)
[2025.04.04-21.55.02:194][793]LogModuleManager: Shutting down and abandoning module MovieSceneTools (244)
[2025.04.04-21.55.02:194][793]LogModuleManager: Shutting down and abandoning module CurveEditor (243)
[2025.04.04-21.55.02:194][793]LogModuleManager: Shutting down and abandoning module Sequencer (241)
[2025.04.04-21.55.02:195][793]LogModuleManager: Shutting down and abandoning module EditorStyle (240)
[2025.04.04-21.55.02:197][793]LogModuleManager: Shutting down and abandoning module KismetCompiler (236)
[2025.04.04-21.55.02:197][793]LogModuleManager: Shutting down and abandoning module MeshBuilder (234)
[2025.04.04-21.55.02:197][793]LogModuleManager: Shutting down and abandoning module MeshUtilities (232)
[2025.04.04-21.55.02:197][793]LogModuleManager: Shutting down and abandoning module MeshMergeUtilities (231)
[2025.04.04-21.55.02:197][793]LogModuleManager: Shutting down and abandoning module MeshReductionInterface (230)
[2025.04.04-21.55.02:197][793]LogModuleManager: Shutting down and abandoning module MeshBoneReduction (229)
[2025.04.04-21.55.02:197][793]LogModuleManager: Shutting down and abandoning module SkeletalMeshReduction (227)
[2025.04.04-21.55.02:197][793]LogModuleManager: Shutting down and abandoning module ProxyLODMeshReduction (225)
[2025.04.04-21.55.02:197][793]LogModuleManager: Shutting down and abandoning module QuadricMeshReduction (223)
[2025.04.04-21.55.02:197][793]LogModuleManager: Shutting down and abandoning module MaterialBaking (219)
[2025.04.04-21.55.02:197][793]LogModuleManager: Shutting down and abandoning module NullInstallBundleManager (214)
[2025.04.04-21.55.02:197][793]LogModuleManager: Shutting down and abandoning module DerivedDataCache (212)
[2025.04.04-21.55.02:197][793]LogModuleManager: Shutting down and abandoning module TargetPlatform (210)
[2025.04.04-21.55.02:197][793]LogModuleManager: Shutting down and abandoning module VulkanShaderFormat (209)
[2025.04.04-21.55.02:198][793]LogModuleManager: Shutting down and abandoning module ShaderFormatVectorVM (207)
[2025.04.04-21.55.02:198][793]LogModuleManager: Shutting down and abandoning module ShaderFormatOpenGL (205)
[2025.04.04-21.55.02:198][793]LogModuleManager: Shutting down and abandoning module ShaderFormatD3D (203)
[2025.04.04-21.55.02:198][793]LogModuleManager: Shutting down and abandoning module MetalShaderFormat (201)
[2025.04.04-21.55.02:198][793]LogModuleManager: Shutting down and abandoning module TextureFormatOodle (199)
[2025.04.04-21.55.02:198][793]LogModuleManager: Shutting down and abandoning module TextureFormatUncompressed (197)
[2025.04.04-21.55.02:198][793]LogModuleManager: Shutting down and abandoning module TextureFormatPVR (195)
[2025.04.04-21.55.02:198][793]LogModuleManager: Shutting down and abandoning module TextureFormatETC2 (193)
[2025.04.04-21.55.02:198][793]LogModuleManager: Shutting down and abandoning module TextureFormatDXT (191)
[2025.04.04-21.55.02:198][793]LogModuleManager: Shutting down and abandoning module TextureFormatIntelISPCTexComp (189)
[2025.04.04-21.55.02:198][793]LogModuleManager: Shutting down and abandoning module TextureFormatASTC (187)
[2025.04.04-21.55.02:198][793]LogModuleManager: Shutting down and abandoning module ImageWrapper (186)
[2025.04.04-21.55.02:198][793]LogModuleManager: Shutting down and abandoning module AudioFormatOpus (183)
[2025.04.04-21.55.02:198][793]LogModuleManager: Shutting down and abandoning module AudioFormatOgg (181)
[2025.04.04-21.55.02:198][793]LogModuleManager: Shutting down and abandoning module AudioFormatADPCM (179)
[2025.04.04-21.55.02:198][793]LogModuleManager: Shutting down and abandoning module WindowsServerTargetPlatform (177)
[2025.04.04-21.55.02:198][793]LogModuleManager: Shutting down and abandoning module WindowsClientTargetPlatform (175)
[2025.04.04-21.55.02:198][793]LogModuleManager: Shutting down and abandoning module WindowsTargetPlatform (173)
[2025.04.04-21.55.02:199][793]LogModuleManager: Shutting down and abandoning module WindowsNoEditorTargetPlatform (171)
[2025.04.04-21.55.02:199][793]LogModuleManager: Shutting down and abandoning module TVOSTargetPlatform (169)
[2025.04.04-21.55.02:199][793]LogModuleManager: Shutting down and abandoning module MacServerTargetPlatform (167)
[2025.04.04-21.55.02:199][793]LogModuleManager: Shutting down and abandoning module MacClientTargetPlatform (165)
[2025.04.04-21.55.02:199][793]LogModuleManager: Shutting down and abandoning module MacTargetPlatform (163)
[2025.04.04-21.55.02:199][793]LogModuleManager: Shutting down and abandoning module MacNoEditorTargetPlatform (161)
[2025.04.04-21.55.02:199][793]LogModuleManager: Shutting down and abandoning module LuminTargetPlatform (159)
[2025.04.04-21.55.02:201][793]LogModuleManager: Shutting down and abandoning module LinuxAArch64ServerTargetPlatform (157)
[2025.04.04-21.55.02:201][793]LogModuleManager: Shutting down and abandoning module LinuxAArch64ClientTargetPlatform (155)
[2025.04.04-21.55.02:201][793]LogModuleManager: Shutting down and abandoning module LinuxAArch64NoEditorTargetPlatform (153)
[2025.04.04-21.55.02:202][793]LogModuleManager: Shutting down and abandoning module LinuxServerTargetPlatform (151)
[2025.04.04-21.55.02:202][793]LogModuleManager: Shutting down and abandoning module LinuxClientTargetPlatform (149)
[2025.04.04-21.55.02:202][793]LogModuleManager: Shutting down and abandoning module LinuxNoEditorTargetPlatform (147)
[2025.04.04-21.55.02:202][793]LogModuleManager: Shutting down and abandoning module LinuxTargetPlatform (145)
[2025.04.04-21.55.02:202][793]LogModuleManager: Shutting down and abandoning module Messaging (143)
[2025.04.04-21.55.02:202][793]LogModuleManager: Shutting down and abandoning module IOSTargetPlatform (141)
[2025.04.04-21.55.02:203][793]LogModuleManager: Shutting down and abandoning module AndroidTargetPlatform (139)
[2025.04.04-21.55.02:207][793]LogModuleManager: Shutting down and abandoning module AllDesktopTargetPlatform (137)
[2025.04.04-21.55.02:207][793]LogModuleManager: Shutting down and abandoning module D3D11RHI (134)
[2025.04.04-21.55.02:207][793]LogModuleManager: Shutting down and abandoning module InputCore (132)
[2025.04.04-21.55.02:207][793]LogModuleManager: Shutting down and abandoning module Settings (130)
[2025.04.04-21.55.02:207][793]LogModuleManager: Shutting down and abandoning module DirectoryWatcher (128)
[2025.04.04-21.55.02:207][793]LogModuleManager: Shutting down and abandoning module PhysXCooking (126)
[2025.04.04-21.55.02:207][793]LogModuleManager: Shutting down and abandoning module Chaos (124)
[2025.04.04-21.55.02:207][793]LogModuleManager: Shutting down and abandoning module WindowsPlatformFeatures (122)
[2025.04.04-21.55.02:207][793]LogModuleManager: Shutting down and abandoning module GameplayMediaEncoder (121)
[2025.04.04-21.55.02:207][793]LogModuleManager: Shutting down and abandoning module AVEncoder (120)
[2025.04.04-21.55.02:207][793]LogModuleManager: Shutting down and abandoning module SteamVRInputDevice (116)
[2025.04.04-21.55.02:207][793]LogModuleManager: Shutting down and abandoning module SteamVRInput (114)
[2025.04.04-21.55.02:207][793]LogModuleManager: Shutting down and abandoning module SteamVR (112)
[2025.04.04-21.55.02:207][793]LogHMD: Freeing OpenVRDLLHandle.
[2025.04.04-21.55.02:207][793]LogModuleManager: Shutting down and abandoning module OculusHMD (110)
[2025.04.04-21.55.02:207][793]LogModuleManager: Shutting down and abandoning module OpenXRHandTracking (108)
[2025.04.04-21.55.02:208][793]LogSlate: Slate User Destroyed.  User Index 0, Is Virtual User: 0
[2025.04.04-21.55.02:208][793]LogModuleManager: Shutting down and abandoning module OpenXREyeTracker (106)
[2025.04.04-21.55.02:208][793]LogModuleManager: Shutting down and abandoning module OpenXRAR (104)
[2025.04.04-21.55.02:208][793]LogModuleManager: Shutting down and abandoning module AugmentedReality (103)
[2025.04.04-21.55.02:208][793]LogModuleManager: Shutting down and abandoning module OpenXRHMD (100)
[2025.04.04-21.55.02:209][793]LogModuleManager: Shutting down and abandoning module ExampleDeviceProfileSelector (98)
[2025.04.04-21.55.02:209][793]LogModuleManager: Shutting down and abandoning module ChunkDownloader (96)
[2025.04.04-21.55.02:209][793]LogModuleManager: Shutting down and abandoning module LauncherChunkInstaller (94)
[2025.04.04-21.55.02:209][793]LogModuleManager: Shutting down and abandoning module OnlineBlueprintSupport (92)
[2025.04.04-21.55.02:209][793]LogModuleManager: Shutting down and abandoning module OnlineSubsystem (88)
[2025.04.04-21.55.02:210][793]LogModuleManager: Shutting down and abandoning module XMPP (83)
[2025.04.04-21.55.02:210][793]LogModuleManager: Shutting down and abandoning module WebSockets (82)
[2025.04.04-21.55.02:227][793]LogModuleManager: Shutting down and abandoning module HTTP (79)
[2025.04.04-21.55.02:228][793]LogHttp: Display: Http module shutting down, but needs to wait on 1 outstanding Http requests:
[2025.04.04-21.55.02:228][793]LogHttp: Display: 	verb=[POST] url=[https://datarouter.ol.epicgames.com/datarouter/api/v1/public/data?SessionID=%7BC7F5113D-48B6-80E4-FBCC-F08DBB712ADA%7D&AppID=UEEditor.Rocket.Release&AppVersion=4.27.2-18319896%2B%2B%2BUE4%2BRelease-4.27&UserID=1630856f436c572332dc42bd5716ab61%7C7103b13d50da47bcb910eeb6fc950929%7C1a3351ea-d91d-494f-9b74-3a188d739225&AppEnvironment=datacollector-binary&UploadType=eteventstream] refs=[1] status=Processing
[2025.04.04-21.55.02:228][793]LogHttp: Display: cleaning up 1 outstanding Http requests.
[2025.04.04-21.55.02:245][793]LogModuleManager: Shutting down and abandoning module SSL (78)
[2025.04.04-21.55.02:246][793]LogModuleManager: Shutting down and abandoning module WmfMedia (74)
[2025.04.04-21.55.02:249][793]LogModuleManager: Shutting down and abandoning module Media (73)
[2025.04.04-21.55.02:249][793]LogModuleManager: Shutting down and abandoning module MediaInfo (72)
[2025.04.04-21.55.02:249][793]LogModuleManager: Shutting down and abandoning module ExrReaderGpu (68)
[2025.04.04-21.55.02:249][793]LogModuleManager: Shutting down and abandoning module MLSDK (66)
[2025.04.04-21.55.02:249][793]LogModuleManager: Shutting down and abandoning module MagicLeap (64)
[2025.04.04-21.55.02:249][793]LogModuleManager: Shutting down and abandoning module ChaosCloth (62)
[2025.04.04-21.55.02:249][793]LogModuleManager: Shutting down and abandoning module NiagaraVertexFactories (60)
[2025.04.04-21.55.02:250][793]LogModuleManager: Shutting down and abandoning module NiagaraShader (58)
[2025.04.04-21.55.02:250][793]LogModuleManager: Shutting down and abandoning module VariantManagerContent (56)
[2025.04.04-21.55.02:250][793]LogModuleManager: Shutting down and abandoning module DatasmithContent (54)
[2025.04.04-21.55.02:251][793]LogModuleManager: Shutting down and abandoning module PixWinPlugin (52)
[2025.04.04-21.55.02:251][793]LogModuleManager: Shutting down and abandoning module AISupportModule (50)
[2025.04.04-21.55.02:251][793]LogModuleManager: Shutting down and abandoning module DesktopPlatform (48)
[2025.04.04-21.55.02:251][793]LogModuleManager: Shutting down and abandoning module PythonScriptPluginPreload (46)
[2025.04.04-21.55.02:251][793]LogModuleManager: Shutting down and abandoning module PlatformCryptoOpenSSL (44)
[2025.04.04-21.55.02:251][793]LogModuleManager: Shutting down and abandoning module PlatformCryptoTypes (42)
[2025.04.04-21.55.02:251][793]LogModuleManager: Shutting down and abandoning module PlatformCrypto (40)
[2025.04.04-21.55.02:251][793]LogModuleManager: Shutting down and abandoning module OodleDataCompressionFormat (38)
[2025.04.04-21.55.02:251][793]LogModuleManager: Shutting down and abandoning module XGEController (36)
[2025.04.04-21.55.02:251][793]LogModuleManager: Shutting down and abandoning module AnimationModifiers (34)
[2025.04.04-21.55.02:251][793]LogModuleManager: Shutting down and abandoning module AudioEditor (32)
[2025.04.04-21.55.02:251][793]LogModuleManager: Shutting down and abandoning module PropertyEditor (31)
[2025.04.04-21.55.02:251][793]LogModuleManager: Shutting down and abandoning module TextureCompressor (28)
[2025.04.04-21.55.02:251][793]LogModuleManager: Shutting down and abandoning module RenderCore (26)
[2025.04.04-21.55.02:251][793]LogModuleManager: Shutting down and abandoning module Landscape (24)
[2025.04.04-21.55.02:251][793]LogModuleManager: Shutting down and abandoning module SlateRHIRenderer (22)
[2025.04.04-21.55.02:251][793]LogModuleManager: Shutting down and abandoning module AnimGraphRuntime (20)
[2025.04.04-21.55.02:251][793]LogModuleManager: Shutting down and abandoning module Renderer (18)
[2025.04.04-21.55.02:252][793]LogModuleManager: Shutting down and abandoning module Engine (16)
[2025.04.04-21.55.02:252][793]LogModuleManager: Shutting down and abandoning module CoreUObject (14)
[2025.04.04-21.55.02:252][793]LogModuleManager: Shutting down and abandoning module NetworkFile (12)
[2025.04.04-21.55.02:252][793]LogModuleManager: Shutting down and abandoning module CookedIterativeFile (10)
[2025.04.04-21.55.02:252][793]LogModuleManager: Shutting down and abandoning module StreamingFile (8)
[2025.04.04-21.55.02:252][793]LogModuleManager: Shutting down and abandoning module SandboxFile (6)
[2025.04.04-21.55.02:252][793]LogModuleManager: Shutting down and abandoning module PakFile (4)
[2025.04.04-21.55.02:252][793]LogModuleManager: Shutting down and abandoning module RSA (3)
[2025.04.04-21.55.02:252][793]LogContentStreaming: Display: There are 1 unreleased StreamingManagers
[2025.04.04-21.55.02:266][793]LogD3D11RHI: Shutdown
[2025.04.04-21.55.02:266][793]LogD3D11RHI: CleanupD3DDevice
[2025.04.04-21.55.02:267][793]LogExit: Exiting.
[2025.04.04-21.55.02:279][793]Log file closed, 04/04/25 17:55:02
