Log file open, 04/04/25 23:20:39
LogWindows: Failed to load 'aqProf.dll' (GetLastError=126)
LogWindows: File 'aqProf.dll' does not exist
LogWindows: Failed to load 'VtuneApi.dll' (GetLastError=126)
LogWindows: File 'VtuneApi.dll' does not exist
LogWindows: Failed to load 'VtuneApi32e.dll' (GetLastError=126)
LogWindows: File 'VtuneApi32e.dll' does not exist
LogConsoleResponse: Display: Failed to find resolution value strings in scalability ini. Falling back to default.
LogConsoleResponse: Display: Failed to find resolution value strings in scalability ini. Falling back to default.
LogInit: Display: Running engine for game: TopDownPuzzle
LogPlatformFile: Not using cached read wrapper
LogTaskGraph: Started task graph with 5 named threads and 23 total threads with 3 sets of task threads.
LogStats: Stats thread started at 0.267863
LogICUInternationalization: ICU TimeZone Detection - Raw Offset: -5:00, Platform Override: ''
LogInit: Display: Loading text-based GConfig....
LogPluginManager: Mounting plugin MeshPainting
LogPluginManager: Mounting plugin XGEController
LogPluginManager: Mounting plugin AISupport
LogPluginManager: Mounting plugin Paper2D
LogPluginManager: Mounting plugin EnvironmentQueryEditor
LogPluginManager: Mounting plugin LiveLink
LogPluginManager: Mounting plugin OodleData
LogPluginManager: Mounting plugin OodleNetwork
LogPluginManager: Mounting plugin LightPropagationVolume
LogPluginManager: Mounting plugin CameraShakePreviewer
LogPluginManager: Mounting plugin GameplayCameras
LogPluginManager: Mounting plugin AssetManagerEditor
LogPluginManager: Mounting plugin CryptoKeys
LogPluginManager: Mounting plugin CurveEditorTools
LogPluginManager: Mounting plugin DataValidation
LogPluginManager: Mounting plugin FacialAnimation
LogPluginManager: Mounting plugin GameplayTagsEditor
LogPluginManager: Mounting plugin GeometryMode
LogPluginManager: Mounting plugin MacGraphicsSwitching
LogPluginManager: Mounting plugin MaterialAnalyzer
LogPluginManager: Mounting plugin PluginBrowser
LogPluginManager: Mounting plugin MobileLauncherProfileWizard
LogPluginManager: Mounting plugin SpeedTreeImporter
LogPluginManager: Mounting plugin AnimationSharing
LogPluginManager: Mounting plugin CLionSourceCodeAccess
LogPluginManager: Mounting plugin GitSourceControl
LogPluginManager: Mounting plugin CodeLiteSourceCodeAccess
LogPluginManager: Mounting plugin KDevelopSourceCodeAccess
LogPluginManager: Mounting plugin NullSourceCodeAccess
LogPluginManager: Mounting plugin PixWinPlugin
LogPluginManager: Mounting plugin PluginUtils
LogPluginManager: Mounting plugin PropertyAccessNode
LogPluginManager: Mounting plugin PlasticSourceControl
LogPluginManager: Mounting plugin RiderSourceCodeAccess
LogPluginManager: Mounting plugin SubversionSourceControl
LogPluginManager: Mounting plugin PerforceSourceControl
LogPluginManager: Mounting plugin TextureFormatOodle
LogPluginManager: Mounting plugin UObjectPlugin
LogPluginManager: Mounting plugin DatasmithContent
LogPluginManager: Mounting plugin VisualStudioCodeSourceCodeAccess
LogPluginManager: Mounting plugin VisualStudioSourceCodeAccess
LogPluginManager: Mounting plugin XCodeSourceCodeAccess
LogPluginManager: Mounting plugin VariantManagerContent
LogPluginManager: Mounting plugin Niagara
LogPluginManager: Mounting plugin AlembicImporter
LogPluginManager: Mounting plugin AutomationUtils
LogPluginManager: Mounting plugin BackChannel
LogPluginManager: Mounting plugin ChaosCloth
LogPluginManager: Mounting plugin ChaosEditor
LogPluginManager: Mounting plugin ChaosClothEditor
LogPluginManager: Mounting plugin ChaosNiagara
LogPluginManager: Mounting plugin ChaosSolverPlugin
LogPluginManager: Mounting plugin CharacterAI
LogPluginManager: Mounting plugin LuminPlatformFeatures
LogPluginManager: Mounting plugin MagicLeap
LogPluginManager: Mounting plugin MagicLeapMedia
LogPluginManager: Mounting plugin MagicLeapLightEstimation
LogPluginManager: Mounting plugin MagicLeapPassableWorld
LogPluginManager: Mounting plugin MLSDK
LogPluginManager: Mounting plugin GeometryCache
LogPluginManager: Mounting plugin GeometryCollectionPlugin
LogPluginManager: Mounting plugin GeometryProcessing
LogPluginManager: Mounting plugin AndroidMedia
LogPluginManager: Mounting plugin AvfMedia
LogPluginManager: Mounting plugin MotoSynth
LogPluginManager: Mounting plugin OpenImageDenoise
LogPluginManager: Mounting plugin PlanarCut
LogPluginManager: Mounting plugin PlatformCrypto
LogPluginManager: Mounting plugin ProxyLODPlugin
LogPluginManager: Mounting plugin PythonScriptPlugin
LogPluginManager: Mounting plugin ImgMedia
LogPluginManager: Mounting plugin MediaCompositing
LogPluginManager: Mounting plugin MediaPlayerEditor
LogPluginManager: Mounting plugin WebMMedia
LogPluginManager: Mounting plugin WmfMedia
LogPluginManager: Mounting plugin SkeletalReduction
LogPluginManager: Mounting plugin TcpMessaging
LogPluginManager: Mounting plugin UdpMessaging
LogPluginManager: Mounting plugin ActorSequence
LogPluginManager: Mounting plugin LevelSequenceEditor
LogPluginManager: Mounting plugin MatineeToLevelSequence
LogPluginManager: Mounting plugin TemplateSequence
LogPluginManager: Mounting plugin LauncherChunkInstaller
LogPluginManager: Mounting plugin OnlineSubsystem
LogPluginManager: Mounting plugin OnlineSubsystemNull
LogPluginManager: Mounting plugin OnlineSubsystemUtils
LogPluginManager: Mounting plugin ActorLayerUtilities
LogPluginManager: Mounting plugin AndroidDeviceProfileSelector
LogPluginManager: Mounting plugin AndroidMoviePlayer
LogPluginManager: Mounting plugin AndroidPermission
LogPluginManager: Mounting plugin AppleImageUtils
LogPluginManager: Mounting plugin AppleMoviePlayer
LogPluginManager: Mounting plugin ArchVisCharacter
LogPluginManager: Mounting plugin AssetTags
LogPluginManager: Mounting plugin AudioCapture
LogPluginManager: Mounting plugin AudioSynesthesia
LogPluginManager: Mounting plugin CableComponent
LogPluginManager: Mounting plugin ChunkDownloader
LogPluginManager: Mounting plugin CustomMeshComponent
LogPluginManager: Mounting plugin EditableMesh
LogPluginManager: Mounting plugin ExampleDeviceProfileSelector
LogPluginManager: Mounting plugin GoogleCloudMessaging
LogPluginManager: Mounting plugin GooglePAD
LogPluginManager: Mounting plugin IOSDeviceProfileSelector
LogPluginManager: Mounting plugin LinuxDeviceProfileSelector
LogPluginManager: Mounting plugin LocationServicesBPLibrary
LogPluginManager: Mounting plugin MobilePatchingUtils
LogPluginManager: Mounting plugin OpenXR
LogPluginManager: Mounting plugin OpenXREyeTracker
LogPluginManager: Mounting plugin ScreenshotTools
LogPluginManager: Mounting plugin OpenXRHandTracking
LogPluginManager: Mounting plugin PhysXVehicles
LogPluginManager: Mounting plugin PostSplashScreen
LogPluginManager: Mounting plugin ProceduralMeshComponent
LogPluginManager: Mounting plugin PropertyAccessEditor
LogPluginManager: Mounting plugin RuntimePhysXCooking
LogPluginManager: Mounting plugin SignificanceManager
LogPluginManager: Mounting plugin SoundFields
LogPluginManager: Mounting plugin Synthesis
LogPluginManager: Mounting plugin WebMMoviePlayer
LogPluginManager: Mounting plugin WindowsMoviePlayer
LogPluginManager: Mounting plugin Takes
LogPluginManager: Mounting plugin ContentBrowserAssetDataSource
LogPluginManager: Mounting plugin ContentBrowserClassDataSource
LogPluginManager: Mounting plugin ContentBrowserFileDataSource
LogPluginManager: Mounting plugin OnlineSubsystemGooglePlay
LogPluginManager: Mounting plugin OnlineSubsystemIOS
LogPluginManager: Mounting plugin OculusVR
LogPluginManager: Mounting plugin SteamVR
PixWinPlugin: PIX capture plugin failed to initialize! Check that the process is launched from PIX.
LogInit: Using libcurl 7.55.1-DEV
LogInit:  - built for x86_64-pc-win32
LogInit:  - supports SSL with OpenSSL/1.1.1
LogInit:  - supports HTTP deflate (compression) using libz 1.2.8
LogInit:  - other features:
LogInit:      CURL_VERSION_SSL
LogInit:      CURL_VERSION_LIBZ
LogInit:      CURL_VERSION_IPV6
LogInit:      CURL_VERSION_ASYNCHDNS
LogInit:      CURL_VERSION_LARGEFILE
LogInit:      CURL_VERSION_IDN
LogInit:  CurlRequestOptions (configurable via config and command line):
LogInit:  - bVerifyPeer = true  - Libcurl will verify peer certificate
LogInit:  - bUseHttpProxy = false  - Libcurl will NOT use HTTP proxy
LogInit:  - bDontReuseConnections = false  - Libcurl will reuse connections
LogInit:  - MaxHostConnections = 16  - Libcurl will limit the number of connections to a host
LogInit:  - LocalHostAddr = Default
LogInit:  - BufferSize = 65536
LogOnline: OSS: Creating online subsystem instance for: NULL
LogInit: WinSock: version 1.1 (2.2), MaxSocks=32767, MaxUdp=65467
LogOnline: OSS: TryLoadSubsystemAndSetDefault: Loaded subsystem for module [NULL]
LogOculusPluginWrapper: OculusPlugin initialized successfully
LogHMD: Failed initializing OVRPlugin 1.59.0
LogInit: Build: ++UE4+Release-4.27-CL-18319896
LogInit: Engine Version: 4.27.2-18319896+++UE4+Release-4.27
LogInit: Compatible Engine Version: 4.27.0-17155196+++UE4+Release-4.27
LogInit: Net CL: 17155196
LogInit: OS: Windows 10 (Release 2009) (), CPU: Intel(R) Core(TM) i5-9300H CPU @ 2.40GHz, GPU: Intel(R) UHD Graphics 630
LogInit: Compiled (64-bit): Nov 30 2021 07:12:08
LogInit: Compiled with Visual C++: 19.24.28315.00
LogInit: Build Configuration: Development
LogInit: Branch Name: ++UE4+Release-4.27
LogInit: Command Line: 
LogInit: Base Directory: C:/Program Files/UE/UE_4.27/Engine/Binaries/Win64/
LogInit: Allocator: TBB
LogInit: Installed Engine Build: 1
LogDevObjectVersion: Number of dev versions registered: 29
LogDevObjectVersion:   Dev-Blueprints (B0D832E4-1F89-4F0D-ACCF-7EB736FD4AA2): 10
LogDevObjectVersion:   Dev-Build (E1C64328-A22C-4D53-A36C-8E866417BD8C): 0
LogDevObjectVersion:   Dev-Core (375EC13C-06E4-48FB-B500-84F0262A717E): 4
LogDevObjectVersion:   Dev-Editor (E4B068ED-F494-42E9-A231-DA0B2E46BB41): 40
LogDevObjectVersion:   Dev-Framework (CFFC743F-43B0-4480-9391-14DF171D2073): 37
LogDevObjectVersion:   Dev-Mobile (B02B49B5-BB20-44E9-A304-32B752E40360): 3
LogDevObjectVersion:   Dev-Networking (A4E4105C-59A1-49B5-A7C5-40C4547EDFEE): 0
LogDevObjectVersion:   Dev-Online (39C831C9-5AE6-47DC-9A44-9C173E1C8E7C): 0
LogDevObjectVersion:   Dev-Physics (78F01B33-EBEA-4F98-B9B4-84EACCB95AA2): 14
LogDevObjectVersion:   Dev-Platform (6631380F-2D4D-43E0-8009-CF276956A95A): 0
LogDevObjectVersion:   Dev-Rendering (12F88B9F-8875-4AFC-A67C-D90C383ABD29): 45
LogDevObjectVersion:   Dev-Sequencer (7B5AE74C-D270-4C10-A958-57980B212A5A): 13
LogDevObjectVersion:   Dev-VR (D7296918-1DD6-4BDD-9DE2-64A83CC13884): 3
LogDevObjectVersion:   Dev-LoadTimes (C2A15278-BFE7-4AFE-6C17-90FF531DF755): 1
LogDevObjectVersion:   Private-Geometry (6EACA3D4-40EC-4CC1-B786-8BED09428FC5): 3
LogDevObjectVersion:   Dev-AnimPhys (29E575DD-E0A3-4627-9D10-D276232CDCEA): 17
LogDevObjectVersion:   Dev-Anim (AF43A65D-7FD3-4947-9873-3E8ED9C1BB05): 15
LogDevObjectVersion:   Dev-ReflectionCapture (6B266CEC-1EC7-4B8F-A30B-E4D90942FC07): 1
LogDevObjectVersion:   Dev-Automation (0DF73D61-A23F-47EA-B727-89E90C41499A): 1
LogDevObjectVersion:   FortniteMain (601D1886-AC64-4F84-AA16-D3DE0DEAC7D6): 47
LogDevObjectVersion:   FortniteRelease (E7086368-6B23-4C58-8439-1B7016265E91): 1
LogDevObjectVersion:   Dev-Enterprise (9DFFBCD6-494F-0158-E221-12823C92A888): 10
LogDevObjectVersion:   Dev-Niagara (F2AED0AC-9AFE-416F-8664-AA7FFA26D6FC): 1
LogDevObjectVersion:   Dev-Destruction (174F1F0B-B4C6-45A5-B13F-2EE8D0FB917D): 10
LogDevObjectVersion:   Dev-Physics-Ext (35F94A83-E258-406C-A318-09F59610247C): 41
LogDevObjectVersion:   Dev-PhysicsMaterial-Chaos (B68FC16E-8B1B-42E2-B453-215C058844FE): 1
LogDevObjectVersion:   Dev-CineCamera (B2E18506-4273-CFC2-A54E-F4BB758BBA07): 1
LogDevObjectVersion:   Dev-VirtualProduction (64F58936-FD1B-42BA-BA96-7289D5D0FA4E): 1
LogDevObjectVersion:   Dev-MediaFramework (6F0ED827-A609-4895-9C91-998D90180EA4): 2
LogInit: Presizing for max 25165824 objects, including 0 objects not considered by GC, pre-allocating 0 bytes for permanent pool.
LogConfig: Applying CVar settings from Section [/Script/Engine.StreamingSettings] File [C:/Unreal Projects/Top-Down-Puzzle/TopDownPuzzle/Saved/Config/Windows/Engine.ini]
LogConfig: Setting CVar [[s.MinBulkDataSizeForAsyncLoading:131072]]
LogConfig: Setting CVar [[s.AsyncLoadingThreadEnabled:0]]
LogConfig: Setting CVar [[s.EventDrivenLoaderEnabled:1]]
LogConfig: Setting CVar [[s.WarnIfTimeLimitExceeded:0]]
LogConfig: Setting CVar [[s.TimeLimitExceededMultiplier:1.5]]
LogConfig: Setting CVar [[s.TimeLimitExceededMinTime:0.005]]
LogConfig: Setting CVar [[s.UseBackgroundLevelStreaming:1]]
LogConfig: Setting CVar [[s.PriorityAsyncLoadingExtraTime:15.0]]
LogConfig: Setting CVar [[s.LevelStreamingActorsUpdateTimeLimit:5.0]]
LogConfig: Setting CVar [[s.PriorityLevelStreamingActorsUpdateExtraTime:5.0]]
LogConfig: Setting CVar [[s.LevelStreamingComponentsRegistrationGranularity:10]]
LogConfig: Setting CVar [[s.UnregisterComponentsTimeLimit:1.0]]
LogConfig: Setting CVar [[s.LevelStreamingComponentsUnregistrationGranularity:5]]
LogConfig: Setting CVar [[s.FlushStreamingOnExit:1]]
LogInit: Object subsystem initialized
LogConfig: Setting CVar [[con.DebugEarlyDefault:1]]
LogConfig: Setting CVar [[r.setres:1280x720]]
[2025.04.05-03.20.40:042][  0]LogConfig: Setting CVar [[r.VSync:0]]
[2025.04.05-03.20.40:042][  0]LogConfig: Setting CVar [[r.RHICmdBypass:0]]
[2025.04.05-03.20.40:042][  0]LogConfig: Applying CVar settings from Section [/Script/Engine.RendererSettings] File [C:/Unreal Projects/Top-Down-Puzzle/TopDownPuzzle/Saved/Config/Windows/Engine.ini]
[2025.04.05-03.20.40:042][  0]LogConfig: Setting CVar [[r.GPUCrashDebugging:0]]
[2025.04.05-03.20.40:042][  0]LogConfig: Setting CVar [[r.Mobile.DisableVertexFog:1]]
[2025.04.05-03.20.40:042][  0]LogConfig: Setting CVar [[r.Shadow.CSM.MaxMobileCascades:2]]
[2025.04.05-03.20.40:042][  0]LogConfig: Setting CVar [[r.MobileMSAA:1]]
[2025.04.05-03.20.40:042][  0]LogConfig: Setting CVar [[r.Mobile.AllowDitheredLODTransition:0]]
[2025.04.05-03.20.40:042][  0]LogConfig: Setting CVar [[r.Mobile.AllowSoftwareOcclusion:0]]
[2025.04.05-03.20.40:042][  0]LogConfig: Setting CVar [[r.Mobile.VirtualTextures:0]]
[2025.04.05-03.20.40:042][  0]LogConfig: Setting CVar [[r.DiscardUnusedQuality:0]]
[2025.04.05-03.20.40:042][  0]LogConfig: Setting CVar [[r.AllowOcclusionQueries:1]]
[2025.04.05-03.20.40:042][  0]LogConfig: Setting CVar [[r.MinScreenRadiusForLights:0.030000]]
[2025.04.05-03.20.40:042][  0]LogConfig: Setting CVar [[r.MinScreenRadiusForDepthPrepass:0.030000]]
[2025.04.05-03.20.40:042][  0]LogConfig: Setting CVar [[r.MinScreenRadiusForCSMDepth:0.010000]]
[2025.04.05-03.20.40:042][  0]LogConfig: Setting CVar [[r.PrecomputedVisibilityWarning:0]]
[2025.04.05-03.20.40:042][  0]LogConfig: Setting CVar [[r.TextureStreaming:1]]
[2025.04.05-03.20.40:042][  0]LogConfig: Setting CVar [[Compat.UseDXT5NormalMaps:0]]
[2025.04.05-03.20.40:042][  0]LogConfig: Setting CVar [[r.VirtualTextures:0]]
[2025.04.05-03.20.40:042][  0]LogConfig: Setting CVar [[r.VT.EnableAutoImport:1]]
[2025.04.05-03.20.40:042][  0]LogConfig: Setting CVar [[r.VirtualTexturedLightmaps:0]]
[2025.04.05-03.20.40:042][  0]LogConfig: Setting CVar [[r.VT.TileSize:128]]
[2025.04.05-03.20.40:042][  0]LogConfig: Setting CVar [[r.VT.TileBorderSize:4]]
[2025.04.05-03.20.40:042][  0]LogConfig: Setting CVar [[r.vt.FeedbackFactor:16]]
[2025.04.05-03.20.40:042][  0]LogConfig: Setting CVar [[r.VT.EnableCompressZlib:1]]
[2025.04.05-03.20.40:042][  0]LogConfig: Setting CVar [[r.VT.EnableCompressCrunch:0]]
[2025.04.05-03.20.40:042][  0]LogConfig: Setting CVar [[r.ClearCoatNormal:0]]
[2025.04.05-03.20.40:042][  0]LogConfig: Setting CVar [[r.ReflectionCaptureResolution:128]]
[2025.04.05-03.20.40:042][  0]LogConfig: Setting CVar [[r.Mobile.ReflectionCaptureCompression:0]]
[2025.04.05-03.20.40:042][  0]LogConfig: Setting CVar [[r.ReflectionEnvironmentLightmapMixBasedOnRoughness:1]]
[2025.04.05-03.20.40:042][  0]LogConfig: Setting CVar [[r.ForwardShading:0]]
[2025.04.05-03.20.40:042][  0]LogConfig: Setting CVar [[r.VertexFoggingForOpaque:1]]
[2025.04.05-03.20.40:042][  0]LogConfig: Setting CVar [[r.AllowStaticLighting:1]]
[2025.04.05-03.20.40:042][  0]LogConfig: Setting CVar [[r.NormalMapsForStaticLighting:0]]
[2025.04.05-03.20.40:042][  0]LogConfig: Setting CVar [[r.GenerateMeshDistanceFields:0]]
[2025.04.05-03.20.40:042][  0]LogConfig: Setting CVar [[r.DistanceFieldBuild.EightBit:0]]
[2025.04.05-03.20.40:042][  0]LogConfig: Setting CVar [[r.GenerateLandscapeGIData:0]]
[2025.04.05-03.20.40:042][  0]LogConfig: Setting CVar [[r.DistanceFieldBuild.Compress:0]]
[2025.04.05-03.20.40:042][  0]LogConfig: Setting CVar [[r.TessellationAdaptivePixelsPerTriangle:48.000000]]
[2025.04.05-03.20.40:042][  0]LogConfig: Setting CVar [[r.SeparateTranslucency:1]]
[2025.04.05-03.20.40:042][  0]LogConfig: Setting CVar [[r.TranslucentSortPolicy:0]]
[2025.04.05-03.20.40:042][  0]LogConfig: Setting CVar [[vr.VRS.HMDFixedFoveationLevel:0]]
[2025.04.05-03.20.40:042][  0]LogConfig: Setting CVar [[r.CustomDepth:1]]
[2025.04.05-03.20.40:042][  0]LogConfig: Setting CVar [[r.CustomDepthTemporalAAJitter:1]]
[2025.04.05-03.20.40:042][  0]LogConfig: Setting CVar [[r.PostProcessing.PropagateAlpha:0]]
[2025.04.05-03.20.40:043][  0]LogConfig: Setting CVar [[r.DefaultFeature.Bloom:1]]
[2025.04.05-03.20.40:043][  0]LogConfig: Setting CVar [[r.DefaultFeature.AmbientOcclusion:1]]
[2025.04.05-03.20.40:043][  0]LogConfig: Setting CVar [[r.DefaultFeature.AmbientOcclusionStaticFraction:1]]
[2025.04.05-03.20.40:043][  0]LogConfig: Setting CVar [[r.DefaultFeature.AutoExposure:0]]
[2025.04.05-03.20.40:043][  0]LogConfig: Setting CVar [[r.DefaultFeature.AutoExposure.Method:0]]
[2025.04.05-03.20.40:043][  0]LogConfig: Setting CVar [[r.DefaultFeature.AutoExposure.Bias:1.000000]]
[2025.04.05-03.20.40:043][  0]LogConfig: Setting CVar [[r.DefaultFeature.AutoExposure.ExtendDefaultLuminanceRange:0]]
[2025.04.05-03.20.40:043][  0]LogConfig: Setting CVar [[r.UsePreExposure:1]]
[2025.04.05-03.20.40:043][  0]LogConfig: Setting CVar [[r.EyeAdaptation.EditorOnly:0]]
[2025.04.05-03.20.40:043][  0]LogConfig: Setting CVar [[r.DefaultFeature.MotionBlur:0]]
[2025.04.05-03.20.40:043][  0]LogConfig: Setting CVar [[r.DefaultFeature.LensFlare:0]]
[2025.04.05-03.20.40:043][  0]LogConfig: Setting CVar [[r.TemporalAA.Upsampling:0]]
[2025.04.05-03.20.40:043][  0]LogConfig: Setting CVar [[r.SSGI.Enable:0]]
[2025.04.05-03.20.40:043][  0]LogConfig: Setting CVar [[r.DefaultFeature.AntiAliasing:0]]
[2025.04.05-03.20.40:043][  0]LogConfig: Setting CVar [[r.DefaultFeature.LightUnits:1]]
[2025.04.05-03.20.40:043][  0]LogConfig: Setting CVar [[r.DefaultBackBufferPixelFormat:4]]
[2025.04.05-03.20.40:043][  0]LogConfig: Setting CVar [[r.Shadow.UnbuiltPreviewInGame:1]]
[2025.04.05-03.20.40:043][  0]LogConfig: Setting CVar [[r.StencilForLODDither:0]]
[2025.04.05-03.20.40:043][  0]LogConfig: Setting CVar [[r.EarlyZPass:3]]
[2025.04.05-03.20.40:043][  0]LogConfig: Setting CVar [[r.EarlyZPassOnlyMaterialMasking:0]]
[2025.04.05-03.20.40:043][  0]LogConfig: Setting CVar [[r.DBuffer:1]]
[2025.04.05-03.20.40:043][  0]LogConfig: Setting CVar [[r.ClearSceneMethod:1]]
[2025.04.05-03.20.40:043][  0]LogConfig: Setting CVar [[r.BasePassOutputsVelocity:0]]
[2025.04.05-03.20.40:043][  0]LogConfig: Setting CVar [[r.VertexDeformationOutputsVelocity:0]]
[2025.04.05-03.20.40:043][  0]LogConfig: Setting CVar [[r.SelectiveBasePassOutputs:0]]
[2025.04.05-03.20.40:043][  0]LogConfig: Setting CVar [[fx.GPUSimulationTextureSizeX:1024]]
[2025.04.05-03.20.40:043][  0]LogConfig: Setting CVar [[fx.GPUSimulationTextureSizeY:1024]]
[2025.04.05-03.20.40:043][  0]LogConfig: Setting CVar [[r.AllowGlobalClipPlane:0]]
[2025.04.05-03.20.40:043][  0]LogConfig: Setting CVar [[r.GBufferFormat:1]]
[2025.04.05-03.20.40:043][  0]LogConfig: Setting CVar [[r.MorphTarget.Mode:1]]
[2025.04.05-03.20.40:043][  0]LogConfig: Setting CVar [[vr.InstancedStereo:0]]
[2025.04.05-03.20.40:043][  0]LogConfig: Setting CVar [[r.MobileHDR:1]]
[2025.04.05-03.20.40:043][  0]LogConfig: Setting CVar [[vr.MobileMultiView:0]]
[2025.04.05-03.20.40:043][  0]LogConfig: Setting CVar [[r.Mobile.UseHWsRGBEncoding:0]]
[2025.04.05-03.20.40:043][  0]LogConfig: Setting CVar [[vr.RoundRobinOcclusion:0]]
[2025.04.05-03.20.40:043][  0]LogConfig: Setting CVar [[vr.ODSCapture:0]]
[2025.04.05-03.20.40:043][  0]LogConfig: Setting CVar [[r.MeshStreaming:0]]
[2025.04.05-03.20.40:043][  0]LogConfig: Setting CVar [[r.WireframeCullThreshold:5.000000]]
[2025.04.05-03.20.40:043][  0]LogConfig: Setting CVar [[r.RayTracing:0]]
[2025.04.05-03.20.40:043][  0]LogConfig: Setting CVar [[r.RayTracing.UseTextureLod:0]]
[2025.04.05-03.20.40:043][  0]LogConfig: Setting CVar [[r.SupportStationarySkylight:1]]
[2025.04.05-03.20.40:043][  0]LogConfig: Setting CVar [[r.SupportLowQualityLightmaps:1]]
[2025.04.05-03.20.40:043][  0]LogConfig: Setting CVar [[r.SupportPointLightWholeSceneShadows:1]]
[2025.04.05-03.20.40:043][  0]LogConfig: Setting CVar [[r.SupportAtmosphericFog:1]]
[2025.04.05-03.20.40:043][  0]LogConfig: Setting CVar [[r.SupportSkyAtmosphere:1]]
[2025.04.05-03.20.40:043][  0]LogConfig: Setting CVar [[r.SupportSkyAtmosphereAffectsHeightFog:0]]
[2025.04.05-03.20.40:043][  0]LogConfig: Setting CVar [[r.SkinCache.CompileShaders:0]]
[2025.04.05-03.20.40:043][  0]LogConfig: Setting CVar [[r.SkinCache.DefaultBehavior:1]]
[2025.04.05-03.20.40:043][  0]LogConfig: Setting CVar [[r.SkinCache.SceneMemoryLimitInMB:128.000000]]
[2025.04.05-03.20.40:043][  0]LogConfig: Setting CVar [[r.Mobile.EnableStaticAndCSMShadowReceivers:1]]
[2025.04.05-03.20.40:043][  0]LogConfig: Setting CVar [[r.Mobile.EnableMovableLightCSMShaderCulling:1]]
[2025.04.05-03.20.40:043][  0]LogConfig: Setting CVar [[r.Mobile.AllowDistanceFieldShadows:1]]
[2025.04.05-03.20.40:043][  0]LogConfig: Setting CVar [[r.Mobile.AllowMovableDirectionalLights:1]]
[2025.04.05-03.20.40:043][  0]LogConfig: Setting CVar [[r.MobileNumDynamicPointLights:4]]
[2025.04.05-03.20.40:043][  0]LogConfig: Setting CVar [[r.MobileDynamicPointLightsUseStaticBranch:1]]
[2025.04.05-03.20.40:043][  0]LogConfig: Setting CVar [[r.Mobile.EnableMovableSpotlights:0]]
[2025.04.05-03.20.40:043][  0]LogConfig: Setting CVar [[r.Mobile.EnableMovableSpotlightsShadow:0]]
[2025.04.05-03.20.40:043][  0]LogConfig: Setting CVar [[r.GPUSkin.Support16BitBoneIndex:0]]
[2025.04.05-03.20.40:043][  0]LogConfig: Setting CVar [[r.GPUSkin.Limit2BoneInfluences:0]]
[2025.04.05-03.20.40:043][  0]LogConfig: Setting CVar [[r.SupportDepthOnlyIndexBuffers:1]]
[2025.04.05-03.20.40:043][  0]LogConfig: Setting CVar [[r.SupportReversedIndexBuffers:1]]
[2025.04.05-03.20.40:043][  0]LogConfig: Setting CVar [[r.LightPropagationVolume:0]]
[2025.04.05-03.20.40:043][  0]LogConfig: Setting CVar [[r.Mobile.AmbientOcclusion:0]]
[2025.04.05-03.20.40:043][  0]LogConfig: Setting CVar [[r.GPUSkin.UnlimitedBoneInfluences:0]]
[2025.04.05-03.20.40:043][  0]LogConfig: Setting CVar [[r.GPUSkin.UnlimitedBoneInfluencesThreshold:8]]
[2025.04.05-03.20.40:043][  0]LogConfig: Setting CVar [[r.Mobile.PlanarReflectionMode:0]]
[2025.04.05-03.20.40:043][  0]LogConfig: Setting CVar [[r.Mobile.SupportsGen4TAA:0]]
[2025.04.05-03.20.40:043][  0]LogConfig: Applying CVar settings from Section [/Script/Engine.RendererOverrideSettings] File [C:/Unreal Projects/Top-Down-Puzzle/TopDownPuzzle/Saved/Config/Windows/Engine.ini]
[2025.04.05-03.20.40:043][  0]LogConfig: Applying CVar settings from Section [/Script/Engine.StreamingSettings] File [C:/Unreal Projects/Top-Down-Puzzle/TopDownPuzzle/Saved/Config/Windows/Engine.ini]
[2025.04.05-03.20.40:043][  0]LogConfig: Setting CVar [[s.MinBulkDataSizeForAsyncLoading:131072]]
[2025.04.05-03.20.40:043][  0]LogConfig: Setting CVar [[s.AsyncLoadingThreadEnabled:0]]
[2025.04.05-03.20.40:043][  0]LogConfig: Setting CVar [[s.EventDrivenLoaderEnabled:1]]
[2025.04.05-03.20.40:043][  0]LogConfig: Setting CVar [[s.WarnIfTimeLimitExceeded:0]]
[2025.04.05-03.20.40:043][  0]LogConfig: Setting CVar [[s.TimeLimitExceededMultiplier:1.5]]
[2025.04.05-03.20.40:043][  0]LogConfig: Setting CVar [[s.TimeLimitExceededMinTime:0.005]]
[2025.04.05-03.20.40:043][  0]LogConfig: Setting CVar [[s.UseBackgroundLevelStreaming:1]]
[2025.04.05-03.20.40:043][  0]LogConfig: Setting CVar [[s.PriorityAsyncLoadingExtraTime:15.0]]
[2025.04.05-03.20.40:043][  0]LogConfig: Setting CVar [[s.LevelStreamingActorsUpdateTimeLimit:5.0]]
[2025.04.05-03.20.40:043][  0]LogConfig: Setting CVar [[s.PriorityLevelStreamingActorsUpdateExtraTime:5.0]]
[2025.04.05-03.20.40:043][  0]LogConfig: Setting CVar [[s.LevelStreamingComponentsRegistrationGranularity:10]]
[2025.04.05-03.20.40:043][  0]LogConfig: Setting CVar [[s.UnregisterComponentsTimeLimit:1.0]]
[2025.04.05-03.20.40:043][  0]LogConfig: Setting CVar [[s.LevelStreamingComponentsUnregistrationGranularity:5]]
[2025.04.05-03.20.40:043][  0]LogConfig: Setting CVar [[s.FlushStreamingOnExit:1]]
[2025.04.05-03.20.40:043][  0]LogConfig: Applying CVar settings from Section [/Script/Engine.GarbageCollectionSettings] File [C:/Unreal Projects/Top-Down-Puzzle/TopDownPuzzle/Saved/Config/Windows/Engine.ini]
[2025.04.05-03.20.40:043][  0]LogConfig: Setting CVar [[gc.MaxObjectsNotConsideredByGC:1]]
[2025.04.05-03.20.40:043][  0]LogConfig: Setting CVar [[gc.SizeOfPermanentObjectPool:0]]
[2025.04.05-03.20.40:043][  0]LogConfig: Setting CVar [[gc.FlushStreamingOnGC:0]]
[2025.04.05-03.20.40:043][  0]LogConfig: Setting CVar [[gc.NumRetriesBeforeForcingGC:10]]
[2025.04.05-03.20.40:043][  0]LogConfig: Setting CVar [[gc.AllowParallelGC:1]]
[2025.04.05-03.20.40:043][  0]LogConfig: Setting CVar [[gc.TimeBetweenPurgingPendingKillObjects:61.1]]
[2025.04.05-03.20.40:043][  0]LogConfig: Setting CVar [[gc.MaxObjectsInEditor:25165824]]
[2025.04.05-03.20.40:043][  0]LogConfig: Setting CVar [[gc.IncrementalBeginDestroyEnabled:1]]
[2025.04.05-03.20.40:043][  0]LogConfig: Setting CVar [[gc.CreateGCClusters:1]]
[2025.04.05-03.20.40:043][  0]LogConfig: Setting CVar [[gc.MinGCClusterSize:5]]
[2025.04.05-03.20.40:044][  0]LogConfig: Setting CVar [[gc.ActorClusteringEnabled:0]]
[2025.04.05-03.20.40:044][  0]LogConfig: Setting CVar [[gc.BlueprintClusteringEnabled:0]]
[2025.04.05-03.20.40:044][  0]LogConfig: Setting CVar [[gc.UseDisregardForGCOnDedicatedServers:0]]
[2025.04.05-03.20.40:044][  0]LogConfig: Setting CVar [[gc.MultithreadedDestructionEnabled:1]]
[2025.04.05-03.20.40:044][  0]LogConfig: Applying CVar settings from Section [/Script/Engine.NetworkSettings] File [C:/Unreal Projects/Top-Down-Puzzle/TopDownPuzzle/Saved/Config/Windows/Engine.ini]
[2025.04.05-03.20.40:044][  0]LogConfig: Applying CVar settings from Section [/Script/UnrealEd.CookerSettings] File [C:/Unreal Projects/Top-Down-Puzzle/TopDownPuzzle/Saved/Config/Windows/Engine.ini]
[2025.04.05-03.20.40:053][  0]LogConfig: Applying CVar settings from Section [ViewDistanceQuality@3] File [C:/Unreal Projects/Top-Down-Puzzle/TopDownPuzzle/Saved/Config/Windows/Scalability.ini]
[2025.04.05-03.20.40:053][  0]LogConfig: Setting CVar [[r.SkeletalMeshLODBias:0]]
[2025.04.05-03.20.40:053][  0]LogConfig: Setting CVar [[r.ViewDistanceScale:1.0]]
[2025.04.05-03.20.40:053][  0]LogConfig: Applying CVar settings from Section [AntiAliasingQuality@3] File [C:/Unreal Projects/Top-Down-Puzzle/TopDownPuzzle/Saved/Config/Windows/Scalability.ini]
[2025.04.05-03.20.40:053][  0]LogConfig: Setting CVar [[r.PostProcessAAQuality:4]]
[2025.04.05-03.20.40:053][  0]LogConfig: Applying CVar settings from Section [ShadowQuality@3] File [C:/Unreal Projects/Top-Down-Puzzle/TopDownPuzzle/Saved/Config/Windows/Scalability.ini]
[2025.04.05-03.20.40:053][  0]LogConfig: Setting CVar [[r.LightFunctionQuality:1]]
[2025.04.05-03.20.40:053][  0]LogConfig: Setting CVar [[r.ShadowQuality:5]]
[2025.04.05-03.20.40:053][  0]LogConfig: Setting CVar [[r.Shadow.CSM.MaxCascades:10]]
[2025.04.05-03.20.40:053][  0]LogConfig: Setting CVar [[r.Shadow.MaxResolution:2048]]
[2025.04.05-03.20.40:053][  0]LogConfig: Setting CVar [[r.Shadow.MaxCSMResolution:2048]]
[2025.04.05-03.20.40:053][  0]LogConfig: Setting CVar [[r.Shadow.RadiusThreshold:0.01]]
[2025.04.05-03.20.40:053][  0]LogConfig: Setting CVar [[r.Shadow.DistanceScale:1.0]]
[2025.04.05-03.20.40:053][  0]LogConfig: Setting CVar [[r.Shadow.CSM.TransitionScale:1.0]]
[2025.04.05-03.20.40:053][  0]LogConfig: Setting CVar [[r.Shadow.PreShadowResolutionFactor:1.0]]
[2025.04.05-03.20.40:053][  0]LogConfig: Setting CVar [[r.DistanceFieldShadowing:1]]
[2025.04.05-03.20.40:053][  0]LogConfig: Setting CVar [[r.DistanceFieldAO:1]]
[2025.04.05-03.20.40:053][  0]LogConfig: Setting CVar [[r.AOQuality:2]]
[2025.04.05-03.20.40:053][  0]LogConfig: Setting CVar [[r.VolumetricFog:1]]
[2025.04.05-03.20.40:053][  0]LogConfig: Setting CVar [[r.VolumetricFog.GridPixelSize:8]]
[2025.04.05-03.20.40:053][  0]LogConfig: Setting CVar [[r.VolumetricFog.GridSizeZ:128]]
[2025.04.05-03.20.40:053][  0]LogConfig: Setting CVar [[r.VolumetricFog.HistoryMissSupersampleCount:4]]
[2025.04.05-03.20.40:053][  0]LogConfig: Setting CVar [[r.LightMaxDrawDistanceScale:1]]
[2025.04.05-03.20.40:053][  0]LogConfig: Setting CVar [[r.CapsuleShadows:1]]
[2025.04.05-03.20.40:053][  0]LogConfig: Applying CVar settings from Section [PostProcessQuality@3] File [C:/Unreal Projects/Top-Down-Puzzle/TopDownPuzzle/Saved/Config/Windows/Scalability.ini]
[2025.04.05-03.20.40:053][  0]LogConfig: Setting CVar [[r.MotionBlurQuality:4]]
[2025.04.05-03.20.40:053][  0]LogConfig: Setting CVar [[r.AmbientOcclusionMipLevelFactor:0.4]]
[2025.04.05-03.20.40:053][  0]LogConfig: Setting CVar [[r.AmbientOcclusionMaxQuality:100]]
[2025.04.05-03.20.40:053][  0]LogConfig: Setting CVar [[r.AmbientOcclusionLevels:-1]]
[2025.04.05-03.20.40:054][  0]LogConfig: Setting CVar [[r.AmbientOcclusionRadiusScale:1.0]]
[2025.04.05-03.20.40:054][  0]LogConfig: Setting CVar [[r.DepthOfFieldQuality:2]]
[2025.04.05-03.20.40:054][  0]LogConfig: Setting CVar [[r.RenderTargetPoolMin:400]]
[2025.04.05-03.20.40:054][  0]LogConfig: Setting CVar [[r.LensFlareQuality:2]]
[2025.04.05-03.20.40:054][  0]LogConfig: Setting CVar [[r.SceneColorFringeQuality:1]]
[2025.04.05-03.20.40:054][  0]LogConfig: Setting CVar [[r.EyeAdaptationQuality:2]]
[2025.04.05-03.20.40:054][  0]LogConfig: Setting CVar [[r.BloomQuality:5]]
[2025.04.05-03.20.40:054][  0]LogConfig: Setting CVar [[r.FastBlurThreshold:100]]
[2025.04.05-03.20.40:054][  0]LogConfig: Setting CVar [[r.Upscale.Quality:3]]
[2025.04.05-03.20.40:054][  0]LogConfig: Setting CVar [[r.Tonemapper.GrainQuantization:1]]
[2025.04.05-03.20.40:054][  0]LogConfig: Setting CVar [[r.LightShaftQuality:1]]
[2025.04.05-03.20.40:054][  0]LogConfig: Setting CVar [[r.Filter.SizeScale:1]]
[2025.04.05-03.20.40:054][  0]LogConfig: Setting CVar [[r.Tonemapper.Quality:5]]
[2025.04.05-03.20.40:054][  0]LogConfig: Setting CVar [[r.DOF.Gather.AccumulatorQuality:1        ; higher gathering accumulator quality]]
[2025.04.05-03.20.40:054][  0]LogConfig: Setting CVar [[r.DOF.Gather.PostfilterMethod:1          ; Median3x3 postfilering method]]
[2025.04.05-03.20.40:054][  0]LogConfig: Setting CVar [[r.DOF.Gather.EnableBokehSettings:0       ; no bokeh simulation when gathering]]
[2025.04.05-03.20.40:054][  0]LogConfig: Setting CVar [[r.DOF.Gather.RingCount:4                 ; medium number of samples when gathering]]
[2025.04.05-03.20.40:054][  0]LogConfig: Setting CVar [[r.DOF.Scatter.ForegroundCompositing:1    ; additive foreground scattering]]
[2025.04.05-03.20.40:054][  0]LogConfig: Setting CVar [[r.DOF.Scatter.BackgroundCompositing:2    ; additive background scattering]]
[2025.04.05-03.20.40:054][  0]LogConfig: Setting CVar [[r.DOF.Scatter.EnableBokehSettings:1      ; bokeh simulation when scattering]]
[2025.04.05-03.20.40:054][  0]LogConfig: Setting CVar [[r.DOF.Scatter.MaxSpriteRatio:0.1         ; only a maximum of 10% of scattered bokeh]]
[2025.04.05-03.20.40:054][  0]LogConfig: Setting CVar [[r.DOF.Recombine.Quality:1                ; cheap slight out of focus]]
[2025.04.05-03.20.40:054][  0]LogConfig: Setting CVar [[r.DOF.Recombine.EnableBokehSettings:0    ; no bokeh simulation on slight out of focus]]
[2025.04.05-03.20.40:054][  0]LogConfig: Setting CVar [[r.DOF.TemporalAAQuality:1                ; more stable temporal accumulation]]
[2025.04.05-03.20.40:054][  0]LogConfig: Setting CVar [[r.DOF.Kernel.MaxForegroundRadius:0.025]]
[2025.04.05-03.20.40:054][  0]LogConfig: Setting CVar [[r.DOF.Kernel.MaxBackgroundRadius:0.025]]
[2025.04.05-03.20.40:054][  0]LogConfig: Applying CVar settings from Section [TextureQuality@3] File [C:/Unreal Projects/Top-Down-Puzzle/TopDownPuzzle/Saved/Config/Windows/Scalability.ini]
[2025.04.05-03.20.40:054][  0]LogConfig: Setting CVar [[r.Streaming.MipBias:0]]
[2025.04.05-03.20.40:054][  0]LogConfig: Setting CVar [[r.Streaming.AmortizeCPUToGPUCopy:0]]
[2025.04.05-03.20.40:054][  0]LogConfig: Setting CVar [[r.Streaming.MaxNumTexturesToStreamPerFrame:0]]
[2025.04.05-03.20.40:054][  0]LogConfig: Setting CVar [[r.Streaming.Boost:1]]
[2025.04.05-03.20.40:054][  0]LogConfig: Setting CVar [[r.MaxAnisotropy:8]]
[2025.04.05-03.20.40:054][  0]LogConfig: Setting CVar [[r.VT.MaxAnisotropy:8]]
[2025.04.05-03.20.40:054][  0]LogConfig: Setting CVar [[r.Streaming.LimitPoolSizeToVRAM:0]]
[2025.04.05-03.20.40:054][  0]LogConfig: Setting CVar [[r.Streaming.PoolSize:1000]]
[2025.04.05-03.20.40:054][  0]LogConfig: Setting CVar [[r.Streaming.MaxEffectiveScreenSize:0]]
[2025.04.05-03.20.40:054][  0]LogConfig: Applying CVar settings from Section [EffectsQuality@3] File [C:/Unreal Projects/Top-Down-Puzzle/TopDownPuzzle/Saved/Config/Windows/Scalability.ini]
[2025.04.05-03.20.40:054][  0]LogConfig: Setting CVar [[r.TranslucencyLightingVolumeDim:64]]
[2025.04.05-03.20.40:054][  0]LogConfig: Setting CVar [[r.RefractionQuality:2]]
[2025.04.05-03.20.40:054][  0]LogConfig: Setting CVar [[r.SSR.Quality:3]]
[2025.04.05-03.20.40:054][  0]LogConfig: Setting CVar [[r.SSR.HalfResSceneColor:0]]
[2025.04.05-03.20.40:054][  0]LogConfig: Setting CVar [[r.SceneColorFormat:4]]
[2025.04.05-03.20.40:054][  0]LogConfig: Setting CVar [[r.DetailMode:2]]
[2025.04.05-03.20.40:054][  0]LogConfig: Setting CVar [[r.TranslucencyVolumeBlur:1]]
[2025.04.05-03.20.40:054][  0]LogConfig: Setting CVar [[r.MaterialQualityLevel:1 ; High quality]]
[2025.04.05-03.20.40:054][  0]LogConfig: Setting CVar [[r.AnisotropicMaterials:1]]
[2025.04.05-03.20.40:054][  0]LogConfig: Setting CVar [[r.SSS.Scale:1]]
[2025.04.05-03.20.40:054][  0]LogConfig: Setting CVar [[r.SSS.SampleSet:2]]
[2025.04.05-03.20.40:054][  0]LogConfig: Setting CVar [[r.SSS.Quality:1]]
[2025.04.05-03.20.40:054][  0]LogConfig: Setting CVar [[r.SSS.HalfRes:0]]
[2025.04.05-03.20.40:054][  0]LogConfig: Setting CVar [[r.SSGI.Quality:3]]
[2025.04.05-03.20.40:054][  0]LogConfig: Setting CVar [[r.EmitterSpawnRateScale:1.0]]
[2025.04.05-03.20.40:054][  0]LogConfig: Setting CVar [[r.ParticleLightQuality:2]]
[2025.04.05-03.20.40:054][  0]LogConfig: Setting CVar [[r.SkyAtmosphere.AerialPerspectiveLUT.FastApplyOnOpaque:1 ; Always have FastSkyLUT 1 in this case to avoid wrong sky]]
[2025.04.05-03.20.40:054][  0]LogConfig: Setting CVar [[r.SkyAtmosphere.AerialPerspectiveLUT.SampleCountMaxPerSlice:4]]
[2025.04.05-03.20.40:054][  0]LogConfig: Setting CVar [[r.SkyAtmosphere.AerialPerspectiveLUT.DepthResolution:16.0]]
[2025.04.05-03.20.40:054][  0]LogConfig: Setting CVar [[r.SkyAtmosphere.FastSkyLUT:1]]
[2025.04.05-03.20.40:054][  0]LogConfig: Setting CVar [[r.SkyAtmosphere.FastSkyLUT.SampleCountMin:4.0]]
[2025.04.05-03.20.40:054][  0]LogConfig: Setting CVar [[r.SkyAtmosphere.FastSkyLUT.SampleCountMax:128.0]]
[2025.04.05-03.20.40:054][  0]LogConfig: Setting CVar [[r.SkyAtmosphere.SampleCountMin:4.0]]
[2025.04.05-03.20.40:054][  0]LogConfig: Setting CVar [[r.SkyAtmosphere.SampleCountMax:128.0]]
[2025.04.05-03.20.40:054][  0]LogConfig: Setting CVar [[r.SkyAtmosphere.TransmittanceLUT.UseSmallFormat:0]]
[2025.04.05-03.20.40:054][  0]LogConfig: Setting CVar [[r.SkyAtmosphere.TransmittanceLUT.SampleCount:10.0]]
[2025.04.05-03.20.40:054][  0]LogConfig: Setting CVar [[r.SkyAtmosphere.MultiScatteringLUT.SampleCount:15.0]]
[2025.04.05-03.20.40:054][  0]LogConfig: Setting CVar [[r.SkyLight.RealTimeReflectionCapture:1]]
[2025.04.05-03.20.40:054][  0]LogConfig: Applying CVar settings from Section [FoliageQuality@3] File [C:/Unreal Projects/Top-Down-Puzzle/TopDownPuzzle/Saved/Config/Windows/Scalability.ini]
[2025.04.05-03.20.40:054][  0]LogConfig: Setting CVar [[foliage.DensityScale:1.0]]
[2025.04.05-03.20.40:054][  0]LogConfig: Setting CVar [[grass.DensityScale:1.0]]
[2025.04.05-03.20.40:054][  0]LogConfig: Applying CVar settings from Section [ShadingQuality@3] File [C:/Unreal Projects/Top-Down-Puzzle/TopDownPuzzle/Saved/Config/Windows/Scalability.ini]
[2025.04.05-03.20.40:054][  0]LogConfig: Setting CVar [[r.HairStrands.SkyLighting.IntegrationType:2]]
[2025.04.05-03.20.40:054][  0]LogConfig: Setting CVar [[r.HairStrands.SkyAO.SampleCount:4]]
[2025.04.05-03.20.40:054][  0]LogConfig: Setting CVar [[r.HairStrands.Visibility.MSAA.SamplePerPixel:4]]
[2025.04.05-03.20.40:054][  0]LogInit: Selected Device Profile: [Windows]
[2025.04.05-03.20.40:054][  0]LogInit: Applying CVar settings loaded from the selected device profile: [Windows]
[2025.04.05-03.20.40:054][  0]LogHAL: Display: Platform has ~ 16 GB [17013329920 / 17179869184 / 16], which maps to Larger [LargestMinGB=32, LargerMinGB=12, DefaultMinGB=8, SmallerMinGB=6, SmallestMinGB=0)
[2025.04.05-03.20.40:054][  0]LogInit: Going up to parent DeviceProfile []
[2025.04.05-03.20.40:054][  0]LogConfig: Applying CVar settings from Section [ViewDistanceQuality@3] File [C:/Unreal Projects/Top-Down-Puzzle/TopDownPuzzle/Saved/Config/Windows/Scalability.ini]
[2025.04.05-03.20.40:054][  0]LogConfig: Setting CVar [[r.SkeletalMeshLODBias:0]]
[2025.04.05-03.20.40:054][  0]LogConfig: Setting CVar [[r.ViewDistanceScale:1.0]]
[2025.04.05-03.20.40:054][  0]LogConfig: Applying CVar settings from Section [AntiAliasingQuality@3] File [C:/Unreal Projects/Top-Down-Puzzle/TopDownPuzzle/Saved/Config/Windows/Scalability.ini]
[2025.04.05-03.20.40:054][  0]LogConfig: Setting CVar [[r.PostProcessAAQuality:4]]
[2025.04.05-03.20.40:054][  0]LogConfig: Applying CVar settings from Section [ShadowQuality@3] File [C:/Unreal Projects/Top-Down-Puzzle/TopDownPuzzle/Saved/Config/Windows/Scalability.ini]
[2025.04.05-03.20.40:054][  0]LogConfig: Setting CVar [[r.LightFunctionQuality:1]]
[2025.04.05-03.20.40:054][  0]LogConfig: Setting CVar [[r.ShadowQuality:5]]
[2025.04.05-03.20.40:054][  0]LogConfig: Setting CVar [[r.Shadow.CSM.MaxCascades:10]]
[2025.04.05-03.20.40:054][  0]LogConfig: Setting CVar [[r.Shadow.MaxResolution:2048]]
[2025.04.05-03.20.40:054][  0]LogConfig: Setting CVar [[r.Shadow.MaxCSMResolution:2048]]
[2025.04.05-03.20.40:054][  0]LogConfig: Setting CVar [[r.Shadow.RadiusThreshold:0.01]]
[2025.04.05-03.20.40:054][  0]LogConfig: Setting CVar [[r.Shadow.DistanceScale:1.0]]
[2025.04.05-03.20.40:055][  0]LogConfig: Setting CVar [[r.Shadow.CSM.TransitionScale:1.0]]
[2025.04.05-03.20.40:055][  0]LogConfig: Setting CVar [[r.Shadow.PreShadowResolutionFactor:1.0]]
[2025.04.05-03.20.40:055][  0]LogConfig: Setting CVar [[r.DistanceFieldShadowing:1]]
[2025.04.05-03.20.40:055][  0]LogConfig: Setting CVar [[r.DistanceFieldAO:1]]
[2025.04.05-03.20.40:055][  0]LogConfig: Setting CVar [[r.AOQuality:2]]
[2025.04.05-03.20.40:055][  0]LogConfig: Setting CVar [[r.VolumetricFog:1]]
[2025.04.05-03.20.40:055][  0]LogConfig: Setting CVar [[r.VolumetricFog.GridPixelSize:8]]
[2025.04.05-03.20.40:055][  0]LogConfig: Setting CVar [[r.VolumetricFog.GridSizeZ:128]]
[2025.04.05-03.20.40:055][  0]LogConfig: Setting CVar [[r.VolumetricFog.HistoryMissSupersampleCount:4]]
[2025.04.05-03.20.40:055][  0]LogConfig: Setting CVar [[r.LightMaxDrawDistanceScale:1]]
[2025.04.05-03.20.40:055][  0]LogConfig: Setting CVar [[r.CapsuleShadows:1]]
[2025.04.05-03.20.40:055][  0]LogConfig: Applying CVar settings from Section [PostProcessQuality@3] File [C:/Unreal Projects/Top-Down-Puzzle/TopDownPuzzle/Saved/Config/Windows/Scalability.ini]
[2025.04.05-03.20.40:055][  0]LogConfig: Setting CVar [[r.MotionBlurQuality:4]]
[2025.04.05-03.20.40:055][  0]LogConfig: Setting CVar [[r.AmbientOcclusionMipLevelFactor:0.4]]
[2025.04.05-03.20.40:055][  0]LogConfig: Setting CVar [[r.AmbientOcclusionMaxQuality:100]]
[2025.04.05-03.20.40:055][  0]LogConfig: Setting CVar [[r.AmbientOcclusionLevels:-1]]
[2025.04.05-03.20.40:055][  0]LogConfig: Setting CVar [[r.AmbientOcclusionRadiusScale:1.0]]
[2025.04.05-03.20.40:055][  0]LogConfig: Setting CVar [[r.DepthOfFieldQuality:2]]
[2025.04.05-03.20.40:055][  0]LogConfig: Setting CVar [[r.RenderTargetPoolMin:400]]
[2025.04.05-03.20.40:055][  0]LogConfig: Setting CVar [[r.LensFlareQuality:2]]
[2025.04.05-03.20.40:055][  0]LogConfig: Setting CVar [[r.SceneColorFringeQuality:1]]
[2025.04.05-03.20.40:055][  0]LogConfig: Setting CVar [[r.EyeAdaptationQuality:2]]
[2025.04.05-03.20.40:055][  0]LogConfig: Setting CVar [[r.BloomQuality:5]]
[2025.04.05-03.20.40:055][  0]LogConfig: Setting CVar [[r.FastBlurThreshold:100]]
[2025.04.05-03.20.40:055][  0]LogConfig: Setting CVar [[r.Upscale.Quality:3]]
[2025.04.05-03.20.40:055][  0]LogConfig: Setting CVar [[r.Tonemapper.GrainQuantization:1]]
[2025.04.05-03.20.40:055][  0]LogConfig: Setting CVar [[r.LightShaftQuality:1]]
[2025.04.05-03.20.40:055][  0]LogConfig: Setting CVar [[r.Filter.SizeScale:1]]
[2025.04.05-03.20.40:055][  0]LogConfig: Setting CVar [[r.Tonemapper.Quality:5]]
[2025.04.05-03.20.40:055][  0]LogConfig: Setting CVar [[r.DOF.Gather.AccumulatorQuality:1        ; higher gathering accumulator quality]]
[2025.04.05-03.20.40:055][  0]LogConfig: Setting CVar [[r.DOF.Gather.PostfilterMethod:1          ; Median3x3 postfilering method]]
[2025.04.05-03.20.40:055][  0]LogConfig: Setting CVar [[r.DOF.Gather.EnableBokehSettings:0       ; no bokeh simulation when gathering]]
[2025.04.05-03.20.40:055][  0]LogConfig: Setting CVar [[r.DOF.Gather.RingCount:4                 ; medium number of samples when gathering]]
[2025.04.05-03.20.40:055][  0]LogConfig: Setting CVar [[r.DOF.Scatter.ForegroundCompositing:1    ; additive foreground scattering]]
[2025.04.05-03.20.40:055][  0]LogConfig: Setting CVar [[r.DOF.Scatter.BackgroundCompositing:2    ; additive background scattering]]
[2025.04.05-03.20.40:055][  0]LogConfig: Setting CVar [[r.DOF.Scatter.EnableBokehSettings:1      ; bokeh simulation when scattering]]
[2025.04.05-03.20.40:055][  0]LogConfig: Setting CVar [[r.DOF.Scatter.MaxSpriteRatio:0.1         ; only a maximum of 10% of scattered bokeh]]
[2025.04.05-03.20.40:055][  0]LogConfig: Setting CVar [[r.DOF.Recombine.Quality:1                ; cheap slight out of focus]]
[2025.04.05-03.20.40:055][  0]LogConfig: Setting CVar [[r.DOF.Recombine.EnableBokehSettings:0    ; no bokeh simulation on slight out of focus]]
[2025.04.05-03.20.40:055][  0]LogConfig: Setting CVar [[r.DOF.TemporalAAQuality:1                ; more stable temporal accumulation]]
[2025.04.05-03.20.40:055][  0]LogConfig: Setting CVar [[r.DOF.Kernel.MaxForegroundRadius:0.025]]
[2025.04.05-03.20.40:055][  0]LogConfig: Setting CVar [[r.DOF.Kernel.MaxBackgroundRadius:0.025]]
[2025.04.05-03.20.40:055][  0]LogConfig: Applying CVar settings from Section [TextureQuality@3] File [C:/Unreal Projects/Top-Down-Puzzle/TopDownPuzzle/Saved/Config/Windows/Scalability.ini]
[2025.04.05-03.20.40:055][  0]LogConfig: Setting CVar [[r.Streaming.MipBias:0]]
[2025.04.05-03.20.40:055][  0]LogConfig: Setting CVar [[r.Streaming.AmortizeCPUToGPUCopy:0]]
[2025.04.05-03.20.40:055][  0]LogConfig: Setting CVar [[r.Streaming.MaxNumTexturesToStreamPerFrame:0]]
[2025.04.05-03.20.40:055][  0]LogConfig: Setting CVar [[r.Streaming.Boost:1]]
[2025.04.05-03.20.40:055][  0]LogConfig: Setting CVar [[r.MaxAnisotropy:8]]
[2025.04.05-03.20.40:055][  0]LogConfig: Setting CVar [[r.VT.MaxAnisotropy:8]]
[2025.04.05-03.20.40:055][  0]LogConfig: Setting CVar [[r.Streaming.LimitPoolSizeToVRAM:0]]
[2025.04.05-03.20.40:055][  0]LogConfig: Setting CVar [[r.Streaming.PoolSize:1000]]
[2025.04.05-03.20.40:055][  0]LogConfig: Setting CVar [[r.Streaming.MaxEffectiveScreenSize:0]]
[2025.04.05-03.20.40:055][  0]LogConfig: Applying CVar settings from Section [EffectsQuality@3] File [C:/Unreal Projects/Top-Down-Puzzle/TopDownPuzzle/Saved/Config/Windows/Scalability.ini]
[2025.04.05-03.20.40:055][  0]LogConfig: Setting CVar [[r.TranslucencyLightingVolumeDim:64]]
[2025.04.05-03.20.40:055][  0]LogConfig: Setting CVar [[r.RefractionQuality:2]]
[2025.04.05-03.20.40:055][  0]LogConfig: Setting CVar [[r.SSR.Quality:3]]
[2025.04.05-03.20.40:055][  0]LogConfig: Setting CVar [[r.SSR.HalfResSceneColor:0]]
[2025.04.05-03.20.40:055][  0]LogConfig: Setting CVar [[r.SceneColorFormat:4]]
[2025.04.05-03.20.40:055][  0]LogConfig: Setting CVar [[r.DetailMode:2]]
[2025.04.05-03.20.40:055][  0]LogConfig: Setting CVar [[r.TranslucencyVolumeBlur:1]]
[2025.04.05-03.20.40:055][  0]LogConfig: Setting CVar [[r.MaterialQualityLevel:1 ; High quality]]
[2025.04.05-03.20.40:055][  0]LogConfig: Setting CVar [[r.AnisotropicMaterials:1]]
[2025.04.05-03.20.40:055][  0]LogConfig: Setting CVar [[r.SSS.Scale:1]]
[2025.04.05-03.20.40:055][  0]LogConfig: Setting CVar [[r.SSS.SampleSet:2]]
[2025.04.05-03.20.40:055][  0]LogConfig: Setting CVar [[r.SSS.Quality:1]]
[2025.04.05-03.20.40:055][  0]LogConfig: Setting CVar [[r.SSS.HalfRes:0]]
[2025.04.05-03.20.40:055][  0]LogConfig: Setting CVar [[r.SSGI.Quality:3]]
[2025.04.05-03.20.40:055][  0]LogConfig: Setting CVar [[r.EmitterSpawnRateScale:1.0]]
[2025.04.05-03.20.40:055][  0]LogConfig: Setting CVar [[r.ParticleLightQuality:2]]
[2025.04.05-03.20.40:055][  0]LogConfig: Setting CVar [[r.SkyAtmosphere.AerialPerspectiveLUT.FastApplyOnOpaque:1 ; Always have FastSkyLUT 1 in this case to avoid wrong sky]]
[2025.04.05-03.20.40:055][  0]LogConfig: Setting CVar [[r.SkyAtmosphere.AerialPerspectiveLUT.SampleCountMaxPerSlice:4]]
[2025.04.05-03.20.40:055][  0]LogConfig: Setting CVar [[r.SkyAtmosphere.AerialPerspectiveLUT.DepthResolution:16.0]]
[2025.04.05-03.20.40:055][  0]LogConfig: Setting CVar [[r.SkyAtmosphere.FastSkyLUT:1]]
[2025.04.05-03.20.40:055][  0]LogConfig: Setting CVar [[r.SkyAtmosphere.FastSkyLUT.SampleCountMin:4.0]]
[2025.04.05-03.20.40:055][  0]LogConfig: Setting CVar [[r.SkyAtmosphere.FastSkyLUT.SampleCountMax:128.0]]
[2025.04.05-03.20.40:055][  0]LogConfig: Setting CVar [[r.SkyAtmosphere.SampleCountMin:4.0]]
[2025.04.05-03.20.40:055][  0]LogConfig: Setting CVar [[r.SkyAtmosphere.SampleCountMax:128.0]]
[2025.04.05-03.20.40:055][  0]LogConfig: Setting CVar [[r.SkyAtmosphere.TransmittanceLUT.UseSmallFormat:0]]
[2025.04.05-03.20.40:055][  0]LogConfig: Setting CVar [[r.SkyAtmosphere.TransmittanceLUT.SampleCount:10.0]]
[2025.04.05-03.20.40:055][  0]LogConfig: Setting CVar [[r.SkyAtmosphere.MultiScatteringLUT.SampleCount:15.0]]
[2025.04.05-03.20.40:055][  0]LogConfig: Setting CVar [[r.SkyLight.RealTimeReflectionCapture:1]]
[2025.04.05-03.20.40:055][  0]LogConfig: Applying CVar settings from Section [FoliageQuality@3] File [C:/Unreal Projects/Top-Down-Puzzle/TopDownPuzzle/Saved/Config/Windows/Scalability.ini]
[2025.04.05-03.20.40:055][  0]LogConfig: Setting CVar [[foliage.DensityScale:1.0]]
[2025.04.05-03.20.40:055][  0]LogConfig: Setting CVar [[grass.DensityScale:1.0]]
[2025.04.05-03.20.40:055][  0]LogConfig: Applying CVar settings from Section [ShadingQuality@3] File [C:/Unreal Projects/Top-Down-Puzzle/TopDownPuzzle/Saved/Config/Windows/Scalability.ini]
[2025.04.05-03.20.40:055][  0]LogConfig: Setting CVar [[r.HairStrands.SkyLighting.IntegrationType:2]]
[2025.04.05-03.20.40:055][  0]LogConfig: Setting CVar [[r.HairStrands.SkyAO.SampleCount:4]]
[2025.04.05-03.20.40:055][  0]LogConfig: Setting CVar [[r.HairStrands.Visibility.MSAA.SamplePerPixel:4]]
[2025.04.05-03.20.40:055][  0]LogConfig: Applying CVar settings from Section [Startup] File [../../../Engine/Config/ConsoleVariables.ini]
[2025.04.05-03.20.40:056][  0]LogConfig: Setting CVar [[net.UseAdaptiveNetUpdateFrequency:0]]
[2025.04.05-03.20.40:056][  0]LogConfig: Setting CVar [[p.chaos.AllowCreatePhysxBodies:1]]
[2025.04.05-03.20.40:056][  0]LogConfig: Setting CVar [[fx.SkipVectorVMBackendOptimizations:1]]
[2025.04.05-03.20.40:056][  0]LogConfig: Applying CVar settings from Section [ConsoleVariables] File [C:/Unreal Projects/Top-Down-Puzzle/TopDownPuzzle/Saved/Config/Windows/Engine.ini]
[2025.04.05-03.20.40:056][  0]LogConfig: Applying CVar settings from Section [ConsoleVariables] File [C:/Unreal Projects/Top-Down-Puzzle/TopDownPuzzle/Saved/Config/Windows/Editor.ini]
[2025.04.05-03.20.40:056][  0]LogInit: Computer: LAPTOP-EJ2DB2HV
[2025.04.05-03.20.40:056][  0]LogInit: User: patel
[2025.04.05-03.20.40:056][  0]LogInit: CPU Page size=4096, Cores=4
[2025.04.05-03.20.40:056][  0]LogInit: High frequency timer resolution =10.000000 MHz
[2025.04.05-03.20.40:056][  0]LogMemory: Memory total: Physical=15.8GB (16GB approx)
[2025.04.05-03.20.40:056][  0]LogMemory: Platform Memory Stats for Windows
[2025.04.05-03.20.40:056][  0]LogMemory: Process Physical Memory: 143.90 MB used, 143.90 MB peak
[2025.04.05-03.20.40:056][  0]LogMemory: Process Virtual Memory: 114.45 MB used, 114.45 MB peak
[2025.04.05-03.20.40:056][  0]LogMemory: Physical Memory: 8897.39 MB used,  7327.78 MB free, 16225.18 MB total
[2025.04.05-03.20.40:056][  0]LogMemory: Virtual Memory: 134193208.00 MB used,  24520.87 MB free, 134217728.00 MB total
[2025.04.05-03.20.40:062][  0]LogWindows: WindowsPlatformFeatures enabled
[2025.04.05-03.20.40:120][  0]LogInit: Physics initialised using underlying interface: PhysX
[2025.04.05-03.20.40:121][  0]LogInit: Using OS detected language (en-US).
[2025.04.05-03.20.40:121][  0]LogInit: Using OS detected locale (en-IN).
[2025.04.05-03.20.40:128][  0]LogTextLocalizationManager: No specific localization for 'en-US' exists, so the 'en' localization will be used.
[2025.04.05-03.20.40:323][  0]LogInit: Setting process to per monitor DPI aware
[2025.04.05-03.20.40:341][  0]LogWindowsTextInputMethodSystem: Display: IME system deactivated.
[2025.04.05-03.20.40:357][  0]LogSlate: New Slate User Created.  User Index 0, Is Virtual User: 0
[2025.04.05-03.20.40:357][  0]LogSlate: Slate User Registered.  User Index 0, Is Virtual User: 0
[2025.04.05-03.20.40:548][  0]LogD3D11RHI: Loaded GFSDK_Aftermath_Lib.x64.dll
[2025.04.05-03.20.40:617][  0]LogHMD: Failed to initialize OpenVR with code 110
[2025.04.05-03.20.40:617][  0]LogD3D11RHI: D3D11 min allowed feature level: 11_0
[2025.04.05-03.20.40:617][  0]LogD3D11RHI: D3D11 max allowed feature level: 11_0
[2025.04.05-03.20.40:617][  0]LogD3D11RHI: D3D11 adapters:
[2025.04.05-03.20.40:759][  0]LogD3D11RHI:    0. 'NVIDIA GeForce GTX 1650' (Feature Level 11_0)
[2025.04.05-03.20.40:759][  0]LogD3D11RHI:       3935/0/8112 MB DedicatedVideo/DedicatedSystem/SharedSystem, Outputs:1, VendorId:0x10de
[2025.04.05-03.20.40:827][  0]LogD3D11RHI:    1. 'Intel(R) UHD Graphics 630' (Feature Level 11_0)
[2025.04.05-03.20.40:827][  0]LogD3D11RHI:       128/0/8112 MB DedicatedVideo/DedicatedSystem/SharedSystem, Outputs:0, VendorId:0x8086
[2025.04.05-03.20.40:830][  0]LogD3D11RHI:    2. 'Microsoft Basic Render Driver' (Feature Level 11_0)
[2025.04.05-03.20.40:830][  0]LogD3D11RHI:       0/0/8112 MB DedicatedVideo/DedicatedSystem/SharedSystem, Outputs:0, VendorId:0x1414
[2025.04.05-03.20.40:830][  0]LogD3D11RHI: Chosen D3D11 Adapter:
[2025.04.05-03.20.40:830][  0]LogD3D11RHI:     Description : NVIDIA GeForce GTX 1650
[2025.04.05-03.20.40:830][  0]LogD3D11RHI:     VendorId    : 10de
[2025.04.05-03.20.40:830][  0]LogD3D11RHI:     DeviceId    : 1f91
[2025.04.05-03.20.40:830][  0]LogD3D11RHI:     SubSysId    : 85fc103c
[2025.04.05-03.20.40:830][  0]LogD3D11RHI:     Revision    : 00a1
[2025.04.05-03.20.40:830][  0]LogD3D11RHI:     DedicatedVideoMemory : 4126146560 bytes
[2025.04.05-03.20.40:830][  0]LogD3D11RHI:     DedicatedSystemMemory : 0 bytes
[2025.04.05-03.20.40:830][  0]LogD3D11RHI:     SharedSystemMemory : 8506664960 bytes
[2025.04.05-03.20.40:830][  0]LogD3D11RHI:     AdapterLuid : 0 81656
[2025.04.05-03.20.40:837][  0]LogD3D11RHI: Creating new Direct3DDevice
[2025.04.05-03.20.40:837][  0]LogD3D11RHI:     GPU DeviceId: 0x1f91 (for the marketing name, search the web for "GPU Device Id")
[2025.04.05-03.20.40:837][  0]LogWindows: EnumDisplayDevices:
[2025.04.05-03.20.40:837][  0]LogWindows:    0. 'Intel(R) UHD Graphics 630' (P:1 D:1)
[2025.04.05-03.20.40:838][  0]LogWindows:    1. 'Intel(R) UHD Graphics 630' (P:0 D:0)
[2025.04.05-03.20.40:838][  0]LogWindows:    2. 'Intel(R) UHD Graphics 630' (P:0 D:0)
[2025.04.05-03.20.40:838][  0]LogWindows:    3. 'NVIDIA GeForce GTX 1650' (P:0 D:0)
[2025.04.05-03.20.40:839][  0]LogWindows:    4. 'NVIDIA GeForce GTX 1650' (P:0 D:0)
[2025.04.05-03.20.40:839][  0]LogWindows:    5. 'NVIDIA GeForce GTX 1650' (P:0 D:0)
[2025.04.05-03.20.40:839][  0]LogWindows:    6. 'NVIDIA GeForce GTX 1650' (P:0 D:0)
[2025.04.05-03.20.40:839][  0]LogWindows: DebugString: PrimaryIsNotTheChoosenAdapter PrimaryIsNotTheChoosenAdapter PrimaryIsNotTheChoosenAdapter FoundDriverCount:4 
[2025.04.05-03.20.40:839][  0]LogD3D11RHI:     Adapter Name: NVIDIA GeForce GTX 1650
[2025.04.05-03.20.40:839][  0]LogD3D11RHI:   Driver Version: 561.19 (internal:32.0.15.6119, unified:561.19)
[2025.04.05-03.20.40:839][  0]LogD3D11RHI:      Driver Date: 11-11-2024
[2025.04.05-03.20.40:839][  0]LogRHI: Texture pool is 2754 MB (70% of 3935 MB)
[2025.04.05-03.20.40:839][  0]LogD3D11RHI: Creating D3DDevice using adapter:
[2025.04.05-03.20.40:839][  0]LogD3D11RHI:     Description : NVIDIA GeForce GTX 1650
[2025.04.05-03.20.40:839][  0]LogD3D11RHI:     VendorId    : 10de
[2025.04.05-03.20.40:839][  0]LogD3D11RHI:     DeviceId    : 1f91
[2025.04.05-03.20.40:839][  0]LogD3D11RHI:     SubSysId    : 85fc103c
[2025.04.05-03.20.40:839][  0]LogD3D11RHI:     Revision    : 00a1
[2025.04.05-03.20.40:839][  0]LogD3D11RHI:     DedicatedVideoMemory : 4126146560 bytes
[2025.04.05-03.20.40:839][  0]LogD3D11RHI:     DedicatedSystemMemory : 0 bytes
[2025.04.05-03.20.40:839][  0]LogD3D11RHI:     SharedSystemMemory : 8506664960 bytes
[2025.04.05-03.20.40:839][  0]LogD3D11RHI:     AdapterLuid : 0 81656
[2025.04.05-03.20.40:916][  0]LogD3D11RHI: RHI has support for 64 bit atomics
[2025.04.05-03.20.40:916][  0]LogD3D11RHI: Async texture creation enabled
[2025.04.05-03.20.40:916][  0]LogD3D11RHI: Array index from any shader is supported
[2025.04.05-03.20.40:960][  0]LogD3D11RHI: GPU Timing Frequency: 1000.000000 (Debug: 2 2)
[2025.04.05-03.20.41:017][  0]LogRHI: GeForceNow SDK initialized: 1
[2025.04.05-03.20.41:352][  0]LogTargetPlatformManager: Display: Loaded TargetPlatform 'AllDesktop'
[2025.04.05-03.20.41:375][  0]LogTargetPlatformManager: Display: Loaded TargetPlatform 'Android'
[2025.04.05-03.20.41:375][  0]LogTargetPlatformManager: Display: Loaded TargetPlatform 'Android_ASTC'
[2025.04.05-03.20.41:375][  0]LogTargetPlatformManager: Display: Loaded TargetPlatform 'Android_DXT'
[2025.04.05-03.20.41:375][  0]LogTargetPlatformManager: Display: Loaded TargetPlatform 'Android_ETC2'
[2025.04.05-03.20.41:375][  0]LogTargetPlatformManager: Display: Loaded TargetPlatform 'AndroidClient'
[2025.04.05-03.20.41:375][  0]LogTargetPlatformManager: Display: Loaded TargetPlatform 'Android_ASTCClient'
[2025.04.05-03.20.41:375][  0]LogTargetPlatformManager: Display: Loaded TargetPlatform 'Android_DXTClient'
[2025.04.05-03.20.41:375][  0]LogTargetPlatformManager: Display: Loaded TargetPlatform 'Android_ETC2Client'
[2025.04.05-03.20.41:375][  0]LogTargetPlatformManager: Display: Loaded TargetPlatform 'Android_Multi'
[2025.04.05-03.20.41:375][  0]LogTargetPlatformManager: Display: Loaded TargetPlatform 'Android_MultiClient'
[2025.04.05-03.20.41:398][  0]LogTargetPlatformManager: Display: Loaded TargetPlatform 'IOSClient'
[2025.04.05-03.20.41:398][  0]LogTargetPlatformManager: Display: Loaded TargetPlatform 'IOS'
[2025.04.05-03.20.41:411][  0]LogTargetPlatformManager: Display: Loaded TargetPlatform 'Linux'
[2025.04.05-03.20.41:416][  0]LogTargetPlatformManager: Display: Loaded TargetPlatform 'LinuxNoEditor'
[2025.04.05-03.20.41:422][  0]LogTargetPlatformManager: Display: Loaded TargetPlatform 'LinuxClient'
[2025.04.05-03.20.41:428][  0]LogTargetPlatformManager: Display: Loaded TargetPlatform 'LinuxServer'
[2025.04.05-03.20.41:440][  0]LogTargetPlatformManager: Display: Loaded TargetPlatform 'LinuxAArch64NoEditor'
[2025.04.05-03.20.41:446][  0]LogTargetPlatformManager: Display: Loaded TargetPlatform 'LinuxAArch64Client'
[2025.04.05-03.20.41:452][  0]LogTargetPlatformManager: Display: Loaded TargetPlatform 'LinuxAArch64Server'
[2025.04.05-03.20.41:484][  0]LogTargetPlatformManager: Display: Loaded TargetPlatform 'Lumin'
[2025.04.05-03.20.41:484][  0]LogTargetPlatformManager: Display: Loaded TargetPlatform 'LuminClient'
[2025.04.05-03.20.41:498][  0]LogTargetPlatformManager: Display: Loaded TargetPlatform 'MacNoEditor'
[2025.04.05-03.20.41:504][  0]LogTargetPlatformManager: Display: Loaded TargetPlatform 'Mac'
[2025.04.05-03.20.41:509][  0]LogTargetPlatformManager: Display: Loaded TargetPlatform 'MacClient'
[2025.04.05-03.20.41:515][  0]LogTargetPlatformManager: Display: Loaded TargetPlatform 'MacServer'
[2025.04.05-03.20.41:527][  0]LogTargetPlatformManager: Display: Loaded TargetPlatform 'TVOSClient'
[2025.04.05-03.20.41:527][  0]LogTargetPlatformManager: Display: Loaded TargetPlatform 'TVOS'
[2025.04.05-03.20.41:538][  0]LogTargetPlatformManager: Display: Loaded TargetPlatform 'WindowsNoEditor'
[2025.04.05-03.20.41:544][  0]LogTargetPlatformManager: Display: Loaded TargetPlatform 'Windows'
[2025.04.05-03.20.41:550][  0]LogTargetPlatformManager: Display: Loaded TargetPlatform 'WindowsClient'
[2025.04.05-03.20.41:557][  0]LogTargetPlatformManager: Display: Loaded TargetPlatform 'WindowsServer'
[2025.04.05-03.20.41:557][  0]LogTargetPlatformManager: Display: Building Assets For Windows
[2025.04.05-03.20.41:568][  0]LogAudioDebug: Display: Lib vorbis DLL was dynamically loaded.
[2025.04.05-03.20.41:616][  0]LogTextureFormatOodle: Display: Oodle Texture 2.9.0 init RDO Off
[2025.04.05-03.20.41:660][  0]LogRendererCore: Ray tracing is disabled. Reason: r.RayTracing=0.
[2025.04.05-03.20.41:660][  0]LogShaderCompilers: Guid format shader working directory is -17 characters bigger than the processId version (../../../../../../Unreal Projects/Top-Down-Puzzle/TopDownPuzzle/Intermediate/Shaders/WorkingDirectory/9980/).
[2025.04.05-03.20.41:661][  0]LogShaderCompilers: Cleaned the shader compiler working directory 'C:/Users/patel/AppData/Local/Temp/UnrealShaderWorkingDir/A44826AF4DBB0BD1AACD3299C06E405E/'.
[2025.04.05-03.20.41:661][  0]LogXGEController: Cannot use XGE Controller as Incredibuild is not installed on this machine.
[2025.04.05-03.20.41:661][  0]LogShaderCompilers: Cannot use XGE Shader Compiler as Incredibuild is not installed on this machine.
[2025.04.05-03.20.41:661][  0]LogShaderCompilers: Display: Using Local Shader Compiler.
[2025.04.05-03.20.42:422][  0]LogDerivedDataCache: Display: Max Cache Size: 512 MB
[2025.04.05-03.20.42:480][  0]LogDerivedDataCache: Loaded boot cache 0.06s 103MB C:/Users/patel/AppData/Local/UnrealEngine/4.27/DerivedDataCache/Boot.ddc.
[2025.04.05-03.20.42:480][  0]LogDerivedDataCache: Display: Loaded Boot cache: C:/Users/patel/AppData/Local/UnrealEngine/4.27/DerivedDataCache/Boot.ddc
[2025.04.05-03.20.42:480][  0]LogDerivedDataCache: FDerivedDataBackendGraph:  Pak pak cache file ../../../../../../Unreal Projects/Top-Down-Puzzle/TopDownPuzzle/DerivedDataCache/DDC.ddp not found, will not use a pak cache.
[2025.04.05-03.20.42:480][  0]LogDerivedDataCache: Unable to find inner node Pak for hierarchical cache Hierarchy.
[2025.04.05-03.20.42:480][  0]LogDerivedDataCache: FDerivedDataBackendGraph:  CompressedPak pak cache file ../../../../../../Unreal Projects/Top-Down-Puzzle/TopDownPuzzle/DerivedDataCache/Compressed.ddp not found, will not use a pak cache.
[2025.04.05-03.20.42:480][  0]LogDerivedDataCache: Unable to find inner node CompressedPak for hierarchical cache Hierarchy.
[2025.04.05-03.20.42:498][  0]LogDerivedDataCache: Display: Pak cache opened for reading ../../../Engine/DerivedDataCache/Compressed.ddp.
[2025.04.05-03.20.42:498][  0]LogDerivedDataCache: FDerivedDataBackendGraph:  EnterprisePak pak cache file ../../../Enterprise/DerivedDataCache/Compressed.ddp not found, will not use a pak cache.
[2025.04.05-03.20.42:498][  0]LogDerivedDataCache: Unable to find inner node EnterprisePak for hierarchical cache Hierarchy.
[2025.04.05-03.20.42:510][  0]LogDerivedDataCache: Speed tests for C:/Users/patel/AppData/Local/UnrealEngine/Common/DerivedDataCache took 0.01 seconds
[2025.04.05-03.20.42:510][  0]LogDerivedDataCache: Display: Performance to C:/Users/patel/AppData/Local/UnrealEngine/Common/DerivedDataCache: Latency=0.05ms. RandomReadSpeed=855.83MBs, RandomWriteSpeed=92.14MBs. Assigned SpeedClass 'Local'
[2025.04.05-03.20.42:511][  0]LogDerivedDataCache: Using Local data cache path C:/Users/patel/AppData/Local/UnrealEngine/Common/DerivedDataCache: Writable
[2025.04.05-03.20.42:511][  0]LogDerivedDataCache: Shared data cache path not found in *engine.ini, will not use an Shared cache.
[2025.04.05-03.20.42:511][  0]LogDerivedDataCache: Unable to find inner node Shared for hierarchical cache Hierarchy.
[2025.04.05-03.20.42:565][  0]LogSlate: Using FreeType 2.10.0
[2025.04.05-03.20.42:566][  0]LogSlate: SlateFontServices - WITH_FREETYPE: 1, WITH_HARFBUZZ: 1
[2025.04.05-03.20.42:592][  0]LogAssetRegistry: FAssetRegistry took 0.0029 seconds to start up
[2025.04.05-03.20.42:839][  0]LogInit: Selected Device Profile: [Windows]
[2025.04.05-03.20.42:839][  0]LogInit: Active device profile: [0000025131A7D400][000002512604C8C0 49] Windows
[2025.04.05-03.20.42:839][  0]LogInit: Profiles: [0000025131A7D400][000002512604C8C0 49] Windows, [0000025131A0FF00][0000025126050A00 49] WindowsNoEditor, [0000025131A23E00][0000025126054B40 49] WindowsServer, [0000025131A0D500][000002512BC44C80 49] WindowsClient, [0000025131A21800][000002512BC48DC0 49] IOS, [0000025131A0D000][000002512BC50F40 49] iPadAir, [0000025131A20C00][000002512BC550C0 49] iPadAir2, [00000251319CC100][0000025130605380 49] IPadPro, [00000251319CC200][000002512BC593C0 49] iPadAir3, [0000025131A0D600][0000025130609540 49] iPadAir4, [00000251319CEC00][000002513060D6C0 49] iPadMini2, [0000025131A0D300][0000025130611840 49] iPadMini3, [0000025131A20100][00000251306159C0 49] iPadMini4, [0000025131A0D700][0000025130619B40 49] iPadMini5, [00000251319CB900][00000251310FC280 49] iPhone6, [00000251319CBA00][000002513061C2C0 49] iPodTouch6, [0000025131A21200][0000025131104580 49] iPhone7, [0000025131A21100][00000251311005C0 49] iPodTouch7, [00000251319C8400][0000025131108740 49] iPhone5S, [00000251319CFD00][000002513110C8C0 49] iPhone6Plus, [00000251319C9F00][0000025131110A40 49] iPhone6S, [0000025131A21600][000002512BC4CB80 49] iPhone6SPlus, [00000251319C9300][0000025131114CC0 49] iPhone7Plus, [0000025131A20200][0000025131118E00 49] iPhoneSE, [00000251319C8D00][000002513111CF40 49] iPhone8, [0000025131A20A00][00000251311250C0 49] iPhone8Plus, [00000251319CBC00][0000025131129240 49] iPhoneX, [0000025131A23500][000002513112D3C0 49] iPhoneXS, [00000251319CA800][0000025131131540 49] iPhoneXSMax, [0000025131A22700][00000251311356C0 49] iPhoneXR, [00000251319CAA00][0000025131139840 49] iPhone11, [0000025131A22E00][000002513113D9C0 49] iPhone11Pro, [00000251319CB300][0000025131141B40 49] iPhone11ProMax, [0000025131A22100][0000025131144140 49] iPhoneSE2, [00000251319CAF00][00000251311482C0 49] iPhone12Mini, [0000025131A22B00][000002513114C440 49] iPhone12, [00000251319CBF00][00000251311505C0 49] iPhone12Pro, [0000025131A22C00][0000025131154740 49] iPhone12ProMax, [00000251319C9E00][00000251311588C0 49] iPadPro105, [0000025131A23000][000002513115CA40 49] iPadPro129, [00000251319CA400][0000025131160BC0 49] iPadPro97, [0000025131A20D00][0000025131164D40 49] iPadPro2_129, [00000251319C8F00][0000025131120E80 49] iPad5, [0000025131A20800][0000025131168FC0 49] iPad6, [00000251319C8300][000002513116D100 49] iPad7, [0000025131A22500][0000025131175280 49] iPad8, [00000251319C8800][0000025131179400 49] iPadPro11, [0000025131A21000][000002513117D580 49] iPadPro2_11, [00000251319C8700][0000025131181700 49] iPadPro3_129, [0000025131A21700][0000025131185880 49] iPadPro4_129, [00000251319CB000][0000025131189A00 49] AppleTV, [0000025131A23300][000002513118DB80 49] AppleTV4K, [00000251319C9200][0000025131190180 49] TVOS, [0000025131A21A00][0000025131194300 49] Mac, [00000251319C9000][0000025131198480 49] MacClient, [0000025131A23A00][000002513119C600 49] MacNoEditor, [00000251319C9100][00000251311A0780 49] MacServer, [0000025131A20400][00000251311A4900 49] Linux, [00000251319C8500][00000251311A8A80 49] LinuxAArch64, [0000025131A22300][00000251311ACC00 49] LinuxNoEditor, [00000251319C8C00][00000251311B0D80 49] LinuxAArch64NoEditor, [0000025131A22D00][00000251311B4F00 49] LinuxClient, [00000251319CB100][0000025131171040 49] LinuxAArch64Client, [0000025131A23C00][00000251311B9180 49] LinuxServer, [00000251319CB600][00000251311BD2C0 49] LinuxAArch64Server, [0000025131A23800][00000251311C5440 49] Android, [0000025131A7F000][00000251311C95C0 49] Android_Low, [00000251319CE700][00000251311CD740 49] Android_Mid, [0000025131A7ED00][00000251311D18C0 49] Android_High, [00000251319CCA00][00000251311D5A40 49] Android_Default, [0000025131A7C200][00000251311D9BC0 49] Android_Adreno4xx, [00000251319CD200][00000251311DC1C0 49] Android_Adreno5xx_Low, [0000025131A7D000][00000251311E0340 49] Android_Adreno5xx, [00000251319CC300][00000251311E44C0 49] Android_Adreno6xx, [0000025131A7F700][00000251311E8640 49] Android_Adreno6xx_Vulkan, [00000251319CE300][00000251311EC7C0 49] Android_Mali_T6xx, [0000025131A7F400][00000251311F0940 49] Android_Mali_T7xx, [00000251319CEE00][00000251311F4AC0 49] Android_Mali_T8xx, [0000025131A7F500][00000251311F8C40 49] Android_Mali_G71, [00000251319CC500][00000251311FCDC0 49] Android_Mali_G72, [0000025131A7C500][0000025131200F40 49] Android_Mali_G72_Vulkan, [00000251319CD500][00000251312050C0 49] Android_Mali_G76, [0000025131A7F300][00000251311C1200 49] Android_Mali_G76_Vulkan, [00000251319CFB00][0000025131209340 49] Android_Mali_G77, [0000025131A7D900][000002513120D480 49] Android_Mali_G77_Vulkan, [00000251319CED00][00000251312115C0 49] Android_Mali_G78, [0000025131A7E300][0000025131219740 49] Android_Mali_G78_Vulkan, [00000251319CF000][000002513121D8C0 49] Android_Mali_G710, [0000025131A7EF00][0000025131221A40 49] Android_Mali_G710_Vulkan, [00000251319CCF00][0000025131225BC0 49] Android_Vulkan_SM5, [0000025131A7C900][00000251312281C0 49] Android_PowerVR_G6xxx, [0000025131A21300][000002513122C340 49] Android_PowerVR_GT7xxx, [0000025131A7CC00][00000251312304C0 49] Android_PowerVR_GE8xxx, [0000025131A20B00][0000025131234640 49] Android_PowerVR_GM9xxx, [0000025131A7C700][00000251312387C0 49] Android_PowerVR_GM9xxx_Vulkan, [0000025131A20E00][000002513123C940 49] Android_TegraK1, [0000025131A7EC00][0000025131240AC0 49] Android_Unknown_Vulkan, [0000025131A22600][0000025131244C40 49] Lumin, [0000025131A7EA00][0000025131248DC0 49] Lumin_Desktop, [0000025131A22900][000002513124CF40 49] HoloLens, 
[2025.04.05-03.20.42:988][  0]LogMeshReduction: Using QuadricMeshReduction for automatic static mesh reduction
[2025.04.05-03.20.42:988][  0]LogMeshReduction: Using SimplygonMeshReduction for automatic skeletal mesh reduction
[2025.04.05-03.20.42:988][  0]LogMeshReduction: Using ProxyLODMeshReduction for automatic mesh merging
[2025.04.05-03.20.42:988][  0]LogMeshReduction: No distributed automatic mesh merging module available
[2025.04.05-03.20.42:988][  0]LogMeshMerging: No distributed automatic mesh merging module available
[2025.04.05-03.20.43:003][  0]LogNetVersion: TopDownPuzzle 1.0.0, NetCL: 17155196, EngineNetVer: 17, GameNetVer: 0 (Checksum: 565499533)
[2025.04.05-03.20.43:392][  0]LogTexture: Default maximum texture size for cubemaps generated from long-lat sources has been changed from 512 to unlimited. In order to preserve old behaiour for '/Engine/MapTemplates/Sky/DaylightAmbientCubemap.DaylightAmbientCubemap', its maximum texture size has been explicitly set to 512.
[2025.04.05-03.20.43:445][  0]LogHMD: PokeAHoleMaterial loaded successfully
[2025.04.05-03.20.43:450][  0]LogUObjectArray: 17178 objects as part of root set at end of initial load.
[2025.04.05-03.20.43:450][  0]LogUObjectAllocator: 4302048 out of 0 bytes used by permanent object pool.
[2025.04.05-03.20.43:450][  0]LogUObjectArray: CloseDisregardForGC: 0/0 objects in disregard for GC pool
[2025.04.05-03.20.43:786][  0]LogNiagaraDebuggerClient: Niagara Debugger Client Initialized | Session: FE59D04649F17BE49552C8964E5A444A | Instance: F739763B4E17CF5A184F978D5725B583 (LAPTOP-EJ2DB2HV-9980).
[2025.04.05-03.20.43:930][  0]LogPython: Using Python 3.7.7
[2025.04.05-03.20.44:472][  0]LogTcpMessaging: Initializing TcpMessaging bridge
[2025.04.05-03.20.44:478][  0]LogUdpMessaging: Initializing bridge on interface 0.0.0.0:0 to multicast group 230.0.0.1:6666.
[2025.04.05-03.20.44:939][  0]SourceControl: Source control is disabled
[2025.04.05-03.20.44:939][  0]SourceControl: Source control is disabled
[2025.04.05-03.20.44:944][  0]SourceControl: Source control is disabled
[2025.04.05-03.20.44:953][  0]SourceControl: Source control is disabled
[2025.04.05-03.20.44:958][  0]SourceControl: Source control is disabled
[2025.04.05-03.20.44:978][  0]LogUProjectInfo: Found projects:
[2025.04.05-03.20.45:184][  0]LogOpenImageDenoise: OIDN starting up
[2025.04.05-03.20.45:226][  0]LogAndroidPermission: UAndroidPermissionCallbackProxy::GetInstance
[2025.04.05-03.20.45:255][  0]LogAudioCaptureCore: Display: No Audio Capture implementations found. Audio input will be silent.
[2025.04.05-03.20.45:255][  0]LogAudioCaptureCore: Display: No Audio Capture implementations found. Audio input will be silent.
[2025.04.05-03.20.45:398][  0]LogCollectionManager: Loaded 0 collections in 0.001598 seconds
[2025.04.05-03.20.45:429][  0]LogFileCache: Scanning file cache for directory 'C:/Unreal Projects/Top-Down-Puzzle/TopDownPuzzle/Saved/Collections/' took 0.00s
[2025.04.05-03.20.45:429][  0]LogFileCache: Scanning file cache for directory 'C:/Unreal Projects/Top-Down-Puzzle/TopDownPuzzle/Content/Developers/patel/Collections/' took 0.00s
[2025.04.05-03.20.45:429][  0]LogFileCache: Scanning file cache for directory 'C:/Unreal Projects/Top-Down-Puzzle/TopDownPuzzle/Content/Collections/' took 0.00s
[2025.04.05-03.20.45:429][  0]LogOcInput: OculusInput pre-init called
[2025.04.05-03.20.45:701][  0]LogEngine: Initializing Engine...
[2025.04.05-03.20.45:710][  0]LogHMD: Failed to enumerate extensions. Please check that you have a valid OpenXR runtime installed.
[2025.04.05-03.20.45:711][  0]LogHMD: Failed to initialize OpenVR with code 110
[2025.04.05-03.20.45:711][  0]LogMagicLeap: Warning: VR disabled because ZI is not enabled.  To enable, in the editor, Edit -> Project Settings -> Plugins -> Magic Leap Plugin -> Enable Zero Iteration
[2025.04.05-03.20.45:712][  0]LogStats: UGameplayTagsManager::InitializeManager -  0.000 s
[2025.04.05-03.20.45:823][  0]LogInit: Initializing FReadOnlyCVARCache
[2025.04.05-03.20.45:832][  0]LogAIModule: Creating AISystem for world Untitled
[2025.04.05-03.20.45:839][  0]LogAudio: Display: Initializing Audio Device Manager...
[2025.04.05-03.20.45:844][  0]LogAudio: Display: Loading Default Audio Settings Objects...
[2025.04.05-03.20.45:844][  0]LogAudio: Display: No default SoundConcurrencyObject specified (or failed to load).
[2025.04.05-03.20.45:845][  0]LogAudio: Display: Audio Device Manager Initialized
[2025.04.05-03.20.45:845][  0]LogAudio: Display: Creating Audio Device:                 Id: 1, Scope: Shared, Realtime: True
[2025.04.05-03.20.45:845][  0]LogAudioMixer: Display: Audio Mixer Platform Settings:
[2025.04.05-03.20.45:845][  0]LogAudioMixer: Display: 	Sample Rate:						  48000
[2025.04.05-03.20.45:845][  0]LogAudioMixer: Display: 	Callback Buffer Frame Size Requested: 1024
[2025.04.05-03.20.45:845][  0]LogAudioMixer: Display: 	Callback Buffer Frame Size To Use:	  1024
[2025.04.05-03.20.45:845][  0]LogAudioMixer: Display: 	Number of buffers to queue:			  2
[2025.04.05-03.20.45:845][  0]LogAudioMixer: Display: 	Max Channels (voices):				  32
[2025.04.05-03.20.45:845][  0]LogAudioMixer: Display: 	Number of Async Source Workers:		  0
[2025.04.05-03.20.45:845][  0]LogAudio: Display: AudioDevice MaxSources: 32
[2025.04.05-03.20.45:845][  0]LogAudio: Display: Audio Spatialization Plugin: None (built-in).
[2025.04.05-03.20.45:845][  0]LogAudio: Display: Audio Reverb Plugin: None (built-in).
[2025.04.05-03.20.45:845][  0]LogAudio: Display: Audio Occlusion Plugin: None (built-in).
[2025.04.05-03.20.45:845][  0]LogAudioMixer: Display: Initializing audio mixer.
[2025.04.05-03.20.45:865][  0]LogAudioMixer: Display: 0: FrontLeft
[2025.04.05-03.20.45:865][  0]LogAudioMixer: Display: 1: FrontRight
[2025.04.05-03.20.45:927][  0]LogAudioMixer: Display: Using Audio Device Headphone (Realtek(R) Audio)
[2025.04.05-03.20.45:929][  0]LogAudioMixer: Display: Initializing Sound Submixes...
[2025.04.05-03.20.45:932][  0]LogAudioMixer: Display: Creating Master Submix 'MasterSubmixDefault'
[2025.04.05-03.20.45:932][  0]LogAudioMixer: Display: Creating Master Submix 'MasterReverbSubmixDefault'
[2025.04.05-03.20.45:932][  0]LogAudioMixer: Display: Creating Master Submix 'MasterEQSubmixDefault'
[2025.04.05-03.20.45:932][  0]LogAudioMixer: FMixerPlatformXAudio2::StartAudioStream() called
[2025.04.05-03.20.45:932][  0]LogAudioMixer: Display: Output buffers initialized: Frames=1024, Channels=2, Samples=2048
[2025.04.05-03.20.45:933][  0]LogAudioMixer: Display: Starting AudioMixerPlatformInterface::RunInternal()
[2025.04.05-03.20.45:933][  0]LogAudioMixer: Display: FMixerPlatformXAudio2::SubmitBuffer() called for the first time
[2025.04.05-03.20.45:933][  0]LogInit: FAudioDevice initialized.
[2025.04.05-03.20.45:933][  0]LogAudio: Display: Audio Device (ID: 1) registered with world 'Untitled'.
[2025.04.05-03.20.45:933][  0]LogNetVersion: Set ProjectVersion to 1.0.0.0. Version Checksum will be recalculated on next use.
[2025.04.05-03.20.46:074][  0]LogDerivedDataCache: Saved boot cache 0.14s 103MB C:/Users/patel/AppData/Local/UnrealEngine/4.27/DerivedDataCache/Boot.ddc.
[2025.04.05-03.20.46:074][  0]LogInit: Texture streaming: Enabled
[2025.04.05-03.20.46:092][  0]LogAnalytics: Display: [UEEditor.Rocket.Release] APIServer = https://datarouter.ol.epicgames.com/. AppVersion = 4.27.2-18319896+++UE4+Release-4.27
[2025.04.05-03.20.46:098][  0]LogEngineSessionManager: EngineSessionManager initialized
[2025.04.05-03.20.46:098][  0]LogEditorSessionSummary: Verbose: Initializing EditorSessionSummaryWriter for editor session tracking
[2025.04.05-03.20.46:104][  0]LogEditorSessionSummary: EditorSessionSummaryWriter initialized
[2025.04.05-03.20.46:139][  0]LogInit: Transaction tracking system initialized
[2025.04.05-03.20.46:170][  0]BlueprintLog: New page: Editor Load
[2025.04.05-03.20.46:247][  0]LocalizationService: Localization service is disabled
[2025.04.05-03.20.46:277][  0]TimingProfiler: Initialize
[2025.04.05-03.20.46:278][  0]TimingProfiler: OnSessionChanged
[2025.04.05-03.20.46:278][  0]LoadingProfiler: Initialize
[2025.04.05-03.20.46:278][  0]LoadingProfiler: OnSessionChanged
[2025.04.05-03.20.46:278][  0]NetworkingProfiler: Initialize
[2025.04.05-03.20.46:278][  0]NetworkingProfiler: OnSessionChanged
[2025.04.05-03.20.46:278][  0]MemoryProfiler: Initialize
[2025.04.05-03.20.46:278][  0]MemoryProfiler: OnSessionChanged
[2025.04.05-03.20.46:458][  0]LogCook: Display: CookSettings for Memory: MemoryMaxUsedVirtual 0MiB, MemoryMaxUsedPhysical 16384MiB, MemoryMinFreeVirtual 0MiB, MemoryMinFreePhysical 1024MiB
[2025.04.05-03.20.46:458][  0]LogCook: Display: Mobile HDR setting 1
[2025.04.05-03.20.46:690][  0]LogFileCache: Scanning file cache for directory 'C:/Unreal Projects/Top-Down-Puzzle/TopDownPuzzle/Content/' took 0.01s
[2025.04.05-03.20.46:889][  0]LogInit: Display: Engine is initialized. Leaving FEngineLoop::Init()
[2025.04.05-03.20.46:895][  0]SourceControl: Source control is disabled
[2025.04.05-03.20.46:895][  0]LogUnrealEdMisc: Loading editor; pre map load, took 8.406
[2025.04.05-03.20.46:895][  0]Cmd: MAP LOAD FILE="../../../../../../Unreal Projects/Top-Down-Puzzle/TopDownPuzzle/Content/TopDownCPP/Maps/TopDownExampleMap.umap" TEMPLATE=0 SHOWPROGRESS=1 FEATURELEVEL=3
[2025.04.05-03.20.46:895][  0]LogEditorServer: Warning: Can't find file '../../../../../../Unreal Projects/Top-Down-Puzzle/TopDownPuzzle/Content/TopDownCPP/Maps/TopDownExampleMap.umap'
[2025.04.05-03.20.46:895][  0]Cmd: MAP CHECKDEP NOCLEARLOG
[2025.04.05-03.20.46:896][  0]MapCheck: Map check complete: 0 Error(s), 0 Warning(s), took 0.212ms to complete.
[2025.04.05-03.20.46:896][  0]LogFileHelpers: Loading map 'TopDownExampleMap' took 0.001
[2025.04.05-03.20.46:899][  0]LogUnrealEdMisc: Total Editor Startup Time, took 8.410
[2025.04.05-03.20.47:040][  0]LogSlate: Updating window title bar state: overlay mode, drag disabled, window buttons hidden, title bar hidden
[2025.04.05-03.20.47:047][  0]LogSlate: Updating window title bar state: overlay mode, drag disabled, window buttons hidden, title bar hidden
[2025.04.05-03.20.47:053][  0]LogSlate: Updating window title bar state: overlay mode, drag disabled, window buttons hidden, title bar hidden
[2025.04.05-03.20.47:059][  0]LogSlate: Updating window title bar state: overlay mode, drag disabled, window buttons hidden, title bar hidden
[2025.04.05-03.20.47:090][  0]LogNativeClassHierarchy: Verbose: Native class hierarchy populated in 0.0092 seconds. Added 3826 classes and 930 folders.
[2025.04.05-03.20.47:096][  0]LogNativeClassHierarchy: Verbose: Native class hierarchy updated for 'WidgetCarousel' in 0.0003 seconds. Added 0 classes and 0 folders.
[2025.04.05-03.20.47:100][  0]LogPakFile: PakFile PrimaryIndexSize=187
[2025.04.05-03.20.47:100][  0]LogPakFile: PakFile PathHashIndexSize=101
[2025.04.05-03.20.47:100][  0]LogPakFile: PakFile FullDirectoryIndexSize=148
[2025.04.05-03.20.47:100][  0]LogShaderLibrary: Display: ShaderCodeLibraryPakFileMountedCallback: PakFile 'C:/Program Files/UE/UE_4.27/FeaturePacks/FP_FirstPerson.upack' (chunk index -1, root 'root:/') mounted
[2025.04.05-03.20.47:100][  0]LogShaderLibrary: Display: ShaderCodeLibraryPakFileMountedCallback: pending pak file info (ChunkID:-1 Root:root:/ File:C:/Program Files/UE/UE_4.27/FeaturePacks/FP_FirstPerson.upack)
[2025.04.05-03.20.47:100][  0]LogPakFile: OnPakFileMounted2Time == 0.000215
[2025.04.05-03.20.47:103][  0]LogPakFile: PakFile PrimaryIndexSize=189
[2025.04.05-03.20.47:103][  0]LogPakFile: PakFile PathHashIndexSize=101
[2025.04.05-03.20.47:103][  0]LogPakFile: PakFile FullDirectoryIndexSize=152
[2025.04.05-03.20.47:103][  0]LogShaderLibrary: Display: ShaderCodeLibraryPakFileMountedCallback: PakFile 'C:/Program Files/UE/UE_4.27/FeaturePacks/FP_FirstPersonBP.upack' (chunk index -1, root 'root:/') mounted
[2025.04.05-03.20.47:103][  0]LogShaderLibrary: Display: ShaderCodeLibraryPakFileMountedCallback: pending pak file info (ChunkID:-1 Root:root:/ File:C:/Program Files/UE/UE_4.27/FeaturePacks/FP_FirstPersonBP.upack)
[2025.04.05-03.20.47:103][  0]LogPakFile: OnPakFileMounted2Time == 0.000041
[2025.04.05-03.20.47:105][  0]LogPakFile: PakFile PrimaryIndexSize=191
[2025.04.05-03.20.47:106][  0]LogPakFile: PakFile PathHashIndexSize=101
[2025.04.05-03.20.47:106][  0]LogPakFile: PakFile FullDirectoryIndexSize=160
[2025.04.05-03.20.47:106][  0]LogShaderLibrary: Display: ShaderCodeLibraryPakFileMountedCallback: PakFile 'C:/Program Files/UE/UE_4.27/FeaturePacks/MobileStarterContent.upack' (chunk index -1, root 'root:/') mounted
[2025.04.05-03.20.47:106][  0]LogShaderLibrary: Display: ShaderCodeLibraryPakFileMountedCallback: pending pak file info (ChunkID:-1 Root:root:/ File:C:/Program Files/UE/UE_4.27/FeaturePacks/MobileStarterContent.upack)
[2025.04.05-03.20.47:106][  0]LogPakFile: OnPakFileMounted2Time == 0.000042
[2025.04.05-03.20.47:107][  0]LogPakFile: PakFile PrimaryIndexSize=185
[2025.04.05-03.20.47:107][  0]LogPakFile: PakFile PathHashIndexSize=101
[2025.04.05-03.20.47:107][  0]LogPakFile: PakFile FullDirectoryIndexSize=148
[2025.04.05-03.20.47:107][  0]LogShaderLibrary: Display: ShaderCodeLibraryPakFileMountedCallback: PakFile 'C:/Program Files/UE/UE_4.27/FeaturePacks/StarterContent.upack' (chunk index -1, root 'root:/') mounted
[2025.04.05-03.20.47:107][  0]LogShaderLibrary: Display: ShaderCodeLibraryPakFileMountedCallback: pending pak file info (ChunkID:-1 Root:root:/ File:C:/Program Files/UE/UE_4.27/FeaturePacks/StarterContent.upack)
[2025.04.05-03.20.47:107][  0]LogPakFile: OnPakFileMounted2Time == 0.000042
[2025.04.05-03.20.47:109][  0]LogPakFile: PakFile PrimaryIndexSize=190
[2025.04.05-03.20.47:109][  0]LogPakFile: PakFile PathHashIndexSize=101
[2025.04.05-03.20.47:109][  0]LogPakFile: PakFile FullDirectoryIndexSize=154
[2025.04.05-03.20.47:109][  0]LogShaderLibrary: Display: ShaderCodeLibraryPakFileMountedCallback: PakFile 'C:/Program Files/UE/UE_4.27/FeaturePacks/TP_2DSideScroller.upack' (chunk index -1, root 'root:/') mounted
[2025.04.05-03.20.47:109][  0]LogShaderLibrary: Display: ShaderCodeLibraryPakFileMountedCallback: pending pak file info (ChunkID:-1 Root:root:/ File:C:/Program Files/UE/UE_4.27/FeaturePacks/TP_2DSideScroller.upack)
[2025.04.05-03.20.47:109][  0]LogPakFile: OnPakFileMounted2Time == 0.000037
[2025.04.05-03.20.47:111][  0]LogPakFile: PakFile PrimaryIndexSize=192
[2025.04.05-03.20.47:111][  0]LogPakFile: PakFile PathHashIndexSize=101
[2025.04.05-03.20.47:111][  0]LogPakFile: PakFile FullDirectoryIndexSize=158
[2025.04.05-03.20.47:111][  0]LogShaderLibrary: Display: ShaderCodeLibraryPakFileMountedCallback: PakFile 'C:/Program Files/UE/UE_4.27/FeaturePacks/TP_2DSideScrollerBP.upack' (chunk index -1, root 'root:/') mounted
[2025.04.05-03.20.47:111][  0]LogShaderLibrary: Display: ShaderCodeLibraryPakFileMountedCallback: pending pak file info (ChunkID:-1 Root:root:/ File:C:/Program Files/UE/UE_4.27/FeaturePacks/TP_2DSideScrollerBP.upack)
[2025.04.05-03.20.47:111][  0]LogPakFile: OnPakFileMounted2Time == 0.000036
[2025.04.05-03.20.47:112][  0]LogPakFile: PakFile PrimaryIndexSize=182
[2025.04.05-03.20.47:112][  0]LogPakFile: PakFile PathHashIndexSize=101
[2025.04.05-03.20.47:112][  0]LogPakFile: PakFile FullDirectoryIndexSize=138
[2025.04.05-03.20.47:112][  0]LogShaderLibrary: Display: ShaderCodeLibraryPakFileMountedCallback: PakFile 'C:/Program Files/UE/UE_4.27/FeaturePacks/TP_Flying.upack' (chunk index -1, root 'root:/') mounted
[2025.04.05-03.20.47:112][  0]LogShaderLibrary: Display: ShaderCodeLibraryPakFileMountedCallback: pending pak file info (ChunkID:-1 Root:root:/ File:C:/Program Files/UE/UE_4.27/FeaturePacks/TP_Flying.upack)
[2025.04.05-03.20.47:112][  0]LogPakFile: OnPakFileMounted2Time == 0.000034
[2025.04.05-03.20.47:114][  0]LogPakFile: PakFile PrimaryIndexSize=184
[2025.04.05-03.20.47:114][  0]LogPakFile: PakFile PathHashIndexSize=101
[2025.04.05-03.20.47:114][  0]LogPakFile: PakFile FullDirectoryIndexSize=142
[2025.04.05-03.20.47:114][  0]LogShaderLibrary: Display: ShaderCodeLibraryPakFileMountedCallback: PakFile 'C:/Program Files/UE/UE_4.27/FeaturePacks/TP_FlyingBP.upack' (chunk index -1, root 'root:/') mounted
[2025.04.05-03.20.47:114][  0]LogShaderLibrary: Display: ShaderCodeLibraryPakFileMountedCallback: pending pak file info (ChunkID:-1 Root:root:/ File:C:/Program Files/UE/UE_4.27/FeaturePacks/TP_FlyingBP.upack)
[2025.04.05-03.20.47:114][  0]LogPakFile: OnPakFileMounted2Time == 0.000033
[2025.04.05-03.20.47:115][  0]LogPakFile: PakFile PrimaryIndexSize=188
[2025.04.05-03.20.47:115][  0]LogPakFile: PakFile PathHashIndexSize=101
[2025.04.05-03.20.47:115][  0]LogPakFile: PakFile FullDirectoryIndexSize=150
[2025.04.05-03.20.47:115][  0]LogShaderLibrary: Display: ShaderCodeLibraryPakFileMountedCallback: PakFile 'C:/Program Files/UE/UE_4.27/FeaturePacks/TP_HandheldARBP.upack' (chunk index -1, root 'root:/') mounted
[2025.04.05-03.20.47:115][  0]LogShaderLibrary: Display: ShaderCodeLibraryPakFileMountedCallback: pending pak file info (ChunkID:-1 Root:root:/ File:C:/Program Files/UE/UE_4.27/FeaturePacks/TP_HandheldARBP.upack)
[2025.04.05-03.20.47:116][  0]LogPakFile: OnPakFileMounted2Time == 0.000039
[2025.04.05-03.20.47:118][  0]LogPakFile: PakFile PrimaryIndexSize=182
[2025.04.05-03.20.47:118][  0]LogPakFile: PakFile PathHashIndexSize=101
[2025.04.05-03.20.47:118][  0]LogPakFile: PakFile FullDirectoryIndexSize=138
[2025.04.05-03.20.47:118][  0]LogShaderLibrary: Display: ShaderCodeLibraryPakFileMountedCallback: PakFile 'C:/Program Files/UE/UE_4.27/FeaturePacks/TP_Puzzle.upack' (chunk index -1, root 'root:/') mounted
[2025.04.05-03.20.47:118][  0]LogShaderLibrary: Display: ShaderCodeLibraryPakFileMountedCallback: pending pak file info (ChunkID:-1 Root:root:/ File:C:/Program Files/UE/UE_4.27/FeaturePacks/TP_Puzzle.upack)
[2025.04.05-03.20.47:118][  0]LogPakFile: OnPakFileMounted2Time == 0.000037
[2025.04.05-03.20.47:119][  0]LogPakFile: PakFile PrimaryIndexSize=184
[2025.04.05-03.20.47:119][  0]LogPakFile: PakFile PathHashIndexSize=101
[2025.04.05-03.20.47:119][  0]LogPakFile: PakFile FullDirectoryIndexSize=142
[2025.04.05-03.20.47:119][  0]LogShaderLibrary: Display: ShaderCodeLibraryPakFileMountedCallback: PakFile 'C:/Program Files/UE/UE_4.27/FeaturePacks/TP_PuzzleBP.upack' (chunk index -1, root 'root:/') mounted
[2025.04.05-03.20.47:119][  0]LogShaderLibrary: Display: ShaderCodeLibraryPakFileMountedCallback: pending pak file info (ChunkID:-1 Root:root:/ File:C:/Program Files/UE/UE_4.27/FeaturePacks/TP_PuzzleBP.upack)
[2025.04.05-03.20.47:119][  0]LogPakFile: OnPakFileMounted2Time == 0.000037
[2025.04.05-03.20.47:121][  0]LogPakFile: PakFile PrimaryIndexSize=183
[2025.04.05-03.20.47:121][  0]LogPakFile: PakFile PathHashIndexSize=101
[2025.04.05-03.20.47:121][  0]LogPakFile: PakFile FullDirectoryIndexSize=140
[2025.04.05-03.20.47:121][  0]LogShaderLibrary: Display: ShaderCodeLibraryPakFileMountedCallback: PakFile 'C:/Program Files/UE/UE_4.27/FeaturePacks/TP_Rolling.upack' (chunk index -1, root 'root:/') mounted
[2025.04.05-03.20.47:121][  0]LogShaderLibrary: Display: ShaderCodeLibraryPakFileMountedCallback: pending pak file info (ChunkID:-1 Root:root:/ File:C:/Program Files/UE/UE_4.27/FeaturePacks/TP_Rolling.upack)
[2025.04.05-03.20.47:121][  0]LogPakFile: OnPakFileMounted2Time == 0.000035
[2025.04.05-03.20.47:123][  0]LogPakFile: PakFile PrimaryIndexSize=185
[2025.04.05-03.20.47:123][  0]LogPakFile: PakFile PathHashIndexSize=101
[2025.04.05-03.20.47:123][  0]LogPakFile: PakFile FullDirectoryIndexSize=144
[2025.04.05-03.20.47:123][  0]LogShaderLibrary: Display: ShaderCodeLibraryPakFileMountedCallback: PakFile 'C:/Program Files/UE/UE_4.27/FeaturePacks/TP_RollingBP.upack' (chunk index -1, root 'root:/') mounted
[2025.04.05-03.20.47:123][  0]LogShaderLibrary: Display: ShaderCodeLibraryPakFileMountedCallback: pending pak file info (ChunkID:-1 Root:root:/ File:C:/Program Files/UE/UE_4.27/FeaturePacks/TP_RollingBP.upack)
[2025.04.05-03.20.47:123][  0]LogPakFile: OnPakFileMounted2Time == 0.000035
[2025.04.05-03.20.47:124][  0]LogPakFile: PakFile PrimaryIndexSize=188
[2025.04.05-03.20.47:124][  0]LogPakFile: PakFile PathHashIndexSize=101
[2025.04.05-03.20.47:124][  0]LogPakFile: PakFile FullDirectoryIndexSize=150
[2025.04.05-03.20.47:124][  0]LogShaderLibrary: Display: ShaderCodeLibraryPakFileMountedCallback: PakFile 'C:/Program Files/UE/UE_4.27/FeaturePacks/TP_SideScroller.upack' (chunk index -1, root 'root:/') mounted
[2025.04.05-03.20.47:124][  0]LogShaderLibrary: Display: ShaderCodeLibraryPakFileMountedCallback: pending pak file info (ChunkID:-1 Root:root:/ File:C:/Program Files/UE/UE_4.27/FeaturePacks/TP_SideScroller.upack)
[2025.04.05-03.20.47:124][  0]LogPakFile: OnPakFileMounted2Time == 0.000035
[2025.04.05-03.20.47:126][  0]LogPakFile: PakFile PrimaryIndexSize=190
[2025.04.05-03.20.47:126][  0]LogPakFile: PakFile PathHashIndexSize=101
[2025.04.05-03.20.47:126][  0]LogPakFile: PakFile FullDirectoryIndexSize=154
[2025.04.05-03.20.47:126][  0]LogShaderLibrary: Display: ShaderCodeLibraryPakFileMountedCallback: PakFile 'C:/Program Files/UE/UE_4.27/FeaturePacks/TP_SideScrollerBP.upack' (chunk index -1, root 'root:/') mounted
[2025.04.05-03.20.47:126][  0]LogShaderLibrary: Display: ShaderCodeLibraryPakFileMountedCallback: pending pak file info (ChunkID:-1 Root:root:/ File:C:/Program Files/UE/UE_4.27/FeaturePacks/TP_SideScrollerBP.upack)
[2025.04.05-03.20.47:126][  0]LogPakFile: OnPakFileMounted2Time == 0.000045
[2025.04.05-03.20.47:128][  0]LogPakFile: PakFile PrimaryIndexSize=187
[2025.04.05-03.20.47:128][  0]LogPakFile: PakFile PathHashIndexSize=101
[2025.04.05-03.20.47:128][  0]LogPakFile: PakFile FullDirectoryIndexSize=148
[2025.04.05-03.20.47:128][  0]LogShaderLibrary: Display: ShaderCodeLibraryPakFileMountedCallback: PakFile 'C:/Program Files/UE/UE_4.27/FeaturePacks/TP_ThirdPerson.upack' (chunk index -1, root 'root:/') mounted
[2025.04.05-03.20.47:128][  0]LogShaderLibrary: Display: ShaderCodeLibraryPakFileMountedCallback: pending pak file info (ChunkID:-1 Root:root:/ File:C:/Program Files/UE/UE_4.27/FeaturePacks/TP_ThirdPerson.upack)
[2025.04.05-03.20.47:128][  0]LogPakFile: OnPakFileMounted2Time == 0.000033
[2025.04.05-03.20.47:129][  0]LogPakFile: PakFile PrimaryIndexSize=189
[2025.04.05-03.20.47:129][  0]LogPakFile: PakFile PathHashIndexSize=101
[2025.04.05-03.20.47:129][  0]LogPakFile: PakFile FullDirectoryIndexSize=152
[2025.04.05-03.20.47:129][  0]LogShaderLibrary: Display: ShaderCodeLibraryPakFileMountedCallback: PakFile 'C:/Program Files/UE/UE_4.27/FeaturePacks/TP_ThirdPersonBP.upack' (chunk index -1, root 'root:/') mounted
[2025.04.05-03.20.47:129][  0]LogShaderLibrary: Display: ShaderCodeLibraryPakFileMountedCallback: pending pak file info (ChunkID:-1 Root:root:/ File:C:/Program Files/UE/UE_4.27/FeaturePacks/TP_ThirdPersonBP.upack)
[2025.04.05-03.20.47:129][  0]LogPakFile: OnPakFileMounted2Time == 0.000033
[2025.04.05-03.20.47:134][  0]LogPakFile: PakFile PrimaryIndexSize=183
[2025.04.05-03.20.47:134][  0]LogPakFile: PakFile PathHashIndexSize=101
[2025.04.05-03.20.47:134][  0]LogPakFile: PakFile FullDirectoryIndexSize=140
[2025.04.05-03.20.47:134][  0]LogShaderLibrary: Display: ShaderCodeLibraryPakFileMountedCallback: PakFile 'C:/Program Files/UE/UE_4.27/FeaturePacks/TP_TopDown.upack' (chunk index -1, root 'root:/') mounted
[2025.04.05-03.20.47:134][  0]LogShaderLibrary: Display: ShaderCodeLibraryPakFileMountedCallback: pending pak file info (ChunkID:-1 Root:root:/ File:C:/Program Files/UE/UE_4.27/FeaturePacks/TP_TopDown.upack)
[2025.04.05-03.20.47:134][  0]LogPakFile: OnPakFileMounted2Time == 0.000054
[2025.04.05-03.20.47:136][  0]LogPakFile: PakFile PrimaryIndexSize=185
[2025.04.05-03.20.47:136][  0]LogPakFile: PakFile PathHashIndexSize=101
[2025.04.05-03.20.47:136][  0]LogPakFile: PakFile FullDirectoryIndexSize=144
[2025.04.05-03.20.47:136][  0]LogShaderLibrary: Display: ShaderCodeLibraryPakFileMountedCallback: PakFile 'C:/Program Files/UE/UE_4.27/FeaturePacks/TP_TopDownBP.upack' (chunk index -1, root 'root:/') mounted
[2025.04.05-03.20.47:136][  0]LogShaderLibrary: Display: ShaderCodeLibraryPakFileMountedCallback: pending pak file info (ChunkID:-1 Root:root:/ File:C:/Program Files/UE/UE_4.27/FeaturePacks/TP_TopDownBP.upack)
[2025.04.05-03.20.47:136][  0]LogPakFile: OnPakFileMounted2Time == 0.000038
[2025.04.05-03.20.47:137][  0]LogPakFile: PakFile PrimaryIndexSize=185
[2025.04.05-03.20.47:137][  0]LogPakFile: PakFile PathHashIndexSize=101
[2025.04.05-03.20.47:137][  0]LogPakFile: PakFile FullDirectoryIndexSize=144
[2025.04.05-03.20.47:137][  0]LogShaderLibrary: Display: ShaderCodeLibraryPakFileMountedCallback: PakFile 'C:/Program Files/UE/UE_4.27/FeaturePacks/TP_TwinStick.upack' (chunk index -1, root 'root:/') mounted
[2025.04.05-03.20.47:137][  0]LogShaderLibrary: Display: ShaderCodeLibraryPakFileMountedCallback: pending pak file info (ChunkID:-1 Root:root:/ File:C:/Program Files/UE/UE_4.27/FeaturePacks/TP_TwinStick.upack)
[2025.04.05-03.20.47:137][  0]LogPakFile: OnPakFileMounted2Time == 0.000035
[2025.04.05-03.20.47:139][  0]LogPakFile: PakFile PrimaryIndexSize=187
[2025.04.05-03.20.47:139][  0]LogPakFile: PakFile PathHashIndexSize=101
[2025.04.05-03.20.47:139][  0]LogPakFile: PakFile FullDirectoryIndexSize=148
[2025.04.05-03.20.47:139][  0]LogShaderLibrary: Display: ShaderCodeLibraryPakFileMountedCallback: PakFile 'C:/Program Files/UE/UE_4.27/FeaturePacks/TP_TwinStickBP.upack' (chunk index -1, root 'root:/') mounted
[2025.04.05-03.20.47:139][  0]LogShaderLibrary: Display: ShaderCodeLibraryPakFileMountedCallback: pending pak file info (ChunkID:-1 Root:root:/ File:C:/Program Files/UE/UE_4.27/FeaturePacks/TP_TwinStickBP.upack)
[2025.04.05-03.20.47:139][  0]LogPakFile: OnPakFileMounted2Time == 0.000036
[2025.04.05-03.20.47:141][  0]LogPakFile: PakFile PrimaryIndexSize=183
[2025.04.05-03.20.47:141][  0]LogPakFile: PakFile PathHashIndexSize=101
[2025.04.05-03.20.47:141][  0]LogPakFile: PakFile FullDirectoryIndexSize=140
[2025.04.05-03.20.47:141][  0]LogShaderLibrary: Display: ShaderCodeLibraryPakFileMountedCallback: PakFile 'C:/Program Files/UE/UE_4.27/FeaturePacks/TP_Vehicle.upack' (chunk index -1, root 'root:/') mounted
[2025.04.05-03.20.47:141][  0]LogShaderLibrary: Display: ShaderCodeLibraryPakFileMountedCallback: pending pak file info (ChunkID:-1 Root:root:/ File:C:/Program Files/UE/UE_4.27/FeaturePacks/TP_Vehicle.upack)
[2025.04.05-03.20.47:141][  0]LogPakFile: OnPakFileMounted2Time == 0.000047
[2025.04.05-03.20.47:143][  0]LogPakFile: PakFile PrimaryIndexSize=186
[2025.04.05-03.20.47:143][  0]LogPakFile: PakFile PathHashIndexSize=101
[2025.04.05-03.20.47:143][  0]LogPakFile: PakFile FullDirectoryIndexSize=146
[2025.04.05-03.20.47:143][  0]LogShaderLibrary: Display: ShaderCodeLibraryPakFileMountedCallback: PakFile 'C:/Program Files/UE/UE_4.27/FeaturePacks/TP_VehicleAdv.upack' (chunk index -1, root 'root:/') mounted
[2025.04.05-03.20.47:143][  0]LogShaderLibrary: Display: ShaderCodeLibraryPakFileMountedCallback: pending pak file info (ChunkID:-1 Root:root:/ File:C:/Program Files/UE/UE_4.27/FeaturePacks/TP_VehicleAdv.upack)
[2025.04.05-03.20.47:143][  0]LogPakFile: OnPakFileMounted2Time == 0.000051
[2025.04.05-03.20.47:145][  0]LogPakFile: PakFile PrimaryIndexSize=188
[2025.04.05-03.20.47:145][  0]LogPakFile: PakFile PathHashIndexSize=101
[2025.04.05-03.20.47:145][  0]LogPakFile: PakFile FullDirectoryIndexSize=150
[2025.04.05-03.20.47:145][  0]LogShaderLibrary: Display: ShaderCodeLibraryPakFileMountedCallback: PakFile 'C:/Program Files/UE/UE_4.27/FeaturePacks/TP_VehicleAdvBP.upack' (chunk index -1, root 'root:/') mounted
[2025.04.05-03.20.47:145][  0]LogShaderLibrary: Display: ShaderCodeLibraryPakFileMountedCallback: pending pak file info (ChunkID:-1 Root:root:/ File:C:/Program Files/UE/UE_4.27/FeaturePacks/TP_VehicleAdvBP.upack)
[2025.04.05-03.20.47:145][  0]LogPakFile: OnPakFileMounted2Time == 0.000040
[2025.04.05-03.20.47:146][  0]LogPakFile: PakFile PrimaryIndexSize=185
[2025.04.05-03.20.47:146][  0]LogPakFile: PakFile PathHashIndexSize=101
[2025.04.05-03.20.47:146][  0]LogPakFile: PakFile FullDirectoryIndexSize=144
[2025.04.05-03.20.47:146][  0]LogShaderLibrary: Display: ShaderCodeLibraryPakFileMountedCallback: PakFile 'C:/Program Files/UE/UE_4.27/FeaturePacks/TP_VehicleBP.upack' (chunk index -1, root 'root:/') mounted
[2025.04.05-03.20.47:146][  0]LogShaderLibrary: Display: ShaderCodeLibraryPakFileMountedCallback: pending pak file info (ChunkID:-1 Root:root:/ File:C:/Program Files/UE/UE_4.27/FeaturePacks/TP_VehicleBP.upack)
[2025.04.05-03.20.47:146][  0]LogPakFile: OnPakFileMounted2Time == 0.000034
[2025.04.05-03.20.47:148][  0]LogPakFile: PakFile PrimaryIndexSize=192
[2025.04.05-03.20.47:148][  0]LogPakFile: PakFile PathHashIndexSize=101
[2025.04.05-03.20.47:148][  0]LogPakFile: PakFile FullDirectoryIndexSize=158
[2025.04.05-03.20.47:148][  0]LogShaderLibrary: Display: ShaderCodeLibraryPakFileMountedCallback: PakFile 'C:/Program Files/UE/UE_4.27/FeaturePacks/TP_VirtualRealityBP.upack' (chunk index -1, root 'root:/') mounted
[2025.04.05-03.20.47:148][  0]LogShaderLibrary: Display: ShaderCodeLibraryPakFileMountedCallback: pending pak file info (ChunkID:-1 Root:root:/ File:C:/Program Files/UE/UE_4.27/FeaturePacks/TP_VirtualRealityBP.upack)
[2025.04.05-03.20.47:148][  0]LogPakFile: OnPakFileMounted2Time == 0.000038
[2025.04.05-03.20.47:247][  0]LogNativeClassHierarchy: Verbose: Native class hierarchy updated for 'AddContentDialog' in 0.0002 seconds. Added 0 classes and 0 folders.
[2025.04.05-03.20.47:255][  0]LogNativeClassHierarchy: Verbose: Native class hierarchy updated for 'SceneOutliner' in 0.0003 seconds. Added 2 classes and 0 folders.
[2025.04.05-03.20.47:338][  0]LogSlate: Took 0.000263 seconds to synchronously load lazily loaded font '../../../Engine/Content/Slate/Fonts/Roboto-Regular.ttf' (155K)
[2025.04.05-03.20.47:340][  0]LogSlate: Took 0.000677 seconds to synchronously load lazily loaded font '../../../Engine/Content/Editor/Slate/Fonts/FontAwesome.ttf' (139K)
[2025.04.05-03.20.47:343][  0]LogSlate: Took 0.000427 seconds to synchronously load lazily loaded font '../../../Engine/Content/Slate/Fonts/Roboto-Bold.ttf' (160K)
[2025.04.05-03.20.47:497][  0]LogRenderer: Reallocating scene render targets to support 892x380 Format 10 NumSamples 1 (Frame:1).
[2025.04.05-03.20.47:572][  0]LogSlate: Took 0.000876 seconds to synchronously load lazily loaded font '../../../Engine/Content/Slate/Fonts/Roboto-Light.ttf' (167K)
[2025.04.05-03.20.47:647][  0]LogNativeClassHierarchy: Verbose: Native class hierarchy updated for 'HierarchicalLODOutliner' in 0.0004 seconds. Added 0 classes and 0 folders.
[2025.04.05-03.20.47:647][  0]LogInput: Warning: Action SetDestination uses invalid key OculusGo_Left_Trigger_Click.
[2025.04.05-03.20.47:647][  0]LogInput: Warning: Action ResetVR uses invalid key OculusGo_Left_Back_Click.
[2025.04.05-03.20.47:647][  0]LogInput: Warning: Use -RemoveInvalidKeys to remove instances of these keys from the action mapping.
[2025.04.05-03.20.47:647][  0]LogLoad: (Engine Initialization) Total time: 9.16 seconds
[2025.04.05-03.20.47:647][  0]LogLoad: (Engine Initialization) Total Blueprint compile time: 0.00 seconds
[2025.04.05-03.20.47:709][  0]LogAssetRegistry: Asset discovery search completed in 5.1181 seconds
[2025.04.05-03.20.47:718][  0]LogCollectionManager: Fixed up redirectors for 0 collections in 0.000004 seconds (updated 0 objects)
[2025.04.05-03.20.47:721][  0]LogContentStreaming: Texture pool size now 1000 MB
[2025.04.05-03.22.04:521][572]LogTemp: Repeating last play command: Selected Viewport
[2025.04.05-03.22.04:530][572]LogPlayLevel: PlayLevel: No blueprints needed recompiling
[2025.04.05-03.22.04:530][572]PIE: New page: PIE session: Untitled_0 (04-Apr-2025, 7:22:04 pm)
[2025.04.05-03.22.04:532][572]LogOnline: OSS: Creating online subsystem instance for: NULL
[2025.04.05-03.22.04:533][572]LogOnline: OSS: TryLoadSubsystemAndSetDefault: Loaded subsystem for module [NULL]
[2025.04.05-03.22.04:533][572]LogPlayLevel: Creating play world package: /Temp/UEDPIE_0_Untitled_0
[2025.04.05-03.22.04:535][572]LogPlayLevel: PIE: StaticDuplicateObject took: (0.001316s)
[2025.04.05-03.22.04:536][572]LogAIModule: Creating AISystem for world Untitled
[2025.04.05-03.22.04:536][572]LogPlayLevel: PIE: World Init took: (0.001059s)
[2025.04.05-03.22.04:536][572]LogPlayLevel: PIE: Created PIE world by copying editor world from /Temp/Untitled_0.Untitled to /Temp/UEDPIE_0_Untitled_0.Untitled (0.002894s)
[2025.04.05-03.22.04:544][572]LogUObjectHash: Compacting FUObjectHashTables data took   0.92ms
[2025.04.05-03.22.04:545][572]LogAudio: Display: Creating Audio Device:                 Id: 2, Scope: Unique, Realtime: True
[2025.04.05-03.22.04:545][572]LogAudioMixer: Display: Audio Mixer Platform Settings:
[2025.04.05-03.22.04:545][572]LogAudioMixer: Display: 	Sample Rate:						  48000
[2025.04.05-03.22.04:545][572]LogAudioMixer: Display: 	Callback Buffer Frame Size Requested: 1024
[2025.04.05-03.22.04:545][572]LogAudioMixer: Display: 	Callback Buffer Frame Size To Use:	  1024
[2025.04.05-03.22.04:545][572]LogAudioMixer: Display: 	Number of buffers to queue:			  2
[2025.04.05-03.22.04:545][572]LogAudioMixer: Display: 	Max Channels (voices):				  32
[2025.04.05-03.22.04:545][572]LogAudioMixer: Display: 	Number of Async Source Workers:		  0
[2025.04.05-03.22.04:545][572]LogAudio: Display: AudioDevice MaxSources: 32
[2025.04.05-03.22.04:547][572]LogAudio: Display: Audio Spatialization Plugin: None (built-in).
[2025.04.05-03.22.04:547][572]LogAudio: Display: Audio Reverb Plugin: None (built-in).
[2025.04.05-03.22.04:547][572]LogAudio: Display: Audio Occlusion Plugin: None (built-in).
[2025.04.05-03.22.04:547][572]LogAudioMixer: Display: Initializing audio mixer.
[2025.04.05-03.22.04:551][572]LogAudioMixer: Display: 0: FrontLeft
[2025.04.05-03.22.04:551][572]LogAudioMixer: Display: 1: FrontRight
[2025.04.05-03.22.04:565][572]LogAudioMixer: Display: Using Audio Device Headphone (Realtek(R) Audio)
[2025.04.05-03.22.04:565][572]LogAudioMixer: Display: Initializing Sound Submixes...
[2025.04.05-03.22.04:565][572]LogAudioMixer: Display: Creating Master Submix 'MasterSubmixDefault'
[2025.04.05-03.22.04:565][572]LogAudioMixer: Display: Creating Master Submix 'MasterReverbSubmixDefault'
[2025.04.05-03.22.04:566][572]LogAudioMixer: Display: Creating Master Submix 'MasterEQSubmixDefault'
[2025.04.05-03.22.04:566][572]LogAudioMixer: FMixerPlatformXAudio2::StartAudioStream() called
[2025.04.05-03.22.04:566][572]LogAudioMixer: Display: Output buffers initialized: Frames=1024, Channels=2, Samples=2048
[2025.04.05-03.22.04:567][572]LogAudioMixer: Display: Starting AudioMixerPlatformInterface::RunInternal()
[2025.04.05-03.22.04:567][572]LogAudioMixer: Display: FMixerPlatformXAudio2::SubmitBuffer() called for the first time
[2025.04.05-03.22.04:567][572]LogInit: FAudioDevice initialized.
[2025.04.05-03.22.04:567][572]LogAudio: Display: Audio Device (ID: 2) registered with world 'Untitled'.
[2025.04.05-03.22.04:577][572]LogLoad: Game class is 'TopDownPuzzleGameMode'
[2025.04.05-03.22.04:579][572]LogWorld: Bringing World /Temp/UEDPIE_0_Untitled_0.Untitled up for play (max tick rate 60) at 2025.04.04-23.22.04
[2025.04.05-03.22.04:579][572]LogWorld: Bringing up level for play took: 0.000454
[2025.04.05-03.22.04:580][572]LogOnline: OSS: Creating online subsystem instance for: :Context_1
[2025.04.05-03.22.04:592][572]LogNativeClassHierarchy: Verbose: Native class hierarchy updated for 'MovieSceneCapture' in 0.0003 seconds. Added 20 classes and 0 folders.
[2025.04.05-03.22.04:611][572]PIE: Server logged in
[2025.04.05-03.22.04:613][572]PIE: Play in editor total start time 0.086 seconds.
[2025.04.05-03.22.17:621][348]LogUObjectHash: Compacting FUObjectHashTables data took   0.75ms
[2025.04.05-03.22.17:743][348]LogAssetEditorSubsystem: Opening Asset editor for World /Game/TopDownCPP/Maps/Level1.Level1
[2025.04.05-03.22.19:475][348]LogSlate: Window 'Message' being destroyed
[2025.04.05-03.22.19:488][348]Message dialog closed, result: No, title: Message, text: This action will terminate your Play In Editor session.  Continue?
[2025.04.05-03.22.20:637][416]LogUObjectHash: Compacting FUObjectHashTables data took   1.05ms
[2025.04.05-03.22.20:638][416]LogAssetEditorSubsystem: Opening Asset editor for World /Game/TopDownCPP/Maps/Level1.Level1
[2025.04.05-03.22.22:946][416]LogSlate: Window 'Message' being destroyed
[2025.04.05-03.22.22:957][416]Message dialog closed, result: Yes, title: Message, text: This action will terminate your Play In Editor session.  Continue?
[2025.04.05-03.22.22:960][416]LogSlate: Updating window title bar state: overlay mode, drag disabled, window buttons hidden, title bar hidden
[2025.04.05-03.22.22:960][416]LogWorld: BeginTearingDown for /Temp/UEDPIE_0_Untitled_0
[2025.04.05-03.22.23:006][416]LogWorld: UWorld::CleanupWorld for Untitled, bSessionEnded=true, bCleanupResources=true
[2025.04.05-03.22.23:006][416]LogSlate: InvalidateAllWidgets triggered.  All widgets were invalidated
[2025.04.05-03.22.23:013][416]LogPlayLevel: Display: Shutting down PIE online subsystems
[2025.04.05-03.22.23:013][416]LogSlate: InvalidateAllWidgets triggered.  All widgets were invalidated
[2025.04.05-03.22.23:019][416]LogAudio: Display: Audio Device unregistered from world 'None'.
[2025.04.05-03.22.23:019][416]LogAudioMixer: FMixerPlatformXAudio2::StopAudioStream() called
[2025.04.05-03.22.23:020][416]LogAudioMixer: FMixerPlatformXAudio2::StopAudioStream() called
[2025.04.05-03.22.23:023][416]LogSlate: Updating window title bar state: overlay mode, drag disabled, window buttons hidden, title bar hidden
[2025.04.05-03.22.23:026][416]LogUObjectHash: Compacting FUObjectHashTables data took   0.93ms
[2025.04.05-03.22.23:030][416]Cmd: MAP LOAD FILE="../../../../../../Unreal Projects/Top-Down-Puzzle/TopDownPuzzle/Content/TopDownCPP/Maps/Level1.umap" TEMPLATE=0 SHOWPROGRESS=1 FEATURELEVEL=3
[2025.04.05-03.22.23:035][416]LogSlate: Took 0.000224 seconds to synchronously load lazily loaded font '../../../Engine/Content/Slate/Fonts/Roboto-Light.ttf' (167K)
[2025.04.05-03.22.23:058][416]LightingResults: New page: Lighting Build
[2025.04.05-03.22.23:059][416]LogNativeClassHierarchy: Verbose: Native class hierarchy updated for 'StatsViewer' in 0.0003 seconds. Added 6 classes and 0 folders.
[2025.04.05-03.22.23:060][416]LoadErrors: New page: Loading map: Level1.umap
[2025.04.05-03.22.23:061][416]LogWorld: UWorld::CleanupWorld for Untitled, bSessionEnded=true, bCleanupResources=true
[2025.04.05-03.22.23:061][416]LogSlate: InvalidateAllWidgets triggered.  All widgets were invalidated
[2025.04.05-03.22.23:061][416]MapCheck: New page: Map Check
[2025.04.05-03.22.23:061][416]LightingResults: New page: Lighting Build
[2025.04.05-03.22.23:066][416]LogAudio: Display: Audio Device unregistered from world 'None'.
[2025.04.05-03.22.23:068][416]LogUObjectHash: Compacting FUObjectHashTables data took   1.15ms
[2025.04.05-03.22.23:069][416]LogAudio: Display: Audio Device (ID: 1) registered with world 'Level1'.
[2025.04.05-03.22.23:073][416]LogEditorServer: Finished looking for orphan Actors (0.000 secs)
[2025.04.05-03.22.23:073][416]LogAIModule: Creating AISystem for world Level1
[2025.04.05-03.22.23:083][416]LogUObjectHash: Compacting FUObjectHashTables data took   0.71ms
[2025.04.05-03.22.23:109][416]Cmd: MAP CHECKDEP NOCLEARLOG
[2025.04.05-03.22.23:109][416]MapCheck: Map check complete: 0 Error(s), 0 Warning(s), took 0.181ms to complete.
[2025.04.05-03.22.23:109][416]LogFileHelpers: Loading map 'Level1' took 2.471
[2025.04.05-03.22.23:194][417]LogPlayLevel: Display: Destroying online subsystem :Context_1
[2025.04.05-03.22.26:266][601]LogUObjectHash: Compacting FUObjectHashTables data took   0.27ms
[2025.04.05-03.22.26:326][601]LogAssetEditorSubsystem: Opening Asset editor for World /Game/TopDownCPP/Maps/Tutorial1.Tutorial1
[2025.04.05-03.22.26:326][601]Cmd: MAP LOAD FILE="../../../../../../Unreal Projects/Top-Down-Puzzle/TopDownPuzzle/Content/TopDownCPP/Maps/Tutorial1.umap" TEMPLATE=0 SHOWPROGRESS=1 FEATURELEVEL=3
[2025.04.05-03.22.26:326][601]LightingResults: New page: Lighting Build
[2025.04.05-03.22.26:326][601]LoadErrors: New page: Loading map: Tutorial1.umap
[2025.04.05-03.22.26:329][601]LogWorld: UWorld::CleanupWorld for Level1, bSessionEnded=true, bCleanupResources=true
[2025.04.05-03.22.26:329][601]LogSlate: InvalidateAllWidgets triggered.  All widgets were invalidated
[2025.04.05-03.22.26:329][601]MapCheck: New page: Map Check
[2025.04.05-03.22.26:329][601]LightingResults: New page: Lighting Build
[2025.04.05-03.22.26:334][601]LogAudio: Display: Audio Device unregistered from world 'None'.
[2025.04.05-03.22.26:337][601]LogUObjectHash: Compacting FUObjectHashTables data took   0.73ms
[2025.04.05-03.22.26:337][601]LogAudio: Display: Audio Device (ID: 1) registered with world 'Tutorial1'.
[2025.04.05-03.22.26:339][601]LogEditorServer: Finished looking for orphan Actors (0.000 secs)
[2025.04.05-03.22.26:339][601]LogAIModule: Creating AISystem for world Tutorial1
[2025.04.05-03.22.26:347][601]LogUObjectHash: Compacting FUObjectHashTables data took   0.63ms
[2025.04.05-03.22.26:359][601]Cmd: MAP CHECKDEP NOCLEARLOG
[2025.04.05-03.22.26:359][601]MapCheck: Map check complete: 0 Error(s), 0 Warning(s), took 0.152ms to complete.
[2025.04.05-03.22.26:359][601]LogFileHelpers: Loading map 'Tutorial1' took 0.033
[2025.04.05-03.22.27:903][688]LogUObjectHash: Compacting FUObjectHashTables data took   0.26ms
[2025.04.05-03.22.27:939][688]LogAssetEditorSubsystem: Opening Asset editor for World /Game/TopDownCPP/Maps/Level1.Level1
[2025.04.05-03.22.27:939][688]Cmd: MAP LOAD FILE="../../../../../../Unreal Projects/Top-Down-Puzzle/TopDownPuzzle/Content/TopDownCPP/Maps/Level1.umap" TEMPLATE=0 SHOWPROGRESS=1 FEATURELEVEL=3
[2025.04.05-03.22.27:939][688]LightingResults: New page: Lighting Build
[2025.04.05-03.22.27:939][688]LoadErrors: New page: Loading map: Level1.umap
[2025.04.05-03.22.27:966][688]LogWorld: UWorld::CleanupWorld for Tutorial1, bSessionEnded=true, bCleanupResources=true
[2025.04.05-03.22.27:966][688]LogSlate: InvalidateAllWidgets triggered.  All widgets were invalidated
[2025.04.05-03.22.27:966][688]MapCheck: New page: Map Check
[2025.04.05-03.22.27:966][688]LightingResults: New page: Lighting Build
[2025.04.05-03.22.27:971][688]LogAudio: Display: Audio Device unregistered from world 'None'.
[2025.04.05-03.22.27:974][688]LogUObjectHash: Compacting FUObjectHashTables data took   0.76ms
[2025.04.05-03.22.27:974][688]LogAudio: Display: Audio Device (ID: 1) registered with world 'Level1'.
[2025.04.05-03.22.27:977][688]LogEditorServer: Finished looking for orphan Actors (0.000 secs)
[2025.04.05-03.22.27:977][688]LogAIModule: Creating AISystem for world Level1
[2025.04.05-03.22.27:985][688]LogUObjectHash: Compacting FUObjectHashTables data took   0.64ms
[2025.04.05-03.22.27:997][688]Cmd: MAP CHECKDEP NOCLEARLOG
[2025.04.05-03.22.27:997][688]MapCheck: Map check complete: 0 Error(s), 0 Warning(s), took 0.151ms to complete.
[2025.04.05-03.22.27:997][688]LogFileHelpers: Loading map 'Level1' took 0.057
[2025.04.05-03.22.42:411][546]LogAssetEditorSubsystem: Opening Asset editor for Blueprint /Game/TopDownCPP/Blueprints/TopDownCharacter.TopDownCharacter
[2025.04.05-03.22.43:300][546]LogNativeClassHierarchy: Verbose: Native class hierarchy updated for 'BlueprintGraph' in 0.0005 seconds. Added 126 classes and 0 folders.
[2025.04.05-03.22.46:911][698]LogSlate: Window 'TopDownCharacter' being destroyed
[2025.04.05-03.22.46:924][698]LogWorld: UWorld::CleanupWorld for World_2, bSessionEnded=true, bCleanupResources=true
[2025.04.05-03.22.46:924][698]LogSlate: InvalidateAllWidgets triggered.  All widgets were invalidated
[2025.04.05-03.22.46:986][698]LogAssetEditorSubsystem: Opening Asset editor for Blueprint /Game/TopDownCPP/Blueprints/TopDownCharacter.TopDownCharacter
[2025.04.05-03.22.47:499][698]LogSlate: Took 0.000202 seconds to synchronously load lazily loaded font '../../../Engine/Content/Slate/Fonts/Roboto-BoldCondensed.ttf' (158K)
[2025.04.05-03.22.49:420][811]LogSlate: Took 0.000791 seconds to synchronously load lazily loaded font '../../../Engine/Content/Slate/Fonts/Roboto-Italic.ttf' (157K)
[2025.04.05-03.23.02:104][555]LogSlate: Window 'TopDownCharacter' being destroyed
[2025.04.05-03.23.02:116][555]LogSlate: Window 'TopDownCharacter' being destroyed
[2025.04.05-03.23.02:121][555]LogWorld: UWorld::CleanupWorld for World_3, bSessionEnded=true, bCleanupResources=true
[2025.04.05-03.23.02:121][555]LogSlate: InvalidateAllWidgets triggered.  All widgets were invalidated
[2025.04.05-03.23.17:275][459]LogAssetEditorSubsystem: Opening Asset editor for Blueprint /Game/TopDownCPP/Blueprints/TopDownCharacter.TopDownCharacter
[2025.04.05-03.23.26:301][961]LogRenderer: Reallocating scene render targets to support 904x572 Format 10 NumSamples 1 (Frame:1).
[2025.04.05-03.28.15:102][156]LogSavePackage: Moving '../../../../../../Unreal Projects/Top-Down-Puzzle/TopDownPuzzle/Saved/TopDownCharacter2783080E40A7BD55D77735B878721F41.tmp' to '../../../../../../Unreal Projects/Top-Down-Puzzle/TopDownPuzzle/Content/TopDownCPP/Blueprints/TopDownCharacter.uasset'
[2025.04.05-03.28.15:128][156]AssetCheck: New page: Asset Save: TopDownCharacter
[2025.04.05-03.28.15:128][156]LogContentValidation: Display: Validating Blueprint /Game/TopDownCPP/Blueprints/TopDownCharacter.TopDownCharacter
[2025.04.05-03.28.16:471][234]BlueprintLog: New page: Compile TopDownCharacter
[2025.04.05-03.28.16:525][234]LogUObjectHash: Compacting FUObjectHashTables data took   2.53ms
[2025.04.05-03.28.29:480][867]Candidate modules for hot reload:
[2025.04.05-03.28.29:480][867]  TopDownPuzzle
[2025.04.05-03.28.29:480][867]Launching UnrealBuildTool... [C:/Program Files/UE/UE_4.27/Engine/Binaries/DotNET/UnrealBuildTool.exe  -ModuleWithSuffix=TopDownPuzzle,6494 TopDownPuzzleEditor Win64 Development -Project="C:/Unreal Projects/Top-Down-Puzzle/TopDownPuzzle/TopDownPuzzle.uproject" "C:/Unreal Projects/Top-Down-Puzzle/TopDownPuzzle/TopDownPuzzle.uproject"  -IgnoreJunk]
[2025.04.05-03.28.29:488][867]Warning: Starting HotReload took  0.1s.
[2025.04.05-03.28.33:249][ 87]CompilerResultsLog: New page: Compilation - 04-Apr-2025, 7:28:33 pm
[2025.04.05-03.28.33:249][ 87]CompilerResultsLog: Using 'git status' to determine working set for adaptive non-unity build (C:\Unreal Projects\Top-Down-Puzzle).
[2025.04.05-03.28.33:249][ 87]CompilerResultsLog: Building TopDownPuzzleEditor...
[2025.04.05-03.28.33:249][ 87]CompilerResultsLog: Using Visual Studio 2022 14.43.34808 toolchain (C:\Program Files\Microsoft Visual Studio\2022\Community\VC\Tools\MSVC\14.43.34808) and Windows 10.0.22621.0 SDK (C:\Program Files (x86)\Windows Kits\10).
[2025.04.05-03.28.33:249][ 87]CompilerResultsLog: Building 3 actions with 8 processes...
[2025.04.05-03.28.33:249][ 87]CompilerResultsLog:   [1/3] UE4Editor-TopDownPuzzle-6494.lib
[2025.04.05-03.28.33:249][ 87]CompilerResultsLog:      Creating library C:\Unreal Projects\Top-Down-Puzzle\TopDownPuzzle\Intermediate\Build\Win64\UE4Editor\Development\TopDownPuzzle\UE4Editor-TopDownPuzzle-6494.lib and object C:\Unreal Projects\Top-Down-Puzzle\TopDownPuzzle\Intermediate\Build\Win64\UE4Editor\Development\TopDownPuzzle\UE4Editor-TopDownPuzzle-6494.exp
[2025.04.05-03.28.33:249][ 87]CompilerResultsLog:   [2/3] UE4Editor-TopDownPuzzle-6494.dll
[2025.04.05-03.28.33:249][ 87]CompilerResultsLog:      Creating library C:\Unreal Projects\Top-Down-Puzzle\TopDownPuzzle\Intermediate\Build\Win64\UE4Editor\Development\TopDownPuzzle\UE4Editor-TopDownPuzzle-6494.suppressed.lib and object C:\Unreal Projects\Top-Down-Puzzle\TopDownPuzzle\Intermediate\Build\Win64\UE4Editor\Development\TopDownPuzzle\UE4Editor-TopDownPuzzle-6494.suppressed.exp
[2025.04.05-03.28.33:249][ 87]CompilerResultsLog:   [3/3] TopDownPuzzleEditor.target
[2025.04.05-03.28.33:249][ 87]CompilerResultsLog: Total time in Parallel executor: 1.90 seconds
[2025.04.05-03.28.33:249][ 87]CompilerResultsLog: Total execution time: 3.62 seconds
[2025.04.05-03.28.33:249][ 87]LogMainFrame: MainFrame: Module compiling took 3.798 seconds
[2025.04.05-03.28.34:027][ 87]LogHotReload: Re-instancing DoorTrigger after hot-reload.
[2025.04.05-03.28.34:050][ 87]LogNativeClassHierarchy: Verbose: Native class hierarchy updated for 'TopDownPuzzle' in 0.0004 seconds. Added 4 classes and 2 folders.
[2025.04.05-03.28.34:095][ 87]Display: HotReload successful (2 functions remapped  0 scriptstructs remapped)
[2025.04.05-03.28.34:321][ 87]LogNativeClassHierarchy: Verbose: Native class hierarchy populated in 0.0154 seconds. Added 3826 classes and 930 folders.
[2025.04.05-03.28.34:328][ 87]Display: HotReload took  4.9s.
[2025.04.05-03.28.37:642][265]LogTemp: Repeating last play command: Selected Viewport
[2025.04.05-03.28.37:653][265]LogPlayLevel: PlayLevel: No blueprints needed recompiling
[2025.04.05-03.28.37:653][265]PIE: New page: PIE session: Level1 (04-Apr-2025, 7:28:37 pm)
[2025.04.05-03.28.37:653][265]LogPlayLevel: Creating play world package: /Game/TopDownCPP/Maps/UEDPIE_0_Level1
[2025.04.05-03.28.37:676][265]LogPlayLevel: PIE: StaticDuplicateObject took: (0.022659s)
[2025.04.05-03.28.37:677][265]LogAIModule: Creating AISystem for world Level1
[2025.04.05-03.28.37:678][265]LogPlayLevel: PIE: World Init took: (0.001503s)
[2025.04.05-03.28.37:678][265]LogPlayLevel: PIE: Created PIE world by copying editor world from /Game/TopDownCPP/Maps/Level1.Level1 to /Game/TopDownCPP/Maps/UEDPIE_0_Level1.Level1 (0.024358s)
[2025.04.05-03.28.37:797][265]LogUObjectHash: Compacting FUObjectHashTables data took   4.81ms
[2025.04.05-03.28.37:798][265]LogAudio: Display: Creating Audio Device:                 Id: 3, Scope: Unique, Realtime: True
[2025.04.05-03.28.37:798][265]LogAudioMixer: Display: Audio Mixer Platform Settings:
[2025.04.05-03.28.37:798][265]LogAudioMixer: Display: 	Sample Rate:						  48000
[2025.04.05-03.28.37:798][265]LogAudioMixer: Display: 	Callback Buffer Frame Size Requested: 1024
[2025.04.05-03.28.37:798][265]LogAudioMixer: Display: 	Callback Buffer Frame Size To Use:	  1024
[2025.04.05-03.28.37:798][265]LogAudioMixer: Display: 	Number of buffers to queue:			  2
[2025.04.05-03.28.37:798][265]LogAudioMixer: Display: 	Max Channels (voices):				  32
[2025.04.05-03.28.37:798][265]LogAudioMixer: Display: 	Number of Async Source Workers:		  0
[2025.04.05-03.28.37:798][265]LogAudio: Display: AudioDevice MaxSources: 32
[2025.04.05-03.28.37:799][265]LogAudio: Display: Audio Spatialization Plugin: None (built-in).
[2025.04.05-03.28.37:799][265]LogAudio: Display: Audio Reverb Plugin: None (built-in).
[2025.04.05-03.28.37:799][265]LogAudio: Display: Audio Occlusion Plugin: None (built-in).
[2025.04.05-03.28.37:799][265]LogAudioMixer: Display: Initializing audio mixer.
[2025.04.05-03.28.37:804][265]LogAudioMixer: Display: 0: FrontLeft
[2025.04.05-03.28.37:804][265]LogAudioMixer: Display: 1: FrontRight
[2025.04.05-03.28.37:823][265]LogAudioMixer: Display: Using Audio Device Headphone (Realtek(R) Audio)
[2025.04.05-03.28.37:823][265]LogAudioMixer: Display: Initializing Sound Submixes...
[2025.04.05-03.28.37:823][265]LogAudioMixer: Display: Creating Master Submix 'MasterSubmixDefault'
[2025.04.05-03.28.37:824][265]LogAudioMixer: Display: Creating Master Submix 'MasterReverbSubmixDefault'
[2025.04.05-03.28.37:824][265]LogAudioMixer: Display: Creating Master Submix 'MasterEQSubmixDefault'
[2025.04.05-03.28.37:824][265]LogAudioMixer: FMixerPlatformXAudio2::StartAudioStream() called
[2025.04.05-03.28.37:824][265]LogAudioMixer: Display: Output buffers initialized: Frames=1024, Channels=2, Samples=2048
[2025.04.05-03.28.37:825][265]LogAudioMixer: Display: Starting AudioMixerPlatformInterface::RunInternal()
[2025.04.05-03.28.37:825][265]LogAudioMixer: Display: FMixerPlatformXAudio2::SubmitBuffer() called for the first time
[2025.04.05-03.28.37:825][265]LogInit: FAudioDevice initialized.
[2025.04.05-03.28.37:825][265]LogAudio: Display: Audio Device (ID: 3) registered with world 'Level1'.
[2025.04.05-03.28.37:856][265]LogLoad: Game class is 'TopDownPuzzleGameMode'
[2025.04.05-03.28.37:858][265]LogWorld: Bringing World /Game/TopDownCPP/Maps/UEDPIE_0_Level1.Level1 up for play (max tick rate 60) at 2025.04.04-23.28.37
[2025.04.05-03.28.37:858][265]LogWorld: Bringing up level for play took: 0.001404
[2025.04.05-03.28.37:858][265]LogOnline: OSS: Creating online subsystem instance for: :Context_10
[2025.04.05-03.28.37:863][265]PIE: Server logged in
[2025.04.05-03.28.37:864][265]PIE: Play in editor total start time 0.215 seconds.
[2025.04.05-03.29.04:389][839]LogSlate: Updating window title bar state: overlay mode, drag disabled, window buttons hidden, title bar hidden
[2025.04.05-03.29.04:389][839]LogWorld: BeginTearingDown for /Game/TopDownCPP/Maps/UEDPIE_0_Level1
[2025.04.05-03.29.04:389][839]LogWorld: UWorld::CleanupWorld for Level1, bSessionEnded=true, bCleanupResources=true
[2025.04.05-03.29.04:389][839]LogSlate: InvalidateAllWidgets triggered.  All widgets were invalidated
[2025.04.05-03.29.04:559][839]LogPlayLevel: Display: Shutting down PIE online subsystems
[2025.04.05-03.29.04:565][839]LogSlate: InvalidateAllWidgets triggered.  All widgets were invalidated
[2025.04.05-03.29.04:588][839]LogAudio: Display: Audio Device unregistered from world 'None'.
[2025.04.05-03.29.04:588][839]LogAudioMixer: FMixerPlatformXAudio2::StopAudioStream() called
[2025.04.05-03.29.04:589][839]LogAudioMixer: FMixerPlatformXAudio2::StopAudioStream() called
[2025.04.05-03.29.04:592][839]LogSlate: Updating window title bar state: overlay mode, drag disabled, window buttons hidden, title bar hidden
[2025.04.05-03.29.04:601][839]LogUObjectHash: Compacting FUObjectHashTables data took   3.19ms
[2025.04.05-03.29.04:621][840]LogPlayLevel: Display: Destroying online subsystem :Context_10
[2025.04.05-03.29.12:598][290]LogEditorTransaction: Undo Edit Outer Cone Angle
[2025.04.05-03.29.13:575][339]LogEditorTransaction: Undo Edit Inner Cone Angle
[2025.04.05-03.29.14:053][367]LogEditorTransaction: Undo Edit Intensity
[2025.04.05-03.29.14:414][388]LogEditorTransaction: Undo Add Component
[2025.04.05-03.29.16:499][512]LogEditorTransaction: Redo Add Component
[2025.04.05-03.29.16:503][512]LogActorComponent: ~FComponentReregisterContext: (/Engine/Transient.World_4:PersistentLevel.TopDownCharacter_C_0.CollisionCylinder) Component already registered.
[2025.04.05-03.29.16:842][531]LogEditorTransaction: Redo Edit Intensity
[2025.04.05-03.29.17:147][548]LogEditorTransaction: Redo Edit Inner Cone Angle
[2025.04.05-03.29.17:398][562]LogEditorTransaction: Redo Edit Outer Cone Angle
[2025.04.05-03.30.06:915][402]BlueprintLog: New page: Compile TopDownCharacter
[2025.04.05-03.30.06:968][402]LogUObjectHash: Compacting FUObjectHashTables data took   3.40ms
[2025.04.05-03.30.07:941][448]LogSavePackage: Moving '../../../../../../Unreal Projects/Top-Down-Puzzle/TopDownPuzzle/Saved/TopDownCharacter121EA9954C205CEFF8D3F3A0690BB797.tmp' to '../../../../../../Unreal Projects/Top-Down-Puzzle/TopDownPuzzle/Content/TopDownCPP/Blueprints/TopDownCharacter.uasset'
[2025.04.05-03.30.07:969][448]AssetCheck: New page: Asset Save: TopDownCharacter
[2025.04.05-03.30.07:969][448]LogContentValidation: Display: Validating Blueprint /Game/TopDownCPP/Blueprints/TopDownCharacter.TopDownCharacter
[2025.04.05-03.30.11:097][631]LogTemp: Repeating last play command: Selected Viewport
[2025.04.05-03.30.11:106][631]LogPlayLevel: PlayLevel: No blueprints needed recompiling
[2025.04.05-03.30.11:106][631]PIE: New page: PIE session: Level1 (04-Apr-2025, 7:30:11 pm)
[2025.04.05-03.30.11:106][631]LogPlayLevel: Creating play world package: /Game/TopDownCPP/Maps/UEDPIE_0_Level1
[2025.04.05-03.30.11:122][631]LogPlayLevel: PIE: StaticDuplicateObject took: (0.016051s)
[2025.04.05-03.30.11:123][631]LogAIModule: Creating AISystem for world Level1
[2025.04.05-03.30.11:123][631]LogPlayLevel: PIE: World Init took: (0.001079s)
[2025.04.05-03.30.11:123][631]LogPlayLevel: PIE: Created PIE world by copying editor world from /Game/TopDownCPP/Maps/Level1.Level1 to /Game/TopDownCPP/Maps/UEDPIE_0_Level1.Level1 (0.017271s)
[2025.04.05-03.30.11:149][631]LogUObjectHash: Compacting FUObjectHashTables data took   3.06ms
[2025.04.05-03.30.11:151][631]LogAudio: Display: Creating Audio Device:                 Id: 4, Scope: Unique, Realtime: True
[2025.04.05-03.30.11:151][631]LogAudioMixer: Display: Audio Mixer Platform Settings:
[2025.04.05-03.30.11:151][631]LogAudioMixer: Display: 	Sample Rate:						  48000
[2025.04.05-03.30.11:151][631]LogAudioMixer: Display: 	Callback Buffer Frame Size Requested: 1024
[2025.04.05-03.30.11:151][631]LogAudioMixer: Display: 	Callback Buffer Frame Size To Use:	  1024
[2025.04.05-03.30.11:151][631]LogAudioMixer: Display: 	Number of buffers to queue:			  2
[2025.04.05-03.30.11:151][631]LogAudioMixer: Display: 	Max Channels (voices):				  32
[2025.04.05-03.30.11:151][631]LogAudioMixer: Display: 	Number of Async Source Workers:		  0
[2025.04.05-03.30.11:151][631]LogAudio: Display: AudioDevice MaxSources: 32
[2025.04.05-03.30.11:152][631]LogAudio: Display: Audio Spatialization Plugin: None (built-in).
[2025.04.05-03.30.11:152][631]LogAudio: Display: Audio Reverb Plugin: None (built-in).
[2025.04.05-03.30.11:152][631]LogAudio: Display: Audio Occlusion Plugin: None (built-in).
[2025.04.05-03.30.11:152][631]LogAudioMixer: Display: Initializing audio mixer.
[2025.04.05-03.30.11:156][631]LogAudioMixer: Display: 0: FrontLeft
[2025.04.05-03.30.11:156][631]LogAudioMixer: Display: 1: FrontRight
[2025.04.05-03.30.11:171][631]LogAudioMixer: Display: Using Audio Device Headphone (Realtek(R) Audio)
[2025.04.05-03.30.11:171][631]LogAudioMixer: Display: Initializing Sound Submixes...
[2025.04.05-03.30.11:171][631]LogAudioMixer: Display: Creating Master Submix 'MasterSubmixDefault'
[2025.04.05-03.30.11:171][631]LogAudioMixer: Display: Creating Master Submix 'MasterReverbSubmixDefault'
[2025.04.05-03.30.11:172][631]LogAudioMixer: Display: Creating Master Submix 'MasterEQSubmixDefault'
[2025.04.05-03.30.11:172][631]LogAudioMixer: FMixerPlatformXAudio2::StartAudioStream() called
[2025.04.05-03.30.11:172][631]LogAudioMixer: Display: Output buffers initialized: Frames=1024, Channels=2, Samples=2048
[2025.04.05-03.30.11:174][631]LogAudioMixer: Display: Starting AudioMixerPlatformInterface::RunInternal()
[2025.04.05-03.30.11:174][631]LogAudioMixer: Display: FMixerPlatformXAudio2::SubmitBuffer() called for the first time
[2025.04.05-03.30.11:174][631]LogInit: FAudioDevice initialized.
[2025.04.05-03.30.11:174][631]LogAudio: Display: Audio Device (ID: 4) registered with world 'Level1'.
[2025.04.05-03.30.11:184][631]LogLoad: Game class is 'TopDownPuzzleGameMode'
[2025.04.05-03.30.11:200][631]LogWorld: Bringing World /Game/TopDownCPP/Maps/UEDPIE_0_Level1.Level1 up for play (max tick rate 60) at 2025.04.04-23.30.11
[2025.04.05-03.30.11:200][631]LogWorld: Bringing up level for play took: 0.001369
[2025.04.05-03.30.11:201][631]LogOnline: OSS: Creating online subsystem instance for: :Context_11
[2025.04.05-03.30.11:203][631]PIE: Server logged in
[2025.04.05-03.30.11:205][631]PIE: Play in editor total start time 0.101 seconds.
[2025.04.05-03.30.14:607][832]LogSlate: Updating window title bar state: overlay mode, drag disabled, window buttons hidden, title bar hidden
[2025.04.05-03.30.14:607][832]LogWorld: BeginTearingDown for /Game/TopDownCPP/Maps/UEDPIE_0_Level1
[2025.04.05-03.30.14:607][832]LogWorld: UWorld::CleanupWorld for Level1, bSessionEnded=true, bCleanupResources=true
[2025.04.05-03.30.14:608][832]LogSlate: InvalidateAllWidgets triggered.  All widgets were invalidated
[2025.04.05-03.30.14:618][832]LogPlayLevel: Display: Shutting down PIE online subsystems
[2025.04.05-03.30.14:631][832]LogSlate: InvalidateAllWidgets triggered.  All widgets were invalidated
[2025.04.05-03.30.14:652][832]LogAudio: Display: Audio Device unregistered from world 'None'.
[2025.04.05-03.30.14:652][832]LogAudioMixer: FMixerPlatformXAudio2::StopAudioStream() called
[2025.04.05-03.30.14:653][832]LogAudioMixer: FMixerPlatformXAudio2::StopAudioStream() called
[2025.04.05-03.30.14:655][832]LogSlate: Updating window title bar state: overlay mode, drag disabled, window buttons hidden, title bar hidden
[2025.04.05-03.30.14:659][832]LogUObjectHash: Compacting FUObjectHashTables data took   2.37ms
[2025.04.05-03.30.14:681][833]LogPlayLevel: Display: Destroying online subsystem :Context_11
[2025.04.05-03.30.16:141][914]LogUObjectHash: Compacting FUObjectHashTables data took   2.97ms
[2025.04.05-03.30.16:166][914]LogSavePackage: Moving '../../../../../../Unreal Projects/Top-Down-Puzzle/TopDownPuzzle/Saved/Level133114E6A40FC5EE50C5C98BDFDC0587E.tmp' to '../../../../../../Unreal Projects/Top-Down-Puzzle/TopDownPuzzle/Content/TopDownCPP/Maps/Level1.umap'
[2025.04.05-03.30.16:190][914]Cmd: OBJ SAVEPACKAGE PACKAGE="/Game/TopDownCPP/Maps/Level1_BuiltData" FILE="../../../../../../Unreal Projects/Top-Down-Puzzle/TopDownPuzzle/Content/TopDownCPP/Maps/Level1_BuiltData.uasset" SILENT=true
[2025.04.05-03.30.16:367][914]LogSavePackage: Moving '../../../../../../Unreal Projects/Top-Down-Puzzle/TopDownPuzzle/Saved/Level1_BuiltDataC6634FA64F4698BA834837AF49E8294A.tmp' to '../../../../../../Unreal Projects/Top-Down-Puzzle/TopDownPuzzle/Content/TopDownCPP/Maps/Level1_BuiltData.uasset'
[2025.04.05-03.30.16:406][914]AssetCheck: New page: Asset Save: multiple assets
[2025.04.05-03.30.16:407][914]LogContentValidation: Display: Validating MapBuildDataRegistry /Game/TopDownCPP/Maps/Level1_BuiltData.Level1_BuiltData
[2025.04.05-03.30.16:407][914]LogContentValidation: Display: Validating World /Game/TopDownCPP/Maps/Level1.Level1
[2025.04.05-03.30.17:328][968]Candidate modules for hot reload:
[2025.04.05-03.30.17:328][968]  TopDownPuzzle
[2025.04.05-03.30.17:329][968]Launching UnrealBuildTool... [C:/Program Files/UE/UE_4.27/Engine/Binaries/DotNET/UnrealBuildTool.exe  -ModuleWithSuffix=TopDownPuzzle,7739 TopDownPuzzleEditor Win64 Development -Project="C:/Unreal Projects/Top-Down-Puzzle/TopDownPuzzle/TopDownPuzzle.uproject" "C:/Unreal Projects/Top-Down-Puzzle/TopDownPuzzle/TopDownPuzzle.uproject"  -IgnoreJunk]
[2025.04.05-03.30.17:333][968]Warning: Starting HotReload took  0.0s.
[2025.04.05-03.30.20:069][122]CompilerResultsLog: New page: Compilation - 04-Apr-2025, 7:30:20 pm
[2025.04.05-03.30.20:069][122]CompilerResultsLog: Using 'git status' to determine working set for adaptive non-unity build (C:\Unreal Projects\Top-Down-Puzzle).
[2025.04.05-03.30.20:080][122]CompilerResultsLog: Building TopDownPuzzleEditor...
[2025.04.05-03.30.20:080][122]CompilerResultsLog: Using Visual Studio 2022 14.43.34808 toolchain (C:\Program Files\Microsoft Visual Studio\2022\Community\VC\Tools\MSVC\14.43.34808) and Windows 10.0.22621.0 SDK (C:\Program Files (x86)\Windows Kits\10).
[2025.04.05-03.30.20:080][122]CompilerResultsLog: Building 3 actions with 8 processes...
[2025.04.05-03.30.20:080][122]CompilerResultsLog:   [1/3] UE4Editor-TopDownPuzzle-7739.lib
[2025.04.05-03.30.20:080][122]CompilerResultsLog:      Creating library C:\Unreal Projects\Top-Down-Puzzle\TopDownPuzzle\Intermediate\Build\Win64\UE4Editor\Development\TopDownPuzzle\UE4Editor-TopDownPuzzle-7739.lib and object C:\Unreal Projects\Top-Down-Puzzle\TopDownPuzzle\Intermediate\Build\Win64\UE4Editor\Development\TopDownPuzzle\UE4Editor-TopDownPuzzle-7739.exp
[2025.04.05-03.30.20:080][122]CompilerResultsLog:   [2/3] UE4Editor-TopDownPuzzle-7739.dll
[2025.04.05-03.30.20:080][122]CompilerResultsLog:      Creating library C:\Unreal Projects\Top-Down-Puzzle\TopDownPuzzle\Intermediate\Build\Win64\UE4Editor\Development\TopDownPuzzle\UE4Editor-TopDownPuzzle-7739.suppressed.lib and object C:\Unreal Projects\Top-Down-Puzzle\TopDownPuzzle\Intermediate\Build\Win64\UE4Editor\Development\TopDownPuzzle\UE4Editor-TopDownPuzzle-7739.suppressed.exp
[2025.04.05-03.30.20:080][122]CompilerResultsLog:   [3/3] TopDownPuzzleEditor.target
[2025.04.05-03.30.20:080][122]CompilerResultsLog: Total time in Parallel executor: 1.37 seconds
[2025.04.05-03.30.20:080][122]CompilerResultsLog: Total execution time: 2.60 seconds
[2025.04.05-03.30.20:080][122]LogMainFrame: MainFrame: Module compiling took 2.757 seconds
[2025.04.05-03.30.20:157][122]LogHotReload: Re-instancing DoorTrigger after hot-reload.
[2025.04.05-03.30.20:179][122]LogNativeClassHierarchy: Verbose: Native class hierarchy updated for 'TopDownPuzzle' in 0.0003 seconds. Added 4 classes and 2 folders.
[2025.04.05-03.30.20:185][122]Display: HotReload successful (2 functions remapped  0 scriptstructs remapped)
[2025.04.05-03.30.20:291][122]LogNativeClassHierarchy: Verbose: Native class hierarchy populated in 0.0087 seconds. Added 3826 classes and 930 folders.
[2025.04.05-03.30.20:296][122]Display: HotReload took  3.0s.
[2025.04.05-03.30.22:639][241]LogTemp: Repeating last play command: Selected Viewport
[2025.04.05-03.30.22:649][241]LogPlayLevel: PlayLevel: No blueprints needed recompiling
[2025.04.05-03.30.22:649][241]PIE: New page: PIE session: Level1 (04-Apr-2025, 7:30:22 pm)
[2025.04.05-03.30.22:649][241]LogPlayLevel: Creating play world package: /Game/TopDownCPP/Maps/UEDPIE_0_Level1
[2025.04.05-03.30.22:664][241]LogPlayLevel: PIE: StaticDuplicateObject took: (0.014670s)
[2025.04.05-03.30.22:665][241]LogAIModule: Creating AISystem for world Level1
[2025.04.05-03.30.22:665][241]LogPlayLevel: PIE: World Init took: (0.001274s)
[2025.04.05-03.30.22:665][241]LogPlayLevel: PIE: Created PIE world by copying editor world from /Game/TopDownCPP/Maps/Level1.Level1 to /Game/TopDownCPP/Maps/UEDPIE_0_Level1.Level1 (0.016105s)
[2025.04.05-03.30.22:733][241]LogUObjectHash: Compacting FUObjectHashTables data took   4.14ms
[2025.04.05-03.30.22:735][241]LogAudio: Display: Creating Audio Device:                 Id: 5, Scope: Unique, Realtime: True
[2025.04.05-03.30.22:736][241]LogAudioMixer: Display: Audio Mixer Platform Settings:
[2025.04.05-03.30.22:736][241]LogAudioMixer: Display: 	Sample Rate:						  48000
[2025.04.05-03.30.22:736][241]LogAudioMixer: Display: 	Callback Buffer Frame Size Requested: 1024
[2025.04.05-03.30.22:736][241]LogAudioMixer: Display: 	Callback Buffer Frame Size To Use:	  1024
[2025.04.05-03.30.22:736][241]LogAudioMixer: Display: 	Number of buffers to queue:			  2
[2025.04.05-03.30.22:736][241]LogAudioMixer: Display: 	Max Channels (voices):				  32
[2025.04.05-03.30.22:736][241]LogAudioMixer: Display: 	Number of Async Source Workers:		  0
[2025.04.05-03.30.22:736][241]LogAudio: Display: AudioDevice MaxSources: 32
[2025.04.05-03.30.22:736][241]LogAudio: Display: Audio Spatialization Plugin: None (built-in).
[2025.04.05-03.30.22:736][241]LogAudio: Display: Audio Reverb Plugin: None (built-in).
[2025.04.05-03.30.22:736][241]LogAudio: Display: Audio Occlusion Plugin: None (built-in).
[2025.04.05-03.30.22:736][241]LogAudioMixer: Display: Initializing audio mixer.
[2025.04.05-03.30.22:740][241]LogAudioMixer: Display: 0: FrontLeft
[2025.04.05-03.30.22:740][241]LogAudioMixer: Display: 1: FrontRight
[2025.04.05-03.30.22:755][241]LogAudioMixer: Display: Using Audio Device Headphone (Realtek(R) Audio)
[2025.04.05-03.30.22:756][241]LogAudioMixer: Display: Initializing Sound Submixes...
[2025.04.05-03.30.22:756][241]LogAudioMixer: Display: Creating Master Submix 'MasterSubmixDefault'
[2025.04.05-03.30.22:756][241]LogAudioMixer: Display: Creating Master Submix 'MasterReverbSubmixDefault'
[2025.04.05-03.30.22:756][241]LogAudioMixer: Display: Creating Master Submix 'MasterEQSubmixDefault'
[2025.04.05-03.30.22:756][241]LogAudioMixer: FMixerPlatformXAudio2::StartAudioStream() called
[2025.04.05-03.30.22:756][241]LogAudioMixer: Display: Output buffers initialized: Frames=1024, Channels=2, Samples=2048
[2025.04.05-03.30.22:758][241]LogAudioMixer: Display: Starting AudioMixerPlatformInterface::RunInternal()
[2025.04.05-03.30.22:758][241]LogAudioMixer: Display: FMixerPlatformXAudio2::SubmitBuffer() called for the first time
[2025.04.05-03.30.22:758][241]LogInit: FAudioDevice initialized.
[2025.04.05-03.30.22:758][241]LogAudio: Display: Audio Device (ID: 5) registered with world 'Level1'.
[2025.04.05-03.30.22:831][241]LogLoad: Game class is 'TopDownPuzzleGameMode'
[2025.04.05-03.30.22:833][241]LogWorld: Bringing World /Game/TopDownCPP/Maps/UEDPIE_0_Level1.Level1 up for play (max tick rate 60) at 2025.04.04-23.30.22
[2025.04.05-03.30.22:834][241]LogWorld: Bringing up level for play took: 0.001420
[2025.04.05-03.30.22:834][241]LogOnline: OSS: Creating online subsystem instance for: :Context_12
[2025.04.05-03.30.22:837][241]PIE: Server logged in
[2025.04.05-03.30.22:837][241]PIE: Play in editor total start time 0.193 seconds.
[2025.04.05-03.30.26:047][427]LogSlate: Updating window title bar state: overlay mode, drag disabled, window buttons hidden, title bar hidden
[2025.04.05-03.30.26:047][427]LogWorld: BeginTearingDown for /Game/TopDownCPP/Maps/UEDPIE_0_Level1
[2025.04.05-03.30.26:048][427]LogWorld: UWorld::CleanupWorld for Level1, bSessionEnded=true, bCleanupResources=true
[2025.04.05-03.30.26:048][427]LogSlate: InvalidateAllWidgets triggered.  All widgets were invalidated
[2025.04.05-03.30.26:065][427]LogPlayLevel: Display: Shutting down PIE online subsystems
[2025.04.05-03.30.26:077][427]LogSlate: InvalidateAllWidgets triggered.  All widgets were invalidated
[2025.04.05-03.30.26:100][427]LogAudio: Display: Audio Device unregistered from world 'None'.
[2025.04.05-03.30.26:102][427]LogAudioMixer: FMixerPlatformXAudio2::StopAudioStream() called
[2025.04.05-03.30.26:104][427]LogAudioMixer: FMixerPlatformXAudio2::StopAudioStream() called
[2025.04.05-03.30.26:107][427]LogSlate: Updating window title bar state: overlay mode, drag disabled, window buttons hidden, title bar hidden
[2025.04.05-03.30.26:127][427]LogUObjectHash: Compacting FUObjectHashTables data took   2.76ms
[2025.04.05-03.30.26:151][428]LogPlayLevel: Display: Destroying online subsystem :Context_12
[2025.04.05-03.30.30:556][682]LogSavePackage: Moving '../../../../../../Unreal Projects/Top-Down-Puzzle/TopDownPuzzle/Saved/TopDownCharacter853C4F9B449F5E14E63511A2A0264F1E.tmp' to '../../../../../../Unreal Projects/Top-Down-Puzzle/TopDownPuzzle/Content/TopDownCPP/Blueprints/TopDownCharacter.uasset'
[2025.04.05-03.30.30:578][682]AssetCheck: New page: Asset Save: TopDownCharacter
[2025.04.05-03.30.30:578][682]LogContentValidation: Display: Validating Blueprint /Game/TopDownCPP/Blueprints/TopDownCharacter.TopDownCharacter
[2025.04.05-03.30.43:476][423]BlueprintLog: New page: Compile TopDownCharacter
[2025.04.05-03.30.43:524][423]LogUObjectHash: Compacting FUObjectHashTables data took   3.25ms
[2025.04.05-03.30.44:333][459]LogSavePackage: Moving '../../../../../../Unreal Projects/Top-Down-Puzzle/TopDownPuzzle/Saved/TopDownCharacterEBF8C5314F04ACE203C279A790EAA939.tmp' to '../../../../../../Unreal Projects/Top-Down-Puzzle/TopDownPuzzle/Content/TopDownCPP/Blueprints/TopDownCharacter.uasset'
[2025.04.05-03.30.44:354][459]AssetCheck: New page: Asset Save: TopDownCharacter
[2025.04.05-03.30.44:354][459]LogContentValidation: Display: Validating Blueprint /Game/TopDownCPP/Blueprints/TopDownCharacter.TopDownCharacter
[2025.04.05-03.30.46:547][585]Candidate modules for hot reload:
[2025.04.05-03.30.46:547][585]  TopDownPuzzle
[2025.04.05-03.30.46:547][585]Launching UnrealBuildTool... [C:/Program Files/UE/UE_4.27/Engine/Binaries/DotNET/UnrealBuildTool.exe  -ModuleWithSuffix=TopDownPuzzle,7566 TopDownPuzzleEditor Win64 Development -Project="C:/Unreal Projects/Top-Down-Puzzle/TopDownPuzzle/TopDownPuzzle.uproject" "C:/Unreal Projects/Top-Down-Puzzle/TopDownPuzzle/TopDownPuzzle.uproject"  -IgnoreJunk]
[2025.04.05-03.30.46:551][585]Warning: Starting HotReload took  0.0s.
[2025.04.05-03.30.49:311][738]CompilerResultsLog: New page: Compilation - 04-Apr-2025, 7:30:49 pm
[2025.04.05-03.30.49:311][738]CompilerResultsLog: Using 'git status' to determine working set for adaptive non-unity build (C:\Unreal Projects\Top-Down-Puzzle).
[2025.04.05-03.30.49:311][738]CompilerResultsLog: Building TopDownPuzzleEditor...
[2025.04.05-03.30.49:311][738]CompilerResultsLog: Using Visual Studio 2022 14.43.34808 toolchain (C:\Program Files\Microsoft Visual Studio\2022\Community\VC\Tools\MSVC\14.43.34808) and Windows 10.0.22621.0 SDK (C:\Program Files (x86)\Windows Kits\10).
[2025.04.05-03.30.49:311][738]CompilerResultsLog: Building 3 actions with 8 processes...
[2025.04.05-03.30.49:311][738]CompilerResultsLog:   [1/3] UE4Editor-TopDownPuzzle-7566.lib
[2025.04.05-03.30.49:311][738]CompilerResultsLog:      Creating library C:\Unreal Projects\Top-Down-Puzzle\TopDownPuzzle\Intermediate\Build\Win64\UE4Editor\Development\TopDownPuzzle\UE4Editor-TopDownPuzzle-7566.lib and object C:\Unreal Projects\Top-Down-Puzzle\TopDownPuzzle\Intermediate\Build\Win64\UE4Editor\Development\TopDownPuzzle\UE4Editor-TopDownPuzzle-7566.exp
[2025.04.05-03.30.49:311][738]CompilerResultsLog:   [2/3] UE4Editor-TopDownPuzzle-7566.dll
[2025.04.05-03.30.49:311][738]CompilerResultsLog:      Creating library C:\Unreal Projects\Top-Down-Puzzle\TopDownPuzzle\Intermediate\Build\Win64\UE4Editor\Development\TopDownPuzzle\UE4Editor-TopDownPuzzle-7566.suppressed.lib and object C:\Unreal Projects\Top-Down-Puzzle\TopDownPuzzle\Intermediate\Build\Win64\UE4Editor\Development\TopDownPuzzle\UE4Editor-TopDownPuzzle-7566.suppressed.exp
[2025.04.05-03.30.49:311][738]CompilerResultsLog:   [3/3] TopDownPuzzleEditor.target
[2025.04.05-03.30.49:311][738]CompilerResultsLog: Total time in Parallel executor: 1.41 seconds
[2025.04.05-03.30.49:311][738]CompilerResultsLog: Total execution time: 2.64 seconds
[2025.04.05-03.30.49:311][738]LogMainFrame: MainFrame: Module compiling took 2.769 seconds
[2025.04.05-03.30.49:414][738]LogHotReload: Re-instancing DoorTrigger after hot-reload.
[2025.04.05-03.30.49:437][738]LogNativeClassHierarchy: Verbose: Native class hierarchy updated for 'TopDownPuzzle' in 0.0003 seconds. Added 4 classes and 2 folders.
[2025.04.05-03.30.49:442][738]Display: HotReload successful (2 functions remapped  0 scriptstructs remapped)
[2025.04.05-03.30.49:547][738]LogNativeClassHierarchy: Verbose: Native class hierarchy populated in 0.0089 seconds. Added 3826 classes and 930 folders.
[2025.04.05-03.30.49:553][738]Display: HotReload took  3.0s.
[2025.04.05-03.30.52:631][904]LogTemp: Repeating last play command: Selected Viewport
[2025.04.05-03.30.52:642][904]LogPlayLevel: PlayLevel: No blueprints needed recompiling
[2025.04.05-03.30.52:643][904]PIE: New page: PIE session: Level1 (04-Apr-2025, 7:30:52 pm)
[2025.04.05-03.30.52:643][904]LogPlayLevel: Creating play world package: /Game/TopDownCPP/Maps/UEDPIE_0_Level1
[2025.04.05-03.30.52:660][904]LogPlayLevel: PIE: StaticDuplicateObject took: (0.016806s)
[2025.04.05-03.30.52:660][904]LogAIModule: Creating AISystem for world Level1
[2025.04.05-03.30.52:661][904]LogPlayLevel: PIE: World Init took: (0.001073s)
[2025.04.05-03.30.52:661][904]LogPlayLevel: PIE: Created PIE world by copying editor world from /Game/TopDownCPP/Maps/Level1.Level1 to /Game/TopDownCPP/Maps/UEDPIE_0_Level1.Level1 (0.018034s)
[2025.04.05-03.30.52:727][904]LogUObjectHash: Compacting FUObjectHashTables data took   3.79ms
[2025.04.05-03.30.52:728][904]LogAudio: Display: Creating Audio Device:                 Id: 6, Scope: Unique, Realtime: True
[2025.04.05-03.30.52:729][904]LogAudioMixer: Display: Audio Mixer Platform Settings:
[2025.04.05-03.30.52:729][904]LogAudioMixer: Display: 	Sample Rate:						  48000
[2025.04.05-03.30.52:729][904]LogAudioMixer: Display: 	Callback Buffer Frame Size Requested: 1024
[2025.04.05-03.30.52:729][904]LogAudioMixer: Display: 	Callback Buffer Frame Size To Use:	  1024
[2025.04.05-03.30.52:729][904]LogAudioMixer: Display: 	Number of buffers to queue:			  2
[2025.04.05-03.30.52:729][904]LogAudioMixer: Display: 	Max Channels (voices):				  32
[2025.04.05-03.30.52:729][904]LogAudioMixer: Display: 	Number of Async Source Workers:		  0
[2025.04.05-03.30.52:729][904]LogAudio: Display: AudioDevice MaxSources: 32
[2025.04.05-03.30.52:729][904]LogAudio: Display: Audio Spatialization Plugin: None (built-in).
[2025.04.05-03.30.52:729][904]LogAudio: Display: Audio Reverb Plugin: None (built-in).
[2025.04.05-03.30.52:729][904]LogAudio: Display: Audio Occlusion Plugin: None (built-in).
[2025.04.05-03.30.52:729][904]LogAudioMixer: Display: Initializing audio mixer.
[2025.04.05-03.30.52:737][904]LogAudioMixer: Display: 0: FrontLeft
[2025.04.05-03.30.52:737][904]LogAudioMixer: Display: 1: FrontRight
[2025.04.05-03.30.52:751][904]LogAudioMixer: Display: Using Audio Device Headphone (Realtek(R) Audio)
[2025.04.05-03.30.52:752][904]LogAudioMixer: Display: Initializing Sound Submixes...
[2025.04.05-03.30.52:752][904]LogAudioMixer: Display: Creating Master Submix 'MasterSubmixDefault'
[2025.04.05-03.30.52:752][904]LogAudioMixer: Display: Creating Master Submix 'MasterReverbSubmixDefault'
[2025.04.05-03.30.52:752][904]LogAudioMixer: Display: Creating Master Submix 'MasterEQSubmixDefault'
[2025.04.05-03.30.52:752][904]LogAudioMixer: FMixerPlatformXAudio2::StartAudioStream() called
[2025.04.05-03.30.52:752][904]LogAudioMixer: Display: Output buffers initialized: Frames=1024, Channels=2, Samples=2048
[2025.04.05-03.30.52:753][904]LogAudioMixer: Display: Starting AudioMixerPlatformInterface::RunInternal()
[2025.04.05-03.30.52:753][904]LogAudioMixer: Display: FMixerPlatformXAudio2::SubmitBuffer() called for the first time
[2025.04.05-03.30.52:753][904]LogInit: FAudioDevice initialized.
[2025.04.05-03.30.52:753][904]LogAudio: Display: Audio Device (ID: 6) registered with world 'Level1'.
[2025.04.05-03.30.52:764][904]LogLoad: Game class is 'TopDownPuzzleGameMode'
[2025.04.05-03.30.52:766][904]LogWorld: Bringing World /Game/TopDownCPP/Maps/UEDPIE_0_Level1.Level1 up for play (max tick rate 60) at 2025.04.04-23.30.52
[2025.04.05-03.30.52:766][904]LogWorld: Bringing up level for play took: 0.001415
[2025.04.05-03.30.52:766][904]LogOnline: OSS: Creating online subsystem instance for: :Context_13
[2025.04.05-03.30.52:769][904]PIE: Server logged in
[2025.04.05-03.30.52:770][904]PIE: Play in editor total start time 0.131 seconds.
[2025.04.05-03.30.56:357][110]LogSlate: Updating window title bar state: overlay mode, drag disabled, window buttons hidden, title bar hidden
[2025.04.05-03.30.56:357][110]LogWorld: BeginTearingDown for /Game/TopDownCPP/Maps/UEDPIE_0_Level1
[2025.04.05-03.30.56:357][110]LogWorld: UWorld::CleanupWorld for Level1, bSessionEnded=true, bCleanupResources=true
[2025.04.05-03.30.56:357][110]LogSlate: InvalidateAllWidgets triggered.  All widgets were invalidated
[2025.04.05-03.30.56:366][110]LogPlayLevel: Display: Shutting down PIE online subsystems
[2025.04.05-03.30.56:379][110]LogSlate: InvalidateAllWidgets triggered.  All widgets were invalidated
[2025.04.05-03.30.56:424][110]LogAudio: Display: Audio Device unregistered from world 'None'.
[2025.04.05-03.30.56:424][110]LogAudioMixer: FMixerPlatformXAudio2::StopAudioStream() called
[2025.04.05-03.30.56:425][110]LogAudioMixer: FMixerPlatformXAudio2::StopAudioStream() called
[2025.04.05-03.30.56:428][110]LogSlate: Updating window title bar state: overlay mode, drag disabled, window buttons hidden, title bar hidden
[2025.04.05-03.30.56:447][110]LogUObjectHash: Compacting FUObjectHashTables data took   2.63ms
[2025.04.05-03.30.56:483][111]LogPlayLevel: Display: Destroying online subsystem :Context_13
[2025.04.05-03.31.01:436][399]MapCheck: New page: Map Check
[2025.04.05-03.31.01:498][399]LightingResults: New page: Lighting Build - 04-Apr-2025, 7:31:01 pm
[2025.04.05-03.31.01:642][399]LogSwarmInterface: [OpenConnection] Registering TCP channel ...
[2025.04.05-03.31.01:741][399]LogSwarmInterface: [OpenConnection] Connecting to agent ...
[2025.04.05-03.31.01:760][399]LogSwarmInterface: [TryOpenConnection] Testing the Agent
[2025.04.05-03.31.02:284][399]LogSwarmInterface: [TryOpenConnection] Opening Connection to Agent
[2025.04.05-03.31.02:284][399]LogSwarmInterface: [TryOpenConnection] Local Process ID is 9980
[2025.04.05-03.31.11:458][399]LogStaticLightingSystem: Running Lightmass w/ ImmediateImport mode ENABLED
[2025.04.05-03.31.11:458][399]LogStaticLightingSystem: Running Lightmass w/ ImmediateProcess mode ENABLED
[2025.04.05-03.31.11:458][399]LogStaticLightingSystem: Running Lightmass w/ Sorting mode ENABLED
[2025.04.05-03.31.11:458][399]LogStaticLightingSystem: Running Lightmass w/ Mapping paddings ENABLED
[2025.04.05-03.31.11:458][399]LogStaticLightingSystem: Running Lightmass w/ Mapping debug paddings DISABLED
[2025.04.05-03.31.11:638][399]LogEditorBuildUtils: Build time 0:10
[2025.04.05-03.31.11:749][400]LogShaderCompilers: Display: === FShaderJobCache stats ===
[2025.04.05-03.31.11:749][400]LogShaderCompilers: Display: Total job queries 0, among them cache hits 0 (0.00%)
[2025.04.05-03.31.11:749][400]LogShaderCompilers: Display: Tracking 0 distinct input hashes that result in 0 distinct outputs (0.00%)
[2025.04.05-03.31.11:749][400]LogShaderCompilers: Display: RAM used: 0.00 MB (0.00 GB) of 819.20 MB (0.80 GB) budget. Usage: 0.00%
[2025.04.05-03.31.11:749][400]LogShaderCompilers: Display: ================================================
[2025.04.05-03.31.11:854][402]LogUObjectHash: Compacting FUObjectHashTables data took   3.09ms
[2025.04.05-03.31.17:450][687]Job is a success!
[2025.04.05-03.31.17:665][688]LogVolumetricLightmapImport: Imported Volumetric Lightmap in 0.013s
[2025.04.05-03.31.17:665][688]LogVolumetricLightmapImport:      Indirection Texture 16x16x16 = 0.0Mb
[2025.04.05-03.31.17:665][688]LogVolumetricLightmapImport:      BrickData (all levels) 0.0Mb (trimmed 0.1Mb due to 0.010000 MinBrickError)
[2025.04.05-03.31.17:665][688]LogVolumetricLightmapImport:      Bricks at depth
[2025.04.05-03.31.17:665][688]LogVolumetricLightmapImport:          0: 14.3% covering 100.0% of volume
[2025.04.05-03.31.17:665][688]LogVolumetricLightmapImport:          1: 57.1% covering 6.2% of volume
[2025.04.05-03.31.17:665][688]LogVolumetricLightmapImport:          2: 28.6% covering 0.0% of volume
[2025.04.05-03.31.17:665][688]LogVolumetricLightmapImport:      Bricks in each level
[2025.04.05-03.31.17:665][688]LogVolumetricLightmapImport:          Level1 			 7 bricks 	 100.0% (Persistent Level)
[2025.04.05-03.31.17:939][688]LogTexture: Display: Building textures: SkyOcclusion1_1 (OODLE_AutoDXT, 1024X512)
[2025.04.05-03.31.17:939][688]LogTexture: Display: Building textures: LQ_Lightmap_1_1 (OODLE_DXT1, 1024X1024)
[2025.04.05-03.31.17:939][688]LogTextureFormatOodle: Display: non-RDO encode 1024 x 1024 x 1 to format OODLE_DXT1 (Oodle OodleTex_BC1_WithTransparency) lambda=0 effort=20 
[2025.04.05-03.31.17:939][688]LogTextureFormatOodle: Display: non-RDO encode 1024 x 512 x 1 to format OODLE_AutoDXT (Oodle OodleTex_BC3) lambda=0 effort=20 
[2025.04.05-03.31.17:939][688]LogTexture: Display: Building textures: LQ_Lightmap_1_2 (OODLE_DXT1, 512X512)
[2025.04.05-03.31.17:939][688]LogTexture: Display: Building textures: SkyOcclusion1_2 (OODLE_AutoDXT, 512X256)
[2025.04.05-03.31.17:939][688]LogTexture: Display: Building textures: HQ_Lightmap1_1 (OODLE_AutoDXT, 1024X1024)
[2025.04.05-03.31.17:939][688]LogTexture: Display: Building textures: HQ_Lightmap1_2 (OODLE_AutoDXT, 512X512)
[2025.04.05-03.31.17:939][688]LogTextureFormatOodle: Display: non-RDO encode 1024 x 1024 x 1 to format OODLE_AutoDXT (Oodle OodleTex_BC3) lambda=0 effort=20 
[2025.04.05-03.31.17:939][688]LogTexture: Display: Building textures: SkyOcclusion1_3 (OODLE_AutoDXT, 64X32)
[2025.04.05-03.31.17:939][688]LogTexture: Display: Building textures: HQ_Lightmap1_3 (OODLE_AutoDXT, 64X64)
[2025.04.05-03.31.17:939][688]LogTexture: Display: Building textures: LQ_Lightmap_1_3 (OODLE_DXT1, 64X64)
[2025.04.05-03.31.18:139][688]LogTexture: Display: Building textures: ShadowMapTexture2D_1 (G8, 32X32)
[2025.04.05-03.31.23:777][688]LogTexture: Display: Building textures: ShadowMapTexture2D_0 (BGRA8, 1024X1024)
[2025.04.05-03.31.23:777][688]Lightmass on LAPTOP-EJ2DB2HV: 5.49 sec total, 144 ms importing, 9 ms setup, 902 ms photons, 4.32 sec processing, 0 ms extra exporting [28/28 mappings]. Threads: 30.2 sec total, 10.6 sec processing.
[2025.04.05-03.31.23:779][688]LogStaticLightingSystem: Level1_BuiltData storing lightmap data for 28 meshes in 3 LightmapResourceClusters (9.3 Meshes per cluster).
[2025.04.05-03.31.23:824][688]LogUObjectHash: Compacting FUObjectHashTables data took   2.43ms
[2025.04.05-03.31.23:846][688]LogStaticLightingSystem: Illumination: 22.3 sec (223 ms encoding lightmaps, 241 ms encoding shadowmaps)
[2025.04.05-03.31.23:846][688]LogStaticLightingSystem: Lightmap texture memory:  3.3 MB (3.3 MB streaming, 0.0 MB non-streaming), 6 textures
[2025.04.05-03.31.23:846][688]LogStaticLightingSystem: Shadowmap texture memory: 5.3 MB (5.3 MB streaming, 0.0 MB non-streaming), 2 textures
[2025.04.05-03.31.24:446][688]DumpUnbuiltLightIteractions
[2025.04.05-03.31.24:446][688]Lights with unbuilt interactions: 0
[2025.04.05-03.31.24:446][688]
[2025.04.05-03.31.24:446][688]Primitives with unbuilt interactions: 0
[2025.04.05-03.31.24:582][688]LogTexture: Display: Building textures: NewReflectionComponentTexture1C2275DB4506BBF8D9D185B8BB421FE1 (BGRA8, 128X128)
[2025.04.05-03.31.24:646][689]Cmd: MAP CHECK NOTIFYRESULTS
[2025.04.05-03.31.24:646][689]MapCheck: New page: Level1 - 04-Apr-2025, 7:31:24 pm
[2025.04.05-03.31.24:654][689]MapCheck: Map check complete: 0 Error(s), 0 Warning(s), took 8.356ms to complete.
[2025.04.05-03.31.43:976][843]LogTemp: Repeating last play command: Selected Viewport
[2025.04.05-03.31.43:988][843]LogPlayLevel: PlayLevel: No blueprints needed recompiling
[2025.04.05-03.31.43:988][843]PIE: New page: PIE session: Level1 (04-Apr-2025, 7:31:43 pm)
[2025.04.05-03.31.43:989][843]LogPlayLevel: Creating play world package: /Game/TopDownCPP/Maps/UEDPIE_0_Level1
[2025.04.05-03.31.44:001][843]LogPlayLevel: PIE: StaticDuplicateObject took: (0.012963s)
[2025.04.05-03.31.44:003][843]LogAIModule: Creating AISystem for world Level1
[2025.04.05-03.31.44:003][843]LogPlayLevel: PIE: World Init took: (0.001379s)
[2025.04.05-03.31.44:003][843]LogPlayLevel: PIE: Created PIE world by copying editor world from /Game/TopDownCPP/Maps/Level1.Level1 to /Game/TopDownCPP/Maps/UEDPIE_0_Level1.Level1 (0.014650s)
[2025.04.05-03.31.44:030][843]LogUObjectHash: Compacting FUObjectHashTables data took   2.65ms
[2025.04.05-03.31.44:031][843]LogAudio: Display: Creating Audio Device:                 Id: 7, Scope: Unique, Realtime: True
[2025.04.05-03.31.44:031][843]LogAudioMixer: Display: Audio Mixer Platform Settings:
[2025.04.05-03.31.44:031][843]LogAudioMixer: Display: 	Sample Rate:						  48000
[2025.04.05-03.31.44:031][843]LogAudioMixer: Display: 	Callback Buffer Frame Size Requested: 1024
[2025.04.05-03.31.44:031][843]LogAudioMixer: Display: 	Callback Buffer Frame Size To Use:	  1024
[2025.04.05-03.31.44:031][843]LogAudioMixer: Display: 	Number of buffers to queue:			  2
[2025.04.05-03.31.44:031][843]LogAudioMixer: Display: 	Max Channels (voices):				  32
[2025.04.05-03.31.44:031][843]LogAudioMixer: Display: 	Number of Async Source Workers:		  0
[2025.04.05-03.31.44:031][843]LogAudio: Display: AudioDevice MaxSources: 32
[2025.04.05-03.31.44:032][843]LogAudio: Display: Audio Spatialization Plugin: None (built-in).
[2025.04.05-03.31.44:032][843]LogAudio: Display: Audio Reverb Plugin: None (built-in).
[2025.04.05-03.31.44:032][843]LogAudio: Display: Audio Occlusion Plugin: None (built-in).
[2025.04.05-03.31.44:032][843]LogAudioMixer: Display: Initializing audio mixer.
[2025.04.05-03.31.44:036][843]LogAudioMixer: Display: 0: FrontLeft
[2025.04.05-03.31.44:036][843]LogAudioMixer: Display: 1: FrontRight
[2025.04.05-03.31.44:050][843]LogAudioMixer: Display: Using Audio Device Headphone (Realtek(R) Audio)
[2025.04.05-03.31.44:051][843]LogAudioMixer: Display: Initializing Sound Submixes...
[2025.04.05-03.31.44:051][843]LogAudioMixer: Display: Creating Master Submix 'MasterSubmixDefault'
[2025.04.05-03.31.44:051][843]LogAudioMixer: Display: Creating Master Submix 'MasterReverbSubmixDefault'
[2025.04.05-03.31.44:051][843]LogAudioMixer: Display: Creating Master Submix 'MasterEQSubmixDefault'
[2025.04.05-03.31.44:051][843]LogAudioMixer: FMixerPlatformXAudio2::StartAudioStream() called
[2025.04.05-03.31.44:051][843]LogAudioMixer: Display: Output buffers initialized: Frames=1024, Channels=2, Samples=2048
[2025.04.05-03.31.44:053][843]LogAudioMixer: Display: Starting AudioMixerPlatformInterface::RunInternal()
[2025.04.05-03.31.44:053][843]LogAudioMixer: Display: FMixerPlatformXAudio2::SubmitBuffer() called for the first time
[2025.04.05-03.31.44:053][843]LogInit: FAudioDevice initialized.
[2025.04.05-03.31.44:053][843]LogAudio: Display: Audio Device (ID: 7) registered with world 'Level1'.
[2025.04.05-03.31.44:060][843]LogLoad: Game class is 'TopDownPuzzleGameMode'
[2025.04.05-03.31.44:062][843]LogWorld: Bringing World /Game/TopDownCPP/Maps/UEDPIE_0_Level1.Level1 up for play (max tick rate 60) at 2025.04.04-23.31.44
[2025.04.05-03.31.44:062][843]LogWorld: Bringing up level for play took: 0.001370
[2025.04.05-03.31.44:062][843]LogOnline: OSS: Creating online subsystem instance for: :Context_14
[2025.04.05-03.31.44:064][843]PIE: Server logged in
[2025.04.05-03.31.44:065][843]PIE: Play in editor total start time 0.082 seconds.
[2025.04.05-03.31.50:537][225]LogSlate: Updating window title bar state: overlay mode, drag disabled, window buttons hidden, title bar hidden
[2025.04.05-03.31.50:537][225]LogWorld: BeginTearingDown for /Game/TopDownCPP/Maps/UEDPIE_0_Level1
[2025.04.05-03.31.50:537][225]LogWorld: UWorld::CleanupWorld for Level1, bSessionEnded=true, bCleanupResources=true
[2025.04.05-03.31.50:537][225]LogSlate: InvalidateAllWidgets triggered.  All widgets were invalidated
[2025.04.05-03.31.50:598][225]LogPlayLevel: Display: Shutting down PIE online subsystems
[2025.04.05-03.31.50:610][225]LogSlate: InvalidateAllWidgets triggered.  All widgets were invalidated
[2025.04.05-03.31.50:631][225]LogAudio: Display: Audio Device unregistered from world 'None'.
[2025.04.05-03.31.50:631][225]LogAudioMixer: FMixerPlatformXAudio2::StopAudioStream() called
[2025.04.05-03.31.50:633][225]LogAudioMixer: FMixerPlatformXAudio2::StopAudioStream() called
[2025.04.05-03.31.50:636][225]LogSlate: Updating window title bar state: overlay mode, drag disabled, window buttons hidden, title bar hidden
[2025.04.05-03.31.50:640][225]LogUObjectHash: Compacting FUObjectHashTables data took   2.41ms
[2025.04.05-03.31.50:663][226]LogPlayLevel: Display: Destroying online subsystem :Context_14
[2025.04.05-03.31.56:491][553]LogEditorTransaction: Undo Modify Component(s)
[2025.04.05-03.32.45:329][386]LogSavePackage: Moving '../../../../../../Unreal Projects/Top-Down-Puzzle/TopDownPuzzle/Saved/TopDownCharacter37D0A1034782663DE204589BE7A406DC.tmp' to '../../../../../../Unreal Projects/Top-Down-Puzzle/TopDownPuzzle/Content/TopDownCPP/Blueprints/TopDownCharacter.uasset'
[2025.04.05-03.32.45:376][386]AssetCheck: New page: Asset Save: TopDownCharacter
[2025.04.05-03.32.45:376][386]LogContentValidation: Display: Validating Blueprint /Game/TopDownCPP/Blueprints/TopDownCharacter.TopDownCharacter
[2025.04.05-03.32.55:696][958]LogSavePackage: Moving '../../../../../../Unreal Projects/Top-Down-Puzzle/TopDownPuzzle/Saved/TopDownCharacter50C867204DB357BBDAE40297BE8E6BBA.tmp' to '../../../../../../Unreal Projects/Top-Down-Puzzle/TopDownPuzzle/Content/TopDownCPP/Blueprints/TopDownCharacter.uasset'
[2025.04.05-03.32.55:715][958]AssetCheck: New page: Asset Save: TopDownCharacter
[2025.04.05-03.32.55:715][958]LogContentValidation: Display: Validating Blueprint /Game/TopDownCPP/Blueprints/TopDownCharacter.TopDownCharacter
[2025.04.05-03.32.56:838][ 25]BlueprintLog: New page: Compile TopDownCharacter
[2025.04.05-03.32.56:892][ 25]LogUObjectHash: Compacting FUObjectHashTables data took   2.76ms
[2025.04.05-03.32.57:731][ 68]LogSavePackage: Moving '../../../../../../Unreal Projects/Top-Down-Puzzle/TopDownPuzzle/Saved/TopDownCharacterEAC3921E4F174862A3E380BCB72FD41A.tmp' to '../../../../../../Unreal Projects/Top-Down-Puzzle/TopDownPuzzle/Content/TopDownCPP/Blueprints/TopDownCharacter.uasset'
[2025.04.05-03.32.57:749][ 68]AssetCheck: New page: Asset Save: TopDownCharacter
[2025.04.05-03.32.57:749][ 68]LogContentValidation: Display: Validating Blueprint /Game/TopDownCPP/Blueprints/TopDownCharacter.TopDownCharacter
[2025.04.05-03.33.01:341][279]Candidate modules for hot reload:
[2025.04.05-03.33.01:341][279]  TopDownPuzzle
[2025.04.05-03.33.01:341][279]Launching UnrealBuildTool... [C:/Program Files/UE/UE_4.27/Engine/Binaries/DotNET/UnrealBuildTool.exe  -ModuleWithSuffix=TopDownPuzzle,8552 TopDownPuzzleEditor Win64 Development -Project="C:/Unreal Projects/Top-Down-Puzzle/TopDownPuzzle/TopDownPuzzle.uproject" "C:/Unreal Projects/Top-Down-Puzzle/TopDownPuzzle/TopDownPuzzle.uproject"  -IgnoreJunk]
[2025.04.05-03.33.01:346][279]Warning: Starting HotReload took  0.0s.
[2025.04.05-03.33.04:748][473]CompilerResultsLog: New page: Compilation - 04-Apr-2025, 7:33:04 pm
[2025.04.05-03.33.04:748][473]CompilerResultsLog: Using 'git status' to determine working set for adaptive non-unity build (C:\Unreal Projects\Top-Down-Puzzle).
[2025.04.05-03.33.04:748][473]CompilerResultsLog: Building TopDownPuzzleEditor...
[2025.04.05-03.33.04:748][473]CompilerResultsLog: Using Visual Studio 2022 14.43.34808 toolchain (C:\Program Files\Microsoft Visual Studio\2022\Community\VC\Tools\MSVC\14.43.34808) and Windows 10.0.22621.0 SDK (C:\Program Files (x86)\Windows Kits\10).
[2025.04.05-03.33.04:748][473]CompilerResultsLog: Building 3 actions with 8 processes...
[2025.04.05-03.33.04:748][473]CompilerResultsLog:   [1/3] UE4Editor-TopDownPuzzle-8552.lib
[2025.04.05-03.33.04:748][473]CompilerResultsLog:      Creating library C:\Unreal Projects\Top-Down-Puzzle\TopDownPuzzle\Intermediate\Build\Win64\UE4Editor\Development\TopDownPuzzle\UE4Editor-TopDownPuzzle-8552.lib and object C:\Unreal Projects\Top-Down-Puzzle\TopDownPuzzle\Intermediate\Build\Win64\UE4Editor\Development\TopDownPuzzle\UE4Editor-TopDownPuzzle-8552.exp
[2025.04.05-03.33.04:748][473]CompilerResultsLog:   [2/3] UE4Editor-TopDownPuzzle-8552.dll
[2025.04.05-03.33.04:748][473]CompilerResultsLog:      Creating library C:\Unreal Projects\Top-Down-Puzzle\TopDownPuzzle\Intermediate\Build\Win64\UE4Editor\Development\TopDownPuzzle\UE4Editor-TopDownPuzzle-8552.suppressed.lib and object C:\Unreal Projects\Top-Down-Puzzle\TopDownPuzzle\Intermediate\Build\Win64\UE4Editor\Development\TopDownPuzzle\UE4Editor-TopDownPuzzle-8552.suppressed.exp
[2025.04.05-03.33.04:748][473]CompilerResultsLog:   [3/3] TopDownPuzzleEditor.target
[2025.04.05-03.33.04:748][473]CompilerResultsLog: Total time in Parallel executor: 1.83 seconds
[2025.04.05-03.33.04:748][473]CompilerResultsLog: Total execution time: 3.27 seconds
[2025.04.05-03.33.04:748][473]LogMainFrame: MainFrame: Module compiling took 3.413 seconds
[2025.04.05-03.33.04:858][473]LogHotReload: Re-instancing DoorTrigger after hot-reload.
[2025.04.05-03.33.04:891][473]LogNativeClassHierarchy: Verbose: Native class hierarchy updated for 'TopDownPuzzle' in 0.0002 seconds. Added 4 classes and 2 folders.
[2025.04.05-03.33.04:897][473]Display: HotReload successful (2 functions remapped  0 scriptstructs remapped)
[2025.04.05-03.33.05:016][473]LogNativeClassHierarchy: Verbose: Native class hierarchy populated in 0.0092 seconds. Added 3826 classes and 930 folders.
[2025.04.05-03.33.05:022][473]Display: HotReload took  3.7s.
[2025.04.05-03.33.08:359][648]LogTemp: Repeating last play command: Selected Viewport
[2025.04.05-03.33.08:371][648]LogPlayLevel: PlayLevel: No blueprints needed recompiling
[2025.04.05-03.33.08:371][648]PIE: New page: PIE session: Level1 (04-Apr-2025, 7:33:08 pm)
[2025.04.05-03.33.08:371][648]LogPlayLevel: Creating play world package: /Game/TopDownCPP/Maps/UEDPIE_0_Level1
[2025.04.05-03.33.08:388][648]LogPlayLevel: PIE: StaticDuplicateObject took: (0.016008s)
[2025.04.05-03.33.08:389][648]LogAIModule: Creating AISystem for world Level1
[2025.04.05-03.33.08:389][648]LogPlayLevel: PIE: World Init took: (0.001595s)
[2025.04.05-03.33.08:389][648]LogPlayLevel: PIE: Created PIE world by copying editor world from /Game/TopDownCPP/Maps/Level1.Level1 to /Game/TopDownCPP/Maps/UEDPIE_0_Level1.Level1 (0.017852s)
[2025.04.05-03.33.08:467][648]LogUObjectHash: Compacting FUObjectHashTables data took   4.55ms
[2025.04.05-03.33.08:469][648]LogAudio: Display: Creating Audio Device:                 Id: 8, Scope: Unique, Realtime: True
[2025.04.05-03.33.08:469][648]LogAudioMixer: Display: Audio Mixer Platform Settings:
[2025.04.05-03.33.08:469][648]LogAudioMixer: Display: 	Sample Rate:						  48000
[2025.04.05-03.33.08:469][648]LogAudioMixer: Display: 	Callback Buffer Frame Size Requested: 1024
[2025.04.05-03.33.08:469][648]LogAudioMixer: Display: 	Callback Buffer Frame Size To Use:	  1024
[2025.04.05-03.33.08:469][648]LogAudioMixer: Display: 	Number of buffers to queue:			  2
[2025.04.05-03.33.08:469][648]LogAudioMixer: Display: 	Max Channels (voices):				  32
[2025.04.05-03.33.08:469][648]LogAudioMixer: Display: 	Number of Async Source Workers:		  0
[2025.04.05-03.33.08:469][648]LogAudio: Display: AudioDevice MaxSources: 32
[2025.04.05-03.33.08:470][648]LogAudio: Display: Audio Spatialization Plugin: None (built-in).
[2025.04.05-03.33.08:470][648]LogAudio: Display: Audio Reverb Plugin: None (built-in).
[2025.04.05-03.33.08:470][648]LogAudio: Display: Audio Occlusion Plugin: None (built-in).
[2025.04.05-03.33.08:470][648]LogAudioMixer: Display: Initializing audio mixer.
[2025.04.05-03.33.08:473][648]LogAudioMixer: Display: 0: FrontLeft
[2025.04.05-03.33.08:473][648]LogAudioMixer: Display: 1: FrontRight
[2025.04.05-03.33.08:490][648]LogAudioMixer: Display: Using Audio Device Headphone (Realtek(R) Audio)
[2025.04.05-03.33.08:490][648]LogAudioMixer: Display: Initializing Sound Submixes...
[2025.04.05-03.33.08:490][648]LogAudioMixer: Display: Creating Master Submix 'MasterSubmixDefault'
[2025.04.05-03.33.08:490][648]LogAudioMixer: Display: Creating Master Submix 'MasterReverbSubmixDefault'
[2025.04.05-03.33.08:490][648]LogAudioMixer: Display: Creating Master Submix 'MasterEQSubmixDefault'
[2025.04.05-03.33.08:490][648]LogAudioMixer: FMixerPlatformXAudio2::StartAudioStream() called
[2025.04.05-03.33.08:491][648]LogAudioMixer: Display: Output buffers initialized: Frames=1024, Channels=2, Samples=2048
[2025.04.05-03.33.08:492][648]LogAudioMixer: Display: Starting AudioMixerPlatformInterface::RunInternal()
[2025.04.05-03.33.08:492][648]LogAudioMixer: Display: FMixerPlatformXAudio2::SubmitBuffer() called for the first time
[2025.04.05-03.33.08:492][648]LogInit: FAudioDevice initialized.
[2025.04.05-03.33.08:492][648]LogAudio: Display: Audio Device (ID: 8) registered with world 'Level1'.
[2025.04.05-03.33.08:503][648]LogLoad: Game class is 'TopDownPuzzleGameMode'
[2025.04.05-03.33.08:505][648]LogWorld: Bringing World /Game/TopDownCPP/Maps/UEDPIE_0_Level1.Level1 up for play (max tick rate 60) at 2025.04.04-23.33.08
[2025.04.05-03.33.08:505][648]LogWorld: Bringing up level for play took: 0.002090
[2025.04.05-03.33.08:505][648]LogOnline: OSS: Creating online subsystem instance for: :Context_15
[2025.04.05-03.33.08:509][648]PIE: Server logged in
[2025.04.05-03.33.08:510][648]PIE: Play in editor total start time 0.143 seconds.
[2025.04.05-03.33.13:376][934]LogSlate: Updating window title bar state: overlay mode, drag disabled, window buttons hidden, title bar hidden
[2025.04.05-03.33.13:376][934]LogWorld: BeginTearingDown for /Game/TopDownCPP/Maps/UEDPIE_0_Level1
[2025.04.05-03.33.13:377][934]LogWorld: UWorld::CleanupWorld for Level1, bSessionEnded=true, bCleanupResources=true
[2025.04.05-03.33.13:377][934]LogSlate: InvalidateAllWidgets triggered.  All widgets were invalidated
[2025.04.05-03.33.13:390][934]LogPlayLevel: Display: Shutting down PIE online subsystems
[2025.04.05-03.33.13:401][934]LogSlate: InvalidateAllWidgets triggered.  All widgets were invalidated
[2025.04.05-03.33.13:420][934]LogAudio: Display: Audio Device unregistered from world 'None'.
[2025.04.05-03.33.13:421][934]LogAudioMixer: FMixerPlatformXAudio2::StopAudioStream() called
[2025.04.05-03.33.13:422][934]LogAudioMixer: FMixerPlatformXAudio2::StopAudioStream() called
[2025.04.05-03.33.13:424][934]LogSlate: Updating window title bar state: overlay mode, drag disabled, window buttons hidden, title bar hidden
[2025.04.05-03.33.13:429][934]LogUObjectHash: Compacting FUObjectHashTables data took   2.80ms
[2025.04.05-03.33.13:467][935]LogPlayLevel: Display: Destroying online subsystem :Context_15
[2025.04.05-03.33.49:340][987]BlueprintLog: New page: Compile TopDownCharacter
[2025.04.05-03.33.49:404][987]LogUObjectHash: Compacting FUObjectHashTables data took   3.22ms
[2025.04.05-03.33.49:958][ 10]LogSavePackage: Moving '../../../../../../Unreal Projects/Top-Down-Puzzle/TopDownPuzzle/Saved/TopDownCharacter716909C14F070C0C245F51B75A2E1F4A.tmp' to '../../../../../../Unreal Projects/Top-Down-Puzzle/TopDownPuzzle/Content/TopDownCPP/Blueprints/TopDownCharacter.uasset'
[2025.04.05-03.33.50:002][ 10]AssetCheck: New page: Asset Save: TopDownCharacter
[2025.04.05-03.33.50:002][ 10]LogContentValidation: Display: Validating Blueprint /Game/TopDownCPP/Blueprints/TopDownCharacter.TopDownCharacter
[2025.04.05-03.33.53:236][199]Candidate modules for hot reload:
[2025.04.05-03.33.53:236][199]  TopDownPuzzle
[2025.04.05-03.33.53:236][199]Launching UnrealBuildTool... [C:/Program Files/UE/UE_4.27/Engine/Binaries/DotNET/UnrealBuildTool.exe  -ModuleWithSuffix=TopDownPuzzle,6788 TopDownPuzzleEditor Win64 Development -Project="C:/Unreal Projects/Top-Down-Puzzle/TopDownPuzzle/TopDownPuzzle.uproject" "C:/Unreal Projects/Top-Down-Puzzle/TopDownPuzzle/TopDownPuzzle.uproject"  -IgnoreJunk]
[2025.04.05-03.33.53:240][199]Warning: Starting HotReload took  0.0s.
[2025.04.05-03.33.55:695][337]CompilerResultsLog: New page: Compilation - 04-Apr-2025, 7:33:55 pm
[2025.04.05-03.33.55:695][337]CompilerResultsLog: Using 'git status' to determine working set for adaptive non-unity build (C:\Unreal Projects\Top-Down-Puzzle).
[2025.04.05-03.33.55:695][337]CompilerResultsLog: Building TopDownPuzzleEditor...
[2025.04.05-03.33.55:695][337]CompilerResultsLog: Using Visual Studio 2022 14.43.34808 toolchain (C:\Program Files\Microsoft Visual Studio\2022\Community\VC\Tools\MSVC\14.43.34808) and Windows 10.0.22621.0 SDK (C:\Program Files (x86)\Windows Kits\10).
[2025.04.05-03.33.55:695][337]CompilerResultsLog: Building 3 actions with 8 processes...
[2025.04.05-03.33.55:695][337]CompilerResultsLog:   [1/3] UE4Editor-TopDownPuzzle-6788.lib
[2025.04.05-03.33.55:695][337]CompilerResultsLog:      Creating library C:\Unreal Projects\Top-Down-Puzzle\TopDownPuzzle\Intermediate\Build\Win64\UE4Editor\Development\TopDownPuzzle\UE4Editor-TopDownPuzzle-6788.lib and object C:\Unreal Projects\Top-Down-Puzzle\TopDownPuzzle\Intermediate\Build\Win64\UE4Editor\Development\TopDownPuzzle\UE4Editor-TopDownPuzzle-6788.exp
[2025.04.05-03.33.55:695][337]CompilerResultsLog:   [2/3] UE4Editor-TopDownPuzzle-6788.dll
[2025.04.05-03.33.55:695][337]CompilerResultsLog:      Creating library C:\Unreal Projects\Top-Down-Puzzle\TopDownPuzzle\Intermediate\Build\Win64\UE4Editor\Development\TopDownPuzzle\UE4Editor-TopDownPuzzle-6788.suppressed.lib and object C:\Unreal Projects\Top-Down-Puzzle\TopDownPuzzle\Intermediate\Build\Win64\UE4Editor\Development\TopDownPuzzle\UE4Editor-TopDownPuzzle-6788.suppressed.exp
[2025.04.05-03.33.55:695][337]CompilerResultsLog:   [3/3] TopDownPuzzleEditor.target
[2025.04.05-03.33.55:695][337]CompilerResultsLog: Total time in Parallel executor: 1.23 seconds
[2025.04.05-03.33.55:695][337]CompilerResultsLog: Total execution time: 2.35 seconds
[2025.04.05-03.33.55:695][337]LogMainFrame: MainFrame: Module compiling took 2.464 seconds
[2025.04.05-03.33.55:821][337]LogHotReload: Re-instancing DoorTrigger after hot-reload.
[2025.04.05-03.33.55:845][337]LogNativeClassHierarchy: Verbose: Native class hierarchy updated for 'TopDownPuzzle' in 0.0003 seconds. Added 4 classes and 2 folders.
[2025.04.05-03.33.55:851][337]Display: HotReload successful (2 functions remapped  0 scriptstructs remapped)
[2025.04.05-03.33.55:970][337]LogNativeClassHierarchy: Verbose: Native class hierarchy populated in 0.0100 seconds. Added 3826 classes and 930 folders.
[2025.04.05-03.33.55:977][337]Display: HotReload took  2.8s.
[2025.04.05-03.33.58:208][451]LogTemp: Repeating last play command: Selected Viewport
[2025.04.05-03.33.58:217][451]LogPlayLevel: PlayLevel: No blueprints needed recompiling
[2025.04.05-03.33.58:217][451]PIE: New page: PIE session: Level1 (04-Apr-2025, 7:33:58 pm)
[2025.04.05-03.33.58:217][451]LogPlayLevel: Creating play world package: /Game/TopDownCPP/Maps/UEDPIE_0_Level1
[2025.04.05-03.33.58:228][451]LogPlayLevel: PIE: StaticDuplicateObject took: (0.011518s)
[2025.04.05-03.33.58:229][451]LogAIModule: Creating AISystem for world Level1
[2025.04.05-03.33.58:229][451]LogPlayLevel: PIE: World Init took: (0.000968s)
[2025.04.05-03.33.58:230][451]LogPlayLevel: PIE: Created PIE world by copying editor world from /Game/TopDownCPP/Maps/Level1.Level1 to /Game/TopDownCPP/Maps/UEDPIE_0_Level1.Level1 (0.012622s)
[2025.04.05-03.33.58:292][451]LogUObjectHash: Compacting FUObjectHashTables data took   3.72ms
[2025.04.05-03.33.58:293][451]LogAudio: Display: Creating Audio Device:                 Id: 9, Scope: Unique, Realtime: True
[2025.04.05-03.33.58:293][451]LogAudioMixer: Display: Audio Mixer Platform Settings:
[2025.04.05-03.33.58:293][451]LogAudioMixer: Display: 	Sample Rate:						  48000
[2025.04.05-03.33.58:293][451]LogAudioMixer: Display: 	Callback Buffer Frame Size Requested: 1024
[2025.04.05-03.33.58:293][451]LogAudioMixer: Display: 	Callback Buffer Frame Size To Use:	  1024
[2025.04.05-03.33.58:293][451]LogAudioMixer: Display: 	Number of buffers to queue:			  2
[2025.04.05-03.33.58:293][451]LogAudioMixer: Display: 	Max Channels (voices):				  32
[2025.04.05-03.33.58:293][451]LogAudioMixer: Display: 	Number of Async Source Workers:		  0
[2025.04.05-03.33.58:293][451]LogAudio: Display: AudioDevice MaxSources: 32
[2025.04.05-03.33.58:293][451]LogAudio: Display: Audio Spatialization Plugin: None (built-in).
[2025.04.05-03.33.58:293][451]LogAudio: Display: Audio Reverb Plugin: None (built-in).
[2025.04.05-03.33.58:293][451]LogAudio: Display: Audio Occlusion Plugin: None (built-in).
[2025.04.05-03.33.58:293][451]LogAudioMixer: Display: Initializing audio mixer.
[2025.04.05-03.33.58:297][451]LogAudioMixer: Display: 0: FrontLeft
[2025.04.05-03.33.58:297][451]LogAudioMixer: Display: 1: FrontRight
[2025.04.05-03.33.58:310][451]LogAudioMixer: Display: Using Audio Device Headphone (Realtek(R) Audio)
[2025.04.05-03.33.58:310][451]LogAudioMixer: Display: Initializing Sound Submixes...
[2025.04.05-03.33.58:310][451]LogAudioMixer: Display: Creating Master Submix 'MasterSubmixDefault'
[2025.04.05-03.33.58:310][451]LogAudioMixer: Display: Creating Master Submix 'MasterReverbSubmixDefault'
[2025.04.05-03.33.58:311][451]LogAudioMixer: Display: Creating Master Submix 'MasterEQSubmixDefault'
[2025.04.05-03.33.58:311][451]LogAudioMixer: FMixerPlatformXAudio2::StartAudioStream() called
[2025.04.05-03.33.58:311][451]LogAudioMixer: Display: Output buffers initialized: Frames=1024, Channels=2, Samples=2048
[2025.04.05-03.33.58:312][451]LogAudioMixer: Display: Starting AudioMixerPlatformInterface::RunInternal()
[2025.04.05-03.33.58:312][451]LogAudioMixer: Display: FMixerPlatformXAudio2::SubmitBuffer() called for the first time
[2025.04.05-03.33.58:312][451]LogInit: FAudioDevice initialized.
[2025.04.05-03.33.58:312][451]LogAudio: Display: Audio Device (ID: 9) registered with world 'Level1'.
[2025.04.05-03.33.58:324][451]LogLoad: Game class is 'TopDownPuzzleGameMode'
[2025.04.05-03.33.58:326][451]LogWorld: Bringing World /Game/TopDownCPP/Maps/UEDPIE_0_Level1.Level1 up for play (max tick rate 60) at 2025.04.04-23.33.58
[2025.04.05-03.33.58:326][451]LogWorld: Bringing up level for play took: 0.001264
[2025.04.05-03.33.58:326][451]LogOnline: OSS: Creating online subsystem instance for: :Context_16
[2025.04.05-03.33.58:329][451]PIE: Server logged in
[2025.04.05-03.33.58:330][451]PIE: Play in editor total start time 0.116 seconds.
[2025.04.05-03.34.12:607][302]LogSlate: Updating window title bar state: overlay mode, drag disabled, window buttons hidden, title bar hidden
[2025.04.05-03.34.12:607][302]LogWorld: BeginTearingDown for /Game/TopDownCPP/Maps/UEDPIE_0_Level1
[2025.04.05-03.34.12:607][302]LogWorld: UWorld::CleanupWorld for Level1, bSessionEnded=true, bCleanupResources=true
[2025.04.05-03.34.12:608][302]LogSlate: InvalidateAllWidgets triggered.  All widgets were invalidated
[2025.04.05-03.34.12:616][302]LogPlayLevel: Display: Shutting down PIE online subsystems
[2025.04.05-03.34.12:628][302]LogSlate: InvalidateAllWidgets triggered.  All widgets were invalidated
[2025.04.05-03.34.12:648][302]LogAudio: Display: Audio Device unregistered from world 'None'.
[2025.04.05-03.34.12:658][302]LogAudioMixer: FMixerPlatformXAudio2::StopAudioStream() called
[2025.04.05-03.34.12:659][302]LogAudioMixer: FMixerPlatformXAudio2::StopAudioStream() called
[2025.04.05-03.34.12:662][302]LogSlate: Updating window title bar state: overlay mode, drag disabled, window buttons hidden, title bar hidden
[2025.04.05-03.34.12:683][302]LogUObjectHash: Compacting FUObjectHashTables data took   3.10ms
[2025.04.05-03.34.12:711][303]LogPlayLevel: Display: Destroying online subsystem :Context_16
[2025.04.05-03.34.41:977][927]LogSavePackage: Moving '../../../../../../Unreal Projects/Top-Down-Puzzle/TopDownPuzzle/Saved/TopDownCharacterA1A40FD945A1D912A60A8BAF11586577.tmp' to '../../../../../../Unreal Projects/Top-Down-Puzzle/TopDownPuzzle/Content/TopDownCPP/Blueprints/TopDownCharacter.uasset'
[2025.04.05-03.34.41:997][927]AssetCheck: New page: Asset Save: TopDownCharacter
[2025.04.05-03.34.41:998][927]LogContentValidation: Display: Validating Blueprint /Game/TopDownCPP/Blueprints/TopDownCharacter.TopDownCharacter
[2025.04.05-03.34.42:736][970]BlueprintLog: New page: Compile TopDownCharacter
[2025.04.05-03.34.42:781][970]LogUObjectHash: Compacting FUObjectHashTables data took   3.13ms
[2025.04.05-03.34.43:444][997]LogSavePackage: Moving '../../../../../../Unreal Projects/Top-Down-Puzzle/TopDownPuzzle/Saved/TopDownCharacter4DFD7C01453A1D59C096CCA05D639EEF.tmp' to '../../../../../../Unreal Projects/Top-Down-Puzzle/TopDownPuzzle/Content/TopDownCPP/Blueprints/TopDownCharacter.uasset'
[2025.04.05-03.34.43:471][997]AssetCheck: New page: Asset Save: TopDownCharacter
[2025.04.05-03.34.43:471][997]LogContentValidation: Display: Validating Blueprint /Game/TopDownCPP/Blueprints/TopDownCharacter.TopDownCharacter
[2025.04.05-03.34.46:408][165]Candidate modules for hot reload:
[2025.04.05-03.34.46:408][165]  TopDownPuzzle
[2025.04.05-03.34.46:408][165]Launching UnrealBuildTool... [C:/Program Files/UE/UE_4.27/Engine/Binaries/DotNET/UnrealBuildTool.exe  -ModuleWithSuffix=TopDownPuzzle,2255 TopDownPuzzleEditor Win64 Development -Project="C:/Unreal Projects/Top-Down-Puzzle/TopDownPuzzle/TopDownPuzzle.uproject" "C:/Unreal Projects/Top-Down-Puzzle/TopDownPuzzle/TopDownPuzzle.uproject"  -IgnoreJunk]
[2025.04.05-03.34.46:412][165]Warning: Starting HotReload took  0.0s.
[2025.04.05-03.34.48:624][288]CompilerResultsLog: New page: Compilation - 04-Apr-2025, 7:34:48 pm
[2025.04.05-03.34.48:624][288]CompilerResultsLog: Using 'git status' to determine working set for adaptive non-unity build (C:\Unreal Projects\Top-Down-Puzzle).
[2025.04.05-03.34.48:624][288]CompilerResultsLog: Building TopDownPuzzleEditor...
[2025.04.05-03.34.48:624][288]CompilerResultsLog: Using Visual Studio 2022 14.43.34808 toolchain (C:\Program Files\Microsoft Visual Studio\2022\Community\VC\Tools\MSVC\14.43.34808) and Windows 10.0.22621.0 SDK (C:\Program Files (x86)\Windows Kits\10).
[2025.04.05-03.34.48:624][288]CompilerResultsLog: Building 3 actions with 8 processes...
[2025.04.05-03.34.48:624][288]CompilerResultsLog:   [1/3] UE4Editor-TopDownPuzzle-2255.lib
[2025.04.05-03.34.48:624][288]CompilerResultsLog:      Creating library C:\Unreal Projects\Top-Down-Puzzle\TopDownPuzzle\Intermediate\Build\Win64\UE4Editor\Development\TopDownPuzzle\UE4Editor-TopDownPuzzle-2255.lib and object C:\Unreal Projects\Top-Down-Puzzle\TopDownPuzzle\Intermediate\Build\Win64\UE4Editor\Development\TopDownPuzzle\UE4Editor-TopDownPuzzle-2255.exp
[2025.04.05-03.34.48:624][288]CompilerResultsLog:   [2/3] UE4Editor-TopDownPuzzle-2255.dll
[2025.04.05-03.34.48:624][288]CompilerResultsLog:      Creating library C:\Unreal Projects\Top-Down-Puzzle\TopDownPuzzle\Intermediate\Build\Win64\UE4Editor\Development\TopDownPuzzle\UE4Editor-TopDownPuzzle-2255.suppressed.lib and object C:\Unreal Projects\Top-Down-Puzzle\TopDownPuzzle\Intermediate\Build\Win64\UE4Editor\Development\TopDownPuzzle\UE4Editor-TopDownPuzzle-2255.suppressed.exp
[2025.04.05-03.34.48:624][288]CompilerResultsLog:   [3/3] TopDownPuzzleEditor.target
[2025.04.05-03.34.48:624][288]CompilerResultsLog: Total time in Parallel executor: 1.01 seconds
[2025.04.05-03.34.48:624][288]CompilerResultsLog: Total execution time: 2.09 seconds
[2025.04.05-03.34.48:625][288]LogMainFrame: MainFrame: Module compiling took 2.221 seconds
[2025.04.05-03.34.48:912][288]LogHotReload: Re-instancing DoorTrigger after hot-reload.
[2025.04.05-03.34.48:934][288]LogNativeClassHierarchy: Verbose: Native class hierarchy updated for 'TopDownPuzzle' in 0.0002 seconds. Added 4 classes and 2 folders.
[2025.04.05-03.34.48:939][288]Display: HotReload successful (2 functions remapped  0 scriptstructs remapped)
[2025.04.05-03.34.49:047][288]LogNativeClassHierarchy: Verbose: Native class hierarchy populated in 0.0094 seconds. Added 3826 classes and 930 folders.
[2025.04.05-03.34.49:054][288]Display: HotReload took  2.7s.
[2025.04.05-03.34.51:357][407]LogTemp: Repeating last play command: Selected Viewport
[2025.04.05-03.34.51:368][407]LogPlayLevel: PlayLevel: No blueprints needed recompiling
[2025.04.05-03.34.51:369][407]PIE: New page: PIE session: Level1 (04-Apr-2025, 7:34:51 pm)
[2025.04.05-03.34.51:369][407]LogPlayLevel: Creating play world package: /Game/TopDownCPP/Maps/UEDPIE_0_Level1
[2025.04.05-03.34.51:383][407]LogPlayLevel: PIE: StaticDuplicateObject took: (0.013100s)
[2025.04.05-03.34.51:383][407]LogAIModule: Creating AISystem for world Level1
[2025.04.05-03.34.51:384][407]LogPlayLevel: PIE: World Init took: (0.001271s)
[2025.04.05-03.34.51:384][407]LogPlayLevel: PIE: Created PIE world by copying editor world from /Game/TopDownCPP/Maps/Level1.Level1 to /Game/TopDownCPP/Maps/UEDPIE_0_Level1.Level1 (0.014532s)
[2025.04.05-03.34.51:446][407]LogUObjectHash: Compacting FUObjectHashTables data took   3.88ms
[2025.04.05-03.34.51:446][407]LogAudio: Display: Creating Audio Device:                 Id: 10, Scope: Unique, Realtime: True
[2025.04.05-03.34.51:446][407]LogAudioMixer: Display: Audio Mixer Platform Settings:
[2025.04.05-03.34.51:446][407]LogAudioMixer: Display: 	Sample Rate:						  48000
[2025.04.05-03.34.51:446][407]LogAudioMixer: Display: 	Callback Buffer Frame Size Requested: 1024
[2025.04.05-03.34.51:446][407]LogAudioMixer: Display: 	Callback Buffer Frame Size To Use:	  1024
[2025.04.05-03.34.51:446][407]LogAudioMixer: Display: 	Number of buffers to queue:			  2
[2025.04.05-03.34.51:446][407]LogAudioMixer: Display: 	Max Channels (voices):				  32
[2025.04.05-03.34.51:446][407]LogAudioMixer: Display: 	Number of Async Source Workers:		  0
[2025.04.05-03.34.51:446][407]LogAudio: Display: AudioDevice MaxSources: 32
[2025.04.05-03.34.51:447][407]LogAudio: Display: Audio Spatialization Plugin: None (built-in).
[2025.04.05-03.34.51:447][407]LogAudio: Display: Audio Reverb Plugin: None (built-in).
[2025.04.05-03.34.51:447][407]LogAudio: Display: Audio Occlusion Plugin: None (built-in).
[2025.04.05-03.34.51:447][407]LogAudioMixer: Display: Initializing audio mixer.
[2025.04.05-03.34.51:451][407]LogAudioMixer: Display: 0: FrontLeft
[2025.04.05-03.34.51:451][407]LogAudioMixer: Display: 1: FrontRight
[2025.04.05-03.34.51:518][407]LogAudioMixer: Display: Using Audio Device Headphone (Realtek(R) Audio)
[2025.04.05-03.34.51:518][407]LogAudioMixer: Display: Initializing Sound Submixes...
[2025.04.05-03.34.51:518][407]LogAudioMixer: Display: Creating Master Submix 'MasterSubmixDefault'
[2025.04.05-03.34.51:518][407]LogAudioMixer: Display: Creating Master Submix 'MasterReverbSubmixDefault'
[2025.04.05-03.34.51:519][407]LogAudioMixer: Display: Creating Master Submix 'MasterEQSubmixDefault'
[2025.04.05-03.34.51:519][407]LogAudioMixer: FMixerPlatformXAudio2::StartAudioStream() called
[2025.04.05-03.34.51:519][407]LogAudioMixer: Display: Output buffers initialized: Frames=1024, Channels=2, Samples=2048
[2025.04.05-03.34.51:520][407]LogAudioMixer: Display: Starting AudioMixerPlatformInterface::RunInternal()
[2025.04.05-03.34.51:520][407]LogAudioMixer: Display: FMixerPlatformXAudio2::SubmitBuffer() called for the first time
[2025.04.05-03.34.51:520][407]LogInit: FAudioDevice initialized.
[2025.04.05-03.34.51:520][407]LogAudio: Display: Audio Device (ID: 10) registered with world 'Level1'.
[2025.04.05-03.34.51:527][407]LogLoad: Game class is 'TopDownPuzzleGameMode'
[2025.04.05-03.34.51:529][407]LogWorld: Bringing World /Game/TopDownCPP/Maps/UEDPIE_0_Level1.Level1 up for play (max tick rate 60) at 2025.04.04-23.34.51
[2025.04.05-03.34.51:529][407]LogWorld: Bringing up level for play took: 0.001359
[2025.04.05-03.34.51:530][407]LogOnline: OSS: Creating online subsystem instance for: :Context_17
[2025.04.05-03.34.51:533][407]PIE: Server logged in
[2025.04.05-03.34.51:534][407]PIE: Play in editor total start time 0.168 seconds.
[2025.04.05-03.35.04:498][179]LogSlate: Updating window title bar state: overlay mode, drag disabled, window buttons hidden, title bar hidden
[2025.04.05-03.35.04:498][179]LogWorld: BeginTearingDown for /Game/TopDownCPP/Maps/UEDPIE_0_Level1
[2025.04.05-03.35.04:498][179]LogWorld: UWorld::CleanupWorld for Level1, bSessionEnded=true, bCleanupResources=true
[2025.04.05-03.35.04:498][179]LogSlate: InvalidateAllWidgets triggered.  All widgets were invalidated
[2025.04.05-03.35.04:508][179]LogPlayLevel: Display: Shutting down PIE online subsystems
[2025.04.05-03.35.04:521][179]LogSlate: InvalidateAllWidgets triggered.  All widgets were invalidated
[2025.04.05-03.35.04:577][179]LogAudio: Display: Audio Device unregistered from world 'None'.
[2025.04.05-03.35.04:579][179]LogAudioMixer: FMixerPlatformXAudio2::StopAudioStream() called
[2025.04.05-03.35.04:580][179]LogAudioMixer: FMixerPlatformXAudio2::StopAudioStream() called
[2025.04.05-03.35.04:583][179]LogSlate: Updating window title bar state: overlay mode, drag disabled, window buttons hidden, title bar hidden
[2025.04.05-03.35.04:609][179]LogUObjectHash: Compacting FUObjectHashTables data took   2.98ms
[2025.04.05-03.35.04:641][180]LogPlayLevel: Display: Destroying online subsystem :Context_17
[2025.04.05-03.35.28:914][619]BlueprintLog: New page: Compile TopDownCharacter
[2025.04.05-03.35.28:970][619]LogUObjectHash: Compacting FUObjectHashTables data took   3.06ms
[2025.04.05-03.35.29:650][649]LogSavePackage: Moving '../../../../../../Unreal Projects/Top-Down-Puzzle/TopDownPuzzle/Saved/TopDownCharacterABD805ED4A88D92A9F6E1CB2B285BFA8.tmp' to '../../../../../../Unreal Projects/Top-Down-Puzzle/TopDownPuzzle/Content/TopDownCPP/Blueprints/TopDownCharacter.uasset'
[2025.04.05-03.35.29:668][649]AssetCheck: New page: Asset Save: TopDownCharacter
[2025.04.05-03.35.29:668][649]LogContentValidation: Display: Validating Blueprint /Game/TopDownCPP/Blueprints/TopDownCharacter.TopDownCharacter
[2025.04.05-03.35.32:240][793]LogUObjectHash: Compacting FUObjectHashTables data took   3.19ms
[2025.04.05-03.35.32:271][793]LogSavePackage: Moving '../../../../../../Unreal Projects/Top-Down-Puzzle/TopDownPuzzle/Saved/Level1572182024AE5EBE67FB0E98BB4E2F2E1.tmp' to '../../../../../../Unreal Projects/Top-Down-Puzzle/TopDownPuzzle/Content/TopDownCPP/Maps/Level1.umap'
[2025.04.05-03.35.32:291][793]Cmd: OBJ SAVEPACKAGE PACKAGE="/Game/TopDownCPP/Maps/Level1_BuiltData" FILE="../../../../../../Unreal Projects/Top-Down-Puzzle/TopDownPuzzle/Content/TopDownCPP/Maps/Level1_BuiltData.uasset" SILENT=true
[2025.04.05-03.35.32:406][793]LogSavePackage: Moving '../../../../../../Unreal Projects/Top-Down-Puzzle/TopDownPuzzle/Saved/Level1_BuiltData3A68F9524F802EB3768B2BAEA65A3E95.tmp' to '../../../../../../Unreal Projects/Top-Down-Puzzle/TopDownPuzzle/Content/TopDownCPP/Maps/Level1_BuiltData.uasset'
[2025.04.05-03.35.32:427][793]AssetCheck: New page: Asset Save: multiple assets
[2025.04.05-03.35.32:427][793]LogContentValidation: Display: Validating MapBuildDataRegistry /Game/TopDownCPP/Maps/Level1_BuiltData.Level1_BuiltData
[2025.04.05-03.35.32:427][793]LogContentValidation: Display: Validating World /Game/TopDownCPP/Maps/Level1.Level1
[2025.04.05-03.35.32:908][820]Candidate modules for hot reload:
[2025.04.05-03.35.32:908][820]  TopDownPuzzle
[2025.04.05-03.35.32:908][820]Launching UnrealBuildTool... [C:/Program Files/UE/UE_4.27/Engine/Binaries/DotNET/UnrealBuildTool.exe  -ModuleWithSuffix=TopDownPuzzle,1596 TopDownPuzzleEditor Win64 Development -Project="C:/Unreal Projects/Top-Down-Puzzle/TopDownPuzzle/TopDownPuzzle.uproject" "C:/Unreal Projects/Top-Down-Puzzle/TopDownPuzzle/TopDownPuzzle.uproject"  -IgnoreJunk]
[2025.04.05-03.35.32:950][820]Warning: Starting HotReload took  0.1s.
[2025.04.05-03.35.35:689][975]CompilerResultsLog: New page: Compilation - 04-Apr-2025, 7:35:35 pm
[2025.04.05-03.35.35:689][975]CompilerResultsLog: Using 'git status' to determine working set for adaptive non-unity build (C:\Unreal Projects\Top-Down-Puzzle).
[2025.04.05-03.35.35:689][975]CompilerResultsLog: Building TopDownPuzzleEditor...
[2025.04.05-03.35.35:689][975]CompilerResultsLog: Using Visual Studio 2022 14.43.34808 toolchain (C:\Program Files\Microsoft Visual Studio\2022\Community\VC\Tools\MSVC\14.43.34808) and Windows 10.0.22621.0 SDK (C:\Program Files (x86)\Windows Kits\10).
[2025.04.05-03.35.35:689][975]CompilerResultsLog: Building 3 actions with 8 processes...
[2025.04.05-03.35.35:689][975]CompilerResultsLog:   [1/3] UE4Editor-TopDownPuzzle-1596.lib
[2025.04.05-03.35.35:689][975]CompilerResultsLog:      Creating library C:\Unreal Projects\Top-Down-Puzzle\TopDownPuzzle\Intermediate\Build\Win64\UE4Editor\Development\TopDownPuzzle\UE4Editor-TopDownPuzzle-1596.lib and object C:\Unreal Projects\Top-Down-Puzzle\TopDownPuzzle\Intermediate\Build\Win64\UE4Editor\Development\TopDownPuzzle\UE4Editor-TopDownPuzzle-1596.exp
[2025.04.05-03.35.35:689][975]CompilerResultsLog:   [2/3] UE4Editor-TopDownPuzzle-1596.dll
[2025.04.05-03.35.35:689][975]CompilerResultsLog:      Creating library C:\Unreal Projects\Top-Down-Puzzle\TopDownPuzzle\Intermediate\Build\Win64\UE4Editor\Development\TopDownPuzzle\UE4Editor-TopDownPuzzle-1596.suppressed.lib and object C:\Unreal Projects\Top-Down-Puzzle\TopDownPuzzle\Intermediate\Build\Win64\UE4Editor\Development\TopDownPuzzle\UE4Editor-TopDownPuzzle-1596.suppressed.exp
[2025.04.05-03.35.35:689][975]CompilerResultsLog:   [3/3] TopDownPuzzleEditor.target
[2025.04.05-03.35.35:689][975]CompilerResultsLog: Total time in Parallel executor: 1.26 seconds
[2025.04.05-03.35.35:689][975]CompilerResultsLog: Total execution time: 2.63 seconds
[2025.04.05-03.35.35:689][975]LogMainFrame: MainFrame: Module compiling took 2.786 seconds
[2025.04.05-03.35.35:756][975]LogHotReload: Re-instancing DoorTrigger after hot-reload.
[2025.04.05-03.35.35:779][975]LogNativeClassHierarchy: Verbose: Native class hierarchy updated for 'TopDownPuzzle' in 0.0003 seconds. Added 4 classes and 2 folders.
[2025.04.05-03.35.35:798][975]Display: HotReload successful (2 functions remapped  0 scriptstructs remapped)
[2025.04.05-03.35.35:907][975]LogNativeClassHierarchy: Verbose: Native class hierarchy populated in 0.0097 seconds. Added 3826 classes and 930 folders.
[2025.04.05-03.35.35:913][975]Display: HotReload took  3.0s.
[2025.04.05-03.35.38:010][ 80]LogTemp: Repeating last play command: Selected Viewport
[2025.04.05-03.35.38:021][ 80]LogPlayLevel: PlayLevel: No blueprints needed recompiling
[2025.04.05-03.35.38:022][ 80]PIE: New page: PIE session: Level1 (04-Apr-2025, 7:35:38 pm)
[2025.04.05-03.35.38:022][ 80]LogPlayLevel: Creating play world package: /Game/TopDownCPP/Maps/UEDPIE_0_Level1
[2025.04.05-03.35.38:053][ 80]LogPlayLevel: PIE: StaticDuplicateObject took: (0.031691s)
[2025.04.05-03.35.38:055][ 80]LogAIModule: Creating AISystem for world Level1
[2025.04.05-03.35.38:056][ 80]LogPlayLevel: PIE: World Init took: (0.002242s)
[2025.04.05-03.35.38:056][ 80]LogPlayLevel: PIE: Created PIE world by copying editor world from /Game/TopDownCPP/Maps/Level1.Level1 to /Game/TopDownCPP/Maps/UEDPIE_0_Level1.Level1 (0.034132s)
[2025.04.05-03.35.38:151][ 80]LogUObjectHash: Compacting FUObjectHashTables data took   5.93ms
[2025.04.05-03.35.38:165][ 80]LogAudio: Display: Creating Audio Device:                 Id: 11, Scope: Unique, Realtime: True
[2025.04.05-03.35.38:165][ 80]LogAudioMixer: Display: Audio Mixer Platform Settings:
[2025.04.05-03.35.38:165][ 80]LogAudioMixer: Display: 	Sample Rate:						  48000
[2025.04.05-03.35.38:165][ 80]LogAudioMixer: Display: 	Callback Buffer Frame Size Requested: 1024
[2025.04.05-03.35.38:165][ 80]LogAudioMixer: Display: 	Callback Buffer Frame Size To Use:	  1024
[2025.04.05-03.35.38:165][ 80]LogAudioMixer: Display: 	Number of buffers to queue:			  2
[2025.04.05-03.35.38:165][ 80]LogAudioMixer: Display: 	Max Channels (voices):				  32
[2025.04.05-03.35.38:165][ 80]LogAudioMixer: Display: 	Number of Async Source Workers:		  0
[2025.04.05-03.35.38:165][ 80]LogAudio: Display: AudioDevice MaxSources: 32
[2025.04.05-03.35.38:166][ 80]LogAudio: Display: Audio Spatialization Plugin: None (built-in).
[2025.04.05-03.35.38:166][ 80]LogAudio: Display: Audio Reverb Plugin: None (built-in).
[2025.04.05-03.35.38:166][ 80]LogAudio: Display: Audio Occlusion Plugin: None (built-in).
[2025.04.05-03.35.38:166][ 80]LogAudioMixer: Display: Initializing audio mixer.
[2025.04.05-03.35.38:173][ 80]LogAudioMixer: Display: 0: FrontLeft
[2025.04.05-03.35.38:173][ 80]LogAudioMixer: Display: 1: FrontRight
[2025.04.05-03.35.38:192][ 80]LogAudioMixer: Display: Using Audio Device Headphone (Realtek(R) Audio)
[2025.04.05-03.35.38:192][ 80]LogAudioMixer: Display: Initializing Sound Submixes...
[2025.04.05-03.35.38:192][ 80]LogAudioMixer: Display: Creating Master Submix 'MasterSubmixDefault'
[2025.04.05-03.35.38:192][ 80]LogAudioMixer: Display: Creating Master Submix 'MasterReverbSubmixDefault'
[2025.04.05-03.35.38:193][ 80]LogAudioMixer: Display: Creating Master Submix 'MasterEQSubmixDefault'
[2025.04.05-03.35.38:193][ 80]LogAudioMixer: FMixerPlatformXAudio2::StartAudioStream() called
[2025.04.05-03.35.38:193][ 80]LogAudioMixer: Display: Output buffers initialized: Frames=1024, Channels=2, Samples=2048
[2025.04.05-03.35.38:194][ 80]LogAudioMixer: Display: Starting AudioMixerPlatformInterface::RunInternal()
[2025.04.05-03.35.38:194][ 80]LogAudioMixer: Display: FMixerPlatformXAudio2::SubmitBuffer() called for the first time
[2025.04.05-03.35.38:194][ 80]LogInit: FAudioDevice initialized.
[2025.04.05-03.35.38:194][ 80]LogAudio: Display: Audio Device (ID: 11) registered with world 'Level1'.
[2025.04.05-03.35.38:201][ 80]LogLoad: Game class is 'TopDownPuzzleGameMode'
[2025.04.05-03.35.38:203][ 80]LogWorld: Bringing World /Game/TopDownCPP/Maps/UEDPIE_0_Level1.Level1 up for play (max tick rate 60) at 2025.04.04-23.35.38
[2025.04.05-03.35.38:203][ 80]LogWorld: Bringing up level for play took: 0.001522
[2025.04.05-03.35.38:203][ 80]LogOnline: OSS: Creating online subsystem instance for: :Context_18
[2025.04.05-03.35.38:206][ 80]PIE: Server logged in
[2025.04.05-03.35.38:207][ 80]PIE: Play in editor total start time 0.19 seconds.
[2025.04.05-03.35.42:185][311]LogSlate: Updating window title bar state: overlay mode, drag disabled, window buttons hidden, title bar hidden
[2025.04.05-03.35.42:185][311]LogWorld: BeginTearingDown for /Game/TopDownCPP/Maps/UEDPIE_0_Level1
[2025.04.05-03.35.42:185][311]LogWorld: UWorld::CleanupWorld for Level1, bSessionEnded=true, bCleanupResources=true
[2025.04.05-03.35.42:186][311]LogSlate: InvalidateAllWidgets triggered.  All widgets were invalidated
[2025.04.05-03.35.42:195][311]LogPlayLevel: Display: Shutting down PIE online subsystems
[2025.04.05-03.35.42:214][311]LogSlate: InvalidateAllWidgets triggered.  All widgets were invalidated
[2025.04.05-03.35.42:236][311]LogAudio: Display: Audio Device unregistered from world 'None'.
[2025.04.05-03.35.42:239][311]LogAudioMixer: FMixerPlatformXAudio2::StopAudioStream() called
[2025.04.05-03.35.42:240][311]LogAudioMixer: FMixerPlatformXAudio2::StopAudioStream() called
[2025.04.05-03.35.42:243][311]LogSlate: Updating window title bar state: overlay mode, drag disabled, window buttons hidden, title bar hidden
[2025.04.05-03.35.42:271][311]LogUObjectHash: Compacting FUObjectHashTables data took   2.99ms
[2025.04.05-03.35.42:308][312]LogPlayLevel: Display: Destroying online subsystem :Context_18
[2025.04.05-03.36.00:745][390]LogSavePackage: Moving '../../../../../../Unreal Projects/Top-Down-Puzzle/TopDownPuzzle/Saved/TopDownCharacter35CE35E342AF6C86D13AEEB2A4603BBB.tmp' to '../../../../../../Unreal Projects/Top-Down-Puzzle/TopDownPuzzle/Content/TopDownCPP/Blueprints/TopDownCharacter.uasset'
[2025.04.05-03.36.00:774][390]AssetCheck: New page: Asset Save: TopDownCharacter
[2025.04.05-03.36.00:774][390]LogContentValidation: Display: Validating Blueprint /Game/TopDownCPP/Blueprints/TopDownCharacter.TopDownCharacter
[2025.04.05-03.36.02:658][497]BlueprintLog: New page: Compile TopDownCharacter
[2025.04.05-03.36.02:704][497]LogUObjectHash: Compacting FUObjectHashTables data took   3.10ms
[2025.04.05-03.36.03:348][528]LogSavePackage: Moving '../../../../../../Unreal Projects/Top-Down-Puzzle/TopDownPuzzle/Saved/TopDownCharacter3BBD425342B64772B4F9FF97E8217A57.tmp' to '../../../../../../Unreal Projects/Top-Down-Puzzle/TopDownPuzzle/Content/TopDownCPP/Blueprints/TopDownCharacter.uasset'
[2025.04.05-03.36.03:369][528]AssetCheck: New page: Asset Save: TopDownCharacter
[2025.04.05-03.36.03:369][528]LogContentValidation: Display: Validating Blueprint /Game/TopDownCPP/Blueprints/TopDownCharacter.TopDownCharacter
[2025.04.05-03.36.07:910][795]Candidate modules for hot reload:
[2025.04.05-03.36.07:910][795]  TopDownPuzzle
[2025.04.05-03.36.07:910][795]Launching UnrealBuildTool... [C:/Program Files/UE/UE_4.27/Engine/Binaries/DotNET/UnrealBuildTool.exe  -ModuleWithSuffix=TopDownPuzzle,0520 TopDownPuzzleEditor Win64 Development -Project="C:/Unreal Projects/Top-Down-Puzzle/TopDownPuzzle/TopDownPuzzle.uproject" "C:/Unreal Projects/Top-Down-Puzzle/TopDownPuzzle/TopDownPuzzle.uproject"  -IgnoreJunk]
[2025.04.05-03.36.07:915][795]Warning: Starting HotReload took  0.0s.
[2025.04.05-03.36.11:573][  3]CompilerResultsLog: New page: Compilation - 04-Apr-2025, 7:36:11 pm
[2025.04.05-03.36.11:573][  3]CompilerResultsLog: Using 'git status' to determine working set for adaptive non-unity build (C:\Unreal Projects\Top-Down-Puzzle).
[2025.04.05-03.36.11:573][  3]CompilerResultsLog: Building TopDownPuzzleEditor...
[2025.04.05-03.36.11:573][  3]CompilerResultsLog: Using Visual Studio 2022 14.43.34808 toolchain (C:\Program Files\Microsoft Visual Studio\2022\Community\VC\Tools\MSVC\14.43.34808) and Windows 10.0.22621.0 SDK (C:\Program Files (x86)\Windows Kits\10).
[2025.04.05-03.36.11:573][  3]CompilerResultsLog: Building 3 actions with 8 processes...
[2025.04.05-03.36.11:573][  3]CompilerResultsLog:   [1/3] UE4Editor-TopDownPuzzle-0520.lib
[2025.04.05-03.36.11:573][  3]CompilerResultsLog:      Creating library C:\Unreal Projects\Top-Down-Puzzle\TopDownPuzzle\Intermediate\Build\Win64\UE4Editor\Development\TopDownPuzzle\UE4Editor-TopDownPuzzle-0520.lib and object C:\Unreal Projects\Top-Down-Puzzle\TopDownPuzzle\Intermediate\Build\Win64\UE4Editor\Development\TopDownPuzzle\UE4Editor-TopDownPuzzle-0520.exp
[2025.04.05-03.36.11:574][  3]CompilerResultsLog:   [2/3] UE4Editor-TopDownPuzzle-0520.dll
[2025.04.05-03.36.11:574][  3]CompilerResultsLog:      Creating library C:\Unreal Projects\Top-Down-Puzzle\TopDownPuzzle\Intermediate\Build\Win64\UE4Editor\Development\TopDownPuzzle\UE4Editor-TopDownPuzzle-0520.suppressed.lib and object C:\Unreal Projects\Top-Down-Puzzle\TopDownPuzzle\Intermediate\Build\Win64\UE4Editor\Development\TopDownPuzzle\UE4Editor-TopDownPuzzle-0520.suppressed.exp
[2025.04.05-03.36.11:574][  3]CompilerResultsLog:   [3/3] TopDownPuzzleEditor.target
[2025.04.05-03.36.11:574][  3]CompilerResultsLog: Total time in Parallel executor: 2.01 seconds
[2025.04.05-03.36.11:574][  3]CompilerResultsLog: Total execution time: 3.53 seconds
[2025.04.05-03.36.11:574][  3]LogMainFrame: MainFrame: Module compiling took 3.669 seconds
[2025.04.05-03.36.11:627][  3]LogHotReload: Re-instancing DoorTrigger after hot-reload.
[2025.04.05-03.36.11:664][  3]LogNativeClassHierarchy: Verbose: Native class hierarchy updated for 'TopDownPuzzle' in 0.0002 seconds. Added 4 classes and 2 folders.
[2025.04.05-03.36.11:682][  3]Display: HotReload successful (2 functions remapped  0 scriptstructs remapped)
[2025.04.05-03.36.11:787][  3]LogNativeClassHierarchy: Verbose: Native class hierarchy populated in 0.0090 seconds. Added 3826 classes and 930 folders.
[2025.04.05-03.36.11:792][  3]Display: HotReload took  3.9s.
[2025.04.05-03.36.14:375][142]LogTemp: Repeating last play command: Selected Viewport
[2025.04.05-03.36.14:385][142]LogPlayLevel: PlayLevel: No blueprints needed recompiling
[2025.04.05-03.36.14:385][142]PIE: New page: PIE session: Level1 (04-Apr-2025, 7:36:14 pm)
[2025.04.05-03.36.14:385][142]LogPlayLevel: Creating play world package: /Game/TopDownCPP/Maps/UEDPIE_0_Level1
[2025.04.05-03.36.14:397][142]LogPlayLevel: PIE: StaticDuplicateObject took: (0.012322s)
[2025.04.05-03.36.14:398][142]LogAIModule: Creating AISystem for world Level1
[2025.04.05-03.36.14:399][142]LogPlayLevel: PIE: World Init took: (0.001391s)
[2025.04.05-03.36.14:399][142]LogPlayLevel: PIE: Created PIE world by copying editor world from /Game/TopDownCPP/Maps/Level1.Level1 to /Game/TopDownCPP/Maps/UEDPIE_0_Level1.Level1 (0.013891s)
[2025.04.05-03.36.14:461][142]LogUObjectHash: Compacting FUObjectHashTables data took   3.75ms
[2025.04.05-03.36.14:461][142]LogAudio: Display: Creating Audio Device:                 Id: 12, Scope: Unique, Realtime: True
[2025.04.05-03.36.14:461][142]LogAudioMixer: Display: Audio Mixer Platform Settings:
[2025.04.05-03.36.14:461][142]LogAudioMixer: Display: 	Sample Rate:						  48000
[2025.04.05-03.36.14:461][142]LogAudioMixer: Display: 	Callback Buffer Frame Size Requested: 1024
[2025.04.05-03.36.14:461][142]LogAudioMixer: Display: 	Callback Buffer Frame Size To Use:	  1024
[2025.04.05-03.36.14:461][142]LogAudioMixer: Display: 	Number of buffers to queue:			  2
[2025.04.05-03.36.14:461][142]LogAudioMixer: Display: 	Max Channels (voices):				  32
[2025.04.05-03.36.14:461][142]LogAudioMixer: Display: 	Number of Async Source Workers:		  0
[2025.04.05-03.36.14:461][142]LogAudio: Display: AudioDevice MaxSources: 32
[2025.04.05-03.36.14:462][142]LogAudio: Display: Audio Spatialization Plugin: None (built-in).
[2025.04.05-03.36.14:462][142]LogAudio: Display: Audio Reverb Plugin: None (built-in).
[2025.04.05-03.36.14:462][142]LogAudio: Display: Audio Occlusion Plugin: None (built-in).
[2025.04.05-03.36.14:462][142]LogAudioMixer: Display: Initializing audio mixer.
[2025.04.05-03.36.14:465][142]LogAudioMixer: Display: 0: FrontLeft
[2025.04.05-03.36.14:465][142]LogAudioMixer: Display: 1: FrontRight
[2025.04.05-03.36.14:480][142]LogAudioMixer: Display: Using Audio Device Headphone (Realtek(R) Audio)
[2025.04.05-03.36.14:480][142]LogAudioMixer: Display: Initializing Sound Submixes...
[2025.04.05-03.36.14:480][142]LogAudioMixer: Display: Creating Master Submix 'MasterSubmixDefault'
[2025.04.05-03.36.14:480][142]LogAudioMixer: Display: Creating Master Submix 'MasterReverbSubmixDefault'
[2025.04.05-03.36.14:480][142]LogAudioMixer: Display: Creating Master Submix 'MasterEQSubmixDefault'
[2025.04.05-03.36.14:480][142]LogAudioMixer: FMixerPlatformXAudio2::StartAudioStream() called
[2025.04.05-03.36.14:480][142]LogAudioMixer: Display: Output buffers initialized: Frames=1024, Channels=2, Samples=2048
[2025.04.05-03.36.14:481][142]LogAudioMixer: Display: Starting AudioMixerPlatformInterface::RunInternal()
[2025.04.05-03.36.14:481][142]LogAudioMixer: Display: FMixerPlatformXAudio2::SubmitBuffer() called for the first time
[2025.04.05-03.36.14:481][142]LogInit: FAudioDevice initialized.
[2025.04.05-03.36.14:481][142]LogAudio: Display: Audio Device (ID: 12) registered with world 'Level1'.
[2025.04.05-03.36.14:486][142]LogLoad: Game class is 'TopDownPuzzleGameMode'
[2025.04.05-03.36.14:488][142]LogWorld: Bringing World /Game/TopDownCPP/Maps/UEDPIE_0_Level1.Level1 up for play (max tick rate 60) at 2025.04.04-23.36.14
[2025.04.05-03.36.14:488][142]LogWorld: Bringing up level for play took: 0.001331
[2025.04.05-03.36.14:489][142]LogOnline: OSS: Creating online subsystem instance for: :Context_19
[2025.04.05-03.36.14:491][142]PIE: Server logged in
[2025.04.05-03.36.14:492][142]PIE: Play in editor total start time 0.111 seconds.
[2025.04.05-03.37.09:927][457]LogSlate: Updating window title bar state: overlay mode, drag disabled, window buttons hidden, title bar hidden
[2025.04.05-03.37.09:927][457]LogWorld: BeginTearingDown for /Game/TopDownCPP/Maps/UEDPIE_0_Level1
[2025.04.05-03.37.09:927][457]LogWorld: UWorld::CleanupWorld for Level1, bSessionEnded=true, bCleanupResources=true
[2025.04.05-03.37.09:927][457]LogSlate: InvalidateAllWidgets triggered.  All widgets were invalidated
[2025.04.05-03.37.09:932][457]LogPlayLevel: Display: Shutting down PIE online subsystems
[2025.04.05-03.37.09:946][457]LogSlate: InvalidateAllWidgets triggered.  All widgets were invalidated
[2025.04.05-03.37.09:968][457]LogAudio: Display: Audio Device unregistered from world 'None'.
[2025.04.05-03.37.09:968][457]LogAudioMixer: FMixerPlatformXAudio2::StopAudioStream() called
[2025.04.05-03.37.09:970][457]LogAudioMixer: FMixerPlatformXAudio2::StopAudioStream() called
[2025.04.05-03.37.09:972][457]LogSlate: Updating window title bar state: overlay mode, drag disabled, window buttons hidden, title bar hidden
[2025.04.05-03.37.09:976][457]LogUObjectHash: Compacting FUObjectHashTables data took   3.47ms
[2025.04.05-03.37.10:000][458]LogPlayLevel: Display: Destroying online subsystem :Context_19
[2025.04.05-03.37.22:739][221]LogEditorViewport: Clicking on Actor (LMB): StaticMeshActor (Floor)
[2025.04.05-03.37.53:419][ 52]Cmd: TRANSACTION UNDO
[2025.04.05-03.37.53:420][ 52]LogEditorTransaction: Undo Edit Soft Source Radius
[2025.04.05-03.37.53:858][ 72]Cmd: TRANSACTION UNDO
[2025.04.05-03.37.53:858][ 72]LogEditorTransaction: Undo Edit Source Radius
[2025.04.05-03.38.00:057][443]Cmd: TRANSACTION UNDO
[2025.04.05-03.38.00:057][443]LogEditorTransaction: Undo Edit Indirect Lighting Intensity
[2025.04.05-03.38.48:025][309]LogEditorViewport: Clicking on Actor (LMB): StaticMeshActor (Floor)
[2025.04.05-03.38.48:585][341]LogEditorViewport: Clicking on Actor (LMB): PointLight (PointLight)
[2025.04.05-03.39.24:349][471]Candidate modules for hot reload:
[2025.04.05-03.39.24:349][471]  TopDownPuzzle
[2025.04.05-03.39.24:350][471]Launching UnrealBuildTool... [C:/Program Files/UE/UE_4.27/Engine/Binaries/DotNET/UnrealBuildTool.exe  -ModuleWithSuffix=TopDownPuzzle,6541 TopDownPuzzleEditor Win64 Development -Project="C:/Unreal Projects/Top-Down-Puzzle/TopDownPuzzle/TopDownPuzzle.uproject" "C:/Unreal Projects/Top-Down-Puzzle/TopDownPuzzle/TopDownPuzzle.uproject"  -IgnoreJunk]
[2025.04.05-03.39.24:354][471]Warning: Starting HotReload took  0.0s.
[2025.04.05-03.39.26:671][601]CompilerResultsLog: New page: Compilation - 04-Apr-2025, 7:39:26 pm
[2025.04.05-03.39.26:671][601]CompilerResultsLog: Using 'git status' to determine working set for adaptive non-unity build (C:\Unreal Projects\Top-Down-Puzzle).
[2025.04.05-03.39.26:671][601]CompilerResultsLog: Building TopDownPuzzleEditor...
[2025.04.05-03.39.26:671][601]CompilerResultsLog: Using Visual Studio 2022 14.43.34808 toolchain (C:\Program Files\Microsoft Visual Studio\2022\Community\VC\Tools\MSVC\14.43.34808) and Windows 10.0.22621.0 SDK (C:\Program Files (x86)\Windows Kits\10).
[2025.04.05-03.39.26:671][601]CompilerResultsLog: Building 3 actions with 8 processes...
[2025.04.05-03.39.26:671][601]CompilerResultsLog:   [1/3] UE4Editor-TopDownPuzzle-6541.lib
[2025.04.05-03.39.26:671][601]CompilerResultsLog:      Creating library C:\Unreal Projects\Top-Down-Puzzle\TopDownPuzzle\Intermediate\Build\Win64\UE4Editor\Development\TopDownPuzzle\UE4Editor-TopDownPuzzle-6541.lib and object C:\Unreal Projects\Top-Down-Puzzle\TopDownPuzzle\Intermediate\Build\Win64\UE4Editor\Development\TopDownPuzzle\UE4Editor-TopDownPuzzle-6541.exp
[2025.04.05-03.39.26:671][601]CompilerResultsLog:   [2/3] UE4Editor-TopDownPuzzle-6541.dll
[2025.04.05-03.39.26:671][601]CompilerResultsLog:      Creating library C:\Unreal Projects\Top-Down-Puzzle\TopDownPuzzle\Intermediate\Build\Win64\UE4Editor\Development\TopDownPuzzle\UE4Editor-TopDownPuzzle-6541.suppressed.lib and object C:\Unreal Projects\Top-Down-Puzzle\TopDownPuzzle\Intermediate\Build\Win64\UE4Editor\Development\TopDownPuzzle\UE4Editor-TopDownPuzzle-6541.suppressed.exp
[2025.04.05-03.39.26:671][601]CompilerResultsLog:   [3/3] TopDownPuzzleEditor.target
[2025.04.05-03.39.26:671][601]CompilerResultsLog: Total time in Parallel executor: 1.01 seconds
[2025.04.05-03.39.26:671][601]CompilerResultsLog: Total execution time: 2.21 seconds
[2025.04.05-03.39.26:671][601]LogMainFrame: MainFrame: Module compiling took 2.328 seconds
[2025.04.05-03.39.26:920][601]LogHotReload: Re-instancing DoorTrigger after hot-reload.
[2025.04.05-03.39.26:944][601]LogNativeClassHierarchy: Verbose: Native class hierarchy updated for 'TopDownPuzzle' in 0.0003 seconds. Added 4 classes and 2 folders.
[2025.04.05-03.39.26:949][601]Display: HotReload successful (2 functions remapped  0 scriptstructs remapped)
[2025.04.05-03.39.27:056][601]LogNativeClassHierarchy: Verbose: Native class hierarchy populated in 0.0090 seconds. Added 3826 classes and 930 folders.
[2025.04.05-03.39.27:060][601]Display: HotReload took  2.7s.
[2025.04.05-03.39.30:154][771]LogEditorViewport: Clicking on Actor (LMB): PointLight (PointLight)
[2025.04.05-03.39.33:913][990]LogUObjectHash: Compacting FUObjectHashTables data took   4.20ms
[2025.04.05-03.39.33:933][990]LogSavePackage: Moving '../../../../../../Unreal Projects/Top-Down-Puzzle/TopDownPuzzle/Saved/Level167B361064F8C6DBC3B9A6CA500DE0276.tmp' to '../../../../../../Unreal Projects/Top-Down-Puzzle/TopDownPuzzle/Content/TopDownCPP/Maps/Level1.umap'
[2025.04.05-03.39.34:132][990]Cmd: OBJ SAVEPACKAGE PACKAGE="/Game/TopDownCPP/Maps/Level1_BuiltData" FILE="../../../../../../Unreal Projects/Top-Down-Puzzle/TopDownPuzzle/Content/TopDownCPP/Maps/Level1_BuiltData.uasset" SILENT=true
[2025.04.05-03.39.34:249][990]LogSavePackage: Moving '../../../../../../Unreal Projects/Top-Down-Puzzle/TopDownPuzzle/Saved/Level1_BuiltData2E2FF0FA43E9B19F738A00A546E73131.tmp' to '../../../../../../Unreal Projects/Top-Down-Puzzle/TopDownPuzzle/Content/TopDownCPP/Maps/Level1_BuiltData.uasset'
[2025.04.05-03.39.34:266][990]AssetCheck: New page: Asset Save: multiple assets
[2025.04.05-03.39.34:266][990]LogContentValidation: Display: Validating MapBuildDataRegistry /Game/TopDownCPP/Maps/Level1_BuiltData.Level1_BuiltData
[2025.04.05-03.39.34:266][990]LogContentValidation: Display: Validating World /Game/TopDownCPP/Maps/Level1.Level1
[2025.04.05-03.39.38:092][217]LogTemp: Repeating last play command: Selected Viewport
[2025.04.05-03.39.38:101][217]LogPlayLevel: PlayLevel: No blueprints needed recompiling
[2025.04.05-03.39.38:101][217]PIE: New page: PIE session: Level1 (04-Apr-2025, 7:39:38 pm)
[2025.04.05-03.39.38:101][217]LogPlayLevel: Creating play world package: /Game/TopDownCPP/Maps/UEDPIE_0_Level1
[2025.04.05-03.39.38:113][217]LogPlayLevel: PIE: StaticDuplicateObject took: (0.011885s)
[2025.04.05-03.39.38:115][217]LogAIModule: Creating AISystem for world Level1
[2025.04.05-03.39.38:115][217]LogPlayLevel: PIE: World Init took: (0.001302s)
[2025.04.05-03.39.38:115][217]LogPlayLevel: PIE: Created PIE world by copying editor world from /Game/TopDownCPP/Maps/Level1.Level1 to /Game/TopDownCPP/Maps/UEDPIE_0_Level1.Level1 (0.013355s)
[2025.04.05-03.39.38:160][217]LogUObjectHash: Compacting FUObjectHashTables data took   3.01ms
[2025.04.05-03.39.38:160][217]LogAudio: Display: Creating Audio Device:                 Id: 13, Scope: Unique, Realtime: True
[2025.04.05-03.39.38:160][217]LogAudioMixer: Display: Audio Mixer Platform Settings:
[2025.04.05-03.39.38:160][217]LogAudioMixer: Display: 	Sample Rate:						  48000
[2025.04.05-03.39.38:160][217]LogAudioMixer: Display: 	Callback Buffer Frame Size Requested: 1024
[2025.04.05-03.39.38:160][217]LogAudioMixer: Display: 	Callback Buffer Frame Size To Use:	  1024
[2025.04.05-03.39.38:160][217]LogAudioMixer: Display: 	Number of buffers to queue:			  2
[2025.04.05-03.39.38:160][217]LogAudioMixer: Display: 	Max Channels (voices):				  32
[2025.04.05-03.39.38:160][217]LogAudioMixer: Display: 	Number of Async Source Workers:		  0
[2025.04.05-03.39.38:160][217]LogAudio: Display: AudioDevice MaxSources: 32
[2025.04.05-03.39.38:162][217]LogAudio: Display: Audio Spatialization Plugin: None (built-in).
[2025.04.05-03.39.38:162][217]LogAudio: Display: Audio Reverb Plugin: None (built-in).
[2025.04.05-03.39.38:162][217]LogAudio: Display: Audio Occlusion Plugin: None (built-in).
[2025.04.05-03.39.38:162][217]LogAudioMixer: Display: Initializing audio mixer.
[2025.04.05-03.39.38:166][217]LogAudioMixer: Display: 0: FrontLeft
[2025.04.05-03.39.38:166][217]LogAudioMixer: Display: 1: FrontRight
[2025.04.05-03.39.38:180][217]LogAudioMixer: Display: Using Audio Device Headphone (Realtek(R) Audio)
[2025.04.05-03.39.38:180][217]LogAudioMixer: Display: Initializing Sound Submixes...
[2025.04.05-03.39.38:180][217]LogAudioMixer: Display: Creating Master Submix 'MasterSubmixDefault'
[2025.04.05-03.39.38:180][217]LogAudioMixer: Display: Creating Master Submix 'MasterReverbSubmixDefault'
[2025.04.05-03.39.38:180][217]LogAudioMixer: Display: Creating Master Submix 'MasterEQSubmixDefault'
[2025.04.05-03.39.38:180][217]LogAudioMixer: FMixerPlatformXAudio2::StartAudioStream() called
[2025.04.05-03.39.38:180][217]LogAudioMixer: Display: Output buffers initialized: Frames=1024, Channels=2, Samples=2048
[2025.04.05-03.39.38:182][217]LogAudioMixer: Display: Starting AudioMixerPlatformInterface::RunInternal()
[2025.04.05-03.39.38:182][217]LogAudioMixer: Display: FMixerPlatformXAudio2::SubmitBuffer() called for the first time
[2025.04.05-03.39.38:182][217]LogInit: FAudioDevice initialized.
[2025.04.05-03.39.38:182][217]LogAudio: Display: Audio Device (ID: 13) registered with world 'Level1'.
[2025.04.05-03.39.38:190][217]LogLoad: Game class is 'TopDownPuzzleGameMode'
[2025.04.05-03.39.38:193][217]LogWorld: Bringing World /Game/TopDownCPP/Maps/UEDPIE_0_Level1.Level1 up for play (max tick rate 60) at 2025.04.04-23.39.38
[2025.04.05-03.39.38:193][217]LogWorld: Bringing up level for play took: 0.001376
[2025.04.05-03.39.38:193][217]LogOnline: OSS: Creating online subsystem instance for: :Context_20
[2025.04.05-03.39.38:196][217]PIE: Server logged in
[2025.04.05-03.39.38:197][217]PIE: Play in editor total start time 0.099 seconds.
[2025.04.05-03.39.41:667][423]LogTemp: Warning: Player entered the door!
[2025.04.05-03.39.45:367][645]LogTemp: Warning: Player entered the door!
[2025.04.05-03.40.09:286][ 74]LogSlate: Updating window title bar state: overlay mode, drag disabled, window buttons hidden, title bar hidden
[2025.04.05-03.40.09:286][ 74]LogWorld: BeginTearingDown for /Game/TopDownCPP/Maps/UEDPIE_0_Level1
[2025.04.05-03.40.09:286][ 74]LogWorld: UWorld::CleanupWorld for Level1, bSessionEnded=true, bCleanupResources=true
[2025.04.05-03.40.09:286][ 74]LogSlate: InvalidateAllWidgets triggered.  All widgets were invalidated
[2025.04.05-03.40.09:296][ 74]LogPlayLevel: Display: Shutting down PIE online subsystems
[2025.04.05-03.40.09:307][ 74]LogSlate: InvalidateAllWidgets triggered.  All widgets were invalidated
[2025.04.05-03.40.09:330][ 74]LogSlate: Updating window title bar state: overlay mode, drag disabled, window buttons hidden, title bar hidden
[2025.04.05-03.40.09:330][ 74]LogAudioMixer: FMixerPlatformXAudio2::StopAudioStream() called
[2025.04.05-03.40.09:332][ 74]LogAudioMixer: FMixerPlatformXAudio2::StopAudioStream() called
[2025.04.05-03.40.09:339][ 74]LogUObjectHash: Compacting FUObjectHashTables data took   3.09ms
[2025.04.05-03.40.09:370][ 75]LogPlayLevel: Display: Destroying online subsystem :Context_20
[2025.04.05-03.40.32:854][479]LogEditorViewport: Clicking on Actor (context menu): StaticMeshActor (Cube40)
[2025.04.05-03.40.34:022][534]LogEditorViewport: Clicking on Actor (context menu): StaticMeshActor (Cube41)
[2025.04.05-03.41.25:357][599]LogTemp: Repeating last play command: Selected Viewport
[2025.04.05-03.41.25:368][599]LogPlayLevel: PlayLevel: No blueprints needed recompiling
[2025.04.05-03.41.25:368][599]PIE: New page: PIE session: Level1 (04-Apr-2025, 7:41:25 pm)
[2025.04.05-03.41.25:368][599]LogPlayLevel: Creating play world package: /Game/TopDownCPP/Maps/UEDPIE_0_Level1
[2025.04.05-03.41.25:381][599]LogPlayLevel: PIE: StaticDuplicateObject took: (0.012406s)
[2025.04.05-03.41.25:382][599]LogAIModule: Creating AISystem for world Level1
[2025.04.05-03.41.25:383][599]LogPlayLevel: PIE: World Init took: (0.001372s)
[2025.04.05-03.41.25:383][599]LogPlayLevel: PIE: Created PIE world by copying editor world from /Game/TopDownCPP/Maps/Level1.Level1 to /Game/TopDownCPP/Maps/UEDPIE_0_Level1.Level1 (0.013947s)
[2025.04.05-03.41.25:410][599]LogUObjectHash: Compacting FUObjectHashTables data took   2.58ms
[2025.04.05-03.41.25:411][599]LogAudio: Display: Creating Audio Device:                 Id: 14, Scope: Unique, Realtime: True
[2025.04.05-03.41.25:411][599]LogAudioMixer: Display: Audio Mixer Platform Settings:
[2025.04.05-03.41.25:411][599]LogAudioMixer: Display: 	Sample Rate:						  48000
[2025.04.05-03.41.25:411][599]LogAudioMixer: Display: 	Callback Buffer Frame Size Requested: 1024
[2025.04.05-03.41.25:411][599]LogAudioMixer: Display: 	Callback Buffer Frame Size To Use:	  1024
[2025.04.05-03.41.25:411][599]LogAudioMixer: Display: 	Number of buffers to queue:			  2
[2025.04.05-03.41.25:411][599]LogAudioMixer: Display: 	Max Channels (voices):				  32
[2025.04.05-03.41.25:411][599]LogAudioMixer: Display: 	Number of Async Source Workers:		  0
[2025.04.05-03.41.25:411][599]LogAudio: Display: AudioDevice MaxSources: 32
[2025.04.05-03.41.25:412][599]LogAudio: Display: Audio Spatialization Plugin: None (built-in).
[2025.04.05-03.41.25:412][599]LogAudio: Display: Audio Reverb Plugin: None (built-in).
[2025.04.05-03.41.25:412][599]LogAudio: Display: Audio Occlusion Plugin: None (built-in).
[2025.04.05-03.41.25:412][599]LogAudioMixer: Display: Initializing audio mixer.
[2025.04.05-03.41.25:415][599]LogAudioMixer: Display: 0: FrontLeft
[2025.04.05-03.41.25:415][599]LogAudioMixer: Display: 1: FrontRight
[2025.04.05-03.41.25:430][599]LogAudioMixer: Display: Using Audio Device Headphone (Realtek(R) Audio)
[2025.04.05-03.41.25:430][599]LogAudioMixer: Display: Initializing Sound Submixes...
[2025.04.05-03.41.25:430][599]LogAudioMixer: Display: Creating Master Submix 'MasterSubmixDefault'
[2025.04.05-03.41.25:430][599]LogAudioMixer: Display: Creating Master Submix 'MasterReverbSubmixDefault'
[2025.04.05-03.41.25:431][599]LogAudioMixer: Display: Creating Master Submix 'MasterEQSubmixDefault'
[2025.04.05-03.41.25:431][599]LogAudioMixer: FMixerPlatformXAudio2::StartAudioStream() called
[2025.04.05-03.41.25:431][599]LogAudioMixer: Display: Output buffers initialized: Frames=1024, Channels=2, Samples=2048
[2025.04.05-03.41.25:432][599]LogAudioMixer: Display: Starting AudioMixerPlatformInterface::RunInternal()
[2025.04.05-03.41.25:432][599]LogAudioMixer: Display: FMixerPlatformXAudio2::SubmitBuffer() called for the first time
[2025.04.05-03.41.25:432][599]LogInit: FAudioDevice initialized.
[2025.04.05-03.41.25:432][599]LogAudio: Display: Audio Device (ID: 14) registered with world 'Level1'.
[2025.04.05-03.41.25:442][599]LogLoad: Game class is 'TopDownPuzzleGameMode'
[2025.04.05-03.41.25:444][599]LogWorld: Bringing World /Game/TopDownCPP/Maps/UEDPIE_0_Level1.Level1 up for play (max tick rate 60) at 2025.04.04-23.41.25
[2025.04.05-03.41.25:445][599]LogWorld: Bringing up level for play took: 0.001481
[2025.04.05-03.41.25:445][599]LogOnline: OSS: Creating online subsystem instance for: :Context_21
[2025.04.05-03.41.25:448][599]PIE: Server logged in
[2025.04.05-03.41.25:448][599]PIE: Play in editor total start time 0.085 seconds.
[2025.04.05-03.41.29:931][864]Cmd: SELECT NONE
[2025.04.05-03.41.31:606][955]LogSlate: Updating window title bar state: overlay mode, drag disabled, window buttons hidden, title bar hidden
[2025.04.05-03.41.31:606][955]LogWorld: BeginTearingDown for /Game/TopDownCPP/Maps/UEDPIE_0_Level1
[2025.04.05-03.41.31:606][955]LogWorld: UWorld::CleanupWorld for Level1, bSessionEnded=true, bCleanupResources=true
[2025.04.05-03.41.31:606][955]LogSlate: InvalidateAllWidgets triggered.  All widgets were invalidated
[2025.04.05-03.41.31:617][955]LogPlayLevel: Display: Shutting down PIE online subsystems
[2025.04.05-03.41.31:631][955]LogSlate: InvalidateAllWidgets triggered.  All widgets were invalidated
[2025.04.05-03.41.31:654][955]LogAudio: Display: Audio Device unregistered from world 'None'.
[2025.04.05-03.41.31:654][955]LogAudioMixer: FMixerPlatformXAudio2::StopAudioStream() called
[2025.04.05-03.41.31:655][955]LogAudioMixer: FMixerPlatformXAudio2::StopAudioStream() called
[2025.04.05-03.41.31:680][955]LogSlate: Updating window title bar state: overlay mode, drag disabled, window buttons hidden, title bar hidden
[2025.04.05-03.41.31:683][955]LogUObjectHash: Compacting FUObjectHashTables data took   2.50ms
[2025.04.05-03.41.31:708][956]LogPlayLevel: Display: Destroying online subsystem :Context_21
[2025.04.05-03.41.58:796][565]LogTemp: Repeating last play command: Selected Viewport
[2025.04.05-03.41.58:806][565]LogPlayLevel: PlayLevel: No blueprints needed recompiling
[2025.04.05-03.41.58:806][565]PIE: New page: PIE session: Level1 (04-Apr-2025, 7:41:58 pm)
[2025.04.05-03.41.58:806][565]LogPlayLevel: Creating play world package: /Game/TopDownCPP/Maps/UEDPIE_0_Level1
[2025.04.05-03.41.58:830][565]LogPlayLevel: PIE: StaticDuplicateObject took: (0.023417s)
[2025.04.05-03.41.58:831][565]LogAIModule: Creating AISystem for world Level1
[2025.04.05-03.41.58:832][565]LogPlayLevel: PIE: World Init took: (0.001348s)
[2025.04.05-03.41.58:832][565]LogPlayLevel: PIE: Created PIE world by copying editor world from /Game/TopDownCPP/Maps/Level1.Level1 to /Game/TopDownCPP/Maps/UEDPIE_0_Level1.Level1 (0.024931s)
[2025.04.05-03.41.58:858][565]LogUObjectHash: Compacting FUObjectHashTables data took   2.48ms
[2025.04.05-03.41.58:885][565]LogAudio: Display: Creating Audio Device:                 Id: 15, Scope: Unique, Realtime: True
[2025.04.05-03.41.58:886][565]LogAudioMixer: Display: Audio Mixer Platform Settings:
[2025.04.05-03.41.58:886][565]LogAudioMixer: Display: 	Sample Rate:						  48000
[2025.04.05-03.41.58:886][565]LogAudioMixer: Display: 	Callback Buffer Frame Size Requested: 1024
[2025.04.05-03.41.58:886][565]LogAudioMixer: Display: 	Callback Buffer Frame Size To Use:	  1024
[2025.04.05-03.41.58:886][565]LogAudioMixer: Display: 	Number of buffers to queue:			  2
[2025.04.05-03.41.58:886][565]LogAudioMixer: Display: 	Max Channels (voices):				  32
[2025.04.05-03.41.58:886][565]LogAudioMixer: Display: 	Number of Async Source Workers:		  0
[2025.04.05-03.41.58:886][565]LogAudio: Display: AudioDevice MaxSources: 32
[2025.04.05-03.41.58:886][565]LogAudio: Display: Audio Spatialization Plugin: None (built-in).
[2025.04.05-03.41.58:886][565]LogAudio: Display: Audio Reverb Plugin: None (built-in).
[2025.04.05-03.41.58:886][565]LogAudio: Display: Audio Occlusion Plugin: None (built-in).
[2025.04.05-03.41.58:886][565]LogAudioMixer: Display: Initializing audio mixer.
[2025.04.05-03.41.58:890][565]LogAudioMixer: Display: 0: FrontLeft
[2025.04.05-03.41.58:890][565]LogAudioMixer: Display: 1: FrontRight
[2025.04.05-03.41.58:905][565]LogAudioMixer: Display: Using Audio Device Headphone (Realtek(R) Audio)
[2025.04.05-03.41.58:905][565]LogAudioMixer: Display: Initializing Sound Submixes...
[2025.04.05-03.41.58:905][565]LogAudioMixer: Display: Creating Master Submix 'MasterSubmixDefault'
[2025.04.05-03.41.58:905][565]LogAudioMixer: Display: Creating Master Submix 'MasterReverbSubmixDefault'
[2025.04.05-03.41.58:905][565]LogAudioMixer: Display: Creating Master Submix 'MasterEQSubmixDefault'
[2025.04.05-03.41.58:905][565]LogAudioMixer: FMixerPlatformXAudio2::StartAudioStream() called
[2025.04.05-03.41.58:906][565]LogAudioMixer: Display: Output buffers initialized: Frames=1024, Channels=2, Samples=2048
[2025.04.05-03.41.58:907][565]LogAudioMixer: Display: Starting AudioMixerPlatformInterface::RunInternal()
[2025.04.05-03.41.58:907][565]LogAudioMixer: Display: FMixerPlatformXAudio2::SubmitBuffer() called for the first time
[2025.04.05-03.41.58:907][565]LogInit: FAudioDevice initialized.
[2025.04.05-03.41.58:907][565]LogAudio: Display: Audio Device (ID: 15) registered with world 'Level1'.
[2025.04.05-03.41.58:916][565]LogLoad: Game class is 'TopDownPuzzleGameMode'
[2025.04.05-03.41.58:918][565]LogWorld: Bringing World /Game/TopDownCPP/Maps/UEDPIE_0_Level1.Level1 up for play (max tick rate 60) at 2025.04.04-23.41.58
[2025.04.05-03.41.58:918][565]LogWorld: Bringing up level for play took: 0.001359
[2025.04.05-03.41.58:919][565]LogOnline: OSS: Creating online subsystem instance for: :Context_22
[2025.04.05-03.41.58:922][565]PIE: Server logged in
[2025.04.05-03.41.58:923][565]PIE: Play in editor total start time 0.119 seconds.
[2025.04.05-03.42.33:920][655]Cmd: SELECT NONE
[2025.04.05-03.42.34:965][716]LogSlate: Updating window title bar state: overlay mode, drag disabled, window buttons hidden, title bar hidden
[2025.04.05-03.42.34:965][716]LogWorld: BeginTearingDown for /Game/TopDownCPP/Maps/UEDPIE_0_Level1
[2025.04.05-03.42.34:966][716]LogWorld: UWorld::CleanupWorld for Level1, bSessionEnded=true, bCleanupResources=true
[2025.04.05-03.42.34:967][716]LogSlate: InvalidateAllWidgets triggered.  All widgets were invalidated
[2025.04.05-03.42.34:974][716]LogPlayLevel: Display: Shutting down PIE online subsystems
[2025.04.05-03.42.34:987][716]LogSlate: InvalidateAllWidgets triggered.  All widgets were invalidated
[2025.04.05-03.42.35:010][716]LogSlate: Updating window title bar state: overlay mode, drag disabled, window buttons hidden, title bar hidden
[2025.04.05-03.42.35:010][716]LogAudioMixer: FMixerPlatformXAudio2::StopAudioStream() called
[2025.04.05-03.42.35:011][716]LogAudioMixer: FMixerPlatformXAudio2::StopAudioStream() called
[2025.04.05-03.42.35:017][716]LogUObjectHash: Compacting FUObjectHashTables data took   2.51ms
[2025.04.05-03.42.35:047][717]LogPlayLevel: Display: Destroying online subsystem :Context_22
[2025.04.05-03.42.58:915][992]BlueprintLog: New page: Compile TopDownCharacter
[2025.04.05-03.42.58:979][992]LogUObjectHash: Compacting FUObjectHashTables data took   2.69ms
[2025.04.05-03.43.00:523][ 53]LogSavePackage: Moving '../../../../../../Unreal Projects/Top-Down-Puzzle/TopDownPuzzle/Saved/TopDownCharacter660A6BC846C56F9D7AD17DB8BFD0145E.tmp' to '../../../../../../Unreal Projects/Top-Down-Puzzle/TopDownPuzzle/Content/TopDownCPP/Blueprints/TopDownCharacter.uasset'
[2025.04.05-03.43.00:548][ 53]AssetCheck: New page: Asset Save: TopDownCharacter
[2025.04.05-03.43.00:548][ 53]LogContentValidation: Display: Validating Blueprint /Game/TopDownCPP/Blueprints/TopDownCharacter.TopDownCharacter
[2025.04.05-03.43.06:049][372]LogTemp: Repeating last play command: Selected Viewport
[2025.04.05-03.43.06:059][372]LogPlayLevel: PlayLevel: No blueprints needed recompiling
[2025.04.05-03.43.06:059][372]PIE: New page: PIE session: Level1 (04-Apr-2025, 7:43:06 pm)
[2025.04.05-03.43.06:059][372]LogPlayLevel: Creating play world package: /Game/TopDownCPP/Maps/UEDPIE_0_Level1
[2025.04.05-03.43.06:072][372]LogPlayLevel: PIE: StaticDuplicateObject took: (0.013205s)
[2025.04.05-03.43.06:074][372]LogAIModule: Creating AISystem for world Level1
[2025.04.05-03.43.06:075][372]LogPlayLevel: PIE: World Init took: (0.002134s)
[2025.04.05-03.43.06:075][372]LogPlayLevel: PIE: Created PIE world by copying editor world from /Game/TopDownCPP/Maps/Level1.Level1 to /Game/TopDownCPP/Maps/UEDPIE_0_Level1.Level1 (0.015559s)
[2025.04.05-03.43.06:100][372]LogUObjectHash: Compacting FUObjectHashTables data took   2.99ms
[2025.04.05-03.43.06:226][372]LogAudio: Display: Creating Audio Device:                 Id: 16, Scope: Unique, Realtime: True
[2025.04.05-03.43.06:227][372]LogAudioMixer: Display: Audio Mixer Platform Settings:
[2025.04.05-03.43.06:227][372]LogAudioMixer: Display: 	Sample Rate:						  48000
[2025.04.05-03.43.06:227][372]LogAudioMixer: Display: 	Callback Buffer Frame Size Requested: 1024
[2025.04.05-03.43.06:227][372]LogAudioMixer: Display: 	Callback Buffer Frame Size To Use:	  1024
[2025.04.05-03.43.06:227][372]LogAudioMixer: Display: 	Number of buffers to queue:			  2
[2025.04.05-03.43.06:227][372]LogAudioMixer: Display: 	Max Channels (voices):				  32
[2025.04.05-03.43.06:227][372]LogAudioMixer: Display: 	Number of Async Source Workers:		  0
[2025.04.05-03.43.06:227][372]LogAudio: Display: AudioDevice MaxSources: 32
[2025.04.05-03.43.06:228][372]LogAudio: Display: Audio Spatialization Plugin: None (built-in).
[2025.04.05-03.43.06:228][372]LogAudio: Display: Audio Reverb Plugin: None (built-in).
[2025.04.05-03.43.06:228][372]LogAudio: Display: Audio Occlusion Plugin: None (built-in).
[2025.04.05-03.43.06:228][372]LogAudioMixer: Display: Initializing audio mixer.
[2025.04.05-03.43.06:244][372]LogAudioMixer: Display: 0: FrontLeft
[2025.04.05-03.43.06:244][372]LogAudioMixer: Display: 1: FrontRight
[2025.04.05-03.43.06:270][372]LogAudioMixer: Display: Using Audio Device Headphone (Realtek(R) Audio)
[2025.04.05-03.43.06:270][372]LogAudioMixer: Display: Initializing Sound Submixes...
[2025.04.05-03.43.06:270][372]LogAudioMixer: Display: Creating Master Submix 'MasterSubmixDefault'
[2025.04.05-03.43.06:270][372]LogAudioMixer: Display: Creating Master Submix 'MasterReverbSubmixDefault'
[2025.04.05-03.43.06:270][372]LogAudioMixer: Display: Creating Master Submix 'MasterEQSubmixDefault'
[2025.04.05-03.43.06:270][372]LogAudioMixer: FMixerPlatformXAudio2::StartAudioStream() called
[2025.04.05-03.43.06:270][372]LogAudioMixer: Display: Output buffers initialized: Frames=1024, Channels=2, Samples=2048
[2025.04.05-03.43.06:271][372]LogAudioMixer: Display: Starting AudioMixerPlatformInterface::RunInternal()
[2025.04.05-03.43.06:271][372]LogAudioMixer: Display: FMixerPlatformXAudio2::SubmitBuffer() called for the first time
[2025.04.05-03.43.06:271][372]LogInit: FAudioDevice initialized.
[2025.04.05-03.43.06:271][372]LogAudio: Display: Audio Device (ID: 16) registered with world 'Level1'.
[2025.04.05-03.43.06:287][372]LogLoad: Game class is 'TopDownPuzzleGameMode'
[2025.04.05-03.43.06:289][372]LogWorld: Bringing World /Game/TopDownCPP/Maps/UEDPIE_0_Level1.Level1 up for play (max tick rate 60) at 2025.04.04-23.43.06
[2025.04.05-03.43.06:289][372]LogWorld: Bringing up level for play took: 0.001418
[2025.04.05-03.43.06:290][372]LogOnline: OSS: Creating online subsystem instance for: :Context_23
[2025.04.05-03.43.06:292][372]PIE: Server logged in
[2025.04.05-03.43.06:293][372]PIE: Play in editor total start time 0.238 seconds.
[2025.04.05-03.43.18:906][126]LogSlate: Updating window title bar state: overlay mode, drag disabled, window buttons hidden, title bar hidden
[2025.04.05-03.43.18:906][126]LogWorld: BeginTearingDown for /Game/TopDownCPP/Maps/UEDPIE_0_Level1
[2025.04.05-03.43.18:907][126]LogWorld: UWorld::CleanupWorld for Level1, bSessionEnded=true, bCleanupResources=true
[2025.04.05-03.43.18:907][126]LogSlate: InvalidateAllWidgets triggered.  All widgets were invalidated
[2025.04.05-03.43.18:915][126]LogPlayLevel: Display: Shutting down PIE online subsystems
[2025.04.05-03.43.18:929][126]LogSlate: InvalidateAllWidgets triggered.  All widgets were invalidated
[2025.04.05-03.43.18:968][126]LogAudio: Display: Audio Device unregistered from world 'None'.
[2025.04.05-03.43.18:968][126]LogAudioMixer: FMixerPlatformXAudio2::StopAudioStream() called
[2025.04.05-03.43.18:969][126]LogAudioMixer: FMixerPlatformXAudio2::StopAudioStream() called
[2025.04.05-03.43.18:973][126]LogSlate: Updating window title bar state: overlay mode, drag disabled, window buttons hidden, title bar hidden
[2025.04.05-03.43.18:976][126]LogUObjectHash: Compacting FUObjectHashTables data took   2.74ms
[2025.04.05-03.43.19:009][127]LogPlayLevel: Display: Destroying online subsystem :Context_23
[2025.04.05-03.43.23:573][398]MapCheck: New page: Map Check
[2025.04.05-03.43.23:586][398]LightingResults: New page: Lighting Build - 04-Apr-2025, 7:43:23 pm
[2025.04.05-03.43.23:642][398]LogSwarmInterface: [OpenConnection] Registering TCP channel ...
[2025.04.05-03.43.23:645][398]LogSwarmInterface: [OpenConnection] Connecting to agent ...
[2025.04.05-03.43.23:645][398]LogSwarmInterface: [TryOpenConnection] Testing the Agent
[2025.04.05-03.43.23:646][398]LogSwarmInterface: [TryOpenConnection] Opening Connection to Agent
[2025.04.05-03.43.23:646][398]LogSwarmInterface: [TryOpenConnection] Local Process ID is 9980
[2025.04.05-03.43.29:138][398]LogStaticLightingSystem: Running Lightmass w/ ImmediateImport mode ENABLED
[2025.04.05-03.43.29:138][398]LogStaticLightingSystem: Running Lightmass w/ ImmediateProcess mode ENABLED
[2025.04.05-03.43.29:138][398]LogStaticLightingSystem: Running Lightmass w/ Sorting mode ENABLED
[2025.04.05-03.43.29:138][398]LogStaticLightingSystem: Running Lightmass w/ Mapping paddings ENABLED
[2025.04.05-03.43.29:138][398]LogStaticLightingSystem: Running Lightmass w/ Mapping debug paddings DISABLED
[2025.04.05-03.43.29:242][398]LogEditorBuildUtils: Build time 0:05
[2025.04.05-03.43.29:248][398]LogShaderCompilers: Display: === FShaderJobCache stats ===
[2025.04.05-03.43.29:248][398]LogShaderCompilers: Display: Total job queries 0, among them cache hits 0 (0.00%)
[2025.04.05-03.43.29:248][398]LogShaderCompilers: Display: Tracking 0 distinct input hashes that result in 0 distinct outputs (0.00%)
[2025.04.05-03.43.29:248][398]LogShaderCompilers: Display: RAM used: 0.00 MB (0.00 GB) of 819.20 MB (0.80 GB) budget. Usage: 0.00%
[2025.04.05-03.43.29:248][398]LogShaderCompilers: Display: ================================================
[2025.04.05-03.43.29:300][399]LogUObjectHash: Compacting FUObjectHashTables data took   2.51ms
[2025.04.05-03.43.34:179][645]Job is a success!
[2025.04.05-03.43.34:283][647]LogVolumetricLightmapImport: Imported Volumetric Lightmap in 0.010s
[2025.04.05-03.43.34:283][647]LogVolumetricLightmapImport:      Indirection Texture 16x16x16 = 0.0Mb
[2025.04.05-03.43.34:283][647]LogVolumetricLightmapImport:      BrickData (all levels) 0.0Mb (trimmed 0.1Mb due to 0.010000 MinBrickError)
[2025.04.05-03.43.34:283][647]LogVolumetricLightmapImport:      Bricks at depth
[2025.04.05-03.43.34:283][647]LogVolumetricLightmapImport:          0: 14.3% covering 100.0% of volume
[2025.04.05-03.43.34:283][647]LogVolumetricLightmapImport:          1: 57.1% covering 6.2% of volume
[2025.04.05-03.43.34:283][647]LogVolumetricLightmapImport:          2: 28.6% covering 0.0% of volume
[2025.04.05-03.43.34:283][647]LogVolumetricLightmapImport:      Bricks in each level
[2025.04.05-03.43.34:283][647]LogVolumetricLightmapImport:          Level1 			 7 bricks 	 100.0% (Persistent Level)
[2025.04.05-03.43.34:679][647]LogTexture: Display: Building textures: SkyOcclusion0_1 (OODLE_AutoDXT, 1024X512)
[2025.04.05-03.43.34:679][647]LogTexture: Display: Building textures: HQ_Lightmap0_1 (OODLE_AutoDXT, 1024X1024)
[2025.04.05-03.43.34:679][647]LogTextureFormatOodle: Display: non-RDO encode 1024 x 512 x 1 to format OODLE_AutoDXT (Oodle OodleTex_BC3) lambda=0 effort=20 
[2025.04.05-03.43.34:679][647]LogTextureFormatOodle: Display: non-RDO encode 1024 x 1024 x 1 to format OODLE_AutoDXT (Oodle OodleTex_BC3) lambda=0 effort=20 
[2025.04.05-03.43.34:679][647]LogTexture: Display: Building textures: SkyOcclusion0_2 (OODLE_AutoDXT, 512X256)
[2025.04.05-03.43.34:679][647]LogTexture: Display: Building textures: LQ_Lightmap_0_1 (OODLE_DXT1, 1024X1024)
[2025.04.05-03.43.34:679][647]LogTexture: Display: Building textures: HQ_Lightmap0_2 (OODLE_AutoDXT, 512X512)
[2025.04.05-03.43.34:679][647]LogTextureFormatOodle: Display: non-RDO encode 1024 x 1024 x 1 to format OODLE_DXT1 (Oodle OodleTex_BC1_WithTransparency) lambda=0 effort=20 
[2025.04.05-03.43.34:679][647]LogTexture: Display: Building textures: LQ_Lightmap_0_2 (OODLE_DXT1, 512X512)
[2025.04.05-03.43.34:679][647]LogTexture: Display: Building textures: SkyOcclusion0_3 (OODLE_AutoDXT, 64X32)
[2025.04.05-03.43.34:679][647]LogTexture: Display: Building textures: HQ_Lightmap0_3 (OODLE_AutoDXT, 64X64)
[2025.04.05-03.43.34:679][647]LogTexture: Display: Building textures: LQ_Lightmap_0_3 (OODLE_DXT1, 64X64)
[2025.04.05-03.43.34:878][647]LogTexture: Display: Building textures: ShadowMapTexture2D_3 (G8, 32X32)
[2025.04.05-03.43.34:931][647]LogTexture: Display: Building textures: ShadowMapTexture2D_2 (BGRA8, 1024X1024)
[2025.04.05-03.43.34:931][647]LogStaticLightingSystem: Level1_BuiltData storing lightmap data for 28 meshes in 3 LightmapResourceClusters (9.3 Meshes per cluster).
[2025.04.05-03.43.34:959][647]Lightmass on LAPTOP-EJ2DB2HV: 4.82 sec total, 185 ms importing, 13 ms setup, 842 ms photons, 3.58 sec processing, 0 ms extra exporting [28/28 mappings]. Threads: 25.1 sec total, 8.65 sec processing.
[2025.04.05-03.43.34:963][647]LogUObjectHash: Compacting FUObjectHashTables data took   2.51ms
[2025.04.05-03.43.34:995][647]LogStaticLightingSystem: Illumination: 11.3 sec (374 ms encoding lightmaps, 231 ms encoding shadowmaps)
[2025.04.05-03.43.34:995][647]LogStaticLightingSystem: Lightmap texture memory:  3.3 MB (3.3 MB streaming, 0.0 MB non-streaming), 6 textures
[2025.04.05-03.43.34:995][647]LogStaticLightingSystem: Shadowmap texture memory: 5.3 MB (5.3 MB streaming, 0.0 MB non-streaming), 2 textures
[2025.04.05-03.43.35:144][647]DumpUnbuiltLightIteractions
[2025.04.05-03.43.35:144][647]Lights with unbuilt interactions: 0
[2025.04.05-03.43.35:144][647]
[2025.04.05-03.43.35:144][647]Primitives with unbuilt interactions: 0
[2025.04.05-03.43.35:243][647]LogTexture: Display: Building textures: NewReflectionComponentTexture1C2275DB4506BBF8D9D185B8BB421FE1 (BGRA8, 128X128)
[2025.04.05-03.43.35:281][648]Cmd: MAP CHECK NOTIFYRESULTS
[2025.04.05-03.43.35:282][648]MapCheck: New page: Level1 - 04-Apr-2025, 7:43:35 pm
[2025.04.05-03.43.35:282][648]MapCheck: Map check complete: 0 Error(s), 0 Warning(s), took 0.634ms to complete.
[2025.04.05-03.43.37:303][768]LogEditorViewport: Clicking on Actor (context menu): StaticMeshActor (Floor)
[2025.04.05-03.43.39:020][865]Cmd: TRANSACTION UNDO
[2025.04.05-03.43.39:021][865]LogEditorTransaction: Undo Clicking on Actors (context menu)
[2025.04.05-03.44.01:844][197]Cmd: EDIT COPY
[2025.04.05-03.44.02:127][214]Cmd: EDIT PASTE
[2025.04.05-03.44.06:276][462]LogEditorViewport: Clicking on Actor (context menu): StaticMeshActor (Floor)
[2025.04.05-03.44.06:344][463]LogEditorViewport: Clicking on Actor (context menu): StaticMeshActor (Floor)
[2025.04.05-03.44.07:652][540]LogEditorViewport: Clicking on Actor (LMB): StaticMeshActor (Floor)
[2025.04.05-03.44.08:369][583]LogEditorViewport: Clicking on Actor (LMB): StaticMeshActor (Floor)
[2025.04.05-03.44.43:345][678]LogEditorViewport: Clicking on Actor (LMB): PointLight (PointLight)
[2025.04.05-03.44.46:196][848]LogEditorViewport: Clicking on Actor (context menu): StaticMeshActor (Cube28)
[2025.04.05-03.44.46:600][869]LogEditorViewport: Clicking on Component (context menu): StaticMeshComponent (StaticMeshComponent0)
[2025.04.05-03.44.58:646][587]Cmd: EDIT COPY
[2025.04.05-03.44.59:430][634]Cmd: EDIT PASTE
[2025.04.05-03.45.06:071][ 32]LogEditorViewport: Clicking on Actor (context menu): StaticMeshActor (Floor)
[2025.04.05-03.45.06:498][ 54]LogEditorViewport: Clicking on Actor (context menu): StaticMeshActor (Cube24)
[2025.04.05-03.45.06:582][ 56]LogEditorViewport: Clicking on Actor (context menu): StaticMeshActor (Floor)
[2025.04.05-03.45.13:852][481]Candidate modules for hot reload:
[2025.04.05-03.45.13:852][481]  TopDownPuzzle
[2025.04.05-03.45.13:853][481]Launching UnrealBuildTool... [C:/Program Files/UE/UE_4.27/Engine/Binaries/DotNET/UnrealBuildTool.exe  -ModuleWithSuffix=TopDownPuzzle,1232 TopDownPuzzleEditor Win64 Development -Project="C:/Unreal Projects/Top-Down-Puzzle/TopDownPuzzle/TopDownPuzzle.uproject" "C:/Unreal Projects/Top-Down-Puzzle/TopDownPuzzle/TopDownPuzzle.uproject"  -IgnoreJunk]
[2025.04.05-03.45.13:857][481]Warning: Starting HotReload took  0.0s.
[2025.04.05-03.45.17:122][663]CompilerResultsLog: New page: Compilation - 04-Apr-2025, 7:45:17 pm
[2025.04.05-03.45.17:122][663]CompilerResultsLog: Using 'git status' to determine working set for adaptive non-unity build (C:\Unreal Projects\Top-Down-Puzzle).
[2025.04.05-03.45.17:122][663]CompilerResultsLog: Building TopDownPuzzleEditor...
[2025.04.05-03.45.17:122][663]CompilerResultsLog: Using Visual Studio 2022 14.43.34808 toolchain (C:\Program Files\Microsoft Visual Studio\2022\Community\VC\Tools\MSVC\14.43.34808) and Windows 10.0.22621.0 SDK (C:\Program Files (x86)\Windows Kits\10).
[2025.04.05-03.45.17:122][663]CompilerResultsLog: Building 3 actions with 8 processes...
[2025.04.05-03.45.17:122][663]CompilerResultsLog:   [1/3] UE4Editor-TopDownPuzzle-1232.lib
[2025.04.05-03.45.17:122][663]CompilerResultsLog:      Creating library C:\Unreal Projects\Top-Down-Puzzle\TopDownPuzzle\Intermediate\Build\Win64\UE4Editor\Development\TopDownPuzzle\UE4Editor-TopDownPuzzle-1232.lib and object C:\Unreal Projects\Top-Down-Puzzle\TopDownPuzzle\Intermediate\Build\Win64\UE4Editor\Development\TopDownPuzzle\UE4Editor-TopDownPuzzle-1232.exp
[2025.04.05-03.45.17:123][663]CompilerResultsLog:   [2/3] UE4Editor-TopDownPuzzle-1232.dll
[2025.04.05-03.45.17:123][663]CompilerResultsLog:      Creating library C:\Unreal Projects\Top-Down-Puzzle\TopDownPuzzle\Intermediate\Build\Win64\UE4Editor\Development\TopDownPuzzle\UE4Editor-TopDownPuzzle-1232.suppressed.lib and object C:\Unreal Projects\Top-Down-Puzzle\TopDownPuzzle\Intermediate\Build\Win64\UE4Editor\Development\TopDownPuzzle\UE4Editor-TopDownPuzzle-1232.suppressed.exp
[2025.04.05-03.45.17:123][663]CompilerResultsLog:   [3/3] TopDownPuzzleEditor.target
[2025.04.05-03.45.17:123][663]CompilerResultsLog: Total time in Parallel executor: 1.71 seconds
[2025.04.05-03.45.17:123][663]CompilerResultsLog: Total execution time: 3.13 seconds
[2025.04.05-03.45.17:123][663]LogMainFrame: MainFrame: Module compiling took 3.276 seconds
[2025.04.05-03.45.17:214][663]LogHotReload: Re-instancing DoorTrigger after hot-reload.
[2025.04.05-03.45.17:241][663]LogNativeClassHierarchy: Verbose: Native class hierarchy updated for 'TopDownPuzzle' in 0.0004 seconds. Added 4 classes and 2 folders.
[2025.04.05-03.45.17:248][663]Display: HotReload successful (2 functions remapped  0 scriptstructs remapped)
[2025.04.05-03.45.17:372][663]LogNativeClassHierarchy: Verbose: Native class hierarchy populated in 0.0121 seconds. Added 3826 classes and 930 folders.
[2025.04.05-03.45.17:379][663]Display: HotReload took  3.6s.
[2025.04.05-03.45.18:632][717]LogTemp: Repeating last play command: Selected Viewport
[2025.04.05-03.45.18:643][717]LogPlayLevel: PlayLevel: No blueprints needed recompiling
[2025.04.05-03.45.18:643][717]PIE: New page: PIE session: Level1 (04-Apr-2025, 7:45:18 pm)
[2025.04.05-03.45.18:671][717]LogPlayLevel: Creating play world package: /Game/TopDownCPP/Maps/UEDPIE_0_Level1
[2025.04.05-03.45.18:683][717]LogPlayLevel: PIE: StaticDuplicateObject took: (0.012135s)
[2025.04.05-03.45.18:684][717]LogAIModule: Creating AISystem for world Level1
[2025.04.05-03.45.18:685][717]LogPlayLevel: PIE: World Init took: (0.001231s)
[2025.04.05-03.45.18:685][717]LogPlayLevel: PIE: Created PIE world by copying editor world from /Game/TopDownCPP/Maps/Level1.Level1 to /Game/TopDownCPP/Maps/UEDPIE_0_Level1.Level1 (0.013541s)
[2025.04.05-03.45.19:428][717]LogUObjectHash: Compacting FUObjectHashTables data took   4.33ms
[2025.04.05-03.45.19:429][717]LogAudio: Display: Creating Audio Device:                 Id: 17, Scope: Unique, Realtime: True
[2025.04.05-03.45.19:429][717]LogAudioMixer: Display: Audio Mixer Platform Settings:
[2025.04.05-03.45.19:429][717]LogAudioMixer: Display: 	Sample Rate:						  48000
[2025.04.05-03.45.19:429][717]LogAudioMixer: Display: 	Callback Buffer Frame Size Requested: 1024
[2025.04.05-03.45.19:429][717]LogAudioMixer: Display: 	Callback Buffer Frame Size To Use:	  1024
[2025.04.05-03.45.19:429][717]LogAudioMixer: Display: 	Number of buffers to queue:			  2
[2025.04.05-03.45.19:429][717]LogAudioMixer: Display: 	Max Channels (voices):				  32
[2025.04.05-03.45.19:429][717]LogAudioMixer: Display: 	Number of Async Source Workers:		  0
[2025.04.05-03.45.19:429][717]LogAudio: Display: AudioDevice MaxSources: 32
[2025.04.05-03.45.19:429][717]LogAudio: Display: Audio Spatialization Plugin: None (built-in).
[2025.04.05-03.45.19:429][717]LogAudio: Display: Audio Reverb Plugin: None (built-in).
[2025.04.05-03.45.19:429][717]LogAudio: Display: Audio Occlusion Plugin: None (built-in).
[2025.04.05-03.45.19:429][717]LogAudioMixer: Display: Initializing audio mixer.
[2025.04.05-03.45.19:434][717]LogAudioMixer: Display: 0: FrontLeft
[2025.04.05-03.45.19:434][717]LogAudioMixer: Display: 1: FrontRight
[2025.04.05-03.45.19:850][717]LogAudioMixer: Display: Using Audio Device Headphone (Realtek(R) Audio)
[2025.04.05-03.45.19:850][717]LogAudioMixer: Display: Initializing Sound Submixes...
[2025.04.05-03.45.19:850][717]LogAudioMixer: Display: Creating Master Submix 'MasterSubmixDefault'
[2025.04.05-03.45.19:850][717]LogAudioMixer: Display: Creating Master Submix 'MasterReverbSubmixDefault'
[2025.04.05-03.45.19:850][717]LogAudioMixer: Display: Creating Master Submix 'MasterEQSubmixDefault'
[2025.04.05-03.45.19:850][717]LogAudioMixer: FMixerPlatformXAudio2::StartAudioStream() called
[2025.04.05-03.45.19:850][717]LogAudioMixer: Display: Output buffers initialized: Frames=1024, Channels=2, Samples=2048
[2025.04.05-03.45.19:851][717]LogAudioMixer: Display: Starting AudioMixerPlatformInterface::RunInternal()
[2025.04.05-03.45.19:851][717]LogAudioMixer: Display: FMixerPlatformXAudio2::SubmitBuffer() called for the first time
[2025.04.05-03.45.19:851][717]LogInit: FAudioDevice initialized.
[2025.04.05-03.45.19:852][717]LogAudio: Display: Audio Device (ID: 17) registered with world 'Level1'.
[2025.04.05-03.45.19:857][717]LogLoad: Game class is 'TopDownPuzzleGameMode'
[2025.04.05-03.45.19:859][717]LogWorld: Bringing World /Game/TopDownCPP/Maps/UEDPIE_0_Level1.Level1 up for play (max tick rate 60) at 2025.04.04-23.45.19
[2025.04.05-03.45.19:859][717]LogWorld: Bringing up level for play took: 0.001337
[2025.04.05-03.45.19:859][717]LogOnline: OSS: Creating online subsystem instance for: :Context_24
[2025.04.05-03.45.19:929][717]PIE: Server logged in
[2025.04.05-03.45.19:930][717]PIE: Play in editor total start time 1.291 seconds.
[2025.04.05-03.45.58:195][  3]LogSlate: Updating window title bar state: overlay mode, drag disabled, window buttons hidden, title bar hidden
[2025.04.05-03.45.58:195][  3]LogWorld: BeginTearingDown for /Game/TopDownCPP/Maps/UEDPIE_0_Level1
[2025.04.05-03.45.58:195][  3]LogWorld: UWorld::CleanupWorld for Level1, bSessionEnded=true, bCleanupResources=true
[2025.04.05-03.45.58:196][  3]LogSlate: InvalidateAllWidgets triggered.  All widgets were invalidated
[2025.04.05-03.45.58:216][  3]LogPlayLevel: Display: Shutting down PIE online subsystems
[2025.04.05-03.45.58:234][  3]LogSlate: InvalidateAllWidgets triggered.  All widgets were invalidated
[2025.04.05-03.45.58:256][  3]LogAudio: Display: Audio Device unregistered from world 'None'.
[2025.04.05-03.45.58:256][  3]LogAudioMixer: FMixerPlatformXAudio2::StopAudioStream() called
[2025.04.05-03.45.58:257][  3]LogAudioMixer: FMixerPlatformXAudio2::StopAudioStream() called
[2025.04.05-03.45.58:260][  3]LogSlate: Updating window title bar state: overlay mode, drag disabled, window buttons hidden, title bar hidden
[2025.04.05-03.45.58:265][  3]LogUObjectHash: Compacting FUObjectHashTables data took   3.54ms
[2025.04.05-03.45.58:315][  4]LogPlayLevel: Display: Destroying online subsystem :Context_24
[2025.04.05-03.46.08:667][619]LogUObjectHash: Compacting FUObjectHashTables data took   2.57ms
[2025.04.05-03.46.08:690][619]LogSavePackage: Moving '../../../../../../Unreal Projects/Top-Down-Puzzle/TopDownPuzzle/Saved/Level10CCD6A404A83B8CA12E528A02170A2A1.tmp' to '../../../../../../Unreal Projects/Top-Down-Puzzle/TopDownPuzzle/Content/TopDownCPP/Maps/Level1.umap'
[2025.04.05-03.46.08:708][619]Cmd: OBJ SAVEPACKAGE PACKAGE="/Game/TopDownCPP/Maps/Level1_BuiltData" FILE="../../../../../../Unreal Projects/Top-Down-Puzzle/TopDownPuzzle/Content/TopDownCPP/Maps/Level1_BuiltData.uasset" SILENT=true
[2025.04.05-03.46.08:837][619]LogSavePackage: Moving '../../../../../../Unreal Projects/Top-Down-Puzzle/TopDownPuzzle/Saved/Level1_BuiltData0A66E55649994A56724FDD9B27CC6EC1.tmp' to '../../../../../../Unreal Projects/Top-Down-Puzzle/TopDownPuzzle/Content/TopDownCPP/Maps/Level1_BuiltData.uasset'
[2025.04.05-03.46.08:856][619]AssetCheck: New page: Asset Save: multiple assets
[2025.04.05-03.46.08:856][619]LogContentValidation: Display: Validating MapBuildDataRegistry /Game/TopDownCPP/Maps/Level1_BuiltData.Level1_BuiltData
[2025.04.05-03.46.08:856][619]LogContentValidation: Display: Validating World /Game/TopDownCPP/Maps/Level1.Level1
[2025.04.05-03.46.31:350][903]LogUObjectHash: Compacting FUObjectHashTables data took   1.82ms
[2025.04.05-03.46.31:696][903]LogAssetEditorSubsystem: Opening Asset editor for World /Game/TopDownCPP/Maps/Tutorial1.Tutorial1
[2025.04.05-03.46.31:698][903]Cmd: MAP LOAD FILE="../../../../../../Unreal Projects/Top-Down-Puzzle/TopDownPuzzle/Content/TopDownCPP/Maps/Tutorial1.umap" TEMPLATE=0 SHOWPROGRESS=1 FEATURELEVEL=3
[2025.04.05-03.46.31:709][903]LightingResults: New page: Lighting Build
[2025.04.05-03.46.31:710][903]LoadErrors: New page: Loading map: Tutorial1.umap
[2025.04.05-03.46.31:899][903]LogWorld: UWorld::CleanupWorld for Level1, bSessionEnded=true, bCleanupResources=true
[2025.04.05-03.46.31:899][903]LogSlate: InvalidateAllWidgets triggered.  All widgets were invalidated
[2025.04.05-03.46.31:899][903]MapCheck: New page: Map Check
[2025.04.05-03.46.31:899][903]LightingResults: New page: Lighting Build
[2025.04.05-03.46.31:939][903]LogAudio: Display: Audio Device unregistered from world 'None'.
[2025.04.05-03.46.32:267][903]LogUObjectHash: Compacting FUObjectHashTables data took  12.00ms
[2025.04.05-03.46.32:321][903]LogAudio: Display: Audio Device (ID: 1) registered with world 'Tutorial1'.
[2025.04.05-03.46.32:354][903]LogEditorServer: Finished looking for orphan Actors (0.001 secs)
[2025.04.05-03.46.32:354][903]LogAIModule: Creating AISystem for world Tutorial1
[2025.04.05-03.46.32:429][903]LogUObjectHash: Compacting FUObjectHashTables data took   2.71ms
[2025.04.05-03.46.32:443][903]Cmd: MAP CHECKDEP NOCLEARLOG
[2025.04.05-03.46.32:443][903]MapCheck: Map check complete: 0 Error(s), 0 Warning(s), took 0.169ms to complete.
[2025.04.05-03.46.32:443][903]LogFileHelpers: Loading map 'Tutorial1' took 0.746
[2025.04.05-03.46.57:390][218]LogVSAccessor: Warning: Couldn't open file 'C:/Unreal Projects/Top-Down-Puzzle/TopDownPuzzle/Source/TopDownPuzzle/DoorTrigger.cpp'.
[2025.04.05-03.46.59:997][218]LogVSAccessor: Warning: Couldn't goto line number '1' in 'C:/Unreal Projects/Top-Down-Puzzle/TopDownPuzzle/Source/TopDownPuzzle/DoorTrigger.cpp'
[2025.04.05-03.48.10:981][611]Candidate modules for hot reload:
[2025.04.05-03.48.10:981][611]  TopDownPuzzle
[2025.04.05-03.48.10:982][611]Launching UnrealBuildTool... [C:/Program Files/UE/UE_4.27/Engine/Binaries/DotNET/UnrealBuildTool.exe  -ModuleWithSuffix=TopDownPuzzle,1128 TopDownPuzzleEditor Win64 Development -Project="C:/Unreal Projects/Top-Down-Puzzle/TopDownPuzzle/TopDownPuzzle.uproject" "C:/Unreal Projects/Top-Down-Puzzle/TopDownPuzzle/TopDownPuzzle.uproject"  -IgnoreJunk]
[2025.04.05-03.48.10:986][611]Warning: Starting HotReload took  0.1s.
[2025.04.05-03.48.22:998][310]CompilerResultsLog: New page: Compilation - 04-Apr-2025, 7:48:22 pm
[2025.04.05-03.48.22:998][310]CompilerResultsLog: Using 'git status' to determine working set for adaptive non-unity build (C:\Unreal Projects\Top-Down-Puzzle).
[2025.04.05-03.48.22:998][310]CompilerResultsLog: Building TopDownPuzzleEditor...
[2025.04.05-03.48.22:998][310]CompilerResultsLog: Using Visual Studio 2022 14.43.34808 toolchain (C:\Program Files\Microsoft Visual Studio\2022\Community\VC\Tools\MSVC\14.43.34808) and Windows 10.0.22621.0 SDK (C:\Program Files (x86)\Windows Kits\10).
[2025.04.05-03.48.22:998][310]CompilerResultsLog: Building 4 actions with 8 processes...
[2025.04.05-03.48.22:998][310]CompilerResultsLog:   [1/4] DoorTrigger.cpp
[2025.04.05-03.48.22:998][310]CompilerResultsLog:   [2/4] UE4Editor-TopDownPuzzle-1128.lib
[2025.04.05-03.48.22:998][310]CompilerResultsLog:      Creating library C:\Unreal Projects\Top-Down-Puzzle\TopDownPuzzle\Intermediate\Build\Win64\UE4Editor\Development\TopDownPuzzle\UE4Editor-TopDownPuzzle-1128.lib and object C:\Unreal Projects\Top-Down-Puzzle\TopDownPuzzle\Intermediate\Build\Win64\UE4Editor\Development\TopDownPuzzle\UE4Editor-TopDownPuzzle-1128.exp
[2025.04.05-03.48.22:998][310]CompilerResultsLog:   [3/4] UE4Editor-TopDownPuzzle-1128.dll
[2025.04.05-03.48.22:998][310]CompilerResultsLog:      Creating library C:\Unreal Projects\Top-Down-Puzzle\TopDownPuzzle\Intermediate\Build\Win64\UE4Editor\Development\TopDownPuzzle\UE4Editor-TopDownPuzzle-1128.suppressed.lib and object C:\Unreal Projects\Top-Down-Puzzle\TopDownPuzzle\Intermediate\Build\Win64\UE4Editor\Development\TopDownPuzzle\UE4Editor-TopDownPuzzle-1128.suppressed.exp
[2025.04.05-03.48.22:998][310]CompilerResultsLog:   [4/4] TopDownPuzzleEditor.target
[2025.04.05-03.48.22:998][310]CompilerResultsLog: Total time in Parallel executor: 8.82 seconds
[2025.04.05-03.48.22:998][310]CompilerResultsLog: Total execution time: 11.54 seconds
[2025.04.05-03.48.22:998][310]LogMainFrame: MainFrame: Module compiling took 12.023 seconds
[2025.04.05-03.48.23:950][310]LogHotReload: Re-instancing DoorTrigger after hot-reload.
[2025.04.05-03.48.23:975][310]LogNativeClassHierarchy: Verbose: Native class hierarchy updated for 'TopDownPuzzle' in 0.0003 seconds. Added 4 classes and 2 folders.
[2025.04.05-03.48.23:980][310]Display: HotReload successful (2 functions remapped  0 scriptstructs remapped)
[2025.04.05-03.48.24:099][310]LogNativeClassHierarchy: Verbose: Native class hierarchy populated in 0.0197 seconds. Added 3826 classes and 930 folders.
[2025.04.05-03.48.24:106][310]Display: HotReload took 13.2s.
[2025.04.05-03.48.37:399][ 84]LogTemp: Repeating last play command: Selected Viewport
[2025.04.05-03.48.37:408][ 84]LogPlayLevel: PlayLevel: No blueprints needed recompiling
[2025.04.05-03.48.37:408][ 84]PIE: New page: PIE session: Tutorial1 (04-Apr-2025, 7:48:37 pm)
[2025.04.05-03.48.37:408][ 84]LogPlayLevel: Creating play world package: /Game/TopDownCPP/Maps/UEDPIE_0_Tutorial1
[2025.04.05-03.48.37:447][ 84]LogPlayLevel: PIE: StaticDuplicateObject took: (0.038484s)
[2025.04.05-03.48.37:500][ 84]LogAIModule: Creating AISystem for world Tutorial1
[2025.04.05-03.48.37:500][ 84]LogPlayLevel: PIE: World Init took: (0.035048s)
[2025.04.05-03.48.37:500][ 84]LogPlayLevel: PIE: Created PIE world by copying editor world from /Game/TopDownCPP/Maps/Tutorial1.Tutorial1 to /Game/TopDownCPP/Maps/UEDPIE_0_Tutorial1.Tutorial1 (0.091977s)
[2025.04.05-03.48.37:594][ 84]LogUObjectHash: Compacting FUObjectHashTables data took   4.11ms
[2025.04.05-03.48.37:596][ 84]LogAudio: Display: Creating Audio Device:                 Id: 18, Scope: Unique, Realtime: True
[2025.04.05-03.48.37:596][ 84]LogAudioMixer: Display: Audio Mixer Platform Settings:
[2025.04.05-03.48.37:596][ 84]LogAudioMixer: Display: 	Sample Rate:						  48000
[2025.04.05-03.48.37:596][ 84]LogAudioMixer: Display: 	Callback Buffer Frame Size Requested: 1024
[2025.04.05-03.48.37:596][ 84]LogAudioMixer: Display: 	Callback Buffer Frame Size To Use:	  1024
[2025.04.05-03.48.37:596][ 84]LogAudioMixer: Display: 	Number of buffers to queue:			  2
[2025.04.05-03.48.37:596][ 84]LogAudioMixer: Display: 	Max Channels (voices):				  32
[2025.04.05-03.48.37:596][ 84]LogAudioMixer: Display: 	Number of Async Source Workers:		  0
[2025.04.05-03.48.37:596][ 84]LogAudio: Display: AudioDevice MaxSources: 32
[2025.04.05-03.48.37:596][ 84]LogAudio: Display: Audio Spatialization Plugin: None (built-in).
[2025.04.05-03.48.37:596][ 84]LogAudio: Display: Audio Reverb Plugin: None (built-in).
[2025.04.05-03.48.37:596][ 84]LogAudio: Display: Audio Occlusion Plugin: None (built-in).
[2025.04.05-03.48.37:596][ 84]LogAudioMixer: Display: Initializing audio mixer.
[2025.04.05-03.48.37:602][ 84]LogAudioMixer: Display: 0: FrontLeft
[2025.04.05-03.48.37:602][ 84]LogAudioMixer: Display: 1: FrontRight
[2025.04.05-03.48.37:616][ 84]LogAudioMixer: Display: Using Audio Device Headphone (Realtek(R) Audio)
[2025.04.05-03.48.37:616][ 84]LogAudioMixer: Display: Initializing Sound Submixes...
[2025.04.05-03.48.37:616][ 84]LogAudioMixer: Display: Creating Master Submix 'MasterSubmixDefault'
[2025.04.05-03.48.37:616][ 84]LogAudioMixer: Display: Creating Master Submix 'MasterReverbSubmixDefault'
[2025.04.05-03.48.37:616][ 84]LogAudioMixer: Display: Creating Master Submix 'MasterEQSubmixDefault'
[2025.04.05-03.48.37:616][ 84]LogAudioMixer: FMixerPlatformXAudio2::StartAudioStream() called
[2025.04.05-03.48.37:616][ 84]LogAudioMixer: Display: Output buffers initialized: Frames=1024, Channels=2, Samples=2048
[2025.04.05-03.48.37:617][ 84]LogAudioMixer: Display: Starting AudioMixerPlatformInterface::RunInternal()
[2025.04.05-03.48.37:617][ 84]LogAudioMixer: Display: FMixerPlatformXAudio2::SubmitBuffer() called for the first time
[2025.04.05-03.48.37:617][ 84]LogInit: FAudioDevice initialized.
[2025.04.05-03.48.37:617][ 84]LogAudio: Display: Audio Device (ID: 18) registered with world 'Tutorial1'.
[2025.04.05-03.48.37:625][ 84]LogLoad: Game class is 'TopDownPuzzleGameMode'
[2025.04.05-03.48.37:632][ 84]LogWorld: Bringing World /Game/TopDownCPP/Maps/UEDPIE_0_Tutorial1.Tutorial1 up for play (max tick rate 60) at 2025.04.04-23.48.37
[2025.04.05-03.48.37:633][ 84]LogWorld: Bringing up level for play took: 0.006949
[2025.04.05-03.48.37:633][ 84]LogOnline: OSS: Creating online subsystem instance for: :Context_25
[2025.04.05-03.48.37:636][ 84]PIE: Server logged in
[2025.04.05-03.48.37:636][ 84]PIE: Play in editor total start time 0.232 seconds.
[2025.04.05-03.48.40:425][251]LogTemp: Warning: Player entered the door!
[2025.04.05-03.48.40:442][252]LogNet: Browse: /Game/TopDownCPP/Maps/Level1
[2025.04.05-03.48.40:459][252]LogLoad: LoadMap: /Game/TopDownCPP/Maps/Level1
[2025.04.05-03.48.40:459][252]LogWorld: BeginTearingDown for /Game/TopDownCPP/Maps/UEDPIE_0_Tutorial1
[2025.04.05-03.48.40:459][252]LogWorld: UWorld::CleanupWorld for Tutorial1, bSessionEnded=true, bCleanupResources=true
[2025.04.05-03.48.40:460][252]LogSlate: InvalidateAllWidgets triggered.  All widgets were invalidated
[2025.04.05-03.48.40:488][252]LogAudio: Display: Audio Device unregistered from world 'None'.
[2025.04.05-03.48.40:509][252]LogUObjectHash: Compacting FUObjectHashTables data took   2.98ms
[2025.04.05-03.48.40:671][252]LogAudio: Display: Audio Device (ID: 18) registered with world 'Level1'.
[2025.04.05-03.48.40:716][252]LogAIModule: Creating AISystem for world Level1
[2025.04.05-03.48.40:716][252]LogLoad: Game class is 'TopDownPuzzleGameMode'
[2025.04.05-03.48.40:876][252]LogWorld: Bringing World /Game/TopDownCPP/Maps/UEDPIE_0_Level1.Level1 up for play (max tick rate 60) at 2025.04.04-23.48.40
[2025.04.05-03.48.40:876][252]LogWorld: Bringing up level for play took: 0.158685
[2025.04.05-03.48.40:881][252]LogLoad: Took 0.422444 seconds to LoadMap(/Game/TopDownCPP/Maps/Level1)
[2025.04.05-03.48.50:997][854]LogTemp: Warning: Player entered the door!
[2025.04.05-03.48.51:013][855]LogNet: Browse: /Game/TopDownCPP/Maps/Level1
[2025.04.05-03.48.51:013][855]LogLoad: LoadMap: /Game/TopDownCPP/Maps/Level1
[2025.04.05-03.48.51:013][855]LogWorld: BeginTearingDown for /Game/TopDownCPP/Maps/UEDPIE_0_Level1
[2025.04.05-03.48.51:014][855]LogWorld: UWorld::CleanupWorld for Level1, bSessionEnded=true, bCleanupResources=true
[2025.04.05-03.48.51:014][855]LogSlate: InvalidateAllWidgets triggered.  All widgets were invalidated
[2025.04.05-03.48.51:049][855]LogAudio: Display: Audio Device unregistered from world 'None'.
[2025.04.05-03.48.51:053][855]LogUObjectHash: Compacting FUObjectHashTables data took   2.94ms
[2025.04.05-03.48.51:085][855]LogAudio: Display: Audio Device (ID: 18) registered with world 'Level1'.
[2025.04.05-03.48.51:086][855]LogAIModule: Creating AISystem for world Level1
[2025.04.05-03.48.51:086][855]LogLoad: Game class is 'TopDownPuzzleGameMode'
[2025.04.05-03.48.51:129][855]LogWorld: Bringing World /Game/TopDownCPP/Maps/UEDPIE_0_Level1.Level1 up for play (max tick rate 60) at 2025.04.04-23.48.51
[2025.04.05-03.48.51:129][855]LogWorld: Bringing up level for play took: 0.041921
[2025.04.05-03.48.51:131][855]LogLoad: Took 0.117568 seconds to LoadMap(/Game/TopDownCPP/Maps/Level1)
[2025.04.05-03.48.54:624][ 57]LogSlate: Updating window title bar state: overlay mode, drag disabled, window buttons hidden, title bar hidden
[2025.04.05-03.48.54:624][ 57]LogWorld: BeginTearingDown for /Game/TopDownCPP/Maps/UEDPIE_0_Level1
[2025.04.05-03.48.54:625][ 57]LogWorld: UWorld::CleanupWorld for Level1, bSessionEnded=true, bCleanupResources=true
[2025.04.05-03.48.54:625][ 57]LogSlate: InvalidateAllWidgets triggered.  All widgets were invalidated
[2025.04.05-03.48.54:633][ 57]LogPlayLevel: Display: Shutting down PIE online subsystems
[2025.04.05-03.48.54:648][ 57]LogSlate: InvalidateAllWidgets triggered.  All widgets were invalidated
[2025.04.05-03.48.54:690][ 57]LogSlate: Updating window title bar state: overlay mode, drag disabled, window buttons hidden, title bar hidden
[2025.04.05-03.48.54:690][ 57]LogAudioMixer: FMixerPlatformXAudio2::StopAudioStream() called
[2025.04.05-03.48.54:692][ 57]LogAudioMixer: FMixerPlatformXAudio2::StopAudioStream() called
[2025.04.05-03.48.54:698][ 57]LogUObjectHash: Compacting FUObjectHashTables data took   2.45ms
[2025.04.05-03.48.54:724][ 58]LogPlayLevel: Display: Destroying online subsystem :Context_25
[2025.04.05-03.55.28:612][177]LogUObjectHash: Compacting FUObjectHashTables data took   2.89ms
[2025.04.05-03.55.28:670][177]LogAssetEditorSubsystem: Opening Asset editor for World /Game/TopDownCPP/Maps/Level1.Level1
[2025.04.05-03.55.28:670][177]Cmd: MAP LOAD FILE="../../../../../../Unreal Projects/Top-Down-Puzzle/TopDownPuzzle/Content/TopDownCPP/Maps/Level1.umap" TEMPLATE=0 SHOWPROGRESS=1 FEATURELEVEL=3
[2025.04.05-03.55.28:670][177]LightingResults: New page: Lighting Build
[2025.04.05-03.55.28:670][177]LoadErrors: New page: Loading map: Level1.umap
[2025.04.05-03.55.28:714][177]LogWorld: UWorld::CleanupWorld for Tutorial1, bSessionEnded=true, bCleanupResources=true
[2025.04.05-03.55.28:714][177]LogSlate: InvalidateAllWidgets triggered.  All widgets were invalidated
[2025.04.05-03.55.28:714][177]MapCheck: New page: Map Check
[2025.04.05-03.55.28:714][177]LightingResults: New page: Lighting Build
[2025.04.05-03.55.28:740][177]LogAudio: Display: Audio Device unregistered from world 'None'.
[2025.04.05-03.55.28:745][177]LogUObjectHash: Compacting FUObjectHashTables data took   2.73ms
[2025.04.05-03.55.28:746][177]LogAudio: Display: Audio Device (ID: 1) registered with world 'Level1'.
[2025.04.05-03.55.28:760][177]LogEditorServer: Finished looking for orphan Actors (0.000 secs)
[2025.04.05-03.55.28:760][177]LogAIModule: Creating AISystem for world Level1
[2025.04.05-03.55.28:838][177]LogUObjectHash: Compacting FUObjectHashTables data took   2.90ms
[2025.04.05-03.55.28:889][177]Cmd: MAP CHECKDEP NOCLEARLOG
[2025.04.05-03.55.28:889][177]MapCheck: Map check complete: 0 Error(s), 0 Warning(s), took 0.733ms to complete.
[2025.04.05-03.55.28:889][177]LogFileHelpers: Loading map 'Level1' took 0.220
[2025.04.05-03.55.33:003][392]LogVSAccessor: Warning: Couldn't goto line number '1' in 'C:/Unreal Projects/Top-Down-Puzzle/TopDownPuzzle/Source/TopDownPuzzle/DoorTrigger.h'
[2025.04.05-04.38.52:185][236]LogUObjectHash: Compacting FUObjectHashTables data took   0.93ms
[2025.04.05-04.38.52:470][236]LogSavePackage: Moving '../../../../../../Unreal Projects/Top-Down-Puzzle/TopDownPuzzle/Saved/Level1BAF1C941498418E91CAEA29C4539A920.tmp' to '../../../../../../Unreal Projects/Top-Down-Puzzle/TopDownPuzzle/Content/TopDownCPP/Maps/Level1.umap'
[2025.04.05-04.38.52:513][236]Cmd: OBJ SAVEPACKAGE PACKAGE="/Game/TopDownCPP/Maps/Level1_BuiltData" FILE="../../../../../../Unreal Projects/Top-Down-Puzzle/TopDownPuzzle/Content/TopDownCPP/Maps/Level1_BuiltData.uasset" SILENT=true
[2025.04.05-04.38.52:690][236]LogSavePackage: Moving '../../../../../../Unreal Projects/Top-Down-Puzzle/TopDownPuzzle/Saved/Level1_BuiltData4AC2C8B94499F299BF9EE4B766628F65.tmp' to '../../../../../../Unreal Projects/Top-Down-Puzzle/TopDownPuzzle/Content/TopDownCPP/Maps/Level1_BuiltData.uasset'
[2025.04.05-04.38.52:705][236]AssetCheck: New page: Asset Save: multiple assets
[2025.04.05-04.38.52:705][236]LogContentValidation: Display: Validating MapBuildDataRegistry /Game/TopDownCPP/Maps/Level1_BuiltData.Level1_BuiltData
[2025.04.05-04.38.52:706][236]LogContentValidation: Display: Validating World /Game/TopDownCPP/Maps/Level1.Level1
[2025.04.05-04.38.58:139][796]LogUObjectHash: Compacting FUObjectHashTables data took   0.94ms
[2025.04.05-04.39.00:009][  3]LogUObjectHash: Compacting FUObjectHashTables data took   0.63ms
[2025.04.05-04.39.00:091][  3]LogSlate: Window 'TopDownCharacter' being destroyed
[2025.04.05-04.39.01:633][  3]LogWorld: UWorld::CleanupWorld for World_4, bSessionEnded=true, bCleanupResources=true
[2025.04.05-04.39.01:633][  3]LogSlate: InvalidateAllWidgets triggered.  All widgets were invalidated
[2025.04.05-04.39.05:283][  3]LogSlate: Window 'TopDownPuzzle - Unreal Editor' being destroyed
[2025.04.05-04.39.08:745][  4]Cmd: QUIT_EDITOR
[2025.04.05-04.39.08:747][  4]LogCore: Engine exit requested (reason: UUnrealEdEngine::CloseEditor())
[2025.04.05-04.39.08:872][  4]LogCore: Engine exit requested (reason: EngineExit() was called; note: exit was already requested)
[2025.04.05-04.39.09:390][  4]LogAudio: Display: Beginning Audio Device Manager Shutdown (Module: AudioMixerXAudio2)...
[2025.04.05-04.39.09:390][  4]LogAudio: Display: Destroying 1 Remaining Audio Device(s)...
[2025.04.05-04.39.09:390][  4]LogAudio: Display: Audio Device unregistered from world 'Level1'.
[2025.04.05-04.39.09:391][  4]LogAudioMixer: FMixerPlatformXAudio2::StopAudioStream() called
[2025.04.05-04.39.09:608][  4]LogAudioMixer: FMixerPlatformXAudio2::StopAudioStream() called
[2025.04.05-04.39.11:531][  4]LogAudio: Display: Audio Device Manager Shutdown
[2025.04.05-04.39.11:600][  4]LogWindowsTextInputMethodSystem: Display: IME system deactivated.
[2025.04.05-04.39.12:701][  4]LogExit: Preparing to exit.
[2025.04.05-04.39.18:120][  4]LogUObjectHash: Compacting FUObjectHashTables data took  29.37ms
[2025.04.05-04.39.23:963][  4]LogWorld: UWorld::CleanupWorld for World_7, bSessionEnded=true, bCleanupResources=true
[2025.04.05-04.39.23:989][  4]LogWorld: UWorld::CleanupWorld for None, bSessionEnded=true, bCleanupResources=true
[2025.04.05-04.39.23:993][  4]LogWorld: UWorld::CleanupWorld for World_1, bSessionEnded=true, bCleanupResources=true
[2025.04.05-04.39.23:995][  4]LogWorld: UWorld::CleanupWorld for World_6, bSessionEnded=true, bCleanupResources=true
[2025.04.05-04.39.23:998][  4]LogWorld: UWorld::CleanupWorld for World_5, bSessionEnded=true, bCleanupResources=true
[2025.04.05-04.39.28:398][  4]LogDemo: Cleaned up 0 splitscreen connections with owner deletion
[2025.04.05-04.39.30:116][  4]LogWorld: UWorld::CleanupWorld for None, bSessionEnded=true, bCleanupResources=true
[2025.04.05-04.39.30:119][  4]LogExit: Editor shut down
[2025.04.05-04.39.30:339][  4]LogExit: Transaction tracking system shut down
[2025.04.05-04.39.41:249][  4]LogExit: Object subsystem successfully closed.
[2025.04.05-04.39.41:586][  4]LogShaderCompilers: Display: === FShaderJobCache stats ===
[2025.04.05-04.39.41:586][  4]LogShaderCompilers: Display: Total job queries 0, among them cache hits 0 (0.00%)
[2025.04.05-04.39.41:586][  4]LogShaderCompilers: Display: Tracking 0 distinct input hashes that result in 0 distinct outputs (0.00%)
[2025.04.05-04.39.41:586][  4]LogShaderCompilers: Display: RAM used: 0.00 MB (0.00 GB) of 819.20 MB (0.80 GB) budget. Usage: 0.00%
[2025.04.05-04.39.41:586][  4]LogShaderCompilers: Display: ================================================
[2025.04.05-04.39.41:816][  4]LogShaderCompilers: Display: Shaders left to compile 0
[2025.04.05-04.39.43:133][  4]LogModuleManager: Shutting down and abandoning module TopDownPuzzle (889)
[2025.04.05-04.39.43:133][  4]LogModuleManager: Shutting down and abandoning module BlueprintGraph (878)
[2025.04.05-04.39.43:133][  4]LogModuleManager: Shutting down and abandoning module StatsViewer (876)
[2025.04.05-04.39.43:134][  4]LogModuleManager: Shutting down and abandoning module MovieSceneCapture (874)
[2025.04.05-04.39.43:134][  4]LogModuleManager: Shutting down and abandoning module Voice (872)
[2025.04.05-04.39.43:134][  4]LogModuleManager: Shutting down and abandoning module HierarchicalLODOutliner (870)
[2025.04.05-04.39.43:135][  4]LogModuleManager: Shutting down and abandoning module SceneOutliner (868)
[2025.04.05-04.39.43:135][  4]LogModuleManager: Shutting down and abandoning module AddContentDialog (866)
[2025.04.05-04.39.44:332][  4]LogModuleManager: Shutting down and abandoning module WidgetCarousel (865)
[2025.04.05-04.39.44:332][  4]LogModuleManager: Shutting down and abandoning module EditorWidgets (862)
[2025.04.05-04.39.44:332][  4]LogModuleManager: Shutting down and abandoning module PIEPreviewDeviceProfileSelector (860)
[2025.04.05-04.39.44:332][  4]LogModuleManager: Shutting down and abandoning module SequenceRecorderSections (858)
[2025.04.05-04.39.44:349][  4]LogModuleManager: Shutting down and abandoning module AutomationWorker (856)
[2025.04.05-04.39.44:351][  4]LogModuleManager: Shutting down and abandoning module SteamVREditor (854)
[2025.04.05-04.39.44:351][  4]LogModuleManager: Shutting down and abandoning module OculusMR (852)
[2025.04.05-04.39.44:351][  4]LogModuleManager: Shutting down and abandoning module TakeRecorderSources (850)
[2025.04.05-04.39.44:356][  4]LogModuleManager: Shutting down and abandoning module TakeRecorder (849)
[2025.04.05-04.39.44:390][  4]LogModuleManager: Shutting down and abandoning module TakeTrackRecorders (846)
[2025.04.05-04.39.44:416][  4]LogModuleManager: Shutting down and abandoning module TakesCore (844)
[2025.04.05-04.39.44:417][  4]LogModuleManager: Shutting down and abandoning module OpenXRInput (842)
[2025.04.05-04.39.44:418][  4]LogModuleManager: Shutting down and abandoning module GooglePADEditor (840)
[2025.04.05-04.39.44:418][  4]LogModuleManager: Shutting down and abandoning module AudioCaptureEditor (838)
[2025.04.05-04.39.44:419][  4]LogModuleManager: Shutting down and abandoning module TemplateSequenceEditor (836)
[2025.04.05-04.39.44:424][  4]LogModuleManager: Shutting down and abandoning module MatineeToLevelSequence (834)
[2025.04.05-04.39.44:424][  4]LogModuleManager: Shutting down and abandoning module LevelSequenceEditor (832)
[2025.04.05-04.39.44:470][  4]LogModuleManager: Shutting down and abandoning module ActorSequenceEditor (830)
[2025.04.05-04.39.44:471][  4]LogModuleManager: Shutting down and abandoning module WmfMediaFactory (828)
[2025.04.05-04.39.44:471][  4]LogModuleManager: Shutting down and abandoning module WmfMediaEditor (826)
[2025.04.05-04.39.44:471][  4]LogModuleManager: Shutting down and abandoning module WebMMediaFactory (824)
[2025.04.05-04.39.44:471][  4]LogModuleManager: Shutting down and abandoning module WebMMediaEditor (822)
[2025.04.05-04.39.44:472][  4]LogModuleManager: Shutting down and abandoning module WebMMedia (820)
[2025.04.05-04.39.44:472][  4]LogModuleManager: Shutting down and abandoning module MediaPlayerEditor (818)
[2025.04.05-04.39.44:473][  4]LogModuleManager: Shutting down and abandoning module MediaCompositingEditor (816)
[2025.04.05-04.39.44:474][  4]LogModuleManager: Shutting down and abandoning module SequenceRecorder (815)
[2025.04.05-04.39.44:475][  4]LogModuleManager: Shutting down and abandoning module OpenExrWrapper (812)
[2025.04.05-04.39.44:475][  4]LogModuleManager: Shutting down and abandoning module ImgMediaFactory (810)
[2025.04.05-04.39.44:475][  4]LogModuleManager: Shutting down and abandoning module ImgMediaEditor (808)
[2025.04.05-04.39.44:475][  4]LogModuleManager: Shutting down and abandoning module PlanarCut (806)
[2025.04.05-04.39.44:475][  4]LogModuleManager: Shutting down and abandoning module AvfMediaFactory (804)
[2025.04.05-04.39.44:475][  4]LogModuleManager: Shutting down and abandoning module AvfMediaEditor (802)
[2025.04.05-04.39.44:475][  4]LogModuleManager: Shutting down and abandoning module AndroidMediaFactory (800)
[2025.04.05-04.39.44:475][  4]LogModuleManager: Shutting down and abandoning module AndroidMediaEditor (798)
[2025.04.05-04.39.44:476][  4]LogModuleManager: Shutting down and abandoning module MagicLeapMediaCodecFactory (796)
[2025.04.05-04.39.44:476][  4]LogModuleManager: Shutting down and abandoning module MagicLeapMediaFactory (794)
[2025.04.05-04.39.44:476][  4]LogModuleManager: Shutting down and abandoning module MagicLeapMediaEditor (792)
[2025.04.05-04.39.44:476][  4]LogModuleManager: Shutting down and abandoning module CharacterAI (790)
[2025.04.05-04.39.44:476][  4]LogModuleManager: Shutting down and abandoning module TextureAlignMode (788)
[2025.04.05-04.39.44:476][  4]LogModuleManager: Shutting down and abandoning module BspMode (786)
[2025.04.05-04.39.44:477][  4]LogModuleManager: Shutting down and abandoning module GeometryMode (784)
[2025.04.05-04.39.44:477][  4]LogModuleManager: Shutting down and abandoning module CameraShakePreviewer (782)
[2025.04.05-04.39.44:511][  4]LogModuleManager: Shutting down and abandoning module SmartSnapping (780)
[2025.04.05-04.39.44:511][  4]LogModuleManager: Shutting down and abandoning module SessionServices (778)
[2025.04.05-04.39.44:511][  4]LogModuleManager: Shutting down and abandoning module MeshPaint (776)
[2025.04.05-04.39.44:513][  4]LogModuleManager: Shutting down and abandoning module VirtualTexturingEditor (774)
[2025.04.05-04.39.44:513][  4]LogModuleManager: Shutting down and abandoning module FoliageEdit (772)
[2025.04.05-04.39.44:513][  4]LogModuleManager: Shutting down and abandoning module LandscapeEditor (770)
[2025.04.05-04.39.44:518][  4]LogModuleManager: Shutting down and abandoning module MeshPaintMode (768)
[2025.04.05-04.39.44:519][  4]LogModuleManager: Shutting down and abandoning module SceneDepthPickerMode (766)
[2025.04.05-04.39.44:519][  4]LogModuleManager: Shutting down and abandoning module ActorPickerMode (764)
[2025.04.05-04.39.44:519][  4]LogModuleManager: Shutting down and abandoning module PlacementMode (762)
[2025.04.05-04.39.44:519][  4]LogModuleManager: Shutting down and abandoning module ViewportSnapping (760)
[2025.04.05-04.39.44:519][  4]LogModuleManager: Shutting down and abandoning module ViewportInteraction (758)
[2025.04.05-04.39.44:519][  4]LogModuleManager: Shutting down and abandoning module ClothPainter (756)
[2025.04.05-04.39.44:524][  4]LogModuleManager: Shutting down and abandoning module SkeletalMeshEditor (755)
[2025.04.05-04.39.44:526][  4]LogModuleManager: Shutting down and abandoning module LogVisualizer (752)
[2025.04.05-04.39.44:529][  4]LogModuleManager: Shutting down and abandoning module IntroTutorials (750)
[2025.04.05-04.39.44:530][  4]LogModuleManager: Shutting down and abandoning module GameProjectGeneration (749)
[2025.04.05-04.39.44:531][  4]LogModuleManager: Shutting down and abandoning module LuminPlatformEditor (746)
[2025.04.05-04.39.44:531][  4]LogModuleManager: Shutting down and abandoning module IOSPlatformEditor (744)
[2025.04.05-04.39.44:532][  4]LogModuleManager: Shutting down and abandoning module AndroidPlatformEditor (742)
[2025.04.05-04.39.44:532][  4]LogModuleManager: Shutting down and abandoning module AndroidDeviceDetection (741)
[2025.04.05-04.39.45:315][  4]LogModuleManager: Shutting down and abandoning module WindowsPlatformEditor (738)
[2025.04.05-04.39.45:315][  4]LogModuleManager: Shutting down and abandoning module LuminRuntimeSettings (736)
[2025.04.05-04.39.45:315][  4]LogModuleManager: Shutting down and abandoning module IOSRuntimeSettings (734)
[2025.04.05-04.39.45:315][  4]LogModuleManager: Shutting down and abandoning module AndroidRuntimeSettings (732)
[2025.04.05-04.39.45:315][  4]LogModuleManager: Shutting down and abandoning module TraceInsights (730)
[2025.04.05-04.39.45:320][  4]MemoryProfiler: Shutdown
[2025.04.05-04.39.45:320][  4]NetworkingProfiler: Shutdown
[2025.04.05-04.39.45:321][  4]LoadingProfiler: Shutdown
[2025.04.05-04.39.45:323][  4]TimingProfiler: Shutdown
[2025.04.05-04.39.45:325][  4]LogModuleManager: Shutting down and abandoning module TraceServices (729)
[2025.04.05-04.39.45:326][  4]LogModuleManager: Shutting down and abandoning module EditorInteractiveToolsFramework (726)
[2025.04.05-04.39.45:326][  4]LogModuleManager: Shutting down and abandoning module TimeManagementEditor (724)
[2025.04.05-04.39.45:327][  4]LogModuleManager: Shutting down and abandoning module InputBindingEditor (722)
[2025.04.05-04.39.45:328][  4]LogModuleManager: Shutting down and abandoning module MergeActors (720)
[2025.04.05-04.39.45:328][  4]LogModuleManager: Shutting down and abandoning module LocalizationDashboard (718)
[2025.04.05-04.39.45:330][  4]LogModuleManager: Shutting down and abandoning module LocalizationService (717)
[2025.04.05-04.39.45:330][  4]LogModuleManager: Shutting down and abandoning module HardwareTargeting (714)
[2025.04.05-04.39.45:330][  4]LogModuleManager: Shutting down and abandoning module DeviceProfileEditor (712)
[2025.04.05-04.39.45:331][  4]LogModuleManager: Shutting down and abandoning module UndoHistory (710)
[2025.04.05-04.39.45:331][  4]LogModuleManager: Shutting down and abandoning module XmlParser (708)
[2025.04.05-04.39.45:332][  4]LogModuleManager: Shutting down and abandoning module Blutility (706)
[2025.04.05-04.39.45:332][  4]LogModuleManager: Shutting down and abandoning module ProjectSettingsViewer (704)
[2025.04.05-04.39.45:368][  4]LogModuleManager: Shutting down and abandoning module ProjectTargetPlatformEditor (703)
[2025.04.05-04.39.45:388][  4]LogModuleManager: Shutting down and abandoning module EditorSettingsViewer (700)
[2025.04.05-04.39.45:388][  4]LogModuleManager: Shutting down and abandoning module InternationalizationSettings (699)
[2025.04.05-04.39.45:388][  4]LogModuleManager: Shutting down and abandoning module SettingsEditor (696)
[2025.04.05-04.39.45:388][  4]LogModuleManager: Shutting down and abandoning module ProjectLauncher (694)
[2025.04.05-04.39.45:389][  4]LogModuleManager: Shutting down and abandoning module SessionFrontend (692)
[2025.04.05-04.39.45:389][  4]LogModuleManager: Shutting down and abandoning module ProfilerClient (690)
[2025.04.05-04.39.45:390][  4]LogModuleManager: Shutting down and abandoning module DeviceManager (688)
[2025.04.05-04.39.45:390][  4]LogModuleManager: Shutting down and abandoning module TargetDeviceServices (687)
[2025.04.05-04.39.45:424][  4]LogModuleManager: Shutting down and abandoning module AutomationController (684)
[2025.04.05-04.39.45:425][  4]LogModuleManager: Shutting down and abandoning module AutomationWindow (682)
[2025.04.05-04.39.45:426][  4]LogModuleManager: Shutting down and abandoning module Layers (680)
[2025.04.05-04.39.45:429][  4]LogModuleManager: Shutting down and abandoning module ComponentVisualizers (678)
[2025.04.05-04.39.45:429][  4]LogModuleManager: Shutting down and abandoning module DetailCustomizations (676)
[2025.04.05-04.39.45:429][  4]LogModuleManager: Shutting down and abandoning module PackagesDialog (674)
[2025.04.05-04.39.45:447][  4]LogModuleManager: Shutting down and abandoning module AnimationBlueprintEditor (672)
[2025.04.05-04.39.45:450][  4]LogModuleManager: Shutting down and abandoning module Persona (670)
[2025.04.05-04.39.45:451][  4]LogModuleManager: Shutting down and abandoning module AdvancedPreviewScene (669)
[2025.04.05-04.39.45:451][  4]LogModuleManager: Shutting down and abandoning module Kismet (666)
[2025.04.05-04.39.46:416][  4]LogModuleManager: Shutting down and abandoning module KismetWidgets (665)
[2025.04.05-04.39.46:416][  4]LogModuleManager: Shutting down and abandoning module GraphEditor (662)
[2025.04.05-04.39.46:417][  4]LogModuleManager: Shutting down and abandoning module StructViewer (660)
[2025.04.05-04.39.46:453][  4]LogModuleManager: Shutting down and abandoning module ClassViewer (658)
[2025.04.05-04.39.46:453][  4]LogModuleManager: Shutting down and abandoning module Toolbox (656)
[2025.04.05-04.39.46:454][  4]LogModuleManager: Shutting down and abandoning module ModuleUI (654)
[2025.04.05-04.39.46:454][  4]LogModuleManager: Shutting down and abandoning module OutputLog (652)
[2025.04.05-04.39.46:842][  4]LogModuleManager: Shutting down and abandoning module GammaUI (650)
[2025.04.05-04.39.46:842][  4]LogModuleManager: Shutting down and abandoning module Documentation (648)
[2025.04.05-04.39.46:843][  4]LogModuleManager: Shutting down and abandoning module LiveCoding (646)
[2025.04.05-04.39.46:844][  4]LogModuleManager: Shutting down and abandoning module LevelSequence (644)
[2025.04.05-04.39.46:844][  4]LogModuleManager: Shutting down and abandoning module MovieSceneTracks (642)
[2025.04.05-04.39.46:844][  4]LogModuleManager: Shutting down and abandoning module MovieScene (640)
[2025.04.05-04.39.46:845][  4]LogModuleManager: Shutting down and abandoning module StreamingPauseRendering (638)
[2025.04.05-04.39.46:846][  4]LogModuleManager: Shutting down and abandoning module LauncherPlatform (636)
[2025.04.05-04.39.46:846][  4]LogModuleManager: Shutting down and abandoning module AnalyticsET (634)
[2025.04.05-04.39.46:846][  4]LogModuleManager: Shutting down and abandoning module PortalServices (632)
[2025.04.05-04.39.46:846][  4]LogModuleManager: Shutting down and abandoning module PortalRpc (630)
[2025.04.05-04.39.46:846][  4]LogModuleManager: Shutting down and abandoning module MessagingRpc (628)
[2025.04.05-04.39.46:846][  4]LogModuleManager: Shutting down and abandoning module AudioMixerXAudio2 (626)
[2025.04.05-04.39.46:846][  4]LogModuleManager: Shutting down and abandoning module AudioMixerCore (625)
[2025.04.05-04.39.46:846][  4]LogModuleManager: Shutting down and abandoning module AIModule (622)
[2025.04.05-04.39.46:847][  4]LogModuleManager: Shutting down and abandoning module GameplayDebugger (621)
[2025.04.05-04.39.46:847][  4]LogModuleManager: Shutting down and abandoning module AITestSuite (619)
[2025.04.05-04.39.46:847][  4]LogModuleManager: Shutting down and abandoning module NavigationSystem (617)
[2025.04.05-04.39.46:847][  4]LogModuleManager: Shutting down and abandoning module ImageWriteQueue (614)
[2025.04.05-04.39.46:847][  4]LogModuleManager: Shutting down and abandoning module ProfilerService (612)
[2025.04.05-04.39.46:902][  4]LogModuleManager: Shutting down and abandoning module TaskGraph (610)
[2025.04.05-04.39.46:903][  4]LogModuleManager: Shutting down and abandoning module AudioSynesthesiaEditor (608)
[2025.04.05-04.39.46:903][  4]LogModuleManager: Shutting down and abandoning module OculusEditor (606)
[2025.04.05-04.39.46:950][  4]LogModuleManager: Shutting down and abandoning module OculusInput (604)
[2025.04.05-04.39.46:950][  4]LogModuleManager: Shutting down and abandoning module ContentBrowserFileDataSource (602)
[2025.04.05-04.39.46:950][  4]LogModuleManager: Shutting down and abandoning module ContentBrowserClassDataSource (600)
[2025.04.05-04.39.46:950][  4]LogModuleManager: Shutting down and abandoning module ContentBrowserAssetDataSource (598)
[2025.04.05-04.39.46:950][  4]LogModuleManager: Shutting down and abandoning module CollectionManager (597)
[2025.04.05-04.39.46:951][  4]LogModuleManager: Shutting down and abandoning module TakeSequencer (594)
[2025.04.05-04.39.46:951][  4]LogModuleManager: Shutting down and abandoning module TakeMovieScene (592)
[2025.04.05-04.39.46:951][  4]LogModuleManager: Shutting down and abandoning module SynthesisEditor (590)
[2025.04.05-04.39.46:951][  4]LogModuleManager: Shutting down and abandoning module Synthesis (588)
[2025.04.05-04.39.46:952][  4]LogModuleManager: Shutting down and abandoning module ProceduralMeshComponentEditor (586)
[2025.04.05-04.39.46:952][  4]LogModuleManager: Shutting down and abandoning module ProceduralMeshComponent (584)
[2025.04.05-04.39.46:952][  4]LogModuleManager: Shutting down and abandoning module ScreenshotTools (582)
[2025.04.05-04.39.46:952][  4]LogModuleManager: Shutting down and abandoning module OpenXREditor (580)
[2025.04.05-04.39.46:971][  4]LogModuleManager: Shutting down and abandoning module MobilePatchingUtils (578)
[2025.04.05-04.39.46:971][  4]LogModuleManager: Shutting down and abandoning module GooglePAD (576)
[2025.04.05-04.39.46:971][  4]LogModuleManager: Shutting down and abandoning module EditableMesh (574)
[2025.04.05-04.39.46:971][  4]LogModuleManager: Shutting down and abandoning module CustomMeshComponent (572)
[2025.04.05-04.39.46:971][  4]LogModuleManager: Shutting down and abandoning module CableComponent (570)
[2025.04.05-04.39.46:971][  4]LogModuleManager: Shutting down and abandoning module AudioCapture (568)
[2025.04.05-04.39.46:971][  4]LogModuleManager: Shutting down and abandoning module AudioCaptureRtAudio (567)
[2025.04.05-04.39.46:971][  4]LogModuleManager: Shutting down and abandoning module AssetTags (564)
[2025.04.05-04.39.46:971][  4]LogModuleManager: Shutting down and abandoning module ArchVisCharacter (562)
[2025.04.05-04.39.46:971][  4]LogModuleManager: Shutting down and abandoning module AppleImageUtilsBlueprintSupport (560)
[2025.04.05-04.39.46:971][  4]LogModuleManager: Shutting down and abandoning module AppleImageUtils (558)
[2025.04.05-04.39.46:971][  4]LogModuleManager: Shutting down and abandoning module AndroidPermission (556)
[2025.04.05-04.39.46:971][  4]LogModuleManager: Shutting down and abandoning module ActorLayerUtilitiesEditor (554)
[2025.04.05-04.39.46:972][  4]LogModuleManager: Shutting down and abandoning module ActorLayerUtilities (552)
[2025.04.05-04.39.46:972][  4]LogModuleManager: Shutting down and abandoning module TemplateSequence (550)
[2025.04.05-04.39.46:972][  4]LogModuleManager: Shutting down and abandoning module MediaCompositing (548)
[2025.04.05-04.39.46:972][  4]LogModuleManager: Shutting down and abandoning module ImgMedia (546)
[2025.04.05-04.39.46:972][  4]LogModuleManager: Shutting down and abandoning module OpenImageDenoise (544)
[2025.04.05-04.39.46:972][  4]LogOpenImageDenoise: OIDN shutting down
[2025.04.05-04.39.46:972][  4]LogModuleManager: Shutting down and abandoning module MotoSynthEditor (542)
[2025.04.05-04.39.46:972][  4]LogModuleManager: Shutting down and abandoning module MotoSynth (540)
[2025.04.05-04.39.46:972][  4]LogModuleManager: Shutting down and abandoning module MeshConversion (538)
[2025.04.05-04.39.46:972][  4]LogModuleManager: Shutting down and abandoning module DynamicMesh (536)
[2025.04.05-04.39.46:973][  4]LogModuleManager: Shutting down and abandoning module GeometryAlgorithms (534)
[2025.04.05-04.39.46:974][  4]LogModuleManager: Shutting down and abandoning module GeometricObjects (532)
[2025.04.05-04.39.46:974][  4]LogModuleManager: Shutting down and abandoning module GeometryCollectionTracks (530)
[2025.04.05-04.39.46:974][  4]LogModuleManager: Shutting down and abandoning module GeometryCollectionSequencer (529)
[2025.04.05-04.39.46:974][  4]LogModuleManager: Shutting down and abandoning module GeometryCollectionEditor (526)
[2025.04.05-04.39.46:975][  4]LogModuleManager: Shutting down and abandoning module GeometryCacheTracks (524)
[2025.04.05-04.39.46:975][  4]LogModuleManager: Shutting down and abandoning module GeometryCacheStreamer (522)
[2025.04.05-04.39.46:975][  4]LogModuleManager: Shutting down and abandoning module GeometryCacheSequencer (520)
[2025.04.05-04.39.46:975][  4]LogModuleManager: Shutting down and abandoning module MagicLeapSharedWorld (518)
[2025.04.05-04.39.46:975][  4]LogModuleManager: Shutting down and abandoning module MagicLeapLightEstimation (516)
[2025.04.05-04.39.46:975][  4]LogModuleManager: Shutting down and abandoning module MagicLeapHelperVulkan (514)
[2025.04.05-04.39.46:979][  4]LogModuleManager: Shutting down and abandoning module MagicLeapHelperOpenGL (512)
[2025.04.05-04.39.46:979][  4]LogModuleManager: Shutting down and abandoning module MagicLeapAudio (510)
[2025.04.05-04.39.46:979][  4]LogModuleManager: Shutting down and abandoning module ChaosSolverEditor (508)
[2025.04.05-04.39.46:979][  4]LogModuleManager: Shutting down and abandoning module ChaosNiagara (506)
[2025.04.05-04.39.46:979][  4]LogModuleManager: Shutting down and abandoning module ChaosClothEditor (504)
[2025.04.05-04.39.46:979][  4]LogModuleManager: Shutting down and abandoning module FractureEditor (502)
[2025.04.05-04.39.46:980][  4]LogModuleManager: Shutting down and abandoning module FieldSystemEngine (501)
[2025.04.05-04.39.46:980][  4]LogModuleManager: Shutting down and abandoning module BackChannel (498)
[2025.04.05-04.39.46:980][  4]LogModuleManager: Shutting down and abandoning module AutomationUtilsEditor (496)
[2025.04.05-04.39.46:980][  4]LogModuleManager: Shutting down and abandoning module AutomationUtils (494)
[2025.04.05-04.39.46:980][  4]LogModuleManager: Shutting down and abandoning module AlembicImporter (492)
[2025.04.05-04.39.46:980][  4]LogModuleManager: Shutting down and abandoning module AlembicLibrary (491)
[2025.04.05-04.39.46:981][  4]LogModuleManager: Shutting down and abandoning module GeometryCache (490)
[2025.04.05-04.39.46:981][  4]LogModuleManager: Shutting down and abandoning module GeometryCacheEd (489)
[2025.04.05-04.39.46:981][  4]LogModuleManager: Shutting down and abandoning module NiagaraEditorWidgets (484)
[2025.04.05-04.39.47:008][  4]LogModuleManager: Shutting down and abandoning module VariantManagerContentEditor (482)
[2025.04.05-04.39.47:009][  4]LogModuleManager: Shutting down and abandoning module VisualStudioSourceCodeAccess (480)
[2025.04.05-04.39.47:009][  4]LogModuleManager: Shutting down and abandoning module VisualStudioCodeSourceCodeAccess (478)
[2025.04.05-04.39.47:009][  4]LogModuleManager: Shutting down and abandoning module DatasmithContentEditor (476)
[2025.04.05-04.39.47:010][  4]LogModuleManager: Shutting down and abandoning module UObjectPlugin (474)
[2025.04.05-04.39.47:010][  4]LogModuleManager: Shutting down and abandoning module PerforceSourceControl (472)
[2025.04.05-04.39.47:012][  4]LogModuleManager: Shutting down and abandoning module SubversionSourceControl (470)
[2025.04.05-04.39.47:013][  4]LogModuleManager: Shutting down and abandoning module RiderSourceCodeAccess (468)
[2025.04.05-04.39.47:013][  4]LogModuleManager: Shutting down and abandoning module PlasticSourceControl (466)
[2025.04.05-04.39.47:015][  4]LogModuleManager: Shutting down and abandoning module PluginUtils (464)
[2025.04.05-04.39.47:016][  4]LogModuleManager: Shutting down and abandoning module GitSourceControl (462)
[2025.04.05-04.39.47:017][  4]LogModuleManager: Shutting down and abandoning module SourceControl (461)
[2025.04.05-04.39.47:017][  4]LogModuleManager: Shutting down and abandoning module CLionSourceCodeAccess (458)
[2025.04.05-04.39.47:017][  4]LogModuleManager: Shutting down and abandoning module AnimationSharingEd (456)
[2025.04.05-04.39.47:017][  4]LogModuleManager: Shutting down and abandoning module SpeedTreeImporter (454)
[2025.04.05-04.39.47:018][  4]LogModuleManager: Shutting down and abandoning module MobileLauncherProfileWizard (452)
[2025.04.05-04.39.47:052][  4]LogModuleManager: Shutting down and abandoning module PluginBrowser (450)
[2025.04.05-04.39.47:054][  4]LogModuleManager: Shutting down and abandoning module MaterialAnalyzer (448)
[2025.04.05-04.39.47:054][  4]LogModuleManager: Shutting down and abandoning module CurveEditorTools (446)
[2025.04.05-04.39.47:055][  4]LogModuleManager: Shutting down and abandoning module CryptoKeysOpenSSL (444)
[2025.04.05-04.39.47:055][  4]LogModuleManager: Shutting down and abandoning module CryptoKeys (442)
[2025.04.05-04.39.47:055][  4]LogModuleManager: Shutting down and abandoning module LightPropagationVolumeEditor (440)
[2025.04.05-04.39.47:056][  4]LogModuleManager: Shutting down and abandoning module OodleNetworkHandlerComponent (438)
[2025.04.05-04.39.47:056][  4]LogModuleManager: Shutting down and abandoning module LiveLinkSequencer (436)
[2025.04.05-04.39.47:056][  4]LogModuleManager: Shutting down and abandoning module LiveLinkMovieScene (434)
[2025.04.05-04.39.47:056][  4]LogModuleManager: Shutting down and abandoning module LiveLinkGraphNode (432)
[2025.04.05-04.39.47:056][  4]LogModuleManager: Shutting down and abandoning module LiveLinkEditor (430)
[2025.04.05-04.39.47:057][  4]LogModuleManager: Shutting down and abandoning module LiveLinkComponents (428)
[2025.04.05-04.39.47:057][  4]LogModuleManager: Shutting down and abandoning module LiveLink (426)
[2025.04.05-04.39.47:760][  4]LogModuleManager: Shutting down and abandoning module PaperTiledImporter (424)
[2025.04.05-04.39.47:760][  4]LogModuleManager: Shutting down and abandoning module PaperSpriteSheetImporter (422)
[2025.04.05-04.39.47:760][  4]LogModuleManager: Shutting down and abandoning module Paper2DEditor (420)
[2025.04.05-04.39.47:762][  4]LogModuleManager: Shutting down and abandoning module MeshPaintingToolset (418)
[2025.04.05-04.39.47:762][  4]LogModuleManager: Shutting down and abandoning module MeshPaintEditorMode (416)
[2025.04.05-04.39.47:763][  4]LogModuleManager: Shutting down and abandoning module AnimGraph (413)
[2025.04.05-04.39.47:763][  4]LogModuleManager: Shutting down and abandoning module SoundFields (410)
[2025.04.05-04.39.47:763][  4]LogModuleManager: Shutting down and abandoning module SignificanceManager (408)
[2025.04.05-04.39.47:763][  4]LogModuleManager: Shutting down and abandoning module RuntimePhysXCooking (406)
[2025.04.05-04.39.47:763][  4]LogModuleManager: Shutting down and abandoning module PropertyAccessEditor (404)
[2025.04.05-04.39.47:764][  4]LogModuleManager: Shutting down and abandoning module PhysXVehiclesEditor (402)
[2025.04.05-04.39.47:765][  4]LogModuleManager: Shutting down and abandoning module LocationServicesBPLibrary (398)
[2025.04.05-04.39.47:765][  4]LogModuleManager: Shutting down and abandoning module AudioSynesthesia (396)
[2025.04.05-04.39.47:765][  4]LogModuleManager: Shutting down and abandoning module AudioSynesthesiaCore (394)
[2025.04.05-04.39.47:765][  4]LogModuleManager: Shutting down and abandoning module ActorSequence (392)
[2025.04.05-04.39.47:765][  4]LogModuleManager: Shutting down and abandoning module UdpMessaging (390)
[2025.04.05-04.39.47:866][  4]LogModuleManager: Shutting down and abandoning module TcpMessaging (388)
[2025.04.05-04.39.47:967][  4]LogModuleManager: Shutting down and abandoning module ImgMediaEngine (386)
[2025.04.05-04.39.47:967][  4]LogModuleManager: Shutting down and abandoning module PythonScriptPlugin (384)
[2025.04.05-04.39.47:967][  4]LogModuleManager: Shutting down and abandoning module MagicLeapARPin (382)
[2025.04.05-04.39.47:967][  4]LogModuleManager: Shutting down and abandoning module MagicLeapHandMeshing (380)
[2025.04.05-04.39.47:967][  4]LogModuleManager: Shutting down and abandoning module MagicLeapSecureStorage (378)
[2025.04.05-04.39.47:967][  4]LogModuleManager: Shutting down and abandoning module MagicLeapPrivileges (376)
[2025.04.05-04.39.47:967][  4]LogModuleManager: Shutting down and abandoning module MagicLeapPlanes (374)
[2025.04.05-04.39.47:967][  4]LogMagicLeapPlanes: Planes tracker already destroyed.
[2025.04.05-04.39.47:967][  4]LogModuleManager: Shutting down and abandoning module MagicLeapImageTracker (372)
[2025.04.05-04.39.47:967][  4]LogModuleManager: Shutting down and abandoning module MagicLeapIdentity (370)
[2025.04.05-04.39.47:967][  4]LogModuleManager: Shutting down and abandoning module MagicLeapHandTracking (368)
[2025.04.05-04.39.47:968][  4]LogModuleManager: Shutting down and abandoning module MagicLeapEyeTracker (366)
[2025.04.05-04.39.47:968][  4]LogModuleManager: Shutting down and abandoning module MagicLeapController (364)
[2025.04.05-04.39.47:968][  4]LogModuleManager: Shutting down and abandoning module MagicLeapARPinImpl (362)
[2025.04.05-04.39.47:968][  4]LogModuleManager: Shutting down and abandoning module MagicLeapAR (360)
[2025.04.05-04.39.47:968][  4]LogModuleManager: Shutting down and abandoning module NiagaraAnimNotifies (358)
[2025.04.05-04.39.47:968][  4]LogModuleManager: Shutting down and abandoning module Niagara (356)
[2025.04.05-04.39.47:971][  4]LogModuleManager: Shutting down and abandoning module SignalProcessing (355)
[2025.04.05-04.39.47:971][  4]LogModuleManager: Shutting down and abandoning module NiagaraEditor (353)
[2025.04.05-04.39.47:999][  4]LogModuleManager: Shutting down and abandoning module NiagaraCore (350)
[2025.04.05-04.39.47:999][  4]LogModuleManager: Shutting down and abandoning module PropertyAccessNode (348)
[2025.04.05-04.39.47:999][  4]LogModuleManager: Shutting down and abandoning module AnimationSharing (346)
[2025.04.05-04.39.47:999][  4]LogModuleManager: Shutting down and abandoning module GameplayTagsEditor (344)
[2025.04.05-04.39.48:020][  4]LogModuleManager: Shutting down and abandoning module FacialAnimationEditor (342)
[2025.04.05-04.39.48:020][  4]LogModuleManager: Shutting down and abandoning module FacialAnimation (340)
[2025.04.05-04.39.48:020][  4]LogModuleManager: Shutting down and abandoning module DataValidation (338)
[2025.04.05-04.39.48:020][  4]LogModuleManager: Shutting down and abandoning module AssetManagerEditor (336)
[2025.04.05-04.39.48:021][  4]LogModuleManager: Shutting down and abandoning module LevelEditor (335)
[2025.04.05-04.39.48:285][  4]LogModuleManager: Shutting down and abandoning module PixelInspectorModule (334)
[2025.04.05-04.39.48:291][  4]LogModuleManager: Shutting down and abandoning module CommonMenuExtensions (332)
[2025.04.05-04.39.48:322][  4]LogModuleManager: Shutting down and abandoning module MainFrame (330)
[2025.04.05-04.39.48:322][  4]LogModuleManager: Shutting down and abandoning module HotReload (329)
[2025.04.05-04.39.48:323][  4]LogModuleManager: Shutting down and abandoning module ToolMenus (325)
[2025.04.05-04.39.48:323][  4]LogModuleManager: Shutting down and abandoning module ContentBrowser (323)
[2025.04.05-04.39.48:323][  4]LogModuleManager: Shutting down and abandoning module ContentBrowserData (322)
[2025.04.05-04.39.48:323][  4]LogModuleManager: Shutting down and abandoning module TreeMap (319)
[2025.04.05-04.39.48:324][  4]LogModuleManager: Shutting down and abandoning module GameplayCameras (316)
[2025.04.05-04.39.48:324][  4]LogModuleManager: Shutting down and abandoning module LightPropagationVolumeRuntime (314)
[2025.04.05-04.39.48:324][  4]LogModuleManager: Shutting down and abandoning module EnvironmentQueryEditor (312)
[2025.04.05-04.39.48:325][  4]LogModuleManager: Shutting down and abandoning module Paper2D (310)
[2025.04.05-04.39.48:325][  4]LogModuleManager: Shutting down and abandoning module WindowsMoviePlayer (308)
[2025.04.05-04.39.51:106][  4]LogModuleManager: Shutting down and abandoning module WebMMoviePlayer (306)
[2025.04.05-04.39.51:106][  4]LogModuleManager: Shutting down and abandoning module NetworkReplayStreaming (304)
[2025.04.05-04.39.51:106][  4]LogModuleManager: Shutting down and abandoning module PacketHandler (302)
[2025.04.05-04.39.51:106][  4]LogModuleManager: Shutting down and abandoning module ClothingSystemEditor (300)
[2025.04.05-04.39.51:126][  4]LogModuleManager: Shutting down and abandoning module ClothingSystemRuntimeNv (298)
[2025.04.05-04.39.51:129][  4]LogModuleManager: Shutting down and abandoning module MediaAssets (296)
[2025.04.05-04.39.51:130][  4]LogModuleManager: Shutting down and abandoning module Overlay (294)
[2025.04.05-04.39.51:130][  4]LogModuleManager: Shutting down and abandoning module OverlayEditor (293)
[2025.04.05-04.39.51:130][  4]LogModuleManager: Shutting down and abandoning module VREditor (290)
[2025.04.05-04.39.51:131][  4]LogModuleManager: Shutting down and abandoning module StringTableEditor (288)
[2025.04.05-04.39.51:132][  4]LogModuleManager: Shutting down and abandoning module GameplayTasksEditor (286)
[2025.04.05-04.39.51:132][  4]LogModuleManager: Shutting down and abandoning module BehaviorTreeEditor (284)
[2025.04.05-04.39.51:133][  4]LogModuleManager: Shutting down and abandoning module FunctionalTesting (282)
[2025.04.05-04.39.51:134][  4]LogModuleManager: Shutting down and abandoning module CollisionAnalyzer (280)
[2025.04.05-04.39.51:137][  4]LogModuleManager: Shutting down and abandoning module WorkspaceMenuStructure (279)
[2025.04.05-04.39.51:141][  4]LogModuleManager: Shutting down and abandoning module UMG (276)
[2025.04.05-04.39.51:142][  4]LogModuleManager: Shutting down and abandoning module UMGEditor (275)
[2025.04.05-04.39.51:144][  4]LogModuleManager: Shutting down and abandoning module MessageLog (273)
[2025.04.05-04.39.51:144][  4]LogModuleManager: Shutting down and abandoning module SlateReflector (268)
[2025.04.05-04.39.51:255][  4]LogModuleManager: Shutting down and abandoning module Slate (266)
[2025.04.05-04.39.51:255][  4]LogModuleManager: Shutting down and abandoning module SlateCore (264)
[2025.04.05-04.39.51:260][  4]LogModuleManager: Shutting down and abandoning module LandscapeEditorUtilities (262)
[2025.04.05-04.39.51:260][  4]LogModuleManager: Shutting down and abandoning module UnrealEd (260)
[2025.04.05-04.39.51:260][  4]LogModuleManager: Shutting down and abandoning module MRMesh (258)
[2025.04.05-04.39.51:261][  4]LogModuleManager: Shutting down and abandoning module SourceCodeAccess (256)
[2025.04.05-04.39.51:261][  4]LogModuleManager: Shutting down and abandoning module HeadMountedDisplay (254)
[2025.04.05-04.39.51:261][  4]LogModuleManager: Shutting down and abandoning module XAudio2 (252)
[2025.04.05-04.39.51:261][  4]LogModuleManager: Shutting down and abandoning module Networking (250)
[2025.04.05-04.39.51:261][  4]LogModuleManager: Shutting down and abandoning module Core (248)
[2025.04.05-04.39.51:261][  4]LogModuleManager: Shutting down and abandoning module MaterialEditor (246)
[2025.04.05-04.39.51:264][  4]LogModuleManager: Shutting down and abandoning module MovieSceneTools (244)
[2025.04.05-04.39.51:267][  4]LogModuleManager: Shutting down and abandoning module CurveEditor (243)
[2025.04.05-04.39.51:269][  4]LogModuleManager: Shutting down and abandoning module Sequencer (241)
[2025.04.05-04.39.51:487][  4]LogModuleManager: Shutting down and abandoning module EditorStyle (240)
[2025.04.05-04.39.51:964][  4]LogModuleManager: Shutting down and abandoning module KismetCompiler (236)
[2025.04.05-04.39.51:964][  4]LogModuleManager: Shutting down and abandoning module MeshBuilder (234)
[2025.04.05-04.39.51:964][  4]LogModuleManager: Shutting down and abandoning module MeshUtilities (232)
[2025.04.05-04.39.51:965][  4]LogModuleManager: Shutting down and abandoning module MeshMergeUtilities (231)
[2025.04.05-04.39.51:965][  4]LogModuleManager: Shutting down and abandoning module MeshReductionInterface (230)
[2025.04.05-04.39.51:965][  4]LogModuleManager: Shutting down and abandoning module MeshBoneReduction (229)
[2025.04.05-04.39.51:991][  4]LogModuleManager: Shutting down and abandoning module SkeletalMeshReduction (227)
[2025.04.05-04.39.51:991][  4]LogModuleManager: Shutting down and abandoning module ProxyLODMeshReduction (225)
[2025.04.05-04.39.51:994][  4]LogModuleManager: Shutting down and abandoning module QuadricMeshReduction (223)
[2025.04.05-04.39.51:994][  4]LogModuleManager: Shutting down and abandoning module MaterialBaking (219)
[2025.04.05-04.39.51:994][  4]LogModuleManager: Shutting down and abandoning module NullInstallBundleManager (214)
[2025.04.05-04.39.51:994][  4]LogModuleManager: Shutting down and abandoning module DerivedDataCache (212)
[2025.04.05-04.39.51:995][  4]LogModuleManager: Shutting down and abandoning module TargetPlatform (210)
[2025.04.05-04.39.52:232][  4]LogModuleManager: Shutting down and abandoning module VulkanShaderFormat (209)
[2025.04.05-04.39.52:257][  4]LogModuleManager: Shutting down and abandoning module ShaderFormatVectorVM (207)
[2025.04.05-04.39.52:259][  4]LogModuleManager: Shutting down and abandoning module ShaderFormatOpenGL (205)
[2025.04.05-04.39.52:259][  4]LogModuleManager: Shutting down and abandoning module ShaderFormatD3D (203)
[2025.04.05-04.39.52:260][  4]LogModuleManager: Shutting down and abandoning module MetalShaderFormat (201)
[2025.04.05-04.39.52:261][  4]LogModuleManager: Shutting down and abandoning module TextureFormatOodle (199)
[2025.04.05-04.39.52:261][  4]LogModuleManager: Shutting down and abandoning module TextureFormatUncompressed (197)
[2025.04.05-04.39.52:261][  4]LogModuleManager: Shutting down and abandoning module TextureFormatPVR (195)
[2025.04.05-04.39.52:261][  4]LogModuleManager: Shutting down and abandoning module TextureFormatETC2 (193)
[2025.04.05-04.39.52:262][  4]LogModuleManager: Shutting down and abandoning module TextureFormatDXT (191)
[2025.04.05-04.39.52:262][  4]LogModuleManager: Shutting down and abandoning module TextureFormatIntelISPCTexComp (189)
[2025.04.05-04.39.52:266][  4]LogModuleManager: Shutting down and abandoning module TextureFormatASTC (187)
[2025.04.05-04.39.52:266][  4]LogModuleManager: Shutting down and abandoning module ImageWrapper (186)
[2025.04.05-04.39.52:266][  4]LogModuleManager: Shutting down and abandoning module AudioFormatOpus (183)
[2025.04.05-04.39.52:267][  4]LogModuleManager: Shutting down and abandoning module AudioFormatOgg (181)
[2025.04.05-04.39.52:268][  4]LogModuleManager: Shutting down and abandoning module AudioFormatADPCM (179)
[2025.04.05-04.39.52:268][  4]LogModuleManager: Shutting down and abandoning module WindowsServerTargetPlatform (177)
[2025.04.05-04.39.52:268][  4]LogModuleManager: Shutting down and abandoning module WindowsClientTargetPlatform (175)
[2025.04.05-04.39.52:269][  4]LogModuleManager: Shutting down and abandoning module WindowsTargetPlatform (173)
[2025.04.05-04.39.52:269][  4]LogModuleManager: Shutting down and abandoning module WindowsNoEditorTargetPlatform (171)
[2025.04.05-04.39.52:269][  4]LogModuleManager: Shutting down and abandoning module TVOSTargetPlatform (169)
[2025.04.05-04.39.54:946][  4]LogModuleManager: Shutting down and abandoning module MacServerTargetPlatform (167)
[2025.04.05-04.39.54:946][  4]LogModuleManager: Shutting down and abandoning module MacClientTargetPlatform (165)
[2025.04.05-04.39.54:946][  4]LogModuleManager: Shutting down and abandoning module MacTargetPlatform (163)
[2025.04.05-04.39.54:965][  4]LogModuleManager: Shutting down and abandoning module MacNoEditorTargetPlatform (161)
[2025.04.05-04.39.54:965][  4]LogModuleManager: Shutting down and abandoning module LuminTargetPlatform (159)
[2025.04.05-04.39.57:190][  4]LogModuleManager: Shutting down and abandoning module LinuxAArch64ServerTargetPlatform (157)
[2025.04.05-04.39.57:192][  4]LogModuleManager: Shutting down and abandoning module LinuxAArch64ClientTargetPlatform (155)
[2025.04.05-04.39.57:192][  4]LogModuleManager: Shutting down and abandoning module LinuxAArch64NoEditorTargetPlatform (153)
[2025.04.05-04.39.57:192][  4]LogModuleManager: Shutting down and abandoning module LinuxServerTargetPlatform (151)
[2025.04.05-04.39.57:192][  4]LogModuleManager: Shutting down and abandoning module LinuxClientTargetPlatform (149)
[2025.04.05-04.39.57:193][  4]LogModuleManager: Shutting down and abandoning module LinuxNoEditorTargetPlatform (147)
[2025.04.05-04.39.57:193][  4]LogModuleManager: Shutting down and abandoning module LinuxTargetPlatform (145)
[2025.04.05-04.39.57:193][  4]LogModuleManager: Shutting down and abandoning module Messaging (143)
[2025.04.05-04.39.57:193][  4]LogModuleManager: Shutting down and abandoning module IOSTargetPlatform (141)
[2025.04.05-04.39.57:868][  4]LogModuleManager: Shutting down and abandoning module AndroidTargetPlatform (139)
